Map complete: 450/450 papers
Results ID: m_fa4362c0

  ✓ Does Vitamin C and E Supplementation Impair the Favorable Adaptations 
    PMC3425865 · 1640ms
    {"eligible": false, "exclusion_reason": "The paper is a review article analyzing previously published studies rather than an original research article containing primary empirical findings.", "findings": []}

  ✓ Can supplementation with vitamin C and E alter physiological adaptatio
    PMC4114441 · 1637ms
    {"eligible": false, "exclusion_reason": "This paper is a study protocol describing methods and design for a planned study, and does not report empirical results or findings.", "findings": []}

  ✓ Effects of vitamin C and E supplementation on endogenous antioxidant s
    PMC4254089 · 7083ms
    {"eligible": true, "exclusion_reason": null, "findings": [{"comparator": "placebo", "confidence": 1.0, "dose_raw": "1000 mg vitamin C and 235 mg vitamin E daily", "duration_raw": "11 weeks", "effect_direction": "no_effect", "effect_size_raw": null, "evidence_lines": ["L67"], "evidence_quote": "After 11 weeks of endurance training, muscle GPx1 levels were decreased by \u221211 \u00b1 14% in the vitamin C and E group and by \u221219 \u00b1 18% in the placebo group (P < 0.001; Fig. 7 A), with no effects of supplementation.", "intervention": "vitamin C and E", "intervention_class": "vitamin_c_and_e", "model": null, "moderators": {"age_group": "younger_adult", "population_state": "healthy", "supplement_combo": "vitamin_c_and_e", "training_modality": "endurance", "training_status": "trained", "vitc_dose_regime": "1000_mg_daily_or_more"}, "outcome_family": null, "outcome_name": "muscle GPx1", "p_value": null, "population_state": "healthy", "sample_size": 37, "significant": false, "species": "human", "study_type": "controlled trial", "timepoint_raw": "11 weeks", "timing_context": "post-training"}, {"comparator": "placebo", "confidence": 1.0, "dose_raw": "1000 mg vitamin C and 235 mg vitamin E daily", "duration_raw": "11 weeks", "effect_direction": "no_effect", "effect_size_raw": null, "evidence_lines": ["L67"], "evidence_quote": "No changes were observed for muscle mnSOD levels (Fig. 7 B), muscle GSH levels (Fig. 7 C), or cytosolic HSP70 levels (Paulsen et al. 2014 ).", "intervention": "vitamin C and E", "intervention_class": "vitamin_c_and_e", "model": null, "moderators": {"age_group": "younger_adult", "population_state": "healthy", "supplement_combo": "vitamin_c_and_e", "training_modality": "endurance", "training_status": "trained", "vitc_dose_regime": "1000_mg_daily_or_more"}, "outcome_family": null, "outcome_name": "muscle mnSOD", "p_value": null, "population_state": "healthy", "sample_size": 37, "significant": false, "species": "human", "study_type": "controlled trial", "timepoint_raw": "11 weeks", "timing_context": "post-training"}, {"comparator": "placebo", "confidence": 1.0, "dose_raw": "1000 mg vitamin C and 235 mg vitamin E daily", "duration_raw": "11 weeks", "effect_direction": "no_effect", "effect_size_raw": null, "evidence_lines": ["L67"], "evidence_quote": "No changes were observed for muscle mnSOD levels (Fig. 7 B), muscle GSH levels (Fig. 7 C), or cytosolic HSP70 levels (Paulsen et al. 2014 ).", "intervention": "vitamin C and E", "intervention_class": "vitamin_c_and_e", "model": null, "moderators": {"age_group": "younger_adult", "population_state": "healthy", "supplement_combo": "vitamin_c_and_e", "training_modality": "endurance", "training_status": "trained", "vitc_dose_regime": "1000_mg_daily_or_more"}, "outcome_family": null, "outcome_name": "muscle GSH", "p_value": null, "population_state": "healthy", "sample_size": 37, "significant": false, "species": "human", "study_type": "controlled trial", "timepoint_raw": "11 weeks", "timing_context": "post-training"}, {"comparator": "placebo", "confidence": 1.0, "dose_raw": "1000 mg vitamin C and 235 mg vitamin E daily", "duration_raw": "11 weeks", "effect_direction": "no_effect", "effect_size_raw": null, "evidence_lines": ["L67"], "evidence_quote": "The \u03b1 B\u2010crystallin levels were decreased by \u221210 \u00b1 14% in the vitamin C and E group and \u22129 \u00b1 17% in the placebo group (P < 0.001; Fig. 8 A), with no effects of supplementation.", "intervention": "vitamin C and E", "intervention_class": "vitamin_c_and_e", "model": null, "moderators": {"age_group": "younger_adult", "population_state": "healthy", "supplement_combo": "vitamin_c_and_e", "training_modality": "endurance", "training_status": "trained", "vitc_dose_regime": "1000_mg_daily_or_more"}, "outcome_family": null, "outcome_name": "muscle alpha B-crystallin", "p_value": null, "population_state": "healthy", "sample_size": 37, "significant": false, "species": "human", "study_type": "controlled trial", "timepoint_raw": "11 weeks", "timing_context": "post-training"}, {"comparator": "placebo", "confidence": 1.0, "dose_raw": "1000 mg vitamin C and 235 mg vitamin E daily", "duration_raw": "11 weeks", "effect_direction": "no_effect", "effect_size_raw": null, "evidence_lines": ["L67"], "evidence_quote": "In the end of 11 weeks of training, HSP27 amount was decreased by \u221217 \u00b1 17% in the vitamin C and E group and \u221214 \u00b1 33% in the placebo group (P < 0.002; Fig. 8 B), with no effects of supplementation.", "intervention": "vitamin C and E", "intervention_class": "vitamin_c_and_e", "model": null, "moderators": {"age_group": "younger_adult", "population_state": "healthy", "supplement_combo": "vitamin_c_and_e", "training_modality": "endurance", "training_status": "trained", "vitc_dose_regime": "1000_mg_daily_or_more"}, "outcome_family": null, "outcome_name": "muscle HSP27", "p_value": null, "population_state": "healthy", "sample_size": 37, "significant": false, "species": "human", "study_type": "controlled trial", "timepoint_raw": "11 weeks", "timing_context": "post-training"}, {"comparator": "placebo", "confidence": 1.0, "dose_raw": "1000 mg vitamin C and 235 mg vitamin E daily", "duration_raw": "11 weeks", "effect_direction": "decrease", "effect_size_raw": null, "evidence_lines": ["L71"], "evidence_quote": "A significant decrease in uric acid was observed in the vitamin C and E group by \u221224 \u00b1 21% compared to the placebo group (6 \u00b1 27%; P < 0.001; Table 4 ) after training.", "intervention": "vitamin C and E", "intervention_class": "vitamin_c_and_e", "model": null, "moderators": {"age_group": "younger_adult", "population_state": "healthy", "supplement_combo": "vitamin_c_and_e", "training_modality": "endurance", "training_status": "trained", "vitc_dose_regime": "1000_mg_daily_or_more"}, "outcome_family": null, "outcome_name": "plasma uric acid", "p_value": 0.001, "population_state": "healthy", "sample_size": 37, "significant": true, "species": "human", "study_type": "controlled trial", "timepoint_raw": "11 weeks", "timing_context": "post-training"}, {"comparator": "placebo", "confidence": 1.0, "dose_raw": "1000 mg vitamin C and 235 mg vitamin E daily", "duration_raw": "11 weeks", "effect_direction": "no_effect", "effect_size_raw": null, "evidence_lines": ["L71"], "evidence_quote": "Plasma GSH increased after 11 weeks of training in both groups ( P = 0.003; Table 4 ), with no effect of supplementation.", "intervention": "vitamin C and E", "intervention_class": "vitamin_c_and_e", "model": null, "moderators": {"age_group": "younger_adult", "population_state": "healthy", "supplement_combo": "vitamin_c_and_e", "training_modality": "endurance", "training_status": "trained", "vitc_dose_regime": "1000_mg_daily_or_more"}, "outcome_family": null, "outcome_name": "plasma GSH", "p_value": null, "population_state": "healthy", "sample_size": 37, "significant": false, "species": "human", "study_type": "controlled trial", "timepoint_raw": "11 weeks", "timing_context": "post-training"}, {"comparator": "placebo", "confidence": 1.0, "dose_raw": "1000 mg vitamin C and 235 mg vitamin E daily", "duration_raw": "11 weeks", "effect_direction": "no_effect", "effect_size_raw": null, "evidence_lines": ["L71"], "evidence_quote": "Total antioxidant capacity (TAS) did not change after training or supplementation ( Table 4 ).", "intervention": "vitamin C and E", "intervention_class": "vitamin_c_and_e", "model": null, "moderators": {"age_group": "younger_adult", "population_state": "healthy", "supplement_combo": "vitamin_c_and_e", "training_modality": "endurance", "training_status": "trained", "vitc_dose_regime": "1000_mg_daily_or_more"}, "outcome_family": null, "outcome_name": "plasma total antioxidant status", "p_value": null, "population_state": "healthy", "sample_size": 37, "significant": false, "species": "human", "study_type": "controlled trial", "timepoint_raw": "11 weeks", "timing_context": "post-training"}]}

  ✓ Effect of high-dose vitamin C and E supplementation on muscle recovery
    PMC10440181 · 1606ms
    {"eligible": false, "exclusion_reason": "The paper is a review article (mini review) rather than an eligible primary research study.", "findings": []}

  ✓ Controversies of antioxidant vitamins supplementation in exercise: erg
    PMC3975949 · 1501ms
    {"eligible": false, "exclusion_reason": "The paper is a commentary / review article discussing previously published studies rather than an original primary research study.", "findings": []}

  ✓ The effects of antioxidant vitamin supplementation on resistance exerc
    PMC479696 · 1391ms
    {"eligible": false, "exclusion_reason": "acute single-session study without a structured exercise-training program", "findings": []}

  ✓ Vitamin C and E Supplementation Effects in Professional Soccer Players
    PMC2129167 · 3449ms
    {"eligible": true, "exclusion_reason": null, "findings": [{"comparator": "placebo group receiving maltodextrin", "confidence": 1.0, "dose_raw": "1000 mg of ascorbic acid and 800 mg of \u03b1-tocopherol daily", "duration_raw": "ninety days of pre-season training", "effect_direction": "no_effect", "effect_size_raw": null, "evidence_lines": ["L31"], "evidence_quote": "As indicated on Table  3  our supplementation protocol did not induce any statistical difference in aerobic capacity, strength and speed between S and PL groups, at the end of the season", "intervention": "vitamins C and E supplementation", "intervention_class": "vitamin C and E", "model": "human professional soccer players", "moderators": {"age_group": "younger_adult", "population_state": "healthy", "supplement_combo": "vitamin_c_and_e", "training_modality": "concurrent_or_mixed", "training_status": "trained", "vitc_dose_regime": "1000_mg_daily_or_more"}, "outcome_family": "aerobic_capacity", "outcome_name": "aerobic capacity (anaerobic threshold)", "p_value": null, "population_state": "healthy", "sample_size": 10, "significant": false, "species": "Homo sapiens", "study_type": "controlled trial", "timepoint_raw": "after the end of the season (POST)", "timing_context": "post-training (90 days)"}, {"comparator": "placebo group receiving maltodextrin", "confidence": 1.0, "dose_raw": "1000 mg of ascorbic acid and 800 mg of \u03b1-tocopherol daily", "duration_raw": "ninety days of pre-season training", "effect_direction": "no_effect", "effect_size_raw": null, "evidence_lines": ["L31"], "evidence_quote": "As indicated on Table  3  our supplementation protocol did not induce any statistical difference in aerobic capacity, strength and speed between S and PL groups, at the end of the season", "intervention": "vitamins C and E supplementation", "intervention_class": "vitamin C and E", "model": "human professional soccer players", "moderators": {"age_group": "younger_adult", "population_state": "healthy", "supplement_combo": "vitamin_c_and_e", "training_modality": "concurrent_or_mixed", "training_status": "trained", "vitc_dose_regime": "1000_mg_daily_or_more"}, "outcome_family": "muscle_strength", "outcome_name": "strength (1 RM)", "p_value": null, "population_state": "healthy", "sample_size": 10, "significant": false, "species": "Homo sapiens", "study_type": "controlled trial", "timepoint_raw": "after the end of the season (POST)", "timing_context": "post-training (90 days)"}, {"comparator": "placebo group receiving maltodextrin", "confidence": 1.0, "dose_raw": "1000 mg of ascorbic acid and 800 mg of \u03b1-tocopherol daily", "duration_raw": "ninety days of pre-season training", "effect_direction": "no_effect", "effect_size_raw": null, "evidence_lines": ["L31"], "evidence_quote": "As indicated on Table  3  our supplementation protocol did not induce any statistical difference in aerobic capacity, strength and speed between S and PL groups, at the end of the season", "intervention": "vitamins C and E supplementation", "intervention_class": "vitamin C and E", "model": "human professional soccer players", "moderators": {"age_group": "younger_adult", "population_state": "healthy", "supplement_combo": "vitamin_c_and_e", "training_modality": "concurrent_or_mixed", "training_status": "trained", "vitc_dose_regime": "1000_mg_daily_or_more"}, "outcome_family": "sprint_or_power_performance", "outcome_name": "speed (30-meter maximal sprint)", "p_value": null, "population_state": "healthy", "sample_size": 10, "significant": false, "species": "Homo sapiens", "study_type": "controlled trial", "timepoint_raw": "after the end of the season (POST)", "timing_context": "post-training (90 days)"}]}

  ✓ Dietary thiols in exercise: oxidative stress defence, exercise perform
    PMC5408473 · 1635ms
    {"eligible": false, "exclusion_reason": "The paper is a review article discussing dietary thiols and does not report primary empirical results of a structured exercise-training program with vitamin C and/or E supplementation versus control.", "findings": []}

  ✓ Vitamin C and glutathione supplementation: a review of their additive 
    PMC10636510 · 1518ms
    {"eligible": false, "exclusion_reason": "The paper is a review article summarizing previous literature rather than an original controlled empirical research study with a structured exercise-training program.", "findings": []}

  ✓ The Effect of Vitamins C and E Supplementation on Muscle Damage, Perfo
    PMC3665021 · 3210ms
    {"eligible": true, "exclusion_reason": null, "findings": [{"comparator": "placebo", "confidence": 1.0, "dose_raw": "250 mg/day", "duration_raw": "4 weeks", "effect_direction": "no_effect", "effect_size_raw": null, "evidence_lines": ["L31"], "evidence_quote": "Compared the performance of sport, there was no significant difference between groups in VO 2 max.", "intervention": "vitamin C (250 mg/day)", "intervention_class": "vitamin_c", "model": "human parallel trial", "moderators": {"age_group": "younger_adult", "population_state": "healthy", "supplement_combo": "vitamin_c_only", "training_modality": "endurance", "training_status": "trained", "vitc_dose_regime": "below_500_mg_daily"}, "outcome_family": "aerobic_capacity", "outcome_name": "VO2 max", "p_value": null, "population_state": "healthy", "sample_size": null, "significant": false, "species": "human", "study_type": "randomized controlled trial", "timepoint_raw": "4 weeks", "timing_context": "post-intervention"}, {"comparator": "placebo", "confidence": 1.0, "dose_raw": "400 IU", "duration_raw": "4 weeks", "effect_direction": "no_effect", "effect_size_raw": null, "evidence_lines": ["L31"], "evidence_quote": "Compared the performance of sport, there was no significant difference between groups in VO 2 max.", "intervention": "vitamin E (400 IU)", "intervention_class": "vitamin_e", "model": "human parallel trial", "moderators": {"age_group": "younger_adult", "population_state": "healthy", "supplement_combo": "vitamin_e_only", "training_modality": "endurance", "training_status": "trained", "vitc_dose_regime": "not_reported_as_daily_dose"}, "outcome_family": "aerobic_capacity", "outcome_name": "VO2 max", "p_value": null, "population_state": "healthy", "sample_size": null, "significant": false, "species": "human", "study_type": "randomized controlled trial", "timepoint_raw": "4 weeks", "timing_context": "post-intervention"}, {"comparator": "placebo", "confidence": 1.0, "dose_raw": "250 mg/day vitamin C + 400 IU vitamin E", "duration_raw": "4 weeks", "effect_direction": "no_effect", "effect_size_raw": null, "evidence_lines": ["L31"], "evidence_quote": "Compared the performance of sport, there was no significant difference between groups in VO 2 max.", "intervention": "vitamin C + vitamin E", "intervention_class": "vitamin_c_and_e", "model": "human parallel trial", "moderators": {"age_group": "younger_adult", "population_state": "healthy", "supplement_combo": "vitamin_c_and_e", "training_modality": "endurance", "training_status": "trained", "vitc_dose_regime": "below_500_mg_daily"}, "outcome_family": "aerobic_capacity", "outcome_name": "VO2 max", "p_value": null, "population_state": "healthy", "sample_size": null, "significant": false, "species": "human", "study_type": "randomized controlled trial", "timepoint_raw": "4 weeks", "timing_context": "post-intervention"}]}

  ✓ Prior exercise and antioxidant supplementation: effect on oxidative st
    PMC2131751 · 1617ms
    {"eligible": false, "exclusion_reason": "The paper investigates an acute single-session eccentric exercise protocol rather than a structured exercise-training program.", "findings": []}

  ✓ A Vitamin E-Enriched Antioxidant Diet Interferes with the Acute Adapta
    PMC5986427 · 1507ms
    {"eligible": false, "exclusion_reason": "The study uses animal models (mice) and an acute single-session exercise model rather than a human exercise training program.", "findings": []}

  ✓ The Effect of Vitamin C and E Supplementation on Muscle Damage and Oxi
    PMC3665020 · 2084ms
    {"eligible": true, "exclusion_reason": null, "findings": [{"study_type": "clinical trial", "species": "human", "model": null, "population_state": "healthy", "intervention": "vitamin C (250 mg/day)", "intervention_class": "vitamin_c", "comparator": "placebo", "dose_raw": "250 mg/day", "duration_raw": "four weeks", "timing_context": "daily with meals for 4 weeks", "outcome_name": "creatine kinase", "outcome_family": "muscle damage", "timepoint_raw": "end of the period (four weeks)", "effect_direction": "decrease", "effect_size_raw": null, "p_value": 0.002, "significant": true, "sample_size": null, "evidence_quote": "However, in the intergroup comparison creatine kinase was significantly decreased in group 1 ( P = 0.002).", "evidence_lines": ["L13"], "confidence": 1.0, "moderators": {"vitc_dose_regime": "below_500_mg_daily", "training_modality": "endurance", "training_status": "trained", "age_group": "younger_adult", "supplement_combo": "vitamin_c_only", "population_state": "healthy"}}]}

  ✓ Effects of vitamins C and E supplementation combined with 12-week resi
    PMC12384908 · 4892ms
    {"eligible": true, "exclusion_reason": null, "findings": [{"study_type": "randomized, double-blind, placebo-controlled trial", "species": "human", "model": null, "population_state": "older women with sarcopenia", "intervention": "1000 mg/d vitamin C and 335 mg/d vitamin E plus resistance training", "intervention_class": "vitamin C and E supplementation", "comparator": "placebo plus resistance training", "dose_raw": "1000 mg/d vitamin C and 335 mg/d vitamin E", "duration_raw": "12 weeks", "timing_context": "post-intervention", "outcome_name": "arm lean mass", "outcome_family": "muscle mass", "timepoint_raw": "12 weeks", "effect_direction": "increase", "effect_size_raw": "d=0.74", "p_value": 0.003, "significant": true, "sample_size": 60, "evidence_quote": "However, the AS group had higher increases in arm lean mass (\u0394 = 0.96 vs 0.59 kg; P = .003, d = 0.74)... than the PLA group.", "evidence_lines": ["L18"], "confidence": 1.0, "moderators": {"age_group": "older_adult", "population_state": "clinical_or_sarcopenic", "supplement_combo": "vitamin_c_and_e", "training_modality": "resistance", "training_status": "untrained", "vitc_dose_regime": "1000_mg_daily_or_more"}}, {"study_type": "randomized, double-blind, placebo-controlled trial", "species": "human", "model": null, "population_state": "older women with sarcopenia", "intervention": "1000 mg/d vitamin C and 335 mg/d vitamin E plus resistance training", "intervention_class": "vitamin C and E supplementation", "comparator": "placebo plus resistance training", "dose_raw": "1000 mg/d vitamin C and 335 mg/d vitamin E", "duration_raw": "12 weeks", "timing_context": "post-intervention", "outcome_name": "skeletal muscle mass index", "outcome_family": "muscle mass", "timepoint_raw": "12 weeks", "effect_direction": "increase", "effect_size_raw": "d=0.71", "p_value": 0.004, "significant": true, "sample_size": 60, "evidence_quote": "However, the AS group had higher increases in... skeletal muscle mass index (\u0394 = 0.71 vs 0.42 kg/m\u00b2; P = .004, d = 0.71)... than the PLA group.", "evidence_lines": ["L18"], "confidence": 1.0, "moderators": {"age_group": "older_adult", "population_state": "clinical_or_sarcopenic", "supplement_combo": "vitamin_c_and_e", "training_modality": "resistance", "training_status": "untrained", "vitc_dose_regime": "1000_mg_daily_or_more"}}, {"study_type": "randomized, double-blind, placebo-controlled trial", "species": "human", "model": null, "population_state": "older women with sarcopenia", "intervention": "1000 mg/d vitamin C and 335 mg/d vitamin E plus resistance training", "intervention_class": "vitamin C and E supplementation", "comparator": "placebo plus resistance training", "dose_raw": "1000 mg/d vitamin C and 335 mg/d vitamin E", "duration_raw": "12 weeks", "timing_context": "post-intervention", "outcome_name": "handgrip strength", "outcome_family": "muscle strength", "timepoint_raw": "12 weeks", "effect_direction": "increase", "effect_size_raw": "d=0.51", "p_value": 0.047, "significant": true, "sample_size": 60, "evidence_quote": "However, the AS group had higher increases in... handgrip strength (\u0394 = 3.66 vs 1.16 kg; P = .047, d = 0.51)... than the PLA group.", "evidence_lines": ["L18"], "confidence": 1.0, "moderators": {"age_group": "older_adult", "population_state": "clinical_or_sarcopenic", "supplement_combo": "vitamin_c_and_e", "training_modality": "resistance", "training_status": "untrained", "vitc_dose_regime": "1000_mg_daily_or_more"}}, {"study_type": "randomized, double-blind, placebo-controlled trial", "species": "human", "model": null, "population_state": "older women with sarcopenia", "intervention": "1000 mg/d vitamin C and 335 mg/d vitamin E plus resistance training", "intervention_class": "vitamin C and E supplementation", "comparator": "placebo plus resistance training", "dose_raw": "1000 mg/d vitamin C and 335 mg/d vitamin E", "duration_raw": "12 weeks", "timing_context": "post-intervention", "outcome_name": "knee extension strength", "outcome_family": "muscle strength", "timepoint_raw": "12 weeks", "effect_direction": "increase", "effect_size_raw": "d=0.89", "p_value": 0.001, "significant": true, "sample_size": 60, "evidence_quote": "However, the AS group had higher increases in... and knee extension strength (\u0394 = 2.28 vs 1.02 kg; P < .001, d = 0.89) than the PLA group.", "evidence_lines": ["L18"], "confidence": 1.0, "moderators": {"age_group": "older_adult", "population_state": "clinical_or_sarcopenic", "supplement_combo": "vitamin_c_and_e", "training_modality": "resistance", "training_status": "untrained", "vitc_dose_regime": "1000_mg_daily_or_more"}}]}

  ✓ Supplementation with α-Lipoic Acid, CoQ10, and Vitamin E Augments Runn
    PMC3614986 · 1566ms
    {"eligible": false, "exclusion_reason": "The study was conducted on mice (animal study) rather than human participants.", "findings": []}

  ✓ Antioxidant Supplementation Impairs Changes in Body Composition Induce
    PMC6413849 · 1250ms
    {"eligible": true, "exclusion_reason": null, "findings": []}

  ✓ Influence of Vitamin C Supplementation on Oxidative Stress and Neutrop
    PMC4352897 · 1517ms
    {
      "eligible": false,
      "exclusion_reason": "The study does not combine an exercise training program with vitamin C supplementation; it tests acute exercise and an existing regular training group without an exercise training intervention.",
      "findings": []
    }

  ✓ Elevated hepcidin serum level in response to inflammatory and iron sig
    PMC4562561 · 1634ms
    {"eligible": false, "exclusion_reason": "The study does not evaluate a multi-week structured exercise-training program combined with supplementation; instead, it is an acute single-session exercise test performed before and after a supplementation period.", "findings": []}

  ✓ Vitamin C, A and E supplementation decreases the expression of  HSPA1A
    PMC4342201 · 2955ms
    {"eligible": true, "exclusion_reason": null, "findings": [{"comparator": "placebo", "confidence": 1.0, "dose_raw": "vitamin A (16 ug/kg/day), vitamin C (8 mg/kg/day) and vitamin E (1 mg/kg/day)", "duration_raw": "10-day training camp", "effect_direction": "decrease", "effect_size_raw": "0.37", "evidence_lines": ["L46"], "evidence_quote": "Two-way ANOVA revealed a statistically significant group x time interaction for both target genes (Table  3 ). Analysis of covariance (ANCOVA), after considering the basal (pre-camp) value showed a significant difference between the groups in HSPA1A expression (p\u2009<\u20090.1) and no significant between-group difference in  HSPB1  expression (p\u2009=\u20090.17).", "intervention": "vitamins A, C, and E supplementation", "intervention_class": "vitamin_c_and_e", "model": null, "moderators": {"age_group": "younger_adult", "population_state": "healthy", "supplement_combo": "vitamin_c_and_e", "training_modality": "concurrent_or_mixed", "training_status": "trained", "vitc_dose_regime": "not_reported_as_daily_dose"}, "outcome_family": null, "outcome_name": "HSPA1A mRNA expression", "p_value": 0.04, "population_state": "healthy", "sample_size": 14, "significant": true, "species": "human", "study_type": "controlled trial", "timepoint_raw": "12 h post camp", "timing_context": "post-camp"}, {"comparator": "placebo", "confidence": 1.0, "dose_raw": "vitamin A (16 ug/kg/day), vitamin C (8 mg/kg/day) and vitamin E (1 mg/kg/day)", "duration_raw": "10-day training camp", "effect_direction": "decrease", "effect_size_raw": "0.52", "evidence_lines": ["L46"], "evidence_quote": "Two-way ANOVA revealed a statistically significant group x time interaction for both target genes (Table  3 ).", "intervention": "vitamins A, C, and E supplementation", "intervention_class": "vitamin_c_and_e", "model": null, "moderators": {"age_group": "younger_adult", "population_state": "healthy", "supplement_combo": "vitamin_c_and_e", "training_modality": "concurrent_or_mixed", "training_status": "trained", "vitc_dose_regime": "not_reported_as_daily_dose"}, "outcome_family": null, "outcome_name": "HSPB1 mRNA expression", "p_value": 0.03, "population_state": "healthy", "sample_size": 14, "significant": true, "species": "human", "study_type": "controlled trial", "timepoint_raw": "12 h post camp", "timing_context": "post-camp"}]}

  ✓ Antioxidants and Sports Performance
    PMC10220679 · 2391ms
    {"eligible": false, "exclusion_reason": "The paper is a review article rather than a primary empirical study with its own trial results.", "findings": []}

  ✓ Resistance-based training improves mitochondrial capacity and redox ba
    PMC12808611 · 2247ms
    {"eligible": false, "exclusion_reason": "The intervention uses a polyphenol supplement (derived from red- and blackcurrant) rather than vitamin C and/or E supplementation.", "findings": []}

  ✓ Vitamin A Oral Supplementation Induces Oxidative Stress and Suppresses
    PMC5409692 · 2137ms
    {"eligible": false, "exclusion_reason": "The study uses animal participants (rats) and vitamin A supplementation instead of human participants and vitamin C and/or E supplementation.", "findings": []}

  ✓ Antioxidants and Skeletal Muscle Performance: “Common Knowledge” vs. E
    PMC3298958 · 2006ms
    {"eligible": false, "exclusion_reason": "The paper is a mini review article discussing antioxidant effects on skeletal muscle, not a primary controlled trial combining an exercise training program with vitamin C and/or E supplementation.", "findings": []}

  ✓ Effects of vitamin E supplementation on renal non-enzymatic antioxidan
    PMC3306763 · 1912ms
    {"eligible": false, "exclusion_reason": "The study is conducted on animals (rats) rather than human participants.", "findings": []}

  ✓ Vitamin C and E supplementation and high intensity interval training i
    PMC10323915 · 1793ms
    {"eligible": false, "exclusion_reason": "The paper does not report between-group statistical comparisons or interaction tests between vitamin-supplemented HIIT groups and the placebo-supplemented HIIT group; it only reports pre- vs. post-training paired t-tests within each group.", "findings": []}

  ✓ The effect of an acute antioxidant supplementation compared with place
    PMC4234291 · 1658ms
    {"eligible": false, "exclusion_reason": "Acute single-session study without an exercise training program", "findings": []}

  ✓ Short-Term High-Dose Vitamin C and E Supplementation Attenuates Muscle
    PMC6097262 · 1548ms
    {"eligible": false, "exclusion_reason": "The study investigates simulated competitive taekwondo matches rather than a structured exercise-training program.", "findings": []}

  ✓ Effect of vitamin E (Tri E ® ) on antioxidant enzymes and DNA damage i
    PMC3107782 · 1358ms
    {"eligible": false, "exclusion_reason": "The study is conducted on rats (animal model) rather than human participants.", "findings": []}

  ✓ Enhancing Supplemental Effects of Acute Natural Antioxidant Derived fr
    PMC10421245 · 1371ms
    {"eligible": false, "exclusion_reason": "The study is an acute single-session trial rather than a structured exercise-training program.", "findings": []}

  ✓ Exhaustive exercise and vitamins C and E modulate thyroid hormone leve
    PMC4983714 · 1267ms
    {"eligible": false, "exclusion_reason": "The study uses animal subjects (rats) and investigates an acute single-session forced swimming stress rather than a structured exercise training program with antioxidant supplementation.", "findings": []}

  ✓ Antioxidative properties of phenolic compounds and their effect on oxi
    PMC10717775 · 1746ms
    {"eligible": false, "exclusion_reason": "The paper is a review article summarizing antioxidant properties of phenolic compounds rather than a primary empirical study combining exercise training with vitamin C and/or E supplementation.", "findings": []}

  ✓ Creatine supplementation post-exercise does not enhance training-induc
    PMC4019834 · 1642ms
    {"eligible": false, "exclusion_reason": "The study investigates creatine monohydrate supplementation rather than vitamin C and/or E supplementation.", "findings": []}

  ✓ Oligomerized lychee fruit extract (OLFE) and a mixture of vitamin C an
    PMC3303472 · 2044ms
    {"eligible": true, "exclusion_reason": null, "findings": [{"study_type": "randomized controlled trial", "species": "Human", "model": null, "population_state": "healthy", "intervention": "vitamin C (800 mg) and E (320 IU)", "intervention_class": "vitamin mixture", "comparator": "placebo", "dose_raw": "800 mg vitamin C and 320 IU vitamin E daily", "duration_raw": "30 days", "timing_context": "after 30 days of supplementation", "outcome_name": "maximal oxygen consumption rate (VO2 max/fat free mass)", "outcome_family": "aerobic_capacity", "timepoint_raw": "30 days", "effect_direction": "decrease", "effect_size_raw": "-3.11 ml/min/kg (95% CI; -5.35, -0.87)", "p_value": 0.009, "significant": true, "sample_size": 59, "evidence_quote": "The maximal oxygen consumption rate of the vitamin group decreased significantly after 30 days of supplementation (Paired t test, p = 0.009).", "evidence_lines": ["L66"], "confidence": 1.0, "moderators": {"vitc_dose_regime": "500_to_999_mg_daily", "training_modality": "endurance", "training_status": "trained", "age_group": "younger_adult", "supplement_combo": "vitamin_c_and_e", "population_state": "healthy"}}]}

  ✓ Exercise-Induced Oxidative Stress and the Effects of Antioxidant Intak
    PMC6162669 · 1617ms
    {"eligible": false, "exclusion_reason": "The paper is a review article summarizing existing literature rather than an eligible primary research study combining a structured exercise training program with antioxidant supplementation.", "findings": []}

  ✓ Exercise-Induced Oxidative Stress and Dietary Antioxidants
    PMC4393546 · 1380ms
    {"eligible": false, "exclusion_reason": "The paper is a review article summarizing literature rather than an eligible primary empirical research study with a structured exercise-training program and vitamin C/E supplementation.", "findings": []}

  ✓ Use of Saliva Biomarkers to Monitor Efficacy of Vitamin C in Exercise-
    PMC5384169 · 1854ms
    {"eligible": false, "exclusion_reason": "The paper is a review article summarizing existing literature rather than an eligible primary research study reporting empirical findings from an exercise training program with vitamin C or E supplementation.", "findings": []}

  ✓ Training Enhances Immune Cells Mitochondrial Biosynthesis, Fission, Fu
    PMC5028859 · 1383ms
    {"eligible": false, "exclusion_reason": "The study investigates docosahexaenoic acid (DHA) supplementation rather than vitamin C and/or vitamin E supplementation.", "findings": []}

  ✓ (–)-Epicatechin Supplementation Inhibits Aerobic Adaptations to Cyclin
    PMC6308990 · 1392ms
    {"eligible": false, "exclusion_reason": "The study investigates (-)-epicatechin supplementation rather than vitamin C and/or E supplementation.", "findings": []}

  ✓ Effect of vitamin E succinate on inflammatory cytokines induced by hig
    PMC4766825 · 1385ms
    {"eligible": false, "exclusion_reason": "The study uses animal subjects (rats) instead of human participants.", "findings": []}

  ✓ Combination of vitamin E and vitamin C alleviates renal function in hy
    PMC5447979 · 1386ms
    {"eligible": false, "exclusion_reason": "The study uses animal subjects (rats), whereas the eligibility criteria require human participants.", "findings": []}

  ✓ The effect of green tea extract supplementation on exercise-induced ox
    PMC4500852 · 1412ms
    {"eligible": false, "exclusion_reason": "The study investigates green tea extract supplementation rather than vitamin C and/or E supplementation combined with exercise training.", "findings": []}

  ✓ Exercise performance and physiological responses: the potential role o
    PMC5392515 · 1813ms
    {"eligible": false, "exclusion_reason": "The study is an acute single-session supplementation and hyperoxia study without a structured exercise-training program.", "findings": []}

  ✓ Oxidants, Antioxidants, and the Beneficial Roles of Exercise-Induced P
    PMC3372226 · 1557ms
    {"eligible": false, "exclusion_reason": "The paper is a review article and does not present original empirical findings from a controlled primary study with exercise training and antioxidant supplementation.", "findings": []}

  ✓ Exercise, oxidants, and antioxidants change the shape of the bell-shap
    PMC5345970 · 1323ms
    {"eligible": false, "exclusion_reason": "The paper is a short review article, not an empirical primary study with human participants undergoing exercise training and antioxidant supplementation.", "findings": []}

  ✓ Effects of ascorbic acid supplementation on oxidative stress markers i
    PMC6341721 · 1647ms
    {"eligible": false, "exclusion_reason": "This is an acute single-session exercise study without a structured exercise-training program.", "findings": []}

  ✓ Antioxidant Effects and Insulin Resistance Improvement of Chromium Com
    PMC2581761 · 1417ms
    {"eligible": false, "exclusion_reason": "The study is a randomized controlled trial evaluating antioxidant supplementation in patients with type 2 diabetes mellitus under normal daily activities, rather than combining supplementation with a structured exercise-training program.", "findings": []}

  ✓ Impact of pre‐exercise feeding status on metabolic adaptations to endu
    PMC11497303 · 1944ms
    {"eligible": false, "exclusion_reason": "The paper is a symposium review discussing pre-exercise feeding status and endurance-type exercise training, not a primary study combining exercise training with vitamin C and/or E supplementation.", "findings": []}

  ✓ Polyphenol Supplementation: Benefits for Exercise Performance or Oxida
    PMC4008802 · 1695ms
    {"eligible": false, "exclusion_reason": "The paper is a review article focusing on polyphenol supplementation rather than an empirical study combining a structured exercise training program with vitamin C and/or E supplementation.", "findings": []}

  ✓ Antioxidants and Exercise: A Redox-Informed Framework for Training Ada
    PMC13113188 · 1680ms
    {"eligible": false, "exclusion_reason": "The provided text is a review paper (structured narrative review) rather than an original primary research study containing empirical data or trial results.", "findings": []}

  ✓ Systematic review and meta-analysis of antioxidants with or without ex
    PMC12491480 · 1563ms
    {"eligible": false, "exclusion_reason": "The paper is a systematic review and meta-analysis, not an empirical study with its own original participant trial data for vitamin C/E supplementation.", "findings": []}

  ✓ Vitamin D Supplementation Does Not Enhance Gains in Muscle Strength an
    PMC11478703 · 2065ms
    {"eligible": false, "exclusion_reason": "The study tests vitamin D supplementation rather than vitamin C and/or E supplementation.", "findings": []}

  ✓ The Effects of Antioxidant Supplementation on Soccer Performance and R
    PMC11597853 · 2424ms
    {"eligible": false, "exclusion_reason": "The paper is a critical review article examining the literature on antioxidant supplementation in soccer, not an eligible primary empirical study combining structured training with vitamin C/E supplementation.", "findings": []}

  ✓ Aerobic Exercise Training Adaptations Are Increased by Postexercise Ca
    PMC3136187 · 1784ms
    {"eligible": false, "exclusion_reason": "The study investigates carbohydrate-protein supplementation (chocolate milk) rather than vitamin C and/or E supplementation.", "findings": []}

  ✓ The effect of combined resistance exercise training and vitamin D 3  s
    PMC5541589 · 2650ms
    {"eligible": false, "exclusion_reason": "The paper studies vitamin D3 supplementation combined with resistance exercise training, whereas the eligibility criteria require vitamin C and/or E supplementation.", "findings": []}

  ✓ Cashew apple juice supplementation enhanced fat utilization during hig
    PMC3610290 · 1531ms
    {"eligible": false, "exclusion_reason": "The study does not combine a structured exercise-training program with supplementation; rather, it evaluates the acute effects of a 4-week supplementation of cashew apple juice on subjects undergoing single high-intensity exercise sessions without an exercise training intervention.", "findings": []}

  ✓ Effect of Antioxidant Supplementation on Exercise-Induced Cardiac Trop
    PMC3834092 · 1563ms
    {"eligible": false, "exclusion_reason": "The study does not evaluate a structured exercise-training program combined with antioxidant supplementation; it investigates the acute effects of a single cycling exercise session before and after a 4-week supplementation period.", "findings": []}

  ✓ The effect of short-term vitamin D on the antioxidant capacity followi
    PMC10398448 · 1254ms
    {"eligible": false, "exclusion_reason": "The paper investigates vitamin D supplementation rather than vitamin C and/or vitamin E.", "findings": []}

  ✓ Effect of exercise training on saliva brain derived neurotrophic facto
    PMC5419233 · 1300ms
    {
      "eligible": false,
      "exclusion_reason": "The study investigates an acute single session of exercise rather than a structured multi-week training program with vitamin supplementation.",
      "findings": []
    }

  ✓ Supplementation with a Multi-ingredient Pre-workout Supplement does no
    PMC6355134 · 1534ms
    {"eligible": false, "exclusion_reason": "The study investigates a multi-ingredient pre-workout supplement rather than vitamin C and/or E supplementation.", "findings": []}

  ✓ Effects of vitamin D 3  supplementation on oxidative stress and antiox
    PMC11694191 · 1553ms
    {"eligible": false, "exclusion_reason": "The study investigates vitamin D3 supplementation rather than vitamin C and/or E supplementation.", "findings": []}

  ✓ Effects of Vitamin E and Zinc Supplementation on Antioxidants in Beta 
    PMC3446117 · 1316ms
    {"eligible": false, "exclusion_reason": "The study investigates beta-thalassemia major patients undergoing blood transfusions and chelation therapy with vitamin E and zinc supplementation, but it does not combine supplementation with a structured exercise-training program.", "findings": []}

  ✓ Vitamin 25(OH)D 3 , E, and C Supplementation Impact the Inflammatory a
    PMC11281576 · 1323ms
    {"eligible": false, "exclusion_reason": "The study uses animal subjects (piglets) rather than human participants.", "findings": []}

  ✓ The effects of physical training on antioxidative status under exercis
    PMC2882571 · 1253ms
    {"eligible": false, "exclusion_reason": "The study uses an animal model (rats) rather than human participants.", "findings": []}

  ✓ Acute exercise and oxidative stress: a 30 year history
    PMC2642810 · 2685ms
    {"eligible": false, "exclusion_reason": "The paper is a review article summarizing 30 years of literature rather than a primary controlled intervention trial.", "findings": []}

  ✓ Effect of Vitamins A, C, and E Supplementation in the Treatment of Met
    PMC3431076 · 1952ms
    {"eligible": false, "exclusion_reason": "The study uses an animal model (albino rats) rather than human participants.", "findings": []}

  ✓ Astaxanthin Supplementation as a Potential Strategy for Enhancing Mito
    PMC11175114 · 1685ms
    {"eligible": false, "exclusion_reason": "The paper is a review article (invited review) rather than an original empirical research study combining exercise training with vitamin C and/or E supplementation.", "findings": []}

  ✓ Does quercetin and vitamin C improve exercise performance, muscle dama
    PMC3526124 · 1442ms
    {"eligible": false, "exclusion_reason": "The study does not combine a structured exercise-training program with vitamin C and/or E supplementation against a control group under the required criteria (it tests quercetin and/or vitamin C alongside endurance testing/exercise tests without a structured training program over the 8-week period).", "findings": []}

  ✓ Vitamin C‐Dependent Intergenerational Inheritance of Enhanced Enduranc
    PMC11967756 · 2066ms
    {"eligible": false, "exclusion_reason": "The paper is an animal (murine) study involving maternal exercise and vitamin C supplementation during pregnancy, not a human clinical exercise training study.", "findings": []}

  ✓ The Effect of Antioxidant Supplementation on Fatigue during Exercise: 
    PMC3257644 · 1573ms
    {"eligible": false, "exclusion_reason": "This is an acute single-session exercise study rather than a structured exercise-training intervention program.", "findings": []}

  ✓ Role of creatine supplementation on exercise-induced cardiovascular fu
    PMC2763263 · 1335ms
    {"eligible": false, "exclusion_reason": "The study investigates oral creatine supplementation rather than vitamin C and/or E supplementation, and it evaluates an acute single-session exercise trial rather than an exercise-training program.", "findings": []}

  ✓ Modification of the Effect of Vitamin E Supplementation on the Mortali
    PMC2661323 · 1333ms
    {"eligible": false, "exclusion_reason": "The study does not combine structured exercise training with vitamin supplementation; it is a secondary analysis of a cancer prevention trial (ATBC Study) examining mortality.", "findings": []}

  ✓ Combined effect of antioxidant supplementation and resistance training
    PMC12878122 · 1359ms
    {"eligible": true, "exclusion_reason": null, "findings": []}

  ✓ International Society of Sports Nutrition position stand: effects of d
    PMC12915426 · 2047ms
    {"eligible": false, "exclusion_reason": "The provided text is a position stand and review paper by the International Society of Sports Nutrition (ISSN), not an original empirical study evaluating vitamin C and/or E supplementation with exercise training.", "findings": []}

  ✓ Potential Vitamin E Signaling Mediators in Skeletal Muscle
    PMC11591548 · 1808ms
    {"eligible": false, "exclusion_reason": "The paper is a review article discussing potential vitamin E signaling mediators in skeletal muscle, not a primary research study with human participants undergoing an exercise-training program and antioxidant supplementation.", "findings": []}

  ✓ Vitamin C and E antioxidant supplementation may significantly reduce p
    PMC11142610 · 1566ms
    {"eligible": false, "exclusion_reason": "The study is a systematic review and meta-analysis of randomized controlled trials examining antioxidant supplementation for endometriosis-related pain, not a controlled primary study combining a structured exercise-training program with supplementation.", "findings": []}

  ✓ Radioiodine-induced oxidative stress in patients with differentiated t
    PMC10118725 · 1327ms
    {"eligible": false, "exclusion_reason": "The study does not combine an exercise-training program with antioxidant supplementation, as patients underwent radioiodine therapy for thyroid carcinoma rather than an exercise intervention.", "findings": []}

  ✓ Oxidant Antioxidants and Adaptive Responses to Exercise
    PMC4388022 · 770ms
    {
      "eligible": false,
      "exclusion_reason": "The paper is an editorial (review/commentary) and contains no primary empirical research results.",
      "findings": []
    }

  ✓ Effect of Antioxidant Supplementation on NET Formation Induced by LPS 
    PMC10487622 · 1564ms
    {"eligible": false, "exclusion_reason": "The study is an in vitro study performed on isolated human neutrophils rather than a human exercise-training intervention study.", "findings": []}

  ✓ Can Antioxidants Protect Against Disuse Muscle Atrophy?
    PMC4213375 · 1435ms
    {"eligible": false, "exclusion_reason": "The paper is a review article discussing animal and in-vitro models rather than a controlled primary study with human participants undergoing exercise training and antioxidant supplementation.", "findings": []}

  ✓ Dietary nanocomposite of vitamin C and vitamin E enhanced the performa
    PMC11231345 · 1494ms
    {"eligible": false, "exclusion_reason": "The study uses animal subjects (Nile tilapia) instead of human participants.", "findings": []}

  ✓ Effects of Quercetin and Citrulline on Nitric Oxide Metabolites and An
    PMC11767657 · 1379ms
    {"eligible": false, "exclusion_reason": "The study investigates quercetin and citrulline supplementation, not vitamin C or vitamin E.", "findings": []}

  ✓ Redox Mechanism of Reactive Oxygen Species in Exercise
    PMC5097959 · 1632ms
    {"eligible": false, "exclusion_reason": "The paper is a review article summarizing existing literature rather than an eligible primary research study involving a structured training program and supplementation.", "findings": []}

  ✓ Skeletal Muscle Redox Signaling in Health and Disease: From Molecular 
    PMC13295415 · 1610ms
    {"eligible": false, "exclusion_reason": "The provided paper is a review article summarizing skeletal muscle redox signaling and does not contain its own original empirical study or clinical trial involving antioxidant supplementation and structured exercise training.", "findings": []}

  ✓ Resistance-Trained Individuals Are Less Susceptible to Oxidative Damag
    PMC6079342 · 1482ms
    {"eligible": false, "exclusion_reason": "The study is an acute single-session eccentric exercise trial without a vitamin C or E supplementation intervention.", "findings": []}

  ✓ Complex Effects of Vitamin E and Vitamin C Supplementation on  in Vitr
    PMC3798907 · 1309ms
    {"eligible": false, "exclusion_reason": "The paper is an in vitro study on neonatal and adult mononuclear cells, not a controlled exercise-training study with human participants undergoing an exercise intervention.", "findings": []}

  ✓ Additional Effects of Nutritional Antioxidant Supplementation on Perip
    PMC6501222 · 3128ms
    {"eligible": true, "exclusion_reason": null, "findings": [{"study_type": "randomized controlled trial", "species": "human", "model": null, "population_state": "clinical", "intervention": "oral antioxidant supplementation (alpha-tocopherol: 30 mg/day, ascorbate: 180 mg/day, zinc gluconate: 15 mg/day, selenomethionine: 50 microgram/day)", "intervention_class": "multivitamin / antioxidant combination", "comparator": "placebo", "dose_raw": "alpha-tocopherol: 30 mg/day, ascorbate: 180 mg/day, zinc gluconate: 15 mg/day, selenomethionine: 50 microgram/day", "duration_raw": "28 days", "timing_context": "concurrently with 28 days of pulmonary rehabilitation exercise training", "outcome_name": "quadriceps endurance time (Qend)", "outcome_family": "endurance_performance", "timepoint_raw": "28 days", "effect_direction": "no_effect", "effect_size_raw": "-6.6 +/- 11.3%", "p_value": 0.56, "significant": false, "sample_size": 57, "evidence_quote": "The primary outcome Qend showed no additional increase in the PR antioxidant group (-6.6 \u00b1 11.3%; p = 0.56).", "evidence_lines": ["L53"], "confidence": 1.0, "moderators": {"vitc_dose_regime": "below_500_mg_daily", "training_modality": "concurrent_or_mixed", "training_status": "untrained", "age_group": "mixed_or_unclear", "supplement_combo": "vitamin_c_and_e", "population_state": "clinical_or_sarcopenic"}}, {"study_type": "randomized controlled trial", "species": "human", "model": null, "population_state": "clinical", "intervention": "oral antioxidant supplementation (alpha-tocopherol: 30 mg/day, ascorbate: 180 mg/day, zinc gluconate: 15 mg/day, selenomethionine: 50 microgram/day)", "intervention_class": "multivitamin / antioxidant combination", "comparator": "placebo", "dose_raw": "alpha-tocopherol: 30 mg/day, ascorbate: 180 mg/day, zinc gluconate: 15 mg/day, selenomethionine: 50 microgram/day", "duration_raw": "28 days", "timing_context": "concurrently with 28 days of pulmonary rehabilitation exercise training", "outcome_name": "quadriceps maximal voluntary isometric contraction (QMVC)", "outcome_family": "muscle_strength", "timepoint_raw": "28 days", "effect_direction": "increase", "effect_size_raw": "+11 +/- 3%", "p_value": 0.001, "significant": true, "sample_size": 57, "evidence_quote": "This resulted in a significant between-group difference in favor of antioxidant supplementation for QMVC (p < 0.001), after adjustment on the baseline difference and on the interaction between group and baseline values.", "evidence_lines": ["L55"], "confidence": 1.0, "moderators": {"vitc_dose_regime": "below_500_mg_daily", "training_modality": "concurrent_or_mixed", "training_status": "untrained", "age_group": "mixed_or_unclear", "supplement_combo": "vitamin_c_and_e", "population_state": "clinical_or_sarcopenic"}}]}

  ✓ Comparison of the effects of two antioxidant diets on oxidative stress
    PMC6234303 · 1552ms
    {"eligible": false, "exclusion_reason": "The study does not use vitamin supplements; it investigates two different dietary interventions (food sources of antioxidants) rather than a vitamin C or E supplementation protocol combined with exercise training.", "findings": []}

  ✓ The Antioxidant Role of Glutathione and N-Acetyl-Cysteine Supplements 
    PMC2129149 · 1451ms
    {"eligible": false, "exclusion_reason": "The paper is a commentary/review article discussing antioxidant roles and does not report a controlled primary study combining a structured exercise-training program with vitamin C and/or E supplementation.", "findings": []}

  ✓ Haptoglobin Phenotype, Preeclampsia Risk and the Efficacy of Vitamin C
    PMC3616124 · 1788ms
    {"eligible": false, "exclusion_reason": "The study does not combine an exercise-training program with vitamin supplementation; it is a randomized controlled trial of vitamin C and E supplementation during pregnancy for the prevention of preeclampsia without an exercise training intervention.", "findings": []}

  ✓ Low-Frequency Fatigue as an Indicator of Eccentric Exercise-Induced Mu
    PMC3400461 · 1532ms
    {"eligible": false, "exclusion_reason": "The study uses animal subjects (Wistar rats) instead of human participants.", "findings": []}

  ✓ Effect of Antioxidant Vitamin Supplementation on Cardiovascular Outcom
    PMC3577664 · 1352ms
    {"eligible": false, "exclusion_reason": "The paper is a meta-analysis of randomized controlled trials examining cardiovascular outcomes rather than a primary exercise-training intervention study.", "findings": []}

  ✓ Effect of Eicosapentaenoic Acid (EPA) and Vitamin E on the Blood Level
    PMC3468972 · 1475ms
    {"eligible": false, "exclusion_reason": "The study investigates eicosapentaenoic acid (EPA) and vitamin E supplementation, but does not test vitamin C and/or vitamin E combined with a structured exercise training program (it studies acute endurance exercise sessions during supplementation).", "findings": []}

  ✓ Mitochondria-Targeted Antioxidants and Skeletal Muscle Function
    PMC6116009 · 1341ms
    {"eligible": false, "exclusion_reason": "The paper is a review article summarizing literature on mitochondria-targeted antioxidants rather than a controlled primary study combining an exercise-training program with vitamin C and/or E supplementation in humans.", "findings": []}

  ✓ A metabolomic investigation of the effects of vitamin E supplementatio
    PMC3541165 · 1314ms
    {"eligible": false, "exclusion_reason": "The study does not include a structured exercise-training program combined with vitamin supplementation.", "findings": []}

  ✓ Tribbles 3 blunts exercise-induced skeletal muscle adaptation
    PMC12338650 · 1372ms
    {"eligible": false, "exclusion_reason": "The study investigates transgenic and knockout mice involving Tribbles 3 (TRB3) rather than vitamin C and/or E supplementation.", "findings": []}

  ✓ Redox correlation in muscle lengthening and immune response in eccentr
    PMC6307742 · 2078ms
    {"eligible": false, "exclusion_reason": "The study involves acute single-session exercise trials (downhill running) rather than a structured exercise-training program, and uses an animal model for the muscle stretching portion.", "findings": []}

  ✓ High-Dose Astaxanthin Supplementation Suppresses Antioxidant Enzyme Ac
    PMC6627865 · 1943ms
    {"eligible": false, "exclusion_reason": "The study uses mice (animal model) and astaxanthin supplementation rather than human participants and vitamin C and/or E.", "findings": []}

  ✓ Effects of Resistance Training Combined with Vitamin D Supplementation
    PMC12652358 · 1807ms
    {"eligible": false, "exclusion_reason": "The study investigates vitamin D supplementation combined with resistance training, whereas the eligibility criteria require vitamin C and/or E supplementation.", "findings": []}

  ✓ Combined high-intensity interval training and green tea supplementatio
    PMC10718018 · 1418ms
    {"eligible": false, "exclusion_reason": "The study uses green tea supplementation rather than vitamin C and/or E supplementation.", "findings": []}

  ✓ Vitamin C may alleviate exercise-induced bronchoconstriction: a meta-a
    PMC3686214 · 5122ms
    {"eligible": false, "exclusion_reason": "This paper is a systematic review and meta-analysis of exercise-induced bronchoconstriction trials, not a controlled primary study combining a structured exercise-training program with supplementation.", "findings": []}

  ✓ The Effects of a Multiflavonoid Supplement on Vascular and Hemodynamic
    PMC3236420 · 1534ms
    {"eligible": false, "exclusion_reason": "The study investigates an acute single-session exercise bout with a multiflavonoid/fish-oil supplement rather than a structured exercise-training program with vitamin C and/or E supplementation.", "findings": []}

  ✓ Individualised Exercise Training Enhances Antioxidant Buffering Capaci
    PMC10451244 · 1765ms
    {"eligible": false, "exclusion_reason": "The study investigates an exercise training program without vitamin C or E supplementation.", "findings": []}

  ✓ Marginal vitamin C status is associated with reduced fat oxidation dur
    PMC1564400 · 1312ms
    {"eligible": false, "exclusion_reason": "The study does not evaluate a structured exercise-training program with antioxidant supplementation (it tests an acute 60-minute submaximal treadmill test and a short-term depletion-repletion trial without an exercise training program).", "findings": []}

  ✓ Effect of endurance training and cinnamon supplementation on post-exer
    PMC5019312 · 1282ms
    {"eligible": false, "exclusion_reason": "The study uses animal participants (rats) instead of human participants.", "findings": []}

  ✓ Reactive oxygen species promote endurance exercise-induced adaptations
    PMC11336304 · 2301ms
    {"eligible": false, "exclusion_reason": "The paper is a review article discussing reactive oxygen species and endurance exercise-induced adaptations in skeletal muscles, and does not report an empirical primary study with an antioxidant-versus-control training intervention.", "findings": []}

  ✓ The effect of vitamin C on bronchoconstriction and respiratory symptom
    PMC4363347 · 2062ms
    {"eligible": false, "exclusion_reason": "The paper is a literature review and statistical analysis, not an eligible controlled primary exercise-training study.", "findings": []}

  ✓ The interaction effects of aerobic exercise training and vitamin D sup
    PMC4624118 · 1511ms
    {"eligible": false, "exclusion_reason": "The study investigates vitamin D supplementation and aerobic exercise in animal models (rats), whereas the inclusion criteria require human participants.", "findings": []}

  ✓ Impact of Polyphenol Supplementation on Acute and Chronic Response to 
    PMC5662159 · 1485ms
    {"eligible": false, "exclusion_reason": "The paper studies a proprietary polyphenol blend of tea extracts (not vitamin C or E supplementation), making it ineligible under the primary inclusion criteria.", "findings": []}

  ✓ Vitamin E Supplementation Delays Cellular Senescence  In Vitro
    PMC4647025 · 1395ms
    {"eligible": false, "exclusion_reason": "The paper is an in-vitro study using cultured human cells (HUVECs and fibroblasts), not a human training study.", "findings": []}

  ✓ Effects of protein supplementation on body composition, physiological 
    PMC12369418 · 1814ms
    {"eligible": false, "exclusion_reason": "The paper studies protein supplementation during endurance training, not vitamin C and/or E supplementation.", "findings": []}

  ✓ Repeated Supramaximal Exercise-Induced Oxidative Stress: Effect of β-A
    PMC4870821 · 1311ms
    {"eligible": false, "exclusion_reason": "The paper studies beta-alanine and creatine supplementation rather than vitamin C and/or E supplementation.", "findings": []}

  ✓ Food-Based Antioxidant Nutrition for Exercise Recovery and Training Ad
    PMC13363514 · 1283ms
    {"eligible": false, "exclusion_reason": "The paper is a narrative review and conceptual framework, not an eligible primary empirical research study.", "findings": []}

  ✓ Impact of Polyphenol Antioxidants on Cycling Performance and Cardiovas
    PMC3967193 · 1608ms
    {"eligible": false, "exclusion_reason": "The study does not evaluate an exercise-training program with vitamin C and/or E supplementation; instead, it investigates a 7-day polyphenol antioxidant supplementation combined with acute exercise testing in endurance-trained cyclists.", "findings": []}

  ✓ Comparative effects of vitamin D and vitamin C supplementations with a
    PMC6225665 · 1600ms
    {"eligible": false, "exclusion_reason": "The study tests vitamin C and vitamin D supplementation rather than vitamin C and/or E supplementation.", "findings": []}

  ✓ Resistance Exercise Associated with Camu-Camu ( Myrciaria dubia ) and 
    PMC12655332 · 1528ms
    {"eligible": false, "exclusion_reason": "The study is conducted on animal models (Wistar rats) rather than human participants, and investigates camu-camu and creatine supplementation rather than vitamin C and/or E supplementation.", "findings": []}

  ✓ Vitamin D3 supplementation enhances the effect of aerobic water-based 
    PMC12317169 · 1512ms
    {"eligible": false, "exclusion_reason": "The study investigates vitamin D3 supplementation and water-based aerobic training, not vitamin C and/or E supplementation.", "findings": []}

  ✓ Update: Is exercise-induced oxidative stress a friend or foe?
    PMC13159460 · 1419ms
    {"eligible": false, "exclusion_reason": "The paper is a review article summarizing existing literature and does not report its own primary empirical study or clinical trial involving a structured exercise-training program with antioxidant supplementation.", "findings": []}

  ✓ Supplemental Oxygen during Exercise Training in Chronic Obstructive Pu
    PMC12520020 · 1582ms
    {"eligible": false, "exclusion_reason": "The paper is a review article analyzing supplemental oxygen during exercise training in COPD, not an empirical study testing vitamin C and/or E supplementation.", "findings": []}

  ✓ Lower vascular conductance responses to handgrip exercise are improved
    PMC11140166 · 1497ms
    {"eligible": false, "exclusion_reason": "This is an acute intervention study with single-session supplementation and testing rather than a structured exercise-training program.", "findings": []}

  ✓ The effects of multi mineral-vitamin D and vitamins (C+E) supplementat
    PMC5510580 · 1231ms
    {"eligible": false, "exclusion_reason": "The study is a randomized clinical trial investigating the prevention of preeclampsia in pregnant women rather than a structured exercise-training program combined with antioxidant supplementation.", "findings": []}

  ✓ Effects of Exercise Alone or Combined With Cognitive Training and Vita
    PMC10359965 · 2026ms
    {"eligible": false, "exclusion_reason": "The study investigates vitamin D supplementation combined with exercise and cognitive training in adults with mild cognitive impairment, not vitamin C and/or E supplementation.", "findings": []}

  ✓ Synergistic Role of Aerobic Exercise and Vitamin C in Reducing Hyperte
    PMC12787866 · 1443ms
    {"eligible": false, "exclusion_reason": "The study uses animal subjects (rats) instead of human participants.", "findings": []}

  ✓ Nordic Walking Training Causes a Decrease in Blood Cholesterol in Elde
    PMC5826219 · 1664ms
    {
      "eligible": false,
      "exclusion_reason": "The study investigates vitamin D supplementation combined with Nordic Walking training, not vitamin C and/or E supplementation.",
      "findings": []
    }

  ✓ Effects of Dietary Vitamin C Supplementation on Vitamin C Synthesis, T
    PMC12785077 · 1389ms
    {"eligible": false, "exclusion_reason": "The study uses animal subjects (geese) rather than human participants.", "findings": []}

  ✓ Antioxidant Vitamin C Prevents Decline in Endothelial Function during 
    PMC4401065 · 1232ms
    {"eligible": false, "exclusion_reason": "Acute single-session study without a structured exercise-training program", "findings": []}

  ✓ Effect of vitamin C and vitamin E on lung contusion: A randomized clin
    PMC6240669 · 1457ms
    {"eligible": false, "exclusion_reason": "The study evaluates a clinical trial on lung contusion patients rather than a structured exercise-training program combined with antioxidant supplementation.", "findings": []}

  ✓ Effects of Vitamin E Intake and Voluntary Wheel Running on Whole-Body 
    PMC11944365 · 1467ms
    {"eligible": false, "exclusion_reason": "The study is conducted on mice (animal study) rather than human participants.", "findings": []}

  ✓ Combined Effects of Phytochemicals and Exercise on Fatty Acid Oxidatio
    PMC5545207 · 1650ms
    {"eligible": false, "exclusion_reason": "The paper is a review article rather than a primary empirical study combining structured exercise training with vitamin C and/or E supplementation.", "findings": []}

  ✓ Effects of a combined protein and antioxidant supplement on recovery o
    PMC5496333 · 1383ms
    {"eligible": false, "exclusion_reason": "The study is an acute single-session eccentric exercise trial without a training program.", "findings": []}

  ✓ Potential Benefits of Nitrate Supplementation on Antioxidant Defense S
    PMC6458846 · 1486ms
    {"eligible": false, "exclusion_reason": "The study does not combine a structured exercise-training program with vitamin C and/or E supplementation; it investigates sodium nitrate supplementation over an acute and 5-day period.", "findings": []}

  ✓ Effects of low-volume walking programme and vitamin E supplementation 
    PMC3664611 · 1401ms
    {"eligible": true, "exclusion_reason": null, "findings": []}

  ✓ Long-term quercetin supplementation reduces lipid peroxidation but doe
    PMC3871649 · 1272ms
    {"eligible": false, "exclusion_reason": "The paper studies quercetin supplementation rather than vitamin C and/or E supplementation.", "findings": []}

  ✓ Physiological and Neural Adaptations to Eccentric Exercise: Mechanisms
    PMC4620252 · 1617ms
    {"eligible": false, "exclusion_reason": "The paper is a review article and does not report an empirical study combining exercise training with vitamin C and/or E supplementation.", "findings": []}

  ✓ Effects of acute and 14-day coenzyme Q10 supplementation on exercise p
    PMC2315638 · 1479ms
    {"eligible": false, "exclusion_reason": "The study tests Coenzyme Q10 supplementation, not vitamin C and/or E supplementation.", "findings": []}

  ✓ The effect of probiotic supplementation combined with aerobic exercise
    PMC12171151 · 1736ms
    {"eligible": false, "exclusion_reason": "The study investigates probiotic supplementation combined with aerobic exercise rather than vitamin C and/or E supplementation.", "findings": []}

  ✓ Efficacy of vitamin and antioxidant supplements in prevention of cardi
    PMC3548618 · 1684ms
    {"eligible": false, "exclusion_reason": "The paper is a systematic review and meta-analysis of randomised controlled trials on cardiovascular disease prevention, not a controlled primary study combining structured exercise training with vitamin C and/or E supplementation.", "findings": []}

  ✓ Editorial: Exercise-induced oxidative stress and the role of antioxida
    PMC10466035 · 1441ms
    {"eligible": false, "exclusion_reason": "This paper is an editorial and does not contain primary empirical results or a controlled trial combining exercise training with antioxidant supplementation.", "findings": []}

  ✓ Laying performance, digestibility and plasma hormones in laying hens e
    PMC5028346 · 1696ms
    {"eligible": false, "exclusion_reason": "The study is conducted on laying hens (animals), not human participants.", "findings": []}

  ✓ Effects of vitamin E supplementation on sow gestation: a meta-analysis
    PMC12483425 · 1285ms
    {"eligible": false, "exclusion_reason": "The study involves animal subjects (pigs/sows) rather than human participants.", "findings": []}

  ✓ Excessive Vitamin E Supplementation: Implications for Ovarian Physiolo
    PMC12824594 · 1607ms
    {"eligible": false, "exclusion_reason": "The study uses an animal model (mice) rather than human participants.", "findings": []}

  ✓ The effect of endurance training with and without vitamin E on express
    PMC5801830 · 1604ms
    {"eligible": false, "exclusion_reason": "The study uses animal subjects (rats) instead of human participants.", "findings": []}

  ✓ Tissue-Specific Effects of Vitamin E Supplementation
    PMC4964537 · 1334ms
    {"eligible": false, "exclusion_reason": "The study is conducted in animal subjects (mice) rather than human participants, and does not involve an exercise-training program.", "findings": []}

  ✓ Combined effects of green tea supplementation and eccentric exercise o
    PMC10786739 · 1584ms
    {"eligible": false, "exclusion_reason": "This is an acute single-session exercise study combined with supplementation rather than a structured multi-week exercise-training program.", "findings": []}

  ✓ The effects of exercise training and acute exercise duration on plasma
    PMC4819126 · 1429ms
    {"eligible": false, "exclusion_reason": "The study investigates folate and vitamin B12 in relation to exercise training and acute exercise duration in rats, rather than vitamin C and/or E supplementation combined with exercise training in human participants.", "findings": []}

  ✓ Protective Role of Vitamin C Intake on Muscle Damage in Male Adolescen
    PMC6182534 · 1195ms
    {"eligible": false, "exclusion_reason": "The study evaluates strenuous recreational exercise rather than a structured exercise-training program combined with supplementation.", "findings": []}

  ✓ Enhanced Human Neutrophil Vitamin C Status, Chemotaxis and Oxidant Gen
    PMC4425162 · 1479ms
    {"eligible": false, "exclusion_reason": "The study does not combine vitamin C supplementation with a structured exercise-training program.", "findings": []}

  ✓ Vitamin E (α-tocopherol) supplementation in diabetic rats: effects on 
    PMC2788574 · 1377ms
    {"eligible": false, "exclusion_reason": "The study uses an animal model (rats) rather than human participants.", "findings": []}

  ✓ Effect of vitamins C or E supplementation to Tris diluent on the semen
    PMC4312374 · 1533ms
    {"eligible": false, "exclusion_reason": "The study uses animal subjects (Awassi rams) rather than human participants.", "findings": []}

  ✓ Dietary and supplemental intake of vitamins C and E is associated with
    PMC10228397 · 3845ms
    {"eligible": false, "exclusion_reason": "The paper is an observational epidemiology meta-analysis of epigenome-wide association studies (EWAS) evaluating self-reported vitamin intake and DNA methylation, not an interventional exercise-training study.", "findings": []}

  ✓ The role of resistance training and creatine supplementation on oxidat
    PMC10189876 · 1344ms
    {"eligible": false, "exclusion_reason": "The study investigates creatine monohydrate supplementation rather than vitamin C and/or E supplementation.", "findings": []}

  ✓ Prevention of Mammary Tumorigenesis in Acatalasemic Mice by Vitamin E 
    PMC5921155 · 1300ms
    {
      "eligible": false,
      "exclusion_reason": "The study is conducted on animals (mice) rather than human participants and does not include an exercise training program.",
      "findings": []
    }

  ✓ Effects of creatine supplementation associated with resistance trainin
    PMC3994392 · 1285ms
    {"eligible": false, "exclusion_reason": "The study investigates creatine monohydrate supplementation in rats rather than human participants combined with vitamin C and/or E supplementation.", "findings": []}

  ✓ Effects of vitamin D supplementation and circuit training on indices o
    PMC4241902 · 1196ms
    {"eligible": false, "exclusion_reason": "The paper investigates vitamin D supplementation and circuit training, not vitamin C and/or E supplementation.", "findings": []}

  ✓ Effect of an 8-weeks aerobic training program in elderly on oxidative 
    PMC12878004 · 2474ms
    {"eligible": true, "exclusion_reason": null, "findings": [{"comparator": "antioxidant supplemented sedentary group (AS)", "confidence": 1.0, "dose_raw": "500 mg vitamin C and 100 mg vitamin E daily", "duration_raw": "8 weeks", "effect_direction": "no_effect", "effect_size_raw": null, "evidence_lines": ["L16"], "evidence_quote": "The aerobic training only increased VO2 TVE (p < 0.05, Table 1) with no significant impact on VO2max.", "intervention": "aerobic training + antioxidant supplementation", "intervention_class": "aerobic training + vitamins C and E", "model": "human", "moderators": {"age_group": "older_adult", "population_state": "healthy", "supplement_combo": "vitamin_c_and_e", "training_modality": "endurance", "training_status": "untrained", "vitc_dose_regime": "500_to_999_mg_daily"}, "outcome_family": "aerobic_capacity", "outcome_name": "VO2max", "p_value": null, "population_state": "healthy", "sample_size": 16, "significant": false, "species": "Homo sapiens", "study_type": "controlled trial", "timepoint_raw": "8 weeks", "timing_context": "post-intervention"}, {"comparator": "antioxidant supplemented sedentary group (AS)", "confidence": 1.0, "dose_raw": "500 mg vitamin C and 100 mg vitamin E daily", "duration_raw": "8 weeks", "effect_direction": "increase", "effect_size_raw": null, "evidence_lines": ["L16"], "evidence_quote": "The aerobic training only increased VO2 TVE (p < 0.05, Table 1) with no significant impact on VO2max.", "intervention": "aerobic training + antioxidant supplementation", "intervention_class": "aerobic training + vitamins C and E", "model": "human", "moderators": {"age_group": "older_adult", "population_state": "healthy", "supplement_combo": "vitamin_c_and_e", "training_modality": "endurance", "training_status": "untrained", "vitc_dose_regime": "500_to_999_mg_daily"}, "outcome_family": "aerobic_capacity", "outcome_name": "VO2 TVE", "p_value": 0.05, "population_state": "healthy", "sample_size": 16, "significant": true, "species": "Homo sapiens", "study_type": "controlled trial", "timepoint_raw": "8 weeks", "timing_context": "post-intervention"}]}

  ✓ Influence of Vitamin D Supplementation by Sunlight or Oral D3 on Exerc
    PMC6282681 · 1476ms
    {"eligible": false, "exclusion_reason": "The paper studies vitamin D supplementation (sunlight or oral D3), not vitamin C or E.", "findings": []}

  ✓ The effect of aquatic training and vitamin D3 supplementation on bone 
    PMC10828811 · 1226ms
    {"eligible": false, "exclusion_reason": "The study investigates vitamin D3 supplementation and aquatic training, not vitamin C and/or E supplementation.", "findings": []}

  ✓ Vitamin E supplementation and pneumonia risk in males who initiated sm
    PMC2603040 · 1437ms
    {"eligible": false, "exclusion_reason": "The study does not combine a structured exercise-training program with vitamin C and/or E supplementation.", "findings": []}

  ✓ Effects of antioxidant-rich  foods  on altitude-induced oxidative stre
    PMC6563980 · 1871ms
    {"eligible": false, "exclusion_reason": "The study does not use vitamin C and/or E supplementation, but rather tests whole antioxidant-rich foods.", "findings": []}

  ✓ Vitamin E Dietary Supplementation Improves Neurological Symptoms and D
    PMC4145291 · 1459ms
    {"eligible": false, "exclusion_reason": "The study uses an animal (mouse) model rather than human participants.", "findings": []}

  ✓ Marginal Ascorbate Status (Hypovitaminosis C) Results in an Attenuated
    PMC4924182 · 1522ms
    {"eligible": false, "exclusion_reason": "The study is a vitamin C supplementation and bioavailability trial without an exercise-training program.", "findings": []}

  ✓ Effect of resistance training plus enriched probiotic supplement on se
    PMC10987664 · 1747ms
    {"eligible": false, "exclusion_reason": "The study uses animal models (rats) rather than human participants, and the intervention consists of a probiotic supplement enriched with vitamin D and leucine rather than vitamin C and/or E.", "findings": []}

  ✓ Proteome-Driven Elucidation of Adaptive Responses
to Combined Vitamin 
    PMC3993953 · 1665ms
    {"eligible": false, "exclusion_reason": "The study uses a zebrafish (animal) model instead of human participants.", "findings": []}

  ✓ Acute vitamin C improves cardiac function, not exercise capacity, in a
    PMC5813393 · 1733ms
    {"eligible": false, "exclusion_reason": "This is an acute single-session study (acute vitamin C infusion) without an exercise-training program.", "findings": []}

  ✓ Carbon tetrachloride-induced liver disease in rats: the potential effe
    PMC2716554 · 1330ms
    {"eligible": false, "exclusion_reason": "The study uses an animal model (rats) instead of human participants.", "findings": []}

  ✓ Effects of vitamin D supplementation combined with exercise on glucoli
    PMC12392328 · 1595ms
    {"eligible": false, "exclusion_reason": "This is a meta-analysis examining vitamin D supplementation combined with exercise, whereas the eligibility criteria require primary studies combining structured exercise training with vitamin C and/or E supplementation.", "findings": []}

  ✓ Effects of Methoxyisoflavone, Ecdysterone, and Sulfo-Polysaccharide Su
    PMC2129166 · 1315ms
    {"eligible": false, "exclusion_reason": "The paper does not test vitamin C and/or vitamin E supplementation; it investigates methoxyisoflavone, ecdysterone, and sulfo-polysaccharide supplementation.", "findings": []}

  ✓ Effects of Vitamin C Supplementation on Plasma and Urinary Vitamin C C
    PMC5539213 · 1246ms
    {"eligible": false, "exclusion_reason": "The study does not include an exercise-training program, but is instead a vitamin C supplementation intervention without exercise training.", "findings": []}

  ✓ Reexamination of a Meta-Analysis of the Effect of Antioxidant Suppleme
    PMC3257709 · 1737ms
    {"eligible": false, "exclusion_reason": "The paper is a reexamination and meta-analysis of previously published randomized clinical trials on antioxidant supplementation and mortality, rather than a primary empirical study combining a structured exercise-training program with antioxidant supplementation.", "findings": []}

  ✓ Influence of training status on high-intensity intermittent performanc
    PMC3984416 · 1588ms
    {"eligible": false, "exclusion_reason": "The paper studies beta-alanine supplementation rather than vitamin C and/or E supplementation.", "findings": []}

  ✓ Effects of Resveratrol Supplementation and Exercise Training on Exerci
    PMC6273571 · 1430ms
    {"eligible": false, "exclusion_reason": "The study investigates mice (animal model) rather than human participants, and evaluates resveratrol rather than vitamin C and/or E supplementation.", "findings": []}

  ✓ Effects of 12-weeks resistance training and vitamin E supplementation 
    PMC11373101 · 3700ms
    {"eligible": true, "exclusion_reason": null, "findings": [{"comparator": "Placebo group (PLB)", "confidence": 1.0, "dose_raw": "800 IU/day", "duration_raw": "12 weeks", "effect_direction": "no_effect", "effect_size_raw": null, "evidence_lines": ["L50", "L51"], "evidence_quote": "For 1RM, a significant main effect of time (F 1,33 =8.449, p = 0.006, \u03b7 p 2 = 0.204) and a significant time\u00d7group interaction (F 3,33 =30.037, p = 0.001, \u03b7 p 2 = 0.732) were observed. Significant increases in 1RM were noted in the PLB + RT ( p < 0.001) and VES + RT ( p < 0.001) groups. Interestingly, a significant decrease in 1RM was observed in the VES group ( p = 0.004). The changes in 1RM were significant in the PLB + RT ( p < 0.001) and VES + RT ( p < 0.001) groups compared to the PLB and VES groups, respectively (Table  3 ).", "intervention": "Vitamin E Supplementation + Resistance Training", "intervention_class": "antioxidant_supplementation_plus_exercise", "model": "human", "moderators": {"age_group": "younger_adult", "population_state": "clinical_or_sarcopenic", "supplement_combo": "vitamin_e_only", "training_modality": "resistance", "training_status": "untrained", "vitc_dose_regime": "not_reported_as_daily_dose"}, "outcome_family": "muscle_strength", "outcome_name": "One-repetition maximum (1RM)", "p_value": null, "population_state": "clinical_or_sarcopenic", "sample_size": 19, "significant": true, "species": "Homo sapiens", "study_type": "randomized controlled trial", "timepoint_raw": "12 weeks", "timing_context": "post-intervention"}, {"comparator": "Placebo + Resistance Training group (PLB+RT)", "confidence": 1.0, "dose_raw": "800 IU/day", "duration_raw": "12 weeks", "effect_direction": "no_effect", "effect_size_raw": null, "evidence_lines": ["L50", "L51"], "evidence_quote": "For 1RM, a significant main effect of time (F 1,33 =8.449, p = 0.006, \u03b7 p 2 = 0.204) and a significant time\u00d7group interaction (F 3,33 =30.037, p = 0.001, \u03b7 p 2 = 0.732) were observed. Significant increases in 1RM were noted in the PLB + RT ( p < 0.001) and VES + RT ( p < 0.001) groups. Interestingly, a significant decrease in 1RM was observed in the VES group ( p = 0.004). The changes in 1RM were significant in the PLB + RT ( p < 0.001) and VES + RT ( p < 0.001) groups compared to the PLB and VES groups, respectively (Table  3 ).", "intervention": "Vitamin E Supplementation + Resistance Training", "intervention_class": "antioxidant_supplementation_plus_exercise", "model": "human", "moderators": {"age_group": "younger_adult", "population_state": "clinical_or_sarcopenic", "supplement_combo": "vitamin_e_only", "training_modality": "resistance", "training_status": "untrained", "vitc_dose_regime": "not_reported_as_daily_dose"}, "outcome_family": "muscle_strength", "outcome_name": "One-repetition maximum (1RM)", "p_value": null, "population_state": "clinical_or_sarcopenic", "sample_size": 19, "significant": false, "species": "Homo sapiens", "study_type": "randomized controlled trial", "timepoint_raw": "12 weeks", "timing_context": "post-intervention"}]}

  ✓ Regular sling core stabilization training improves bone density based 
    PMC10576283 · 1387ms
    {"eligible": false, "exclusion_reason": "The paper studies sling core stabilization training combined with calcium and vitamin D supplementation, not vitamin C or E supplementation.", "findings": []}

  ✓ The combination of exercise training and  Zataria multiflora  suppleme
    PMC5884011 · 1384ms
    {"eligible": false, "exclusion_reason": "The study uses Zataria multiflora supplementation rather than vitamin C and/or vitamin E supplementation.", "findings": []}

  ✓ Vitamins C and E alleviate the deleterious effects of electronic cigar
    PMC12269154 · 1617ms
    {"eligible": false, "exclusion_reason": "The paper uses an animal model (rats) instead of human participants, and evaluates electronic cigarette exposure rather than a structured exercise-training program with antioxidant supplementation.", "findings": []}

  ✓ Combined Effects of Spirulina Liquid Extract and Endurance Training on
    PMC11769088 · 1599ms
    {"eligible": false, "exclusion_reason": "The study uses animal (rat) subjects and Spirulina liquid extract (phycocyanin) instead of human participants and vitamin C/E supplementation.", "findings": []}

  ✓ The association of oxidative stress of neonatal hyperbilirubinemia and
    PMC11100342 · 1576ms
    {"eligible": false, "exclusion_reason": "The study does not include a structured exercise-training program.", "findings": []}

  ✓ Resistance Training Diminishes Mitochondrial Adaptations to Subsequent
    PMC10104141 · 1836ms
    {"eligible": false, "exclusion_reason": "The study does not investigate vitamin C and/or E supplementation, but rather examines the effects of resistance training prior to endurance training.", "findings": []}

  ✓ Effects of aerobic training and vitamin D supplementation on glycemic 
    PMC10290097 · 1540ms
    {"eligible": false, "exclusion_reason": "The study investigates vitamin D supplementation and animal (rat) subjects, which does not meet the human participants and vitamin C and/or E eligibility criteria.", "findings": []}

  ✓ The Effects of Omega-3 Supplementation Combined with Strength Training
    PMC12251297 · 1657ms
    {"eligible": false, "exclusion_reason": "The paper investigates omega-3 fatty acid supplementation combined with resistance training rather than vitamin C and/or E supplementation.", "findings": []}

  ✓ The Impact of Exercise Training and Supplemental Oxygen on Peripheral 
    PMC10662626 · 1243ms
    {"eligible": false, "exclusion_reason": "The paper studies supplemental oxygen versus medical air during exercise training in COPD patients, not vitamin C or vitamin E supplementation.", "findings": []}

  ✓ Antioxidant supplementation in hypertension
    PMC4206049 · 1341ms
    {"eligible": false, "exclusion_reason": "The paper is a review article/commentary and does not report primary empirical results from a controlled exercise-training intervention study.", "findings": []}

  ✓ Protein and the Adaptive Response With Endurance Training: Wishful Thi
    PMC5974122 · 1489ms
    {"eligible": false, "exclusion_reason": "The paper is a perspective/review article discussing protein and endurance training rather than an empirical study testing vitamin C and/or E supplementation with exercise training.", "findings": []}

  ✓ The Synergistic Effects of Resveratrol combined with Resistant Trainin
    PMC6212981 · 1393ms
    {"eligible": false, "exclusion_reason": "The study involves animal subjects (mice) rather than human participants.", "findings": []}

  ✓ The Effects of Supplementation with a Vitamin and Mineral Complex with
    PMC4555111 · 1536ms
    {"eligible": false, "exclusion_reason": "The study is an acute supplementation trial combining a vitamin and mineral complex with guaraná prior to a single session of exercise, rather than a structured exercise-training program combined with vitamin C and/or E supplementation.", "findings": []}

  ✓ Aerobic training and vitamin E administration ameliorates cardiac apop
    PMC10811645 · 1396ms
    {"eligible": false, "exclusion_reason": "The study uses animal subjects (rats) instead of human participants.", "findings": []}

  ✓ Vitamin E Supplementation with  Rauwolfia Vomitoria  Root Bark Extract
    PMC3296325 · 1301ms
    {"eligible": false, "exclusion_reason": "The study uses an animal model (albino Wistar rats) rather than human participants.", "findings": []}

  ✓ Vitamin C Supplementation Slightly Improves Physical Activity Levels a
    PMC4113757 · 1257ms
    {"eligible": false, "exclusion_reason": "The study does not evaluate a structured exercise-training program combined with vitamin C supplementation.", "findings": []}

  ✓ Serum Oxidant and Antioxidant Status in Adolescents Undergoing Profess
    PMC3345234 · 1359ms
    {"eligible": false, "exclusion_reason": "The study does not include vitamin C and/or E supplementation.", "findings": []}

  ✓ Effect of Antioxidants Supplementation on Aging and Longevity
    PMC3982418 · 1870ms
    {"eligible": false, "exclusion_reason": "The paper is a review article covering model organisms, and it does not include human participants undergoing an exercise training intervention combined with antioxidant supplementation.", "findings": []}

  ✓ L-arginine Supplementation Does Not Enhance Anaerobic Performance in T
    PMC12612831 · 1584ms
    {"eligible": false, "exclusion_reason": "The study investigates L-arginine supplementation rather than vitamin C and/or E supplementation.", "findings": []}

  ✓ Dietary Nitrate Supplementation and Exercise Performance
    PMC4008816 · 1672ms
    {"eligible": false, "exclusion_reason": "The paper is a review article on dietary nitrate supplementation rather than an empirical training study investigating vitamin C and/or E supplementation.", "findings": []}

  ✓ Independent and Combined Effects of Antioxidant Supplementation and Ci
    PMC6499001 · 1535ms
    {"eligible": false, "exclusion_reason": "The study investigates Zataria Multiflora supplementation rather than vitamin C and/or E supplementation.", "findings": []}

  ✓ The effects of exercise training and nutritional supplementation on ta
    PMC12739882 · 2003ms
    {"eligible": false, "exclusion_reason": "The paper does not investigate vitamin C and/or E supplementation, but rather exercise training and nutritional supplementation such as caffeine, carbohydrates, and nitrates in taekwondo athletes.", "findings": []}

  ✓ Vitamin E in Sarcopenia: Current Evidences on Its Role in Prevention a
    PMC4109111 · 1776ms
    {"eligible": false, "exclusion_reason": "The paper is a review article summarizing current evidence and does not report its own primary empirical study combining structured exercise training with vitamin C/E supplementation.", "findings": []}

  ✓ Effects of ingesting a pre-workout dietary supplement with and without
    PMC5234097 · 2215ms
    {"eligible": false, "exclusion_reason": "The study investigates a pre-workout supplement containing multiple ingredients such as caffeine, creatine, and beta-alanine (with 500 mg vitamin C as an excipient/ingredient), but it is not a targeted antioxidant-versus-control trial combining training with vitamin C and/or E supplementation under the eligibility criteria.", "findings": []}

  ✓ Chronic CaMKII inhibition blunts the cardiac contractile response to e
    PMC3258410 · 1914ms
    {"eligible": false, "exclusion_reason": "The study investigates animal participants (mice) and CaMKII inhibition (KN-93) rather than human participants and vitamin C and/or E supplementation.", "findings": []}

  ✓ Biomarkers of Antioxidant Status, Inflammation, and Cartilage Metaboli
    PMC3423952 · 1633ms
    {"eligible": false, "exclusion_reason": "The study uses an animal model (horses) rather than human participants.", "findings": []}

  ✓ Association of vitamin C, vitamin D, vitamin E and risk of bladder can
    PMC5386108 · 2098ms
    {"eligible": false, "exclusion_reason": "The paper is a meta-analysis of observational studies regarding vitamin intake and bladder cancer risk, not a controlled exercise-training intervention trial.", "findings": []}

  ✓ Cornu cervi pantotrichum  supplementation improves physiological adapt
    PMC5383196 · 1784ms
    {"eligible": false, "exclusion_reason": "The study uses animal subjects (mice) and evaluates Cornu cervi pantotrichum (deer antler extract) rather than human participants combined with vitamin C and/or E supplementation.", "findings": []}

  ✓ Vitamin E and Bone Structural Changes: An Evidence-Based Review
    PMC3483709 · 1496ms
    {"eligible": false, "exclusion_reason": "The paper is a review article and does not include human participants undergoing an exercise training intervention with antioxidant supplementation.", "findings": []}

  ✓ Concurrent effects of high-intensity interval training and vitamin D s
    PMC12010601 · 1640ms
    {"eligible": false, "exclusion_reason": "The study investigates vitamin D supplementation and high-intensity interval training (HIIT) rather than vitamin C and/or E supplementation.", "findings": []}

  ✓ Effects of Exercise Training under Hyperbaric Oxygen on Oxidative Stre
    PMC5204103 · 1337ms
    {"eligible": false, "exclusion_reason": "The study investigates exercise training under hyperbaric oxygen rather than vitamin C and/or E supplementation.", "findings": []}

  ✓ Sex differences in the effect of fish-oil supplementation on the adapt
    PMC5183731 · 1464ms
    {"eligible": false, "exclusion_reason": "The study investigates fish oil (long-chain n-3 polyunsaturated fatty acids) supplementation rather than vitamin C and/or E supplementation.", "findings": []}

  ✓ Effects of ovariectomy and resistance training on oxidative stress mar
    PMC3782731 · 1414ms
    {"eligible": false, "exclusion_reason": "The study does not include human participants; it is conducted on rats.", "findings": []}

  ✓ Evidence for beneficial effects of vitamin E
    PMC4578028 · 1314ms
    {"eligible": false, "exclusion_reason": "The paper is a review article summarizing evidence and does not report an empirical study combining exercise training with vitamin supplementation.", "findings": []}

  ✓ Beet supplementation mitigates post-exercise inflammation
    PMC11169660 · 2412ms
    {"eligible": false, "exclusion_reason": "This is an acute single-session exercise study without a structured exercise-training program.", "findings": []}

  ✓ A blinded, placebo‐controlled study on the clinical effects of vitamin
    PMC10472994 · 2114ms
    {"eligible": false, "exclusion_reason": "The study is conducted in dogs (canine), whereas human participants are required.", "findings": []}

  ✓ Effects of medium-term green tea extract supplementation combined with
    PMC6429762 · 1821ms
    {"eligible": false, "exclusion_reason": "The study uses green tea extract (polyphenols/catechins) instead of vitamin C and/or E supplementation.", "findings": []}

  ✓ Effects of arachidonic acid supplementation on training adaptations in
    PMC2217562 · 1480ms
    {"eligible": false, "exclusion_reason": "The study investigates arachidonic acid supplementation, not vitamin C and/or E supplementation.", "findings": []}

  ✓ Vitamin C: should we supplement?
    PMC6039380 · 1421ms
    {"eligible": false, "exclusion_reason": "The paper is a narrative review article discussing vitamin C in critical care and does not present an eligible primary empirical study combining exercise training with vitamin C supplementation.", "findings": []}

  ✓ Arginine and antioxidant supplement on performance in elderly male cyc
    PMC2860344 · 1769ms
    {"eligible": false, "exclusion_reason": "The study does not evaluate a structured exercise-training program combined with antioxidants, but rather tests short-term (1 to 3 weeks) daily supplementation in already trained cyclists over a testing/supplementation period without a training intervention.", "findings": []}

  ✓ A functional evaluation of anti-fatigue and exercise performance impro
    PMC10542023 · 1432ms
    {"eligible": false, "exclusion_reason": "The study investigates vitamin B complex supplementation rather than vitamin C and/or E supplementation combined with exercise training.", "findings": []}

  ✓ Effects of multi-ingredient supplementation on resistance training in 
    PMC3588667 · 1365ms
    {"eligible": false, "exclusion_reason": "The study investigates a multi-ingredient supplement containing creatine, whey protein, glutamine, and HMB rather than vitamin C and/or E supplementation.", "findings": []}

  ✓ Effects of Endurance Training on Antioxidant and Hormonal Status in Pe
    PMC11355762 · 1576ms
    {"eligible": false, "exclusion_reason": "The study investigates an endurance running training program without vitamin C or E supplementation.", "findings": []}

  ✓ A Comparison of Natural (D-α-tocopherol) and Synthetic (DL-α-tocophero
    PMC4852230 · 1292ms
    {"eligible": false, "exclusion_reason": "The study uses an animal model (broiler chicks) instead of human participants.", "findings": []}

  ✓ Influence of Vitamin E Supplementation on Glycaemic Control: A Meta-An
    PMC3989270 · 1648ms
    {"eligible": false, "exclusion_reason": "The paper is a meta-analysis of randomised controlled trials evaluating vitamin E supplementation on glycaemic control rather than a primary study combining a structured exercise-training program with vitamin E supplementation.", "findings": []}

  ✓ EFFECTS OF L-ASCORBIC ACID AND ALPHA-TOCOPHEROL ON BIOCHEMICAL PARAMET
    PMC5566150 · 1345ms
    {"eligible": false, "exclusion_reason": "The study uses animal subjects (guinea pigs) instead of human participants.", "findings": []}

  ✓ Efficacy of Vitamin C Supplements in Prevention of Cancer: A Meta-Anal
    PMC4666862 · 1914ms
    {"eligible": false, "exclusion_reason": "The paper is a meta-analysis of randomized controlled trials examining the prevention of cancer, not a controlled primary study combining structured exercise training with vitamin C supplementation.", "findings": []}

  ✓ Effect of vitamin D supplementation on upper and lower limb muscle str
    PMC6490896 · 1485ms
    {"eligible": false, "exclusion_reason": "The paper studies vitamin D supplementation rather than vitamin C and/or E supplementation.", "findings": []}

  ✓ Cardioprotection conferred by exercise training is blunted by blockade
    PMC3044560 · 1607ms
    {"eligible": false, "exclusion_reason": "The study uses animal (rat) subjects and investigates exercise training combined with opioid/naloxone or intermittent ischemia rather than a vitamin C and/or E supplementation contrast.", "findings": []}

  ✓ Effect of thyme extract supplementation on lipid peroxidation, antioxi
    PMC5401469 · 1272ms
    {"eligible": false, "exclusion_reason": "The study uses animal (rat) subjects rather than human participants.", "findings": []}

  ✓ Does vitamin-D intake during resistance training improve the skeletal 
    PMC4589960 · 1669ms
    {"eligible": false, "exclusion_reason": "The paper investigates vitamin-D supplementation during resistance training, whereas the eligibility criteria require an antioxidant-versus-control contrast involving vitamin C and/or E supplementation.", "findings": []}

  ✓ Metabolomic Analysis of Vitamin E Supplement Use in the Prostate, Lung
    PMC10343751 · 1326ms
    {"eligible": false, "exclusion_reason": "The study is a cross-sectional metabolomic analysis of vitamin E supplement use and does not combine an exercise-training program with vitamin supplementation.", "findings": []}

  ✓ Exercise without Weight Loss Prevents Seasonal Decline in Vitamin D Me
    PMC12165100 · 1710ms
    {"eligible": false, "exclusion_reason": "The study investigates vitamin D and exercise training without vitamin C or E supplementation.", "findings": []}

  ✓ Antioxidants to Supplement or Not to Supplement That Is the Question
    PMC4665397 · 1403ms
    {"eligible": false, "exclusion_reason": "The paper is an editorial and review-style commentary, not a primary controlled exercise-training study.", "findings": []}

  ✓ Effects of Zinc Magnesium Aspartate (ZMA) Supplementation on Training 
    PMC2129161 · 1325ms
    {"eligible": false, "exclusion_reason": "The study investigates zinc magnesium aspartate (ZMA) supplementation rather than vitamin C and/or E supplementation.", "findings": []}

  ✓ Efficacy of Vitamin and Antioxidant Supplements in Prevention of Esoph
    PMC4189455 · 1760ms
    {"eligible": false, "exclusion_reason": "The paper is a meta-analysis of randomized controlled trials examining the efficacy of vitamin and antioxidant supplements in the prevention of esophageal cancer, not a primary exercise-training study.", "findings": []}

  ✓ Inter-Individual Variability in the Adaptive Responses to Endurance an
    PMC5147982 · 1632ms
    {"eligible": false, "exclusion_reason": "The study does not include a vitamin C and/or E supplementation intervention.", "findings": []}

  ✓ Iron Supplementation during Three Consecutive Days of Endurance Traini
    PMC5579614 · 1493ms
    {"eligible": false, "exclusion_reason": "The study investigates iron supplementation rather than vitamin C and/or E supplementation.", "findings": []}

  ✓ Effects of Plyometric Training and Beta-Alanine Supplementation on Max
    PMC5548158 · 1441ms
    {"eligible": false, "exclusion_reason": "The paper studies beta-alanine supplementation rather than vitamin C and/or E supplementation.", "findings": []}

  ✓ Effect of vitamin C injections on exercise muscular performance and bi
    PMC11568815 · 1732ms
    {"eligible": false, "exclusion_reason": "The study uses an animal model (mice) rather than human participants.", "findings": []}

  ✓ Sake Protein Supplementation Affects Exercise Performance and Biochemi
    PMC4772068 · 1566ms
    {"eligible": false, "exclusion_reason": "The paper investigates sake protein supplementation (a plant-based protein rich in branched-chain amino acids) combined with power exercise training in mice, rather than vitamin C and/or E supplementation in human participants.", "findings": []}

  ✓ Building strength, endurance, and mobility using an astaxanthin formul
    PMC6204600 · 1490ms
    {"eligible": false, "exclusion_reason": "The study tests an astaxanthin, tocotrienol (vitamin E), and zinc formulation rather than vitamin C and/or vitamin E supplementation alone.", "findings": []}

  ✓ Training and Adaptation of Beef Calves to Precision Supplementation Te
    PMC10525824 · 1533ms
    {"eligible": false, "exclusion_reason": "The study involves animal subjects (beef calves, steers, and heifers) rather than human participants.", "findings": []}

  ✓ Effects of High-Dose Vitamin D Supplementation and Physical Exercise o
    PMC12787493 · 1433ms
    {"eligible": false, "exclusion_reason": "The study investigates vitamin D supplementation and football-specific exercise rather than vitamin C and/or E supplementation combined with a structured exercise-training program.", "findings": []}

  ✓ Optimizing vitamin supplementation via reference interval update of vi
    PMC11936734 · 1792ms
    {"eligible": false, "exclusion_reason": "The study does not involve a structured exercise-training program combined with vitamin supplementation; it is a reference interval update study for healthy adults.", "findings": []}

  ✓ Effects of Endurance Training and Chlorogenic Acid on Oxidative and Ni
    PMC11878644 · 1375ms
    {"eligible": false, "exclusion_reason": "The study is conducted on mice (animal model) rather than human participants, and investigates chlorogenic acid rather than vitamin C or E supplementation.", "findings": []}

  ✓ The Role of Vitamin E in Preventing and Treating Osteoarthritis – A Re
    PMC6113565 · 1658ms
    {"eligible": false, "exclusion_reason": "The paper is a review article summarizing preclinical and human studies on vitamin E and osteoarthritis, not an original controlled primary study combining an exercise training program with antioxidant supplementation.", "findings": []}

  ✓ The effects of endurance training and thiamine supplementation on anti
    PMC4241913 · 1372ms
    {"eligible": false, "exclusion_reason": "The paper studies thiamine (vitamin B1) supplementation and endurance training, not vitamin C and/or vitamin E supplementation.", "findings": []}

  ✓ Effects of Vitamin and Antioxidant Supplements in Prevention of Bladde
    PMC5334161 · 1361ms
    {"eligible": false, "exclusion_reason": "The paper is a meta-analysis of randomized controlled trials on vitamin and antioxidant supplements for bladder cancer prevention, not a primary exercise-training study.", "findings": []}

  ✓ Effects of 8 weeks of Xpand® 2X pre workout supplementation on skeleta
    PMC3851572 · 1550ms
    {"eligible": false, "exclusion_reason": "The paper does not test vitamin C and/or E supplementation, but rather a multi-ingredient performance supplement containing branched chain amino acids, creatine monohydrate, beta-alanine, quercetin, B-vitamins, alanyl-glutamine, and nitrate sources.", "findings": []}

  ✓ Shatavari supplementation during eight weeks of resistance training in
    PMC11743497 · 1441ms
    {"eligible": false, "exclusion_reason": "The study investigates shatavari (Asparagus racemosus) supplementation rather than vitamin C and/or E supplementation.", "findings": []}

  ✓ Effects of Urolithin A supplementation on performance and antioxidant 
    PMC12611738 · 1844ms
    {"eligible": false, "exclusion_reason": "The study investigates Urolithin A supplementation rather than vitamin C and/or E supplementation.", "findings": []}

  ✓ Cranberry supplementation improves physiological markers of performanc
    PMC10844722 · 1541ms
    {"eligible": false, "exclusion_reason": "The study investigates cranberry extract supplementation rather than vitamin C and/or vitamin E supplementation.", "findings": []}

  ✓ The effect of methyl sulphonyl methane supplementation on biomarkers o
    PMC2586020 · 1529ms
    {"eligible": false, "exclusion_reason": "The study is conducted on horses (animals), whereas the eligibility criteria require human participants.", "findings": []}

  ✓ Powdered tart cherry supplementation surrounding a single bout of inte
    PMC4594794 · 1231ms
    {"eligible": false, "exclusion_reason": "The study investigates powdered tart cherry supplementation surrounding an acute single bout of intense resistance exercise rather than a structured exercise-training program with vitamin C and/or E supplementation.", "findings": []}

  ✓ Effects of β-Alanine Supplementation on Subjects Performing High-Inten
    PMC11280034 · 1664ms
    {"eligible": false, "exclusion_reason": "The study investigates beta-alanine supplementation rather than vitamin C and/or E supplementation.", "findings": []}

  ✓ Vitamin E and Alzheimer’s Disease—Is It Time for Personalized Medicine
    PMC5618073 · 1503ms
    {"eligible": false, "exclusion_reason": "The paper is a review article and does not present primary empirical findings from a structured exercise-training intervention study.", "findings": []}

  ✓ Effects of 𝛽-Hydroxy-𝛽-methylbutyrate-free Acid Supplementation on Str
    PMC5748766 · 1547ms
    {"eligible": false, "exclusion_reason": "The study investigates beta-hydroxy-beta-methylbutyrate-free acid (HMB-FA) supplementation rather than vitamin C and/or E supplementation.", "findings": []}

  ✓ No effect of beetroot juice supplementation on exercise economy and pe
    PMC6336290 · 1849ms
    {"eligible": false, "exclusion_reason": "The study does not evaluate vitamin C and/or E supplementation, but rather investigates beetroot juice (nitrate) supplementation.", "findings": []}

  ✓ Human skeletal muscle ascorbate is highly responsive to changes in vit
    PMC3607654 · 1555ms
    {"eligible": false, "exclusion_reason": "The study does not include a structured exercise training program; it investigates the bioavailability of vitamin C in relation to dietary intake and plasma concentrations via kiwifruit supplementation.", "findings": []}

  ✓ Effects of Vitamin E on Cognitive Performance during Ageing and in Alz
    PMC4276978 · 1547ms
    {"eligible": false, "exclusion_reason": "The paper is a review article summarizing epidemiological and clinical studies rather than an original primary study combining an exercise training program with vitamin supplementation.", "findings": []}

  ✓ Vitamin E and Alzheimer’s disease: what do we know so far?
    PMC6645610 · 1568ms
    {"eligible": false, "exclusion_reason": "The paper is a review article summarizing existing literature rather than a primary controlled exercise-training study.", "findings": []}

  ✓ Effects of vitamin E supplementation on some pregnancy health indices:
    PMC3133513 · 1282ms
    {"eligible": false, "exclusion_reason": "The study does not involve an exercise-training program.", "findings": []}

  ✓ The effect on endothelial function of vitamin C during methionine indu
    PMC34516 · 1411ms
    {"eligible": false, "exclusion_reason": "The study is an acute single-session crossover trial without a structured exercise-training program.", "findings": []}

  ✓ Effects of branched-chain amino acid- and vitamin D-containing high-pr
    PMC12229038 · 1624ms
    {"eligible": false, "exclusion_reason": "The study investigates branched-chain amino acids (BCAAs) and vitamin D supplementation combined with exercise, rather than vitamin C and/or E supplementation.", "findings": []}

  ✓ Skeletal muscle BMAL1 is necessary for transcriptional adaptation of l
    PMC11294728 · 2086ms
    {"eligible": false, "exclusion_reason": "The study uses male mice (animal study) rather than human participants, and investigates skeletal muscle BMAL1 knockout in endurance exercise training rather than vitamin C and/or E supplementation.", "findings": []}

  ✓ Effects of  Cistanche deserticola  Y.C. Ma Supplementation on Muscle S
    PMC12472218 · 1518ms
    {"eligible": false, "exclusion_reason": "The study investigates Cistanche deserticola supplementation rather than vitamin C and/or E supplementation.", "findings": []}

  ✓ Does  Colostrum Bovinum  Supplementation Affect Swimming Performance i
    PMC11435245 · 1548ms
    {"eligible": false, "exclusion_reason": "The study investigates Colostrum Bovinum supplementation rather than vitamin C and/or E supplementation.", "findings": []}

  ✓ The Effects of Isoflavone Supplementation Plus Combined Exercise on Li
    PMC5946209 · 1590ms
    {"eligible": false, "exclusion_reason": "The study uses isoflavone (soy phytoestrogen) supplementation rather than vitamin C and/or E supplementation.", "findings": []}

  ✓ Effects of dietary vitamin E on muscle vitamin E and fatty acid conten
    PMC3700886 · 1291ms
    {"eligible": false, "exclusion_reason": "The study uses animal participants (sheep) rather than human participants.", "findings": []}

  ✓ Effect of an herbal/botanical supplement on strength, balance, and mus
    PMC4047772 · 1573ms
    {"eligible": false, "exclusion_reason": "The paper studies an herbal and botanical antioxidant/anti-inflammatory supplement containing Aphanizomenon flos-aquae rather than vitamin C and/or vitamin E supplementation.", "findings": []}

  ✓ Acute effects of beetroot juice vs. creatine supplementation on maxima
    PMC12490317 · 1733ms
    {"eligible": false, "exclusion_reason": "This is an acute single-session supplementation study rather than a structured exercise-training program, and it investigates beetroot juice and creatine rather than vitamin C and/or E.", "findings": []}

  ✓ Beetroot Juice Supplementation Improves High-Intensity Intermittent Ty
    PMC5372977 · 1418ms
    {"eligible": false, "exclusion_reason": "The paper studies beetroot juice (nitrate) supplementation rather than vitamin C and/or E supplementation.", "findings": []}

  ✓ Vitamin D and Exercise Performance in Professional Soccer Players
    PMC4081585 · 1448ms
    {"eligible": false, "exclusion_reason": "The study does not include a vitamin C and/or E supplementation versus control contrast; it is an observational study examining serum vitamin D levels.", "findings": []}

  ✓ Natural history of retinitis pigmentosa based on genotype, vitamin A/E
    PMC10445682 · 2580ms
    {"eligible": false, "exclusion_reason": "The study does not evaluate vitamin C or E supplementation combined with exercise training; it investigates retinitis pigmentosa natural history, genotype effects, and vitamin A/E supplementation.", "findings": []}

  ✓ Effects of Royal Jelly Administration on Endurance Training-Induced Mi
    PMC6266893 · 1454ms
    {"eligible": false, "exclusion_reason": "The study is conducted on mice (animal study) rather than human participants.", "findings": []}

  ✓ Effects of a single dose of beetroot juice on cycling time trial perfo
    PMC6172780 · 1958ms
    {"eligible": false, "exclusion_reason": "This is an acute single-session study without an exercise-training program.", "findings": []}

  ✓ Supplementation with  Lactiplantibacillus brevis  GKEX Combined with R
    PMC11011920 · 1603ms
    {"eligible": false, "exclusion_reason": "The study investigates supplementation with the probiotic Lactiplantibacillus brevis GKEX combined with resistance training, not vitamin C or vitamin E supplementation.", "findings": []}

  ✓ The effect of long term astaxanthin supplementation on the antioxidant
    PMC11564757 · 1710ms
    {"eligible": false, "exclusion_reason": "The study investigates animal participants (horses) rather than human participants, making it ineligible under the inclusion criteria.", "findings": []}

  ✓ Protein Supplementation Has Minimal Effects on Muscle Adaptations duri
    PMC4997282 · 1572ms
    {"eligible": false, "exclusion_reason": "The study investigates protein supplementation (whey and soy-dairy protein blends) rather than vitamin C and/or E supplementation.", "findings": []}

  ✓ Betalain-Rich Concentrate Supplementation Improves Exercise Performanc
    PMC5968885 · 1414ms
    {"eligible": false, "exclusion_reason": "The study investigates betalain-rich concentrate supplementation rather than vitamin C and/or E supplementation combined with structured exercise training.", "findings": []}

  ✓ Acute beetroot juice supplementation does not attenuate knee extensor 
    PMC6477801 · 1816ms
    {"eligible": false, "exclusion_reason": "The study evaluates an acute single-session beetroot juice intervention rather than a structured exercise-training program with vitamin C and/or E supplementation.", "findings": []}

  ✓ Low‐Dose Lemon Myrtle Supplementation Enhances Muscle Hypertrophy in O
    PMC12862105 · 1542ms
    {"eligible": false, "exclusion_reason": "The study investigates lemon myrtle extract supplementation rather than vitamin C and/or E supplementation.", "findings": []}

  ✓ The effects of nutritional supplementation on older sarcopenic individ
    PMC10167299 · 1582ms
    {"eligible": false, "exclusion_reason": "The paper is a meta-analysis and systematic review of resistance training combined with nutritional supplementation (such as protein, vitamin D, amino acids, etc.), not a primary empirical study investigating vitamin C and/or E supplementation.", "findings": []}

  ✓ Twelve‐Week  Colostrum Bovinum  Supplementation Supports Aerobic Capac
    PMC12010043 · 1455ms
    {"eligible": false, "exclusion_reason": "The study investigates bovine colostrum supplementation rather than vitamin C and/or E supplementation.", "findings": []}

  ✓ Effect of supplemental vitamin E on the peripheral blood leukocyte pop
    PMC4565824 · 1441ms
    {"eligible": false, "exclusion_reason": "The study uses animal subjects (Japanese Black calves) rather than human participants, and does not involve an exercise training program.", "findings": []}

  ✓ Vitamin E function and requirements in relation to PUFA
    PMC4594047 · 1515ms
    {"eligible": false, "exclusion_reason": "The paper is a review article evaluating vitamin E function and requirements in relation to PUFA, not an empirical study combining exercise-training with vitamin supplementation.", "findings": []}

  ✓ Effects of Aerobic Dance Exercise and Honey Supplementation Followed b
    PMC10325124 · 1465ms
    {"eligible": false, "exclusion_reason": "The study investigates honey supplementation and aerobic dance exercise rather than vitamin C and/or E supplementation.", "findings": []}

  ✓ A systematic review, meta-analysis and meta-regression of the effect o
    PMC5867436 · 1495ms
    {"eligible": false, "exclusion_reason": "The paper studies dietary protein supplementation combined with resistance training rather than vitamin C and/or E supplementation.", "findings": []}

  ✓ Single and combined effect of beetroot juice and caffeine intake on mu
    PMC12078514 · 1711ms
    {"eligible": false, "exclusion_reason": "The paper is an acute single-session supplementation study rather than a structured exercise-training program with vitamin C and/or E supplementation.", "findings": []}

  ✓ Factors Associated with Increased Alpha-Tocopherol Content in Milk in 
    PMC6520676 · 1571ms
    {"eligible": false, "exclusion_reason": "The study does not include an exercise training program combined with vitamin supplementation.", "findings": []}

  ✓ Effect of Beetroot Juice on Moderate-Intensity Exercise at a Constant 
    PMC4833472 · 1401ms
    {"eligible": false, "exclusion_reason": "The study does not evaluate an exercise-training program with vitamin C and/or E supplementation; it investigates the acute effect of beetroot juice (dietary nitrate) on a single exercise session.", "findings": []}

  ✓ Effects of low-dose ibuprofen supplementation and resistance training 
    PMC4926836 · 1345ms
    {
      "eligible": false,
      "exclusion_reason": "The study investigates ibuprofen (an NSAID) supplementation rather than vitamin C and/or E supplementation.",
      "findings": []
    }

  ✓ Tocotrienols and Whey Protein Isolates Substantially Increase Exercise
    PMC4825941 · 1419ms
    {
      "eligible": false,
      "exclusion_reason": "The study uses animal subjects (Sprague-Dawley rats) instead of human participants.",
      "findings": []
    }

  ✓ Vitamin E administration may decrease the incidence of pneumonia in el
    PMC5055121 · 1382ms
    {"eligible": false, "exclusion_reason": "The study is a secondary epidemiological analysis of a cancer prevention trial (ATBC study) examining vitamin E supplementation and hospital-treated pneumonia incidence, not a controlled exercise-training intervention trial with training-adaptation endpoints.", "findings": []}

  ✓ Vitamin C Protects from Impairment of Memory Induced by E-Cigarette Ae
    PMC12645129 · 1669ms
    {"eligible": false, "exclusion_reason": "The study uses an animal model (rats) rather than human participants.", "findings": []}

  ✓ Effect of vitamin e supplementation with exercise on cognitive functio
    PMC12880339 · 2829ms
    {"eligible": true, "exclusion_reason": null, "findings": [{"comparator": "exercise training without vitamin E (E group)", "confidence": 1.0, "dose_raw": "900 IU/day", "duration_raw": "6 months", "effect_direction": "no_effect", "effect_size_raw": null, "evidence_lines": ["L26"], "evidence_quote": "Although baseline P3 latencies were similar in all groups, shorter P3 latencies in E group both at the Fz (p=0.018) and Cz (p=0.010) sites, and in EV group at Fz (p=0.007) and Cz (p=0.023) sites were recorded compared to the pretest measurements. On the other hand, in the EV group, the mean latencies of P3 at Fz (p=0.037) and Cz (p=0.000) were reduced with respect to the C group. Therefore, we concluded that exercise training was resulted shortened mean latencies of P3 component instead of vitamin E usage in older people.", "intervention": "vitamin E supplementation under exercise training (EV group)", "intervention_class": "vitamin_e", "model": null, "moderators": {"age_group": "older_adult", "population_state": "healthy", "supplement_combo": "vitamin_e_only", "training_modality": "endurance", "training_status": "untrained", "vitc_dose_regime": "not_reported_as_daily_dose"}, "outcome_family": "cognitive_function", "outcome_name": "P3 latency", "p_value": null, "population_state": "healthy", "sample_size": 20, "significant": false, "species": "human", "study_type": "randomized controlled trial", "timepoint_raw": "6 months", "timing_context": "post-intervention between-group comparison"}, {"comparator": "exercise training without vitamin E (E group)", "confidence": 1.0, "dose_raw": "900 IU/day", "duration_raw": "6 months", "effect_direction": "no_effect", "effect_size_raw": null, "evidence_lines": ["L27"], "evidence_quote": "Pre- and post-test measurements of the peak to peak amplitude values of all groups were unaltered (Table 3).", "intervention": "vitamin E supplementation under exercise training (EV group)", "intervention_class": "vitamin_e", "model": null, "moderators": {"age_group": "older_adult", "population_state": "healthy", "supplement_combo": "vitamin_e_only", "training_modality": "endurance", "training_status": "untrained", "vitc_dose_regime": "not_reported_as_daily_dose"}, "outcome_family": "cognitive_function", "outcome_name": "P3 amplitude", "p_value": null, "population_state": "healthy", "sample_size": 20, "significant": false, "species": "human", "study_type": "randomized controlled trial", "timepoint_raw": "6 months", "timing_context": "post-intervention between-group comparison"}, {"comparator": "exercise training without vitamin E (E group)", "confidence": 1.0, "dose_raw": "900 IU/day", "duration_raw": "6 months", "effect_direction": "no_effect", "effect_size_raw": null, "evidence_lines": ["L25"], "evidence_quote": "Neither exercise, nor vitamin E administration were resulted an alteration on plasma TAC.", "intervention": "vitamin E supplementation under exercise training (EV group)", "intervention_class": "vitamin_e", "model": null, "moderators": {"age_group": "older_adult", "population_state": "healthy", "supplement_combo": "vitamin_e_only", "training_modality": "endurance", "training_status": "untrained", "vitc_dose_regime": "not_reported_as_daily_dose"}, "outcome_family": "antioxidant_capacity", "outcome_name": "plasma total antioxidant capacity", "p_value": null, "population_state": "healthy", "sample_size": 20, "significant": false, "species": "human", "study_type": "randomized controlled trial", "timepoint_raw": "6 months", "timing_context": "post-intervention between-group comparison"}]}

  ✓ Comparative Bioavailability of Vitamin C After Short-Term Consumption 
    PMC12608462 · 1642ms
    {"eligible": false, "exclusion_reason": "This is an acute short-term crossover study measuring vitamin C bioavailability and urinary metabolites, not a structured exercise-training program with vitamin C supplementation.", "findings": []}

  ✓ Effects of supplementation with α-tocopherol, ascorbic acid, selenium,
    PMC5890603 · 1671ms
    {"eligible": false, "exclusion_reason": "The study is conducted on animals (broiler chickens) rather than human participants.", "findings": []}

  ✓ Effects of Protein Supplementation During High-Intensity Functional Tr
    PMC12074003 · 1377ms
    {"eligible": false, "exclusion_reason": "The study investigates protein supplementation (egg white or whey protein) during high-intensity functional training rather than vitamin C and/or E supplementation.", "findings": []}

  ✓ Effects of an Aqueous Extract of  Withania somnifera  on Strength Trai
    PMC6266766 · 1392ms
    {"eligible": false, "exclusion_reason": "The study investigates Withania somnifera (Ashwagandha) extract supplementation rather than vitamin C and/or vitamin E supplementation.", "findings": []}

  ✓ Consumption of Nitrate-Rich Beetroot Juice with or without Vitamin C S
    PMC6539140 · 1674ms
    {"eligible": false, "exclusion_reason": "The paper does not investigate a structured exercise-training program combined with vitamin C supplementation.", "findings": []}

  ✓ A High Vitamin C Micronutrient Supplement Is Unable to Attenuate Infla
    PMC11047647 · 1334ms
    {"eligible": false, "exclusion_reason": "The study does not combine the intervention with a structured exercise-training program.", "findings": []}

  ✓ The Effect of Nordic Walking Training Combined with Vitamin D Suppleme
    PMC6164155 · 1718ms
    {"eligible": false, "exclusion_reason": "The study tests Vitamin D supplementation combined with Nordic Walking training, not vitamin C or E supplementation.", "findings": []}

  ✓ Early morning run-training results in enhanced endurance performance a
    PMC10541096 · 1546ms
    {"eligible": false, "exclusion_reason": "The study uses animal subjects (mice) rather than human participants.", "findings": []}

  ✓ The JUMPFOOD study: additional effect of hydrolyzed collagen and vitam
    PMC10685530 · 1497ms
    {"eligible": false, "exclusion_reason": "The paper is a study protocol for a randomized controlled trial and does not report empirical results.", "findings": []}

  ✓ Strength Training Prior to Endurance Exercise: Impact on the Neuromusc
    PMC4327368 · 1258ms
    {"eligible": false, "exclusion_reason": "The study is an acute single-session investigation without a structured training program or antioxidant supplementation.", "findings": []}

  ✓ Influence of endurance and endurance–strength training on mineral stat
    PMC6709101 · 1383ms
    {"eligible": false, "exclusion_reason": "The study does not investigate or administer vitamin C or vitamin E supplementation; it compares endurance training versus endurance-strength training.", "findings": []}

  ✓ Likely Additive Ergogenic Effects of Combined Preexercise Dietary Nitr
    PMC4045310 · 1248ms
    {"eligible": false, "exclusion_reason": "The study investigates acute preexercise beetroot juice and caffeine co-ingestion rather than vitamin C and/or E supplementation combined with a structured exercise-training program.", "findings": []}

  ✓ Vitamin C deficiency causes muscle atrophy and a deterioration in phys
    PMC6426981 · 1615ms
    {"eligible": false, "exclusion_reason": "The study uses animal models (SMP30-knockout mice) rather than human participants.", "findings": []}

  ✓ Vitamin E As a Potential Interventional Treatment for Metabolic Syndro
    PMC5496953 · 1480ms
    {"eligible": false, "exclusion_reason": "The paper is a review article discussing animal and human studies rather than an eligible primary empirical study combining a structured exercise training program with vitamin supplementation.", "findings": []}

  ✓ Synergistic effects of exercise, cognitive training and vitamin D on g
    PMC12445844 · 1884ms
    {"eligible": false, "exclusion_reason": "The study investigates vitamin D supplementation rather than vitamin C and/or E supplementation.", "findings": []}

  ✓ Effects of gamma oryzanol supplementation on anthropometric measuremen
    PMC4164998 · 1480ms
    {"eligible": false, "exclusion_reason": "The study investigates gamma oryzanol supplementation rather than vitamin C and/or vitamin E supplementation.", "findings": []}

  ✓ Resistance Training Is an Effective Tool against Metabolic and Frailty
    PMC3168930 · 1388ms
    {"eligible": false, "exclusion_reason": "The paper is a review article discussing resistance training and does not test a vitamin C and/or E supplementation intervention against a control.", "findings": []}

  ✓ The effects of supplementation with  P-Synephrine  alone and in combin
    PMC4573476 · 1299ms
    {"eligible": false, "exclusion_reason": "The study does not investigate vitamin C or vitamin E supplementation, but rather p-synephrine and caffeine.", "findings": []}

  ✓ A Single Dose of Beetroot Juice Does Not Change Blood Pressure Respons
    PMC6627101 · 1556ms
    {"eligible": false, "exclusion_reason": "The study is an acute single-session beetroot juice intervention rather than a structured antioxidant exercise-training program.", "findings": []}

  ✓ Combined Effects of Exercise and Broccoli Supplementation on Metabolic
    PMC12430646 · 1556ms
    {"eligible": false, "exclusion_reason": "The paper studies broccoli sprout supplementation combined with concurrent training in humans with type 2 diabetes, which does not involve vitamin C and/or E supplementation.", "findings": []}

  ✓ The effects of magnesium and vitamin E co-supplementation on parameter
    PMC6053775 · 1408ms
    {"eligible": false, "exclusion_reason": "The study does not combine an antioxidant supplement with a structured exercise-training program.", "findings": []}

  ✓ The effects of d-aspartic acid supplementation in resistance-trained m
    PMC5571970 · 1957ms
    {"eligible": false, "exclusion_reason": "The study investigates d-aspartic acid supplementation rather than vitamin C and/or E supplementation.", "findings": []}

  ✓ Effects of Beetroot Juice Supplementation on Performance and Fatigue i
    PMC6164999 · 1640ms
    {"eligible": false, "exclusion_reason": "The study is an acute single-session supplementation study rather than a structured exercise-training program.", "findings": []}

  ✓ Short-Term Beetroot Juice Supplementation Enhances Strength, Reduces F
    PMC12113839 · 1618ms
    {"eligible": false, "exclusion_reason": "The study investigates beetroot juice supplementation (dietary nitrate), not vitamin C and/or E supplementation.", "findings": []}

  ✓ Various Effects of Omega 3 and Omega 3 Plus Vitamin E Supplementations
    PMC5182255 · 1757ms
    {"eligible": false, "exclusion_reason": "The study does not combine an exercise-training program with vitamin C and/or E supplementation (it evaluates supplementation in CAD patients without an exercise training program).", "findings": []}

  ✓ CYP1A2  Genotype and the Ergogenic Effect of Acute Caffeine Intake on 
    PMC12863236 · 1989ms
    {"eligible": false, "exclusion_reason": "The study investigates acute caffeine intake rather than vitamin C and/or E supplementation, and it is an acute single-session crossover trial rather than a structured exercise-training intervention.", "findings": []}

  ✓ Acute effects of combined supplementation of L-arginine and citrulline
    PMC12475454 · 1829ms
    {"eligible": false, "exclusion_reason": "The study is an acute supplementation trial rather than a controlled primary study combining a structured exercise-training program with vitamin C and/or E supplementation.", "findings": []}

  ✓ The Effects of Hyperhydrating Supplements Containing Creatine and Gluc
    PMC4488253 · 1983ms
    {"eligible": false, "exclusion_reason": "The study does not include an antioxidant-versus-control training contrast or vitamin C and/or E supplementation combined with exercise training; it investigates creatine, glycerol, glucose, and alpha lipoic acid supplementation.", "findings": []}

  ✓ Effects of 4-Week Creatine Supplementation Combined with Complex Train
    PMC6265971 · 2163ms
    {
      "eligible": false,
      "exclusion_reason": "The study investigates creatine supplementation rather than vitamin C and/or E supplementation.",
      "findings": []
    }

  ✓ Vitamin C Intake, Circulating Vitamin C and Risk of Stroke: A Meta‐Ana
    PMC3886767 · 1784ms
    {"eligible": false, "exclusion_reason": "The paper is a meta-analysis of prospective observational studies, not an experimental study combining a structured exercise-training program with vitamin C and/or E supplementation.", "findings": []}

  ✓ Benfotiamine Supplementation Increases Thiamine in Muscle of Endurance
    PMC11449553 · 1831ms
    {"eligible": false, "exclusion_reason": "The study investigates mice (animal model) supplemented with benfotiamine rather than human participants supplemented with vitamin C and/or vitamin E.", "findings": []}

  ✓ The effects of beetroot juice supplementation on exercise economy, rat
    PMC6040767 · 1821ms
    {"eligible": false, "exclusion_reason": "The study investigates beetroot juice (nitrate) supplementation rather than vitamin C and/or E supplementation.", "findings": []}

  ✓ Effects of blood flow restriction training on aerobic capacity and per
    PMC12217518 · 1687ms
    {"eligible": false, "exclusion_reason": "The paper studies blood flow restriction (BFR) training rather than vitamin C and/or E supplementation.", "findings": []}

  ✓ Effects of Beetroot Juice on Recovery of Muscle Function and Performan
    PMC4997419 · 1616ms
    {"eligible": false, "exclusion_reason": "The study does not investigate vitamin C and/or E supplementation, but rather beetroot juice (nitrate/betalains).", "findings": []}

  ✓ The effect of almond consumption on elements of endurance exercise per
    PMC4031978 · 1885ms
    {"eligible": false, "exclusion_reason": "The study does not involve vitamin C supplementation (uses almonds vs. isocaloric cookies).", "findings": []}

  ✓ Effects of protein supplementation during pilates training on body com
    PMC11869336 · 1931ms
    {"eligible": false, "exclusion_reason": "The paper studies protein (whey) supplementation rather than vitamin C and/or vitamin E supplementation during exercise training.", "findings": []}

  ✓ Vitamin D status and its relation to exercise performance and iron sta
    PMC5891016 · 1480ms
    {"eligible": false, "exclusion_reason": "The paper does not test vitamin C and/or E supplementation with an exercise training program; it is an observational cross-sectional study examining vitamin D status.", "findings": []}

  ✓ Beneficial Effects of  Asparagus officinalis  Extract Supplementation 
    PMC10537221 · 1730ms
    {"eligible": false, "exclusion_reason": "The paper studies Asparagus officinalis extract containing 20-hydroxyecdysone (a phytoecdysteroid), not vitamin C or vitamin E supplementation.", "findings": []}

  ✓ The Effects of Beetroot Juice on VO 2 max and Blood Pressure during Su
    PMC6413851 · 1793ms
    {"eligible": false, "exclusion_reason": "The study investigates beetroot juice supplementation (inorganic nitrate) rather than vitamin C and/or E supplementation.", "findings": []}

  ✓ Effects of acute beetroot juice intake on performance, maximal oxygen 
    PMC11221466 · 1445ms
    {"eligible": false, "exclusion_reason": "The study is an acute single-session crossover intervention rather than a structured exercise-training program, and it evaluates beetroot juice (inorganic nitrate) rather than vitamin C and/or E supplementation.", "findings": []}

  ✓ Effect of 10 Week Beta-Alanine Supplementation on Competition and Trai
    PMC3497003 · 1764ms
    {"eligible": false, "exclusion_reason": "The paper studies beta-alanine supplementation rather than vitamin C and/or E supplementation.", "findings": []}

  ✓ Antioxidant-independent activities of alpha-tocopherol
    PMC11968272 · 2193ms
    {"eligible": false, "exclusion_reason": "The paper is an in vitro and cellular biology study rather than a controlled primary study involving human participants undergoing a structured exercise-training program.", "findings": []}

  ✓ Effects of Maltodextrin–Fructose Supplementation on Inflammatory Bioma
    PMC11434986 · 2025ms
    {"eligible": false, "exclusion_reason": "The study is an acute single-session endurance exercise trial with carbohydrate (maltodextrin-fructose) supplementation rather than a structured antioxidant training program.", "findings": []}

  ✓ Low Vitamin C Concentrations in Patients with Community-Acquired Pneum
    PMC10451831 · 2592ms
    {"eligible": false, "exclusion_reason": "The study investigates community-acquired pneumonia treatment in hospitalized patients rather than combining a structured exercise-training program with vitamin C supplementation.", "findings": []}

  ✓ Beetroot Plus Vitamin C for Performance and Recovery: Protocol of a Do
    PMC13136499 · 1732ms
    {"eligible": false, "exclusion_reason": "This is an acute study protocol without a training program or results.", "findings": []}

  ✓ Omega-3 dietary supplementation combined with exercise to keep telomer
    PMC12855355 · 1874ms
    {"eligible": false, "exclusion_reason": "The study is conducted on animal subjects (mice) rather than human participants.", "findings": []}

  ✓ Nitrate-containing beetroot juice reduces oxygen consumption during su
    PMC5551075 · 1841ms
    {"eligible": false, "exclusion_reason": "The study investigates inorganic nitrate (beetroot juice) supplementation rather than vitamin C and/or E supplementation.", "findings": []}

  ✓ Influence of beetroot juice supplementation on intermittent exercise p
    PMC4717163 · 2031ms
    {"eligible": false, "exclusion_reason": "The study investigates beetroot juice supplementation (inorganic nitrate) rather than vitamin C and/or E supplementation.", "findings": []}

  ✓ Effect of Beetroot Juice Supplementation on Muscle Soreness and Perfor
    PMC10490293 · 2464ms
    {"eligible": false, "exclusion_reason": "The study investigates beetroot juice (nitrate/polyphenol supplementation) rather than vitamin C and/or E supplementation combined with a structured exercise training program.", "findings": []}

  ✓ Molecular control of endurance training adaptation in male mouse skele
    PMC10663156 · 4391ms
    {"eligible": false, "exclusion_reason": "The study is conducted in male mice (animal study) rather than human participants, and does not evaluate vitamin C or E supplementation.", "findings": []}

  ✓ Influence of vitamin D supplementation on muscle strength and exercise
    PMC10996754 · 1764ms
    {
      "eligible": false,
      "exclusion_reason": "The study investigates vitamin D supplementation, whereas the eligibility criteria require vitamin C and/or E supplementation.",
      "findings": []
    }

  ✓ Effects of a single dose of a betalain-rich concentrate on determinant
    PMC12227450 · 2230ms
    {"eligible": false, "exclusion_reason": "The study is an acute single-session trial rather than a structured exercise-training program study.", "findings": []}

  ✓ Acute beetroot juice supplementation enhances judo-specific performanc
    PMC12527901 · 1631ms
    {"eligible": false, "exclusion_reason": "The study is an acute single-session supplementation trial rather than a controlled primary study combining a structured exercise-training program with antioxidant supplementation.", "findings": []}

  ✓ Bioavailability of vitamin C from kiwifruit in non-smoking males:
dete
    PMC4153093 · 1604ms
    {"eligible": false, "exclusion_reason": "The study does not include a structured exercise-training program combined with vitamin C supplementation.", "findings": []}

  ✓ Effects of α-Tocopherol on Oxidative Status and Metabolic Profile in O
    PMC3732396 · 1707ms
    {"eligible": false, "exclusion_reason": "The study does not include an exercise-training program.", "findings": []}

  ✓ Effects of exercise training with short‐duration intermittent hypoxia 
    PMC6643079 · 1795ms
    {"eligible": false, "exclusion_reason": "The paper investigates the effects of exercise training with intermittent hypoxia in mice, not vitamin C or E supplementation.", "findings": []}

  ✓ Acclimation Training Improves Endurance Cycling Performance in the Hea
    PMC4965461 · 1453ms
    {"eligible": false, "exclusion_reason": "The study investigates heat acclimation training rather than vitamin C and/or E supplementation.", "findings": []}

  ✓ Cordycepin combined with antioxidant effects improves fatigue caused b
    PMC11891301 · 2307ms
    {"eligible": false, "exclusion_reason": "The study uses animal subjects (mice) and tests cordycepin rather than vitamin C and/or E supplementation.", "findings": []}

  ✓ Effect of Beetroot Juice Supplementation on Aerobic Capacity in Female
    PMC11723218 · 1952ms
    {"eligible": false, "exclusion_reason": "The study investigates beetroot juice supplementation (nitrates) rather than vitamin C and/or E supplementation.", "findings": []}

  ✓ Associations of serum levels of vitamins A, C, and E with the risk of 
    PMC5886968 · 1714ms
    {"eligible": false, "exclusion_reason": "The study is a cross-sectional observational study examining serum vitamin levels and cognitive impairment, not a controlled exercise-training intervention study with vitamin supplementation.", "findings": []}

  ✓ Repeated Inhalation of Peppermint Essential Oil Improves Exercise Perf
    PMC10254935 · 1740ms
    {"eligible": false, "exclusion_reason": "The study investigates animal (rat) subjects rather than human participants.", "findings": []}

  ✓ Effect of a Diet Supplemented with α-Tocopherol and β-Carotene on ATP 
    PMC2459247 · 1395ms
    {"eligible": false, "exclusion_reason": "The study uses animal subjects (rats) and an ischemia-reperfusion experimental model rather than human exercise-training interventions.", "findings": []}

  ✓ Effect of Beetroot Juice Supplementation on Aerobic Response during Sw
    PMC3942720 · 1420ms
    {"eligible": false, "exclusion_reason": "The paper studies beetroot juice (inorganic nitrate) supplementation rather than vitamin C and/or E supplementation.", "findings": []}

  ✓ Comparing Palm Oil, Tocotrienol-Rich Fraction and α-Tocopherol Supplem
    PMC6025588 · 1345ms
    {"eligible": false, "exclusion_reason": "The study does not combine an exercise-training program with antioxidant supplementation; it is a supplementation-only study without an exercise intervention.", "findings": []}

  ✓ The impact of nutritional intervention and resistance training on musc
    PMC12400859 · 1590ms
    {"eligible": false, "exclusion_reason": "The study investigates nutritional supplements (protein, creatine, and HMB) combined with resistance training, but does not include an antioxidant-versus-control contrast (vitamin C and/or E).", "findings": []}

  ✓ Determination of plasma and leukocyte vitamin C concentrations in a ra
    PMC4960105 · 1507ms
    {"eligible": false, "exclusion_reason": "The study is an acute single-session bioavailability trial without an exercise-training program.", "findings": []}

  ✓ High Baseline Vitamin C Levels Do Not Prevent a Positive Outcome of a 
    PMC4392935 · 1365ms
    {"eligible": false, "exclusion_reason": "The paper is a correspondence comment/letter discussing previously published findings rather than an original empirical study with a lifestyle/exercise intervention trial.", "findings": []}

  ✓ Effects of Separate Cognitive Training on Endurance Exercise Performan
    PMC12551073 · 1607ms
    {"eligible": false, "exclusion_reason": "The studies investigate separate cognitive training without vitamin C or E supplementation.", "findings": []}

  ✓ Endurance training of respiratory muscles improves cycling performance
    PMC419707 · 1578ms
    {"eligible": false, "exclusion_reason": "The study investigates respiratory muscle endurance training rather than vitamin C and/or E supplementation.", "findings": []}

  ✓ Vitamin C Does Not Affect Platelet Counts in Patients With Sepsis: A P
    PMC12417011 · 1878ms
    {"eligible": false, "exclusion_reason": "The study is a post hoc analysis of an intensive care sepsis trial (LOVIT) rather than an exercise-training intervention study.", "findings": []}

  ✓ Comparing the effects of vitamin E tocotrienol-rich fraction supplemen
    PMC6438703 · 1527ms
    {"eligible": false, "exclusion_reason": "The study does not include an exercise-training program, making it ineligible for the antioxidant and exercise-training interaction analysis.", "findings": []}

  ✓ Acute effects of various doses of nitrate-rich beetroot juice on high-
    PMC10977014 · 1664ms
    {"eligible": false, "exclusion_reason": "The study is an acute single-session crossover trial without a structured exercise-training program or vitamin C/E supplementation.", "findings": []}

  ✓ Effects of Acute Beetroot Juice Supplementation and Exercise on Cardio
    PMC11241253 · 1454ms
    {"eligible": false, "exclusion_reason": "The study is an acute single-session trial with beetroot juice supplementation rather than a structured exercise-training program with vitamin C and/or E supplementation.", "findings": []}

  ✓ Effects of Heavy Strength Training on Running Performance and Determin
    PMC4783109 · 1615ms
    {"eligible": false, "exclusion_reason": "The study does not include a vitamin C and/or E supplementation intervention.", "findings": []}

  ✓ A forced titration study of the antioxidant and immunomodulatory effec
    PMC2888736 · 1572ms
    {"eligible": false, "exclusion_reason": "The study does not include a structured exercise-training program, but is instead a forced titration dose-response study in resting/healthy volunteers.", "findings": []}

  ✓ Aging Brain: Prevention of Oxidative Stress by Vitamin E and Exercise
    PMC5823232 · 1213ms
    {"eligible": false, "exclusion_reason": "The paper is a mini-review article discussing animal and human literature on aging, vitamin E, and exercise, rather than an eligible primary empirical study with a structured training program and antioxidant-versus-control contrast.", "findings": []}

  ✓ Effects of daily vitamin D supplementation on respiratory muscle stren
    PMC5584776 · 1238ms
    {"eligible": false, "exclusion_reason": "The study tests vitamin D supplementation, not vitamin C and/or E supplementation.", "findings": []}

  ✓ Effects of free leucine supplementation and resistance training on mus
    PMC4403814 · 1432ms
    {"eligible": false, "exclusion_reason": "The study investigates leucine amino acid supplementation combined with resistance training rather than vitamin C and/or E supplementation.", "findings": []}

  ✓ The Road to Gold: Training and Peaking Characteristics in the Year Pri
    PMC4096917 · 1472ms
    {"eligible": false, "exclusion_reason": "The study does not include an antioxidant-versus-control supplement intervention contrast.", "findings": []}

  ✓ The effect of an exercise program in pregnancy on vitamin D status amo
    PMC6381613 · 1652ms
    {"eligible": false, "exclusion_reason": "The study does not investigate vitamin C and/or E supplementation, but rather the effect of an exercise program during pregnancy on vitamin D status.", "findings": []}

  ✓ Mitochondria-Derived Vesicles and Inflammatory Profiles of Adults with
    PMC11818272 · 2019ms
    {"eligible": false, "exclusion_reason": "The study does not involve an exercise training program combined with vitamin C and/or E supplementation, but rather tests red beetroot juice supplementation in adults with long COVID without a structured exercise training intervention.", "findings": []}

  ✓ The effect of beetroot juice (Beta Vulgaris L.) supplementation on ṼO2
    PMC10367025 · 1680ms
    {"eligible": false, "exclusion_reason": "The study investigates beetroot juice supplementation (inorganic nitrates) rather than vitamin C and/or E supplementation.", "findings": []}

  ✓ Changes in Endurance Performance in Young Athletes During Two Training
    PMC4723163 · 1317ms
    {"eligible": false, "exclusion_reason": "The study does not include an antioxidant-versus-control supplement contrast.", "findings": []}

  ✓ Low Carbohydrate, High Fat Diet Alters the Oral Microbiome without Neg
    PMC10745889 · 1695ms
    {"eligible": false, "exclusion_reason": "The study does not investigate vitamin C and/or E supplementation combined with a structured exercise training program, but rather explores the effects of a low carbohydrate, high fat diet and beetroot juice (nitrate) supplementation on the oral microbiome.", "findings": []}

  ✓ Vitamin E and Adipose Tissue
    PMC5286706 · 873ms
    {"eligible": false, "exclusion_reason": "The study is an animal/histological study on mice and does not involve human participants or an exercise-training program combined with vitamin supplementation.", "findings": []}

  ✓ Acute Physiological and Thermoregulatory Responses to Extended Interva
    PMC4723170 · 1398ms
    {"eligible": false, "exclusion_reason": "The study is an acute single-session exercise study without a structured antioxidant supplementation intervention versus control.", "findings": []}

  ✓ A pilot randomized clinical trial of γ-tocopherol supplementation on w
    PMC10590746 · 1319ms
    {"eligible": false, "exclusion_reason": "The study does not combine an exercise-training program with vitamin supplementation.", "findings": []}

  ✓ Performance-related physiological changes induced by one year of endur
    PMC10206302 · 1806ms
    {"eligible": false, "exclusion_reason": "The study does not include a vitamin C and/or E supplementation versus control contrast.", "findings": []}

  ✓ Effects of d-α-tocopherol supplements on lipid metabolism in a high-fa
    PMC3865271 · 1456ms
    {"eligible": false, "exclusion_reason": "The study uses an animal model (mice) instead of human participants.", "findings": []}

  ✓ Effects of Insect Protein Supplementation during Resistance Training o
    PMC5872753 · 1577ms
    {"eligible": false, "exclusion_reason": "The study investigates insect protein supplementation rather than vitamin C and/or E supplementation.", "findings": []}

  ✓ Effects of training adaption in endurance athletes with atrial fibrill
    PMC10106028 · 1597ms
    {"eligible": false, "exclusion_reason": "The paper is a study protocol for a randomized controlled trial investigating training adaption in endurance athletes with atrial fibrillation, and does not contain empirical results or antioxidant supplementation interventions.", "findings": []}

  ✓ The effectiveness of protein supplementation combined with resistance 
    PMC11369567 · 1411ms
    {"eligible": false, "exclusion_reason": "The paper is a systematic review and meta-analysis of protein supplementation and resistance exercise, not a primary study investigating vitamin C and/or E supplementation.", "findings": []}

  ✓ Study protocol for prevention of falls: A randomized controlled trial 
    PMC3342151 · 1429ms
    {"eligible": false, "exclusion_reason": "The paper is a study protocol without empirical results.", "findings": []}

  ✓ Antioxidant supplementation for the prevention of post-endoscopic retr
    PMC3575286 · 1255ms
    {"eligible": false, "exclusion_reason": "The paper is a meta-analysis of randomized controlled trials examining antioxidant supplementation for the prevention of post-ERCP pancreatitis, not a primary exercise-training study.", "findings": []}

  ✓ Transcriptomics and metabonomics study on the effect of exercise combi
    PMC10990956 · 1846ms
    {"eligible": false, "exclusion_reason": "The study uses animal models (mice) and curcumin supplementation combined with swimming exercise, rather than human participants supplemented with vitamin C and/or E.", "findings": []}

  ✓ Specific Collagen Peptides in Combination with Resistance Training Imp
    PMC6521629 · 2119ms
    {"eligible": false, "exclusion_reason": "The study investigates specific collagen peptide supplementation combined with resistance training, not vitamin C and/or E supplementation.", "findings": []}

  ✓ Intravenous Vitamin C administration reduces fatigue in office workers
    PMC3273429 · 1734ms
    {"eligible": false, "exclusion_reason": "The study does not include a structured exercise-training program.", "findings": []}

  ✓ Plasma and Tissue Concentrations of α-Tocopherol and δ-Tocopherol Foll
    PMC3397347 · 1865ms
    {"eligible": false, "exclusion_reason": "The study uses mice (animal model), whereas human participants are required.", "findings": []}

  ✓ Effects of Plyometric Training on Explosive and Endurance Performance 
    PMC6191644 · 1509ms
    {"eligible": false, "exclusion_reason": "The study investigates plyometric training and does not test vitamin C and/or E supplementation.", "findings": []}

  ✓ A Pilot Feasibility Randomized Controlled Trial of Intravenous Vitamin
    PMC10701561 · 1660ms
    {"eligible": false, "exclusion_reason": "The paper is a clinical trial in sepsis patients rather than a structured exercise-training study with antioxidant supplementation.", "findings": []}

  ✓ An 8-week exergame-based exercise training program improves cardiovasc
    PMC12267158 · 1563ms
    {"eligible": false, "exclusion_reason": "The study investigates an exergame-based exercise training program without any vitamin C or E supplementation.", "findings": []}

  ✓ Early administration of vitamin C in patients with sepsis or septic sh
    PMC12020157 · 2005ms
    {"eligible": false, "exclusion_reason": "The study does not combine vitamin C supplementation with an exercise-training program, as it is an acute trial of vitamin C in patients with sepsis or septic shock in emergency departments.", "findings": []}

  ✓ Dietary beetroot juice – effects on physical performance in COPD patie
    PMC5479267 · 1627ms
    {"eligible": false, "exclusion_reason": "The paper is a crossover trial of beetroot juice (nitrate) supplementation rather than a structured exercise training program with vitamin C and/or E supplementation.", "findings": []}

  ✓ The Potential Benefits of Red Beetroot Supplementation in Health and D
    PMC4425174 · 1912ms
    {"eligible": false, "exclusion_reason": "The paper is a review article (Nutrients 2015 review on red beetroot supplementation) and does not contain a controlled primary study combining a structured exercise-training program with vitamin C and/or E supplementation.", "findings": []}

  ✓ Improved exercise performance and increased aerobic capacity after end
    PMC3978470 · 1534ms
    {"eligible": false, "exclusion_reason": "The study investigates an endurance exercise training program in patients with polymyositis and dermatomyositis without vitamin C or E supplementation.", "findings": []}

  ✓ Collagen peptide supplementation in combination with resistance traini
    PMC4594048 · 1330ms
    {"eligible": false, "exclusion_reason": "The study investigates collagen peptide supplementation combined with resistance training rather than vitamin C and/or E supplementation.", "findings": []}

  ✓ The Effect of Two Speed Endurance Training Regimes on Performance of S
    PMC4578774 · 1679ms
    {"eligible": false, "exclusion_reason": "The study investigates speed endurance training regimes in soccer players without antioxidant supplementation (vitamin C and/or E).", "findings": []}

  ✓ Targeted Metabolomics in High Performance Sports: Differences between 
    PMC10383823 · 2998ms
    {
      "eligible": false,
      "exclusion_reason": "The study does not include a vitamin C and/or E supplementation intervention.",
      "findings": []
    }

  ✓ Effect of temperature on fatty acid metabolism in skeletal muscle mito
    PMC5726737 · 1451ms
    {"eligible": false, "exclusion_reason": "The study uses rat subjects instead of human participants, and does not test vitamin C and/or E supplementation.", "findings": []}

  ✓ Effects of intermittent sprint and plyometric training on endurance ru
    PMC6742614 · 1351ms
    {"eligible": false, "exclusion_reason": "The study does not include an antioxidant-versus-control contrast; it compares intermittent sprint training versus plyometric training.", "findings": []}

  ✓ Acute ingestion of beetroot juice increases exhaled nitric oxide in he
    PMC5784918 · 1355ms
    {"eligible": false, "exclusion_reason": "The study is an acute single-session beetroot juice ingestion study without an exercise-training program and does not use vitamin C or E supplementation.", "findings": []}

  ✓ Upper-Body Muscular Endurance Training Improves Performance Following 
    PMC5615216 · 1494ms
    {"eligible": false, "exclusion_reason": "The study investigates upper-body muscular endurance training in cross-country skiers rather than vitamin C and/or E supplementation.", "findings": []}

  ✓ The effect of L-ascorbic acid and/or tocopherol supplementation on ele
    PMC3524688 · 1595ms
    {"eligible": false, "exclusion_reason": "The study is conducted on animals (rats) rather than human participants.", "findings": []}

  ✓ Effects of Beetroot Juice Supplementation on a 30-s High-Intensity Ine
    PMC5748810 · 1412ms
    {"eligible": false, "exclusion_reason": "The study evaluates acute beetroot juice (inorganic nitrate) supplementation rather than a structured exercise-training program combined with vitamin C and/or E supplementation.", "findings": []}

  ✓ Frequency and perceived influence of menopausal symptoms on training a
    PMC12711079 · 1917ms
    {"eligible": false, "exclusion_reason": "The study is a survey of menopausal symptoms in female endurance athletes and does not investigate vitamin C and/or E supplementation versus a control group.", "findings": []}

  ✓ Effect of exercise therapy combined with branched-chain amino acid sup
    PMC6385550 · 1460ms
    {"eligible": false, "exclusion_reason": "The study investigates branched-chain amino acid (BCAA) supplementation combined with exercise therapy, not vitamin C or vitamin E supplementation.", "findings": []}

  ✓ Relationship of Anthropometric and Training Characteristics with Race 
    PMC4374609 · 1492ms
    {"eligible": false, "exclusion_reason": "The paper is a narrative review of previously published studies rather than a primary controlled experimental trial testing vitamin C or E supplementation combined with exercise training.", "findings": []}

  ✓ Abrupt termination of vitamin C from ICU patients may increase mortali
    PMC10115628 · 1897ms
    {"eligible": false, "exclusion_reason": "The paper is a secondary analysis of a clinical trial involving sepsis patients in the ICU, not an exercise-training intervention study.", "findings": []}

  ✓ Acute Supplementation with Nitrate-Rich Beetroot Juice Causes a Greate
    PMC6683255 · 1518ms
    {"eligible": false, "exclusion_reason": "The study investigates acute supplementation with nitrate-rich beetroot juice rather than a structured exercise-training program with vitamin C and/or E supplementation.", "findings": []}

  ✓ Role of vitamin C infusion in postoperative mechanically ventilated ne
    PMC12662891 · 1422ms
    {"eligible": false, "exclusion_reason": "The study is a randomized controlled trial investigating vitamin C infusion for septic, mechanically ventilated neonates following surgery, not combined with a structured exercise-training program.", "findings": []}

  ✓ Vitamin C–Based Gingival Depigmentation Versus Surgical Depigmentation
    PMC11707063 · 1736ms
    {"eligible": false, "exclusion_reason": "The study investigates gingival depigmentation rather than a physical exercise-training program combined with antioxidant supplementation.", "findings": []}

  ✓ Effects of Oxidized Frying Oil on Proteins Related to α-Tocopherol Met
    PMC2704323 · 1346ms
    {"eligible": false, "exclusion_reason": "The study uses animal subjects (rats) instead of human participants.", "findings": []}

  ✓ Active Recovery Induces Greater Endurance Adaptations When Performing 
    PMC6445608 · 1323ms
    {"eligible": false, "exclusion_reason": "The study investigates sprint interval training with active versus passive recovery groups and does not involve vitamin C or E supplementation.", "findings": []}

  ✓ Beetroot juice and vitamin C co-supplementation enhances anaerobic per
    PMC13248408 · 1494ms
    {"eligible": false, "exclusion_reason": "This is an acute single-session study without an exercise-training program.", "findings": []}

  ✓ The Impact of LPS on Inflammatory Responses in Alpha-Tocopherol Defici
    PMC11342875 · 1585ms
    {"eligible": false, "exclusion_reason": "The study uses mice (animal model) rather than human participants.", "findings": []}

  ✓ Effects of Lactofermented Beetroot Juice Alone or with  N -nitroso- N 
    PMC4517037 · 1333ms
    {"eligible": false, "exclusion_reason": "The study uses an animal model (rats) rather than human participants.", "findings": []}

  ✓ Season-specific effects of α-tocopherol supplementation during bovine 
    PMC12068370 · 1264ms
    {"eligible": false, "exclusion_reason": "The study involves bovine in vitro oocyte maturation and embryo culture rather than human exercise-training interventions.", "findings": []}

  ✓ Endurance Training Protocol and Longitudinal Performance Assays for  D
    PMC3460591 · 1026ms
    {
      "eligible": false,
      "exclusion_reason": "The study does not involve human participants; it is an animal study using Drosophila melanogaster.",
      "findings": []
    }

  ✓ Effect of palm-based tocotrienols and tocopherol mixture supplementati
    PMC5599564 · 1565ms
    {"eligible": false, "exclusion_reason": "The study does not include a structured exercise-training program, as it is a supplementation trial without exercise training.", "findings": []}

  ✓ Effects of beetroot juice supplementation on vascular functional and s
    PMC10281958 · 1783ms
    {"eligible": false, "exclusion_reason": "The study uses an animal model (mice) rather than human participants, and investigates beetroot juice supplementation rather than a structured exercise-training program combined with vitamin C and/or E.", "findings": []}

  ✓ The effects of alpha-tocopherol supplementation on fracture healing in
    PMC3438250 · 1581ms
    {"eligible": false, "exclusion_reason": "The study uses an animal model (rats) instead of human participants.", "findings": []}

  ✓ A study protocol of Older Person’s Exercise and Nutrition Study (OPEN)
    PMC6000965 · 1746ms
    {"eligible": false, "exclusion_reason": "The paper is a study protocol for a clinical trial (OPEN study) combining sit-to-stand exercise with a protein supplement and does not contain empirical results or antioxidant supplementation.", "findings": []}

  ✓ α-tocopherol supplementation prevents lead acetate and hypoxia-induced
    PMC4450554 · 1354ms
    {"eligible": false, "exclusion_reason": "The study is performed on animals (rats), whereas the inclusion criteria require human participants.", "findings": []}

  ✓ Ascorbic Acid Alleviates Water Stress in Young Peach Trees and Improve
    PMC5611396 · 1270ms
    {"eligible": false, "exclusion_reason": "The study uses plant material (peach trees) rather than human participants.", "findings": []}

  ✓ Effects of  α -tocopherol and  β -carotene supplementation on liver ca
    PMC4264440 · 1419ms
    {"eligible": false, "exclusion_reason": "The study does not combine a structured exercise-training program with vitamin C and/or E supplementation.", "findings": []}

  ✓ Alleviation of ascorbic acid-induced gastric high acidity by calcium a
    PMC5746510 · 1329ms
    {"eligible": false, "exclusion_reason": "The study is an in vitro and animal (rat) study rather than human participants.", "findings": []}

  ✓ Metabolic Biomarkers of Red Beetroot Juice Intake at Rest and after Ph
    PMC10180642 · 1771ms
    {"eligible": false, "exclusion_reason": "The study is an acute single-session supplementation trial rather than a structured exercise-training program with vitamin C and/or E supplementation.", "findings": []}

  ✓ Membrane Permeabilities of Ascorbic Acid and Ascorbate
    PMC6164163 · 1560ms
    {"eligible": false, "exclusion_reason": "The paper is a biophysical study investigating the passive membrane permeability of ascorbic acid and ascorbate using planar lipid bilayers and scanning electrochemical microscopy, not a human exercise training study.", "findings": []}

  ✓ Conjugated linoleic acid influences the metabolism of tocopherol in la
    PMC4888485 · 1722ms
    {"eligible": false, "exclusion_reason": "The study uses animal subjects (rats) instead of human participants.", "findings": []}

  ✓ Effect of tocopherol supplementation during last trimester of pregnanc
    PMC3398327 · 1534ms
    {"eligible": false, "exclusion_reason": "The study is performed on animals (ovine/sheep) rather than human participants.", "findings": []}

  ✓ Beetroot juice, exercise, and cardiovascular function in women plannin
    PMC10713001 · 1414ms
    {"eligible": false, "exclusion_reason": "The study investigates beetroot juice (dietary nitrate) and exercise interventions, not vitamin C or vitamin E supplementation.", "findings": []}

  ✓ Serum α-Tocopherol and γ-Tocopherol Concentrations and Prostate Cancer
    PMC3390343 · 1869ms
    {"eligible": false, "exclusion_reason": "This is an observational nested case-control study on serum tocopherols and prostate cancer risk, not a controlled exercise-training intervention study.", "findings": []}

  ✓ Efficacy of the oral supplement, Equine Omega Complete, for the preven
    PMC10658587 · 1498ms
    {"eligible": false, "exclusion_reason": "The study involves equine (animal) participants rather than human participants.", "findings": []}

  ✓ Phenolic Compounds and Antioxidant Properties of Fermented Beetroot Ju
    PMC10778454 · 1756ms
    {"eligible": false, "exclusion_reason": "The study evaluates commercially available fermented beetroot juice variants (including traditional, garlic, horseradish, acerola, salt-free, and iodized versions) and their phytochemical/antioxidant properties, but does not combine a structured exercise-training program with vitamin supplementation.", "findings": []}

  ✓ Tocotrienol Supplementation Improves Late-Phase Fracture Healing Compa
    PMC3398681 · 1380ms
    {"eligible": false, "exclusion_reason": "The study uses an animal model (rats) rather than human participants.", "findings": []}

  ✓ The plasma bioavailability of nitrate and betanin from  Beta vulgaris 
    PMC5346430 · 1436ms
    {"eligible": false, "exclusion_reason": "The study does not include an exercise-training program combined with antioxidant supplementation; it is an acute single-session bioavailability study.", "findings": []}

  ✓ Content of nitrate and nitrite in commercial and self‐made beetroot ju
    PMC10563749 · 1357ms
    {"eligible": false, "exclusion_reason": "The study does not evaluate a structured exercise-training program with vitamin C and/or E supplementation, but rather investigates beetroot juice nitrate content and storage stability.", "findings": []}

  ✓ A Double-Blind Placebo-Controlled Crossover Study of the Effect of Bee
    PMC6369216 · 1399ms
    {"eligible": false, "exclusion_reason": "The study does not evaluate vitamin C and/or E supplementation combined with an exercise training program; instead, it investigates the acute effects of beetroot juice containing dietary inorganic nitrate.", "findings": []}

  ✓ Beetroot, watermelon and ginger juice supplementation may increase
the
    PMC10712821 · 1659ms
    {"eligible": false, "exclusion_reason": "The study investigates assisted reproductive technology (ICSI cycles) and juice supplementation rather than a structured exercise-training program combined with vitamin C and/or E supplementation.", "findings": []}

  ✓ ON THE INACTIVATION OF ASCORBIC ACID OXIDASE
    PMC2238012 · 1297ms
    {"eligible": false, "exclusion_reason": "The paper is an in vitro biochemical study on ascorbic acid oxidase inactivation rather than a controlled primary study combining an exercise-training program with vitamin supplementation in human participants.", "findings": []}

  ✓ Formation of  RRR -α-tocopherol in rumen and intestinal digestibility 
    PMC10695849 · 1691ms
    {"eligible": false, "exclusion_reason": "The study uses dairy cows (animal participants), whereas the eligibility criteria strictly require human participants.", "findings": []}

  ✓ Acute Effects of Beetroot Supplementation on Resistance Exercise Perfo
    PMC13029919 · 1614ms
    {"eligible": false, "exclusion_reason": "The paper is an acute single-session supplementation study without a structured exercise-training program.", "findings": []}

  ✓ Effect of Beetroot Nitrate Supplementation on Nitric Oxide Pathways an
    PMC13119175 · 1742ms
    {"eligible": false, "exclusion_reason": "The study investigates beetroot-based nitrate supplementation rather than vitamin C and/or E supplementation.", "findings": []}

  ✓ Effects of vitamin D supplementation combined with resistance exercise
    PMC13101711 · 1353ms
    {"eligible": false, "exclusion_reason": "The study investigates vitamin D supplementation combined with resistance exercise, not vitamin C and/or E supplementation.", "findings": []}

  ✓ Beetroot Juice Enhances Nitrate Metabolism and Endothelial Function bu
    PMC13024152 · 1726ms
    {"eligible": false, "exclusion_reason": "The study investigates acute beetroot juice (inorganic nitrate) supplementation in individuals with a history of anabolic-androgenic steroid abuse, rather than an exercise-training program combined with vitamin C and/or E supplementation.", "findings": []}

  ✓ Effectiveness of beetroot juice on aerobic and anaerobic exercise perf
    PMC13357982 · 1814ms
    {"eligible": false, "exclusion_reason": "The paper is a systematic review and meta-analysis of beetroot juice (dietary nitrate) supplementation rather than a controlled primary study combining an exercise training program with vitamin C and/or E supplementation.", "findings": []}

  ✓ Resistance training might have improved insulin resistance by attenuat
    PMC4677659 · 1448ms
    {"eligible": false, "exclusion_reason": "The paper is a letter/commentary discussing another study and contains no vitamin C and/or E supplementation intervention or original empirical results.", "findings": []}

  ✓ Vitamin E, an Antioxidant, as a Possible Therapeutic Agent for Treatin
    PMC3710951 · 1418ms
    {"eligible": false, "exclusion_reason": "The paper is a Letter to the Editor discussing previously published studies rather than an original controlled primary study combining an exercise-training program with vitamin C and/or E supplementation.", "findings": []}

  ✓ Alpha-Tocopherol Transfer Protein (α-TTP): Insights from Alpha-Tocophe
    PMC2849030 · 1401ms
    {"eligible": false, "exclusion_reason": "The paper is a review article summarizing mouse knockout models rather than a human exercise training trial.", "findings": []}

  ✓ Effect of beetroot juice on lowering blood pressure in free-living, di
    PMC3545899 · 1389ms
    {"eligible": false, "exclusion_reason": "The study investigates the acute effect of beetroot juice on blood pressure rather than combining a structured exercise-training program with vitamin C and/or E supplementation.", "findings": []}

  ✓ Effects of a beetroot juice with high neobetanin content on the early-
    PMC4153083 · 1503ms
    {"eligible": false, "exclusion_reason": "The study is an acute postprandial trial in healthy human volunteers consuming a single beverage rather than a structured exercise-training program with vitamin C and/or E supplementation.", "findings": []}

  ✓ The role of periodontitis in the link between alpha-tocopherol intake 
    PMC10034200 · 1418ms
    {"eligible": false, "exclusion_reason": "The study is observational (cross-sectional analysis of NHANES data) and does not combine a structured exercise-training program with vitamin supplementation.", "findings": []}

Tip: These per-paper answers are ready to use — synthesize them to respond.
[408.5s, saved to m_fa4362c0]
