L1: Exercise without Weight Loss Prevents Seasonal Decline in Vitamin D Metabolites: The VitaDEx Randomized Controlled Trial
L2: Advanced Science (2025)
L3: Oliver J. Perkin, Sophie E. Davies, Martin Hewison, Kerry S. Jones, Javier T. Gonzalez, James A. Betts, Carl Jenkinson, Mark A. Lindsay, Sarah R. Meadows, Damon A. Parkington, Albert Koulman, Dylan Thompson
L4: 1 
L5:  
L6:  Centre for Nutrition and Exercise Metabolism 
L7:  Department for Health 
L8:  University of Bath 
L9:  Bath 
L10:  BA2 7AY 
L11:  UK
L12: 2 
L13:  
L14:  Institute of Metabolism and Systems Research 
L15:  University of Birmingham 
L16:  Birmingham 
L17:  B15 2TT 
L18:  UK
L19: 3 
L20:  
L21:  Nutritional Biomarker Laboratory 
L22:  MRC Epidemiology Unit 
L23:  University of Cambridge 
L24:  Cambridge 
L25:  CB2 0SL 
L26:  UK
L27: 4 
L28:  
L29:  University of Sydney 
L30:  Sydney 
L31:  New South Wales 
L32:  Australia
L33: 5 
L34:  
L35:  MRC Laboratory of Medical Sciences 
L36:  Du Cane Road 
L37:  London 
L38:  W12 0HS 
L39:  UK
L40: 6 
L41:  
L42:  Department of Life Sciences 
L43:  University of Bath 
L44:  Bath 
L45:  BA2 7AY 
L46:  UK
L47: Many adults become vitamin D deficient or insufficient during winter at northerly latitudes when cutaneous vitamin D synthesis does not occur. Vitamin D accumulates in adipose tissue and people with overweight or obesity are more likely to have low systemic vitamin D. This randomized controlled trial demonstrates that regular exercise completely maintains serum concentrations of the active vitamin D metabolite 1,25(OH) 2 D 3  over winter and may ameliorate the decline in 25(OH)D status in overweight men and women, even without weight loss. The binding of 1,25(OH) 2 D 3  to the vitamin D receptor mediates the crucial role for vitamin D in the healthy function of multiple organ systems and vitamin D supplementation does not impact circulating 1,25(OH) 2 D 3 . Thus, the VitaDEx study provides causal evidence that exercise plays an important role in vitamin D metabolism that is distinct from the effects of oral supplementation.
L48: Research Article; Research Article
L49: 1,25(OH)D; Exercise; VitaDEx; Vitamin D; Weight Stable; Winter
L50: Introduction
L51: Vitamin D is the umbrella term for the secosteroid hormones that support bone health [ 
L52:  
L53:  1 
L54:  
L55:  ]  and diverse physiological processes including immune function, metabolic health, and muscle function. [ 
L56:  
L57:  2 
L58:  
L59:  ]  Briefly, vitamin D 3  (and D 2 ) is hydroxylated in the liver into 25‐hydroxyvitamin D (25(OH)D), which is the precursor for the biologically active vitamin D metabolite 1,25(OH)2D which is produced in the kidneys in an endocrine fashion by the enzyme CYP27B1. Both 25(OH)D and 1,25(OH)2D can enter target cells, with the latter binding to the vitamin D receptor (VDR), to promote all actions of vitamin D. Target cells may also express the enzyme CYP27B1 to convert 25(OH)D to 1,25(OH)2D locally and promote intracrine VDR responses. Likewise, in both renal and extrarenal cells, 1,25(OH)D stimulates the enzyme CYP24A1, generating 24,25(OH)2D and promoting catabolism and excretion of vitamin D. [ 
L60:  
L61:  3 
L62:  
L63:  ]  The primary source of vitamin D in humans is cutaneous synthesis following exposure to solar ultraviolet radiation between 290 and 315 nm in wavelength, i.e., UVB in sunlight. [ 
L64:  
L65:  4 
L66:  
L67:  ]  For large parts of the year, insufficient UVB light reaches northern latitudes for cutaneous vitamin D synthesis to occur. [ 
L68:  
L69:  5 
L70:  
L71:  ]  As such, in countries such as the UK, 23% of the population become vitamin D deficient (serum 25(OH)D < 25 nmol L −1 ) throughout winter, and a further 48% become vitamin D insufficient (serum 25(OH)D < 50 nmol L −1 ). [ 
L72:  
L73:  6 
L74:  
L75:  ]  Regardless of season, obesity almost doubles the risk of vitamin D insufficiency and deficiency compared to healthy weight. [ 
L76:  
L77:  6 
L78:  
L79:  ]
L80: As a lipophilic molecule, vitamin D accumulates in lipid droplets within adipocytes such that adipose tissue in humans contains large quantities of vitamin D. [ 
L81:  
L82:  7 
L83:  ,  
L84:  8 
L85:  
L86:  ]  Weight loss in nonsupplementing obese participants improves vitamin D status, [ 
L87:  
L88:  9 
L89:  
L90:  ]  and improvement in vitamin D status appears to be broadly proportional to the degree of weight loss. [ 
L91:  
L92:  10 
L93:  
L94:  ]  We previously proposed that improved vitamin D status may be directly explained by the release of vitamin D sequestered in adipose tissue into the circulation as a biproduct of lipid mobilization during weight loss. [ 
L95:  
L96:  11 
L97:  
L98:  ]  If this is the case, then lifestyle factors such as episodic exposure to lipolytic stimuli such as exercise or extended/intermittent fasting [ 
L99:  
L100:  12 
L101:  
L102:  ]  may also help to mobilize vitamin D from adipose tissue, potentially even without weight loss. This could be particularly relevant in the context of dysregulated adipose tissue function with greater adiposity, [ 
L103:  
L104:  13 
L105:  
L106:  ]  including adipose tissue insulin resistance and impaired adipose tissue responses to adrenergic stimulation, [ 
L107:  
L108:  14 
L109:  
L110:  ]  both of which are improved with exercise training. [ 
L111:  
L112:  12 
L113:  
L114:  ]
L115: We recently reported that a single bout of exercise leads to transient increases in circulating 25(OH)D and 1,25(OH) 2 D 3  in men and women. [ 
L116:  
L117:  15 
L118:  
L119:  ]  Exercise may be associated with longer lasting changes in circulating concentrations of vitamin D in humans; however, previous longitudinal studies have not controlled the confounding effects of weight loss, cutaneous vitamin D synthesis, or vitamin D supplementation. [ 
L120:  
L121:  16 
L122:  ,  
L123:  17 
L124:  
L125:  ]  There has been no longitudinal investigation on the effect of exercise on vitamin D status using gold‐standard analytical techniques (liquid chromatography‐tandem mass spectrometry [LC‐MS/MS]), [ 
L126:  
L127:  18 
L128:  ,  
L129:  19 
L130:  
L131:  ]  or rigorous study design controlling for UVB exposure.
L132: In the VitaDEx randomized controlled trial (RCT), we investigated the effect of 10 weeks of regular exercise, without weight loss or vitamin D supplementation, on vitamin D status and metabolism in habitually sedentary people with overweight or obesity. In addition to the assessment of circulating 25(OH)D, we assessed other important vitamin D metabolites including active and catabolic forms (1,25(OH) 2 D 3  and 24,25(OH) 2 D 3 , respectively). [ 
L133:  
L134:  18 
L135:  ,  
L136:  19 
L137:  ,  
L138:  20 
L139:  
L140:  ]  We also examined the effect of exercise on adipose tissue vitamin D concentrations, pathways involved in vitamin D metabolism, and whole‐body vitamin D expenditure rate using isotopic tracers. [ 
L141:  
L142:  21 
L143:  
L144:  ]  We hypothesized that exercise would attenuate the decline in serum 25(OH)D typically observed over winter in the UK.
L145: Results
L146: We conducted an RCT in individuals with overweight/obesity who were sedentary but otherwise free from known disease to examine changes in vitamin D concentrations over 10 weeks of winter (Exercise vs Control). The exercise group were prescribed four indoor cardiovascular exercise sessions per week for 10 weeks, while participants in the control group were asked to maintain their habitual lifestyle. Participants were randomized to groups by minimization [ 
L147:  
L148:  22 
L149:  
L150:  ]  based on age, sex, fat mass index (DXA fat mass in kg/height in m 2 ; FMI), physical activity level (total energy expenditure/resting energy expenditure; PAL), and Fitzpatrick Skin Phototype. [ 
L151:  
L152:  23 
L153:  
L154:  ]  To isolate the effect of exercise on vitamin D status, all outcome measurements and intervention activities were scheduled to take place between October 01 and April 01 from 2019 to 2022 to ensure no cutaneous vitamin D synthesis occurred, owing to the lack of 290–315 nm radiation in sunlight at northerly latitudes during winter. [ 
L155:  
L156:  5 
L157:  
L158:  ]  Polysulfone badges were not used to record participant sunlight exposure owing to their sensitivity to wavelength of light up to 330 nm, and the potential for inaccurate placement over a 10‐week intervention. [ 
L159:  
L160:  24 
L161:  
L162:  ]  Furthermore, all participants were required to refrain from vitamin D supplementation and maintain total body mass over the intervention, with the exercise group increasing daily energy intake to match additional energy expenditure due to exercise.
L163: The primary outcome measure was change in serum total 25(OH)D concentration (25(OH)D 2  and 25(OH)D 3 ) from baseline‐to‐post‐intervention measured by LC‐MS/MS. Secondary outcome measures included baseline‐to‐post‐intervention changes in serum concentrations of 25(OH)D 3 , 25(OH)D 2 , 1,25(OH) 2 D 3 , 24,25(OH) 2 D 3 , 3‐Epi‐25(OH)D 3 , and vitamin D 3  (cholecalciferol), and subcutaneous adipose tissue concentrations of 25(OH)D and vitamin D 3 , all measured by LC‐MS/MS. Serum vitamin D binding protein (DBP) and albumin were assessed using enzyme‐linked immunosorbent assay (ELISA). As a biomarker for whole body 25(OH)D 3  expenditure, half‐life of 25(OH)D 3  was calculated from the disappearance rate of stable isotope tracer (d 3 ‐25(OH)D 3 ) in plasma measured with LC‐MS/MS. Free and bioavailable 25(OH)D concentrations, [ 
L164:  
L165:  25 
L166:  
L167:  ]  and vitamin D metabolite ratios (25(OH)D 3 :24,25(OH) 2 D 3 , and 1,25(OH) 2 D 3 :24,25(OH) 2 D 3 ) were calculated. [ 
L168:  
L169:  20 
L170:  
L171:  ]  The change in the expression of vitamin D metabolism‐related genes in subcutaneous adipose was determined using RNA‐Seq. Biomarkers associated with vitamin D metabolism (total calcium, parathyroid hormone [PTH], DBP, and albumin), liver function (AST and ALT), metabolic health (fasted glucose, insulin, TAG, NEFA, leptin, and HDL and LDL cholesterol), and systemic inflammation (IL‐6 and CRP) were also measured. Body composition was measured with dual‐energy X‐ray absorptiometry (DXA), and tibial bone and calf muscle characteristics were measured with peripheral quantitative computed tomography (pQCT). Data were analyzed with linear mixed effects modeling (LMEM) where the effect of time was considered an important contextual finding, or with ANCOVA with baseline as a covariate for the remaining outcomes. No obvious deviations from normality of residuals were observed, such that no adjustments to analysis were required given the sample size. [ 
L172:  
L173:  26 
L174:  
L175:  ]
L176: Participants
L177: Fifty‐one participants passed screening based on eligibility criteria listed in the Experimental Section and were allocated to groups by a statistician external to the research. Initially, group allocation was on a 1:1 basis in the first winter of testing. Due to the impact of COVID‐19 lockdown restrictions, which disproportionately increased participant withdrawal from the exercise group, the allocation ratio was altered to 2:1 in the second and third winters of the study to ensure sufficient sample size was achieved in both groups. Twenty‐one participants were allocated to the control group, with  n  = 20 completing, and 30 participants allocated to the exercise group with  n  = 21 completing ( n  = 7 lost to a combination of COVID closures, illness, or risk) ( Figure 
L178:  
L179:  1 
L180:  ).
L181: Figure 1 CONSORT flow diagram. FMI; fat mass index, PA; physical activity, PAL; physical activity level as a ratio of total to resting energy expenditure, PAR‐Q; Physical Activity Readiness Questionnaire.
L182: Baseline participant characteristics at screening are displayed in  Table 
L183:  
L184:  1 
L185:  .
L186: Table 1 Baseline characteristics at study group allocation.
L187: Exercise Ameliorates the Seasonal Decline in Vitamin D Status
L188: Serum concentrations of the active vitamin D metabolite 1,25(OH) 2 D 3  were completely preserved in the exercise group ( Figure 
L189:  
L190:  2 b ). The difference in decline in total 25(OH)D showed evidence for amelioration with exercise that was not statistically significant (Figure  2a ). The group × time interaction effect ( p x 
L191:  ) for total 25(OH)D was  p x 
L192:   = 0.07, with a mean difference in concentration change between groups of 5.7 nmol L −1  [95% CI −0.2 to 11.5 nmol L −1 ], and a moderate effect size for the difference in concentration change between groups  d  = 0.58 [95% CI −0.13 to 1.21]) (Figure  2a,c,e ). In the exercise group, 1,25(OH) 2 D 3  concentration was maintained over winter, compared to a 15% decline in the control group ( p x 
L193:   = 0.04,  p t  =  0.02). The mean difference in the concentration change between groups was 14.4 pmol L −1  [95% CI 0.5–26.8 pmol L −1 ], with a moderate effect size of  d  = 0.65 [95% CI 0.00–1.37] (Figure  2b,d,f ).
L194: Figure 2 Responses of a,c,e) serum total 25(OH)D and b,d,f) 1,25(OH) 2 D 3  with the control group in blue and exercise group in orange throughout. The mean ± SD change over 10 weeks of winter for serum concentrations of total 25(OH)D and 1,25(OH) 2 D 3  are displayed in (a) and (b), respectively. Individual participant changes from baseline‐to‐post intervention, with mean [95% CI], are displayed in (c) and (d), with cut‐offs for vitamin D insufficiency and deficiency based on serum 25(OH)D are demarcated in (c). Cohen's  d  effect size [bootstrapped 95% CI] [ 
L195:  
L196:  27 
L197:  
L198:  ]  is presented in (e) and (f) for the difference in baseline‐to‐post‐intervention change in total 25(OH)D concentration between groups with the control group in blue and exercise group in orange and means represented as  p 
L199:  x  =  p  value for interaction effects, and  p 
L200:  t  =  p  value for the main effect of time, comparing the change over time between groups with LMEM.
L201: Serum 25(OH)D 3  displayed the same response as total 25(OH)D, with a significant time effect ( p t  <  0.01) and an interaction effect of  p x 
L202:   = 0.06, with a mean difference in concentration change of 5.9 nmol L −1  [95% CI 0.2–11.6 nmol L −1 ] and an effect size for the difference in concentration change of  d  = 0.60 [95% CI −0.12 to 1.24] ( Figure 
L203:  
L204:  3 a ). There was no time or interaction effect for serum 25(OH)D 2  concentrations (Figure  3b ). Serum 24,25(OH) 2 D 3  declined significantly during the intervention period ( p t 
L205:   < 0.001), with an interaction effect of  p x 
L206:   = 0.09. The mean difference in concentration change was 0.5 nmol L −1  [95% CI 0.0–1.1] with a moderate effect size ( d  = 0.53 [95% CI −0.22 to 1.08]) between groups (Figure  3c ).
L207: Figure 3 Responses of serum vitamin D metabolites, ratios, and half‐life. Mean with individual data points are presented for serum a) 25(OH)D 3 , b) 25(OH)D 2 , c) 24,25(OH) 2 D 3 , d) vitamin D 3 , e) vitamin D metabolite ratios 25(OH)D 3 :24,25(OH) 2 D 3 , and f) 1,25(OH) 2 D 3 :24,25(OH) 2 D 3 , g) serum Epi‐25(OH)D 3 , and calculated bioavailable h) 25(OH)D and i) free 25(OH)D. Individual (Control  n  = 11, Exercise  n  = 14) time course responses over the four weeks to ingestion of 60 nmol of labeled d 3 ‐25(OH)D 3  j) immediately prior to the intervention or k) during the last four weeks of the intervention from which the d 3 ‐25(OH)D 3  half‐life was estimate by linear regression. l,m) Mean with individual data points, and individual participant responses from baseline‐to‐post‐intervention are displayed for d 3 ‐25(OH)D 3  tracer half‐life control group in blue and exercise group in orange. Free and bioavailable 25(OH)D data were only available for  n  = 20 for the Exercise group due to missing albumin data for one participant.  p 
L208:  x  =  p  value for interaction effects, and  p 
L209:  t  =  p  value for the main effect of time, comparing the change over time between groups with LMEM.
L210: Exercise Does Not Alter the Seasonal Response of Markers of Vitamin D Metabolism and Turnover over Winter
L211: Significant declines were observed in serum vitamin D 3  ( p t 
L212:   < 0.05), 3‐Epi‐25(OH)D 3  ( p t 
L213:   < 0.001), bioavailable 25(OH)D ( p t 
L214:   < 0.001), and free 25(OH)D ( p t 
L215:   < 0.001) in both groups over the 10‐week intervention, with no differences in the extent of decline between groups (see Figure  3d,g,h,i , respectively). Vitamin D metabolite ratios (25(OH)D 3 :24,25(OH) 2 D 3  and 1,25(OH) 2 D 3 :24,25(OH) 2 D 3 ) increased over the winter in both groups (both  p t 
L216:   < 0.0001), with no group × time interaction effects observed ( p x 
L217:   = 0.51 and  p x 
L218:   = 0.25, respectively; Figure  3e,f ).
L219: In the subgroup of participants completing assessment of vitamin D expenditure (control group  n  = 11, exercise group  n  = 14), there were no changes in d 3 ‐25(OH)D 3  half‐life in plasma over the intervention in either group ( p t 
L220:   = 0.86 and  p x 
L221:   = 0.32; Figure  3j–m ). Over the four weeks before the intervention, 25(OH)D 3  half‐life was 14.7 ± 2.5 and 13.4 ± 2.0 d in the control and exercise groups, respectively. During the final four weeks of the intervention, half‐life was 14.2 ± 2.5 and 14.0 ± 2.5 d in the control and exercise groups, respectively.
L222: Concentrations of Vitamin D in Subcutaneous Adipose Tissue Decrease over the Winter
L223: In both groups, adipose concentrations of 25(OH)D 3  and vitamin D 3  decreased significantly over 10 weeks of winter ( p t 
L224:   <0.001 and  p t 
L225:   < 0.005, respectively). However, there were no differences in the magnitude of decrease between groups. Adipose 25(OH)D 3  concentration decreased by 0.26 ± 0.24 and 0.30 ± 0.31 pg mg −1  in the control and exercise groups, respectively, with an effect size for difference in change scores of  d  = 0.35 [95.0% CI −0.33 to 0.93]. Adipose vitamin D 3  concentration decreased by 1.46 ± 3.15 and 1.63 ± 3.31 pg mg −1 , in the control and exercise groups, respectively ( d  = 0.17 [95.0% CI −0.48 to 0.81]) ( Figure 
L226:  
L227:  4 a,b ).
L228: Figure 4 Adipose tissue vitamin D concentration and gene expression. Mean ± SD is presented with individual participant responses from baseline‐to‐post‐intervention for a) adipose tissue 25(OH)D and b) vitamin D 3  concentrations with control group in blue and exercise group in orange. c) The expression of adipose tissue genes involved in vitamin D metabolism is presented as mean ± SD at baseline and post‐intervention from  n  = 16 control and  n  = 16 exercise participants, d) as identified based on the GO Terms listed. Genes in red text were not expressed in adipose.  p 
L229:  x  =  p  value for interaction effects, and  p 
L230:  t  =  p  value for the main effect of time, comparing the change over time between groups with LMEM.
L231: In a subset of participants (control  n  = 16, exercise  n  = 16), analysis of the expression of individual genes involved vitamin D metabolic pathways in adipose tissue found that, broadly, gene expression was unchanged when comparing the difference in the log 2 ‐CPM from baseline‐to‐post‐intervention with a LMEM (Figure  4c ). The AmiGO web‐based gene ontology toolset was used to identify genes involved in vitamin D metabolism (see the Experimental Section for pathway GO terms included). Of note, there was a significant main effect of time ( p t 
L232:   < 0.05) for  CYP3A4  expression, but no interaction effect with LMEM, and interaction effects for  CYP2R1  and  GFI1  expression were  p x 
L233:   = 0.052 and  p x 
L234:   = 0.057, respectively. Also of note, two key vitamin D related genes,  GC  (a vitamin D binding protein gene) and  CYP24A1  (vitamin D 3  24‐hydroxylase) did not appear to be expressed in adipose tissue (Figure  4d ).
L235: The Intervention Was Well‐Adhered to and Effective at Improving Physical Activity and Fitness
L236: Exercise intervention adherence was 88%, with participants completing 35 ± 5 of 40 sessions over the 10‐week intervention period. All but two participants completed 30 or more exercise sessions, with the two exceptions each completing 24 sessions. Removing these two participants from the analysis did not alter any outcomes. The individualized training programs prescribed 166 ± 16 min of exercise per week. The exercise intervention resulted in significant improvements in V̇O 2 max, in absolute terms and relative to body mass, and significant increases in maximal rate of fat oxidation compared to the control group ( Table 
L237:  
L238:  2 
L239:  ). Participants in the exercise group decreased daily sedentary time (<1.5 METs) and increased MVPA time (≥3<10.2 METs), significantly increasing PAL with an estimated mean increase in total daily energy expenditure of 305 kcal [95% CI 164–447 kcal] compared to pre‐intervention (Table  2 ). All metrics of physical activity remained stable in the control group.
L240: Table 2 Baseline to post‐intervention changes in confirmatory outcomes.
L241: Total body mass was maintained in both study groups as required in the study design, and no participants lost ≥2% body mass between laboratory visits (see Figure  6  for schedule of laboratory visits). There were no significant differences between groups in the changes of any markers of whole‐body composition. There were also no changes in tibial bone mineral density or calf muscle CSA or density between or within groups across the intervention period (Table  2 ).
L242: There were no differences in change in self‐reported daily vitamin D intake between groups, and no difference in change in DBP, PTH, total calcium, albumin concentrations, or AST and ALT activity. Apart from serum TAG, which decreased in the control group and increased in the intervention group (−0.1 mmol L −1  [95% CI −0.3 to 0.1 mmol L −1 ] vs 0.2 mmol L −1  [95% CI 0.0–0.3 mmo L −1 ], respectively), fasted serum metabolic and inflammatory markers did change in response to the intervention compared to control (Table  2 ).
L243: Exercise Alters the Relationship between the Change in Serum 25(OH)D and Vitamin D 3  Metabolites
L244: Exploratory analysis of relationships between vitamin D metabolites in serum and adipose revealed divergent responses between groups for key vitamin D metabolites. The Oldham method was used to examine these relationships, taking the mean of baseline and post‐intervention instead of baseline only to avoid the effect of regression to the mean and reduce the effect of mathematical coupling. [ 
L245:  
L246:  28 
L247:  ,  
L248:  29 
L249:  
L250:  ]  Correlation matrices for control and exercise groups are displayed in  Figure 
L251:  
L252:  5 a,b , respectively. The differences in correlations between groups was compared with Fisher's  z  and Zou's 95% confidence intervals. [ 
L253:  
L254:  30 
L255:  
L256:  ]  Correlations that differed between groups are described herein and presented in  Table 
L257:  
L258:  3 
L259:  .
L260: Figure 5 Exploratory analysis of relationships between concentration and change in vitamin D metabolites. Heat maps displaying the strength of Pearson's correlations as  r  values for concentrations and change scores (Δ) of vitamin D metabolite concentrations measured in serum and adipose tissue for the a) control group and b) exercise groups calculated using the Oldham method. [ 
L261:  
L262:  28 
L263:  
L264:  ]  Group level correlations (control group in blue and exercise group in orange) are displayed for correlations that differed between groups according to Fisher's  z  and Zou's 95% confidence intervals [ 
L265:  
L266:  30 
L267:  
L268:  ]  in (c) for change in serum 25(OH)D, with total serum 25(OH)D, serum vitamin D 3 , 24,25(OH) 2 D 3,  3‐Epi‐25(OH)D 3 , and adipose 25(OH)D 3 , and also change in 24,25(OH) 2 D 3  with 24,25(OH) 2 D 3 , i.e., instance where there was a stronger negative correlation in the control group, and in (d) for change in serum vitamin D 3  with total serum 25(OH)D, serum vitamin D 3 , 24,25(OH) 2 D 3,  3‐Epi‐25(OH)D 3 , and adipose D 3 , i.e., where there were stronger negative correlations in the exercise group compared to the control group.
L269: Table 3 Divergent correlations between change in serum 25(OH)D or vitamin D 3  and concentration of vitamin D metabolites.
L270: In the control group, the change in serum 25(OH)D over winter was strongly negatively correlated with concentrations of both serum and adipose 25(OH)D, as well as serum vitamin D 3 , 24,25(OH) 2 D 3 , and 3‐Epi‐25(OH)D 3  (Figure  5c  and Table  3 ). In the exercise group, these correlations did not exist. Conversely, the change in serum vitamin D 3  was strongly negatively correlated with concentrations of serum 25(OH)D, vitamin D 3 , 24,25(OH) 2 D 3 , and 3‐Epi‐25(OH)D 3 , and adipose 25(OH)D, with these correlations not being present in the control group (Figure  5d  and Table  3 ). There was also a difference in correlations between groups in concentration of 24,25(OH) 2 D 3  and change in 24,25(OH) 2 D 3  concentration (control  r  = −0.84 [95% CI −0.94 to −0.64],  p  < 0.0001; vs exercise  r  = −0.34 [95% CI −0.68 to 0.09],  p  = 0.12; between group difference  z  = −2.53 [95% CI −0.95 to −0.10],  p  = 0.01; Figure  5c ). Removing the two outliers from the exercise group with concentrations of serum and adipose vitamin D 3  and change in serum and adipose vitamin D 3  more than 2 standard deviations above the respective means did not alter correlations or between group differences in correlations.
L271: Of note, when combining groups, serum 25(OH)D concentration was positively correlated with d 3 ‐25(OH)D 3  half‐life at baseline ( r  = 0.64 [95% CI 0.32–0.83],  p  < 0.001) (Figure  5a,b ).
L272: Discussion
L273: The VitaDEx study provides the first evidence using gold‐standard analytical techniques within a tightly controlled RCT that regular exercise may be a strategy to mitigate seasonal declines in circulating 25(OH)D and 1,25(OH) 2 D 3  concentration during winter, even without vitamin D supplementation or weight loss. In people with overweight/obesity who undertook 10 weeks of exercise over the winter, there may be a moderate amelioration in the drop in vitamin D status compared to a control group who maintained their habitual lifestyle ( d  = 0.58,  p x 
L274:   = 0.07). Furthermore, perhaps more importantly, the active vitamin D metabolite, 1,25(OH) 2 D 3 , was completely protected from a seasonal decline by exercise.
L275: In the winter months, the amount of UVB radiation reaching the northern latitudes is insufficient for cutaneous synthesis of vitamin D. [ 
L276:  
L277:  31 
L278:  
L279:  ]  Accordingly, as anticipated, serum total 25(OH)D concentration decreased in both groups over 10 weeks of winter. While the control group displayed declines of 25% from baseline (14.0 ± 10.1 nmol L −1 ), the exercise group declined only 15% from baseline (8.3 ± 9.7 nmol L −1 ) a difference of 5.7 nmol L −1  [95% CI −0.2 to 11.5 nmol L −1 ]. Furthermore, regular exercise completely maintained circulating concentrations of 1,25(OH) 2 D 3  during winter. The vitamin D receptor is present in almost all human cells, such that vitamin D plays a role across multiple organ systems, [ 
L280:  
L281:  2 
L282:  
L283:  ]  and it is principally 1,25(OH) 2 D 3  that binds to the VDR to regulate gene transcription in target cells, with a binding affinity 1000× greater than 25(OH)D. [ 
L284:  
L285:  2 
L286:  ,  
L287:  32 
L288:  
L289:  ]  Vitamin D supplementation generally does not positively impact circulating 1,25(OH) 2 D, [ 
L290:  
L291:  33 
L292:  ,  
L293:  34 
L294:  
L295:  ]  unless supplementation is accompanied with high levels of physical activity, for example, in military recruits [ 
L296:  
L297:  35 
L298:  
L299:  ]  or in athletes. [ 
L300:  
L301:  36 
L302:  
L303:  ]  Furthermore, oral vitamin D 3  supplementation also does not increase circulating 25(OH)D concentrations in people with overweight as effectively as in people with normal weight. [ 
L304:  
L305:  37 
L306:  
L307:  ]  Moreover, even when serum 25(OH)D status has been substantially improved with supplementation, nonclassical actions of vitamin D such as improvement muscle strength or reduced cancer incidence are not consistently demonstrated. [ 
L308:  
L309:  38 
L310:  ,  
L311:  39 
L312:  
L313:  ]  Thus, exercise has specific positive effects on vitamin D metabolism that is not achieved with vitamin D supplementation alone.
L314: The maintenance of 1,25(OH) 2 D 3  with exercise in overweight and obese people over winter is a novel finding. The half‐life of 1,25(OH) 2 D 3  is only 4–6 h, [ 
L315:  
L316:  40 
L317:  
L318:  ]  so the present data likely represent chronic differences in 1,25(OH) 2 D 3  between groups rather than any persistent acute exercise effect. Indeed, we previously demonstrated that a 60‐min bout of moderate intensity treadmill exercise increased the serum concentration of 1,25(OH) 2 D 3  immediately and 1‐h‐post exercise, with concentrations returning to baseline within 24 h. [ 
L319:  
L320:  15 
L321:  
L322:  ]  In the present study, samples were taken 36 h after the last exercise bout. A logically appealing explanation for the maintenance of 1,25(OH) 2 D 3  might be greater availability of the substrate (25(OH)D) owing to the moderate effect of exercise in maintaining vitamin D status. However, 1,25(OH) 2 D 3  is considered to be tightly regulated and not positively associated to 25(OH)D concentrations. [ 
L323:  
L324:  41 
L325:  
L326:  ]  Indeed, the change in 1,25(OH) 2 D 3  was not correlated with change in 25(OH)D in either group in the present study, replicating observations within the context of vitamin D 3  supplementation. [ 
L327:  
L328:  33 
L329:  
L330:  ]  However, it is possible that the decrease in 25(OH)D availability increased renal production of 1,25(OH) 2 D contributing to its maintenance over winter. [ 
L331:  
L332:  42 
L333:  
L334:  ]  Importantly, circulating 1,25(OH) 2 D 3  concentrations are also dependent on PTH and fibroblast growth factor 23 (FGF23), with both of these hormones themselves being regulated by 1,25(OH) 2 D as part of endocrine feedback regulation. [ 
L335:  
L336:  20 
L337:  
L338:  ]  While the present data do not show a persistent increase in circulating PTH, the accumulation of repeated acute responses of PTH to exercise suggest further investigation is needed to understand the dynamic relationship between these biomarkers. [ 
L339:  
L340:  43 
L341:  
L342:  ]  In future studies, it will also be interesting to assess potential effects of exercise on levels of FGF23 as a suppressor of 1,25(OH) 2 D production via inhibition of CYP27B1 expression. It should be noted that a previous study reported an increase in 1,25(OH) 2 D concentration following a weight loss with an exercise intervention, measured by immunochemiluminometric analyser. [ 
L343:  
L344:  17 
L345:  
L346:  ]  However, this study took place at latitude ≈37° N so the contribution of cutaneous synthesis cannot be ruled out, [ 
L347:  
L348:  31 
L349:  
L350:  ]  supplementation does not appear to have been controlled, [ 
L351:  
L352:  44 
L353:  ,  
L354:  45 
L355:  
L356:  ]  and 25(OH)D was not measured. Furthermore, the extreme range of lean mass changes reported, from losses over 10 kg to gains approaching 20 kg [ 
L357:  
L358:  17 
L359:  
L360:  ]  adds further complexity to interpretation of these data owing to the potential role of muscle in vitamin D storage. [ 
L361:  
L362:  46 
L363:  
L364:  ]  Irrespective of the mechanism, the biological implications for health from maintaining circulating 1,25(OH) 2 D 3  concentration with exercise over the winter could be broad and wide reaching. [ 
L365:  
L366:  47 
L367:  
L368:  ]
L369: It is well accepted that low vitamin D status is associated with greater absolute increases in serum 25(OH)D following supplementation. [ 
L370:  
L371:  37 
L372:  
L373:  ]  Here, we present the first evidence that  higher  vitamin D status (serum total 25(OH)D) is associated with greater absolute  declines  in serum 25(OH)D concentration over winter in the absence of supplementation. This may be due to first order kinetics but may also suggest that the rate of seasonal decline in vitamin D status is not linear. Serum 25(OH)D concentration may fall more rapidly at the beginning of winter, i.e., when vitamin D status is likely to be higher compared to later in winter. There may be common negative feedback mechanisms explaining these associations, underpinned by the priority to maintain calcium homeostasis, [ 
L374:  
L375:  48 
L376:  
L377:  ]  such that this is not simply regression to the mean. [ 
L378:  
L379:  49 
L380:  
L381:  ]  In any case, both groups were studied evenly across the winter and neither changed dietary vitamin D intake, so the decreases reflect the average rates of decline over the whole winter for each group. Extrapolating these rates predicts falls of 36.4 nmol L −1  in the control group and 21.6 nmol L −1  in the exercise group over the full winter. The control group would have ended the winter vitamin D deficient (20.6 nmol L −1 ), and the exercise group would have been insufficient (32.2 nmol L −1 ). Previous estimates from cross‐sectional data (not excluding people supplementing with vitamin D) suggest serum 25(OH)D concentration decreases by 37%–50% over winter in the UK. [ 
L382:  
L383:  50 
L384:  ,  
L385:  51 
L386:  
L387:  ]  The extrapolations from the present study suggest that decreases of 64% could be expected over winter without supplementation, compared to 40% if people undertook regular exercise aligned to the UK CMO and WHO guidelines. [ 
L388:  
L389:  52 
L390:  ,  
L391:  53 
L392:  
L393:  ]  These predictions should be interpreted cautiously given the inherent assumptions, but it provides a useful indication of the potential magnitude of the effect.
L394: Other vitamin D metabolite concentrations declined over winter in the absence of supplementation (specifically 3‐Epi‐25(OH)D 3 , vitamin D 3 , free 25(OH)D, and bioavailable 25(OH)D), while 25(OH)D 2  remained stable. There was no effect of the exercise intervention on changes in the concentration of these metabolites and markers. However, exercise over winter had divergent effects on correlations between concentrations and changes in concentrations in vitamin D metabolites. For example, there was a strong negative correlation between serum 25(OH)D concentration and change in 25(OH)D in the control group that did not exist in the exercise group. Declines in serum 25(OH)D were also strongly correlated with 24,25(OH) 2 D 3 , 3‐Epi‐25(OH)D, serum vitamin D 3 , and adipose vitamin 25(OH)D 3  in the control group but not the exercise group. Conversely, there were strong negative correlations between change in serum vitamin D 3 , and serum concentrations of 25(OH)D, 24,25(OH) 2 D 3 , 3‐Epi‐25(OH)D, and vitamin D 3 , and adipose vitamin D 3  concentrations in the exercise group that were not present in the control group (Figure  5 ). This supports the notion that exercise may independently affect the negative feedback loops controlling circulating 25(OH)D and vitamin D 3  concentrations. It also highlights that different vitamin D storage compartments, and indeed metabolites within those compartments, may respond differently to exercise.
L395: When high systemic 25(OH)D concentrations are present, 24‐hydroxylase activity upregulation increases conversion of 25(OH)D into 24,25(OH) 2 D 3 , and during hypovitaminosis 24‐hydroxylase is downregulated, preserving 25(OH)D. [ 
L396:  
L397:  20 
L398:  
L399:  ]  In the present study, while there was a moderate effect for the maintenance of 24,25(OH) 2 D 3  with exercise, this was not statistically significant. However, the relative changes in 25(OH)D, 1,25(OH) 2 D 3 , and 24,25(OH) 2 D 3  resulted in significant time effects on vitamin D metabolite ratios (VMR). The 1,25(OH) 2 D 3 :24,25(OH) 2 D 3  VMR increased in both groups over winter, suggesting preferential conversion of 25(OH)D to 1,25(OH) 2 D 3 , which is expected with declining serum 25(OH)D concentration. [ 
L400:  
L401:  42 
L402:  
L403:  ]  However, there was no suggestion that exercise altered this VMR despite the maintenance of 1,25(OH) 2 D 3 . Importantly, this significant increase in the 1,25(OH) 2 D 3 :24,25(OH) 2 D 3  VMR suggests that an overcompensation of 24‐hydoxylase activity previously reported with elevated serum 1,25(OH) 2 D concentrations following a high dose supplementation in athletes did not occur with exercise in the present study. [ 
L404:  
L405:  36 
L406:  
L407:  ]  This may suggest that exercise in winter supports more “efficient” vitamin D metabolism, making better use of the available substrate to generate the active metabolite without tipping the balance into a negative feedback loop associated with increased systemic 25(OH)D concentration.
L408: With the preservation of serum 1,25(OH) 2 D 3  concentration with exercise over winter, and an ameliorated decline in 25(OH)D, it might be expected that the rate of 25(OH)D expenditure would have changed too. However, the half‐life of the ingested d 3 ‐25(OH)D 3  tracer did not change over winter, or in response to exercise. Half‐life was ≈14 d, as has been seen previously in both UK and Gambian populations, [ 
L409:  
L410:  21 
L411:  ,  
L412:  54 
L413:  
L414:  ]  and it seems that the rate of 25(OH)D expenditure is preserved even during periods of high energy expenditure. This is coherent with evidence that neither pregnancy nor breastfeeding appear to change circulating 25(OH)D 3  half‐life either. [ 
L415:  
L416:  55 
L417:  
L418:  ]  However, in the context of a 14‐day half‐life of 25(OH)D in serum, the absolute declines in 25(OH)D status observed in the present study support that mobilization of endogenous vitamin D stored in tissues must play a role in preventing even more substantial declines in vitamin D status, [ 
L419:  
L420:  50 
L421:  
L422:  ]  particularly given the low dietary vitamin D intake reported in both groups.
L423: A primary site of vitamin D accumulation is adipose tissue. [ 
L424:  
L425:  7 
L426:  ,  
L427:  8 
L428:  ,  
L429:  56 
L430:  ,  
L431:  57 
L432:  
L433:  ]  Adipose tissue concentrations of 25(OH)D 3  declined by 16 ± 19% and 23 ± 17%, with adipose vitamin D 3  concentration declining by 15 ± 38% and 10 ± 22% in the control and exercise groups, respectively, with no statistical difference between groups. Evidence from supplementation studies in vivo confirm that adipose tissue sequesters excess vitamin D, with vitamin D 3  concentrations generally reported to be 10× greater than 25(OH)D concentrations. [ 
L434:  
L435:  7 
L436:  ,  
L437:  57 
L438:  
L439:  ]  Adipose tissue vitamin D concentrations decrease when high serum levels are not maintained, [ 
L440:  
L441:  58 
L442:  
L443:  ]  either by release into the circulation [ 
L444:  
L445:  56 
L446:  
L447:  ]  or potentially by local conversion and use. [ 
L448:  
L449:  59 
L450:  
L451:  ]  The present study is the first direct measure of adipose 25(OH)D and vitamin D 3  concentrations decreasing over the winter. In vitro evidence supports the concept that, even in people with overweight, vitamin D can be mobilized from adipose tissue through lipolytic stimuli such as exercise. [ 
L452:  
L453:  14 
L454:  
L455:  ]  As such, we speculated that maintenance of serum vitamin D status would be via the mechanism of vitamin D mobilization from adipose. It is therefore interesting that exercise did not drive a greater decrease in adipose tissue concentrations of vitamin D. There was no correlation between the change in serum 25(OH)D and changes in adipose vitamin D 3  concentrations in either group. So, while it is clear that vitamin D sequestered in adipose is released over winter, it is not clear precisely how or if this contributes to the maintenance of vitamin D status. Future research should employ additional tracer approaches to examine tissue specific vitamin D metabolism and identify relative contributions of different storage compartments to the maintenance of serum 25(OH)D and 1,25(OH) 2 D concentration.
L456: Weight loss has an inverse relationship with improved vitamin D status. [ 
L457:  
L458:  9 
L459:  
L460:  ]  In the VitaDEx study, body mass was deliberately maintained during the exercise intervention through increased energy intake to isolate the effect of exercise on vitamin status. Given that total fat mass remained stable, lipid droplets within adipocytes were presumably replenished and so perhaps the mechanism by which circulating vitamin D accumulates in adipocytes was simultaneously activated. It may be that exercise does release vitamin D from adipose, but subsequent reuptake cancels out longitudinal changes, and indeed minor fluctuations in adipose mass itself might play a role in this mechanism. Certainly, it appears that 25(OH)D and 1,25(OH) 2 D 3  do not remain elevated in the circulation for long after a single bout of exercise. [ 
L461:  
L462:  15 
L463:  
L464:  ]  Decreases in intrahepatic fat content have been associated with increased serum 25(OH)D concentration in elderly men following a five‐week exercise intervention. [ 
L465:  
L466:  16 
L467:  
L468:  ]  Omental adipose tissue is particularly responsive to adrenergic activation [ 
L469:  
L470:  12 
L471:  
L472:  ]  and the current study only assessed 25(OH)D and vitamin D 3  in subcutaneous stores. Thus, a key adipose compartment may have been missed. It should also be highlighted that, if vitamin D metabolism occurs within adipose tissue, [ 
L473:  
L474:  59 
L475:  
L476:  ]  as the observed adipose expression of  CYP27B1  and  CYP2R1  suggests, then making inferences regarding vitamin D release from adipose based purely on metabolite concentration may be an oversimplification. For example, a  p‐ value of 0.052 for an interaction effect in  CYP2R1  expression in adipose between groups over the intervention period was observed. If this led to a greater local 25‐hydroxylase activity in the control group, then increased vitamin D3 conversion to 25(OH)D within adipose tissue could be expected. The fate of locally produced 25(OH)D is unclear, but this could mean that changes in adipose tissue concentrations of each metabolite may therefore reflect the combination of release of metabolites, and their local conversion to other metabolites.
L477: There are a number of limitations with this study to acknowledge. Two of the three winters of data collection took place in the context of COVID‐19 restrictions. Despite successfully implementing strategies to ensure the study could continue within the ever‐changing guidelines, the study was undoubtedly affected. The original protocol included muscle biopsy samples, however, due to logistical constraints owing to COVID‐19 restrictions, this measurement had to be removed. Muscle is a dynamic storage site of vitamin D, so these data may have been particularly informative in identifying vitamin D flux between storage compartments. [ 
L478:  
L479:  46 
L480:  
L481:  ]  Moreover, the principal organs involved in vitamin D metabolism are the liver and kidney. [ 
L482:  
L483:  41 
L484:  
L485:  ]  While systemic AST and ALT activities in each group suggest that liver function was healthy, and not different between groups or over the intervention period, these markers do not provide insight into altered vitamin D metabolism at these sites. However, this study also has several methodological strengths that warrant highlighting. The RCT design and rigorous control of extraneous variables, such as body mass and cutaneous vitamin D synthesis, provide confidence in the inferences around in vivo biological mechanisms of exercise in a free‐living setting. Moreover, the use of LC‐MS/MS to measure vitamin D metabolites beyond 25(OH)D in both serum and adipose, provides novel insight into to the complexities and dynamic nature of vitamin D metabolism over winter and in the context of exercise. Similarly, measurement of gene expression in adipose tissue, and systemic vitamin D expenditure rates, provides clues as to physiological processes that may, or may not, be altered by exercise without weight loss during the winter. This is supported by the range of measures in place to ensure intervention adherence, both to the undertaking of the exercise and the maintenance of body mass, and the effectiveness of the intervention at increasing physical activity levels and improving maximal rate of fat oxidation and V̇O 2 max. The weekly total duration of programmed exercise was 166 ± 16 min, aligning with the WHO physical activity guidelines. [ 
L486:  
L487:  53 
L488:  
L489:  ]  This broadly achievable increase in habitual physical activity further supports the translation of these findings to real world. Understanding the downstream impact that maintained circulating 1,25(OH) 2 D 3  concentration or vitamin D mobilized from adipose tissue by exercise, weight loss, or both, has on health markers such as metabolic and immune function or bone health, compared to vitamin D supplementation, is an important area for further research.
L490: In conclusion, moderate intensity exercise without weight loss maintains the serum concentration of the active vitamin D metabolite 1,25(OH) 2 D 3  in nonsupplementing individuals with overweight and obesity compared to a decline in the control group over 10 weeks of winter. Exercise also moderately ameliorated the seasonal decline in vitamin D status measured as serum 25(OH)D despite not altering the decline in adipose vitamin D metabolite concentrations, expression of genes in adipose related to vitamin D metabolism, or half‐life of 25(OH)D in plasma. Supplementation strategies are known to be less effective in people with overweight and obesity, and supplementation does not improve 1,25(OH) 2 D concentration. Thus, the findings of the VitaDEx RCT point to novel mechanisms by which exercise could have important public health implications via positive effects on vitamin D metabolism.
L491: Experimental Section
L492: Experimental Model and Study Participant Details—Human Subjects
L493: Participants were recruited through public advertisement via the University of Bath homepage, through social media, and through direct mailing by local primary care practices to potentially eligible research participants based on patient database screening by research nurses. Recruitment commenced in April 2019. Expressions of interest in participation ( n  = 1033) were received by email and phone to Dr. Oliver Perkin and Miss Sophie Davies. Subsequently, 120 potential participants underwent screening. Inclusion criteria were: aged 25–65 years of age, non‐smoking for at least 6 months prior to enrolment, fat mass index (fat mass kg/height in m 2 ; FMI) of >7.5 kg m −2  (♂) and >11 kg m −2  (♀), self‐report engaging in no vigorous activity and less than 150 minutes of moderate intensity activity in an average week, and an objectively measured physical activity level (total energy expenditure/resting energy expenditure (PAL)) of less than 2.00. Exclusion criteria were: consumption of dietary supplements containing vitamin D or use of sunbeds within three months starting and during the study; use of weight loss drugs, >5% change in body mass, or large change in habitual lifestyle in previous 6 months; diagnosed coronary heart disease, chronic kidney disease, type II diabetes, stroke, heart failure, peripheral arterial disease, “severe hypertension” (blood pressure greater than 180/110 mmHg at rest), or positive responses to the Physical Activity Readiness Questionnaire (PAR‐Q); [ 
L494:  
L495:  60 
L496:  
L497:  ]  participation in another interventional research trial or lifestyle supportive intervention within two months of enrolment; use of medication that might interfere with the study outcomes based on evidence available in the British National Formulary (BNF) [ 
L498:  
L499:  61 
L500:  
L501:  ]  at commencement of the study data collection; sensitivity or allergy to lidocaine or any local anesthetic medicines; pregnancy; or inability to change physical activity levels. Participants refrained from donating blood while participating in the study. A total of 51 participants were included and randomized to one of two study groups: a lifestyle maintenance (control) group ( n  = 21), or an exercise group ( n  = 30). All participants provided written informed consent prior to participation in the VitaDEx study. The VitaDEx study was approved by the Wales NHS Research Ethics Committee 5 Bangor (18/WA/0392). Data collection took place between September 2019 and April 2022.
L502: Experimental Model and Study Participant Details—Experimental Design
L503: The study was a single‐center, randomized controlled trial with two groups undertaken in the Department for Health, University of Bath, UK, in accordance with the Helsinki Declaration. The exercise intervention/control period was 10 weeks during the winter, with collection of primary and secondary outcome data was scheduled to take place from October to March inclusive. Baseline assessment was scheduled to achieve an equal spread of participants from each group in each month of winter. Screening could take place all year round, however self‐report lifestyle behaviors were re‐checked at baseline if screening had taken place in the summer month.
L504: The study involved two screening assessments with a week of habitual physical activity monitoring prior to randomization. The first screening session involved completion of self‐report eligibility questionnaire and equipping potential participants with a physical activity monitor, and the second involved assessment of resting metabolic rate, basic anthropometry and body composition, blood pressure, and individual calibration the physical activity monitor. Study group allocation by minimization was based on data collected during screening visits, and once allocation had occurred, the participant counted toward the total sample size. Participants and researchers were informed of their allocation.
L505: All participants undertaking the tracer assessment of whole‐body vitamin D expenditure rate ( n  = 24; control group  n  = 10, exercise group  n  = 14) attended the laboratory on 12 occasions over ≈14 weeks (see  Figure   
L506:  6 
L507:  ). During the first trial visit, participants consumed a breakfast meal containing a stable isotope vitamin D tracer, demarcating the beginning of the trial for that participant. All participants maintained their habitual lifestyle for approximately four weeks after tracer ingestion, with two laboratory visits for 4‐h fasted blood samples scheduled five to ten days after ingestion to assess tracer incorporation into plasma. Baseline physical activity for 7 d and dietary intake over 3 d were measured after these laboratory visit. The next two visits were scheduled 24–31 d after tracer ingestion. On the fourth visit, following an overnight fast and void, body composition was assessed and another blood sample for plasma trace concentration was obtained. On the fifth visit, following an overnight fast, a blood sample for serum concentrations of 25(OH)D and secondary vitamin D metabolites, and plasma tracer concentrations, and other confirmatory blood markers was collected, along with an adipose tissue biopsy. This visit marked the beginning of the 10‐week intervention phases. One‐to‐three days later, participants attended the laboratory for assessment of baseline cardiovascular fitness on a treadmill. This visit was considered the first exercise training session for participants in the exercise group, with a further exercise test on an exercise bike scheduled one‐to‐three days after which was considered the second exercise session. The individualized exercise program was generated from the data collected at these sessions, with participants continuing the exercise intervention aiming for four exercise sessions per week. Approximately 6 weeks later, these six visits were repeated with the same intervals as described above, starting with a second tracer ingestion, such that the second main trial day fell 10 weeks after the first. For participants in the exercise group, at the eighth and ninth visit, exercise tests were repeated to adjust the exercise program accordingly, with both tests counting as exercise sessions. For participants not undertaking tracer assessment of whole‐body vitamin D expenditure rate, the trial was completed in six to seven visits.
L508: Figure 6 A schematic overview of the study design for participants completing the tracer assessment of whole‐body vitamin D expenditure rate. For participants not undertaking this measurement, the trial was completed in six or seven laboratory visits, matching the same timeline for measurement and intervention periods. DXA, dual‐energy X‐ray absorptiometry; PA, physical activity monitoring with Actiheart 5; pQCT, peripheral quantitative computed tomography; FAT MAX , treadmill‐based incremental exercise test.
L509: For participants not undertaking the vitamin D expenditure element of the study laboratory visits that were principally for collection of blood samples for plasma tracer concentration measurement could be omitted. As such, baseline data were collected in three laboratory visits across 3–6 d; one visit for anthropometry, one for blood and adipose tissue sampling, and one for cardiovascular fitness assessment. Three additional laboratory visits were scheduled for a baseline exercise bike fitness test, and for mid‐intervention treadmill and exercise bike fitness tests. Post‐intervention assessments were taken across three visits as described for baseline assessment, such that the blood and adipose tissue sampling took place 10 weeks after the baseline samples were collected.
L510: Experimental Model and Study Participant Details—Protocol Changes due to the COVID‐19 Outbreak
L511: Laboratories were closed on March 12, 2020 due to COVID‐19 lockdown restrictions, forcing the withdrawal of three participants part way through the intervention who could not complete post‐intervention assessment (see Figure  1 ). As such, a protocol amendment to extend the sample size to 53 participants was approved by the ethics committee. Allocation of participants to study groups was on a 1:1 basis in the first winter of testing (October 2019 to March 2020), however with COVID‐19 lockdown restrictions in place for the second and third winters disproportionately impacting feasibility of participation in the exercise group, allocation was amended to 1:2 (control:exercise). This ensured adequate sample size was achieved in both groups. As described, to complete the vitamin D tracer expenditure measurement, 12 visits to laboratory were required, whereas the primary, secondary, and confirmatory outcome data could be collected in six visits, plus three additional visits for exercise group participants. As such, with limitations of personnel numbers in laboratories to adhere to social distancing measures, it was not feasible to collect these data from all participants. Furthermore, to accommodate participation in the study for participants not comfortable or able to access gyms for exercise, laboratory exercise equipment was loaned out to participants to exercise in their homes.
L512: Method Details—Physical Activity Monitoring
L513: Habitual physical activity was assessed over seven full 24‐h days of free living at screening, and prior to baseline and post‐intervention blood sample collection, using a chest‐mounted accelerometer with integrated heart rate recording (Actiheart 5; CamNtech, Cambridge, UK). The device was worn continuously apart from during water‐based activities such as bathing or swimming, with movement and heart rate data collected in 15‐s epochs. Participants were instructed to continue with their current lifestyle while wearing the device, and to wear the device for exercise sessions if the wear period was during the intervention for exercise group participants.
L514: The Actiheart 5 was individually calibrated using resting metabolic rate (RMR) and heart rate data from treadmill exercise tests. For screening assessment, resting metabolic rate was measured for 20 min using the GEM indirect calorimeter (GEM Nutrition Ltd., Cheshire, UK). Measurements were taken with the participant in supine rest in a quiet room, in the fasted state, after 10 min of rest and habituation to the measurement hood, and before any other measures that could influence metabolism. For the other two wear periods, RMR was estimated from the Schofield equation factoring sex, age, and body mass. [ 
L515:  
L516:  62 
L517:  
L518:  ]  Heart rate and energy expenditure during physical activity to individually calibrate the Actiheart 5 were collected during incremental exercise tests. For each wear period, a new calibration was conducted using data from the temporally closest treadmill test, i.e., the baseline and post‐intervention cardiovascular fitness test data was used to calibrate the device for the baseline and intervention physical activity monitoring periods. A separate treadmill walk test was conducted for calibration for the screening physical activity monitoring period. This involved four stages of four minutes of treadmill walking at self‐selected intensities eliciting ≈10 beats min −1  difference in heart rate between stages. During the final minute of each stage, expired air was collected using the Douglas bag method to estimate energy expenditure via indirect calorimetry. Expired gas was analyzed using a Servomex 1400 gas analyser (Servomex Ltd., UK) adjusting for atmospheric CO 2 . [ 
L519:  
L520:  63 
L521:  
L522:  ]
L523: Method Details—Dietary Assessment of Vitamin D Intake
L524: During the week of physical activity monitoring before baseline and post‐intervention measures, participants completed three‐day weighed food and fluid intake diaries, recording two weekdays and one weekend day. Food diaries were analyzed using a commercially available online platform (Nutritics Research Edition v5.099, Nutritics Education, Ireland) and daily vitamin D intake data were extracted. The food diary data was also used to inform individualized recommendations for food choices which could replace extra energy expended during exercise sessions for participants in the exercise group.
L525: Method Details—Anthropometry Assessment
L526: Body mass was recorded using digital weighing scales (BC543, Tanita, Amsterdam, Netherlands) with the participant having voided and removing shoes and heavy clothing. Height was recorded with a stadiometer (222 Seca, Hamburg, Germany) while the participant standing in the Frankfort plane without shoes. Body mass recorded at every lab visit for all participants to ensure weight maintenance across the intervention period.
L527: Method Details—Body Composition Assessment
L528: Body composition was assessed using DXA (Discovery; Hologic, Bedford, UK) during screening, and baseline and post‐intervention. Participants arrived for scanning following an overnight fast, having drunk a pint of water between waking and arrival, and voided before the scan. Participants removed all metal items and wore loose fitting clothes, with clothing replicated on repeated scanning occasions. Whole body DXA scans were undertaken while the participant remained motionless, laying supine on the scanning bed. Manual placement of boundaries between discrete anatomical regions was conducted for all scans by the same investigator (OJP) before analysis using manufacturer's software. Shank (tibia) bone and muscle characteristics (density and geometry) of the right leg were measured using peripheral quantitative computed tomography (pQCT, XCT3000, StraTec Medizintechnik GmbH, Pforzheim, Germany) at baseline and post‐intervention. Scans were conducted with participants lying supine on a physiotherapy bed, bare from the knee down. A single slice scan at the 38% distal limb length was used to analyze cortical bone mineral density (BMD), and shank muscle cross sectional area (mCSA) was analyzed from a single slice scan at 66% distal limb length. Scans were analyzed using the BoneJ plugin (Version 1.4.2) for ImageJ (1.51j8, Wayne Rasband, National Institutes of Health, USA). [ 
L529:  
L530:  64 
L531:  ,  
L532:  65 
L533:  
L534:  ]
L535: Method Details—Blood Samples
L536: Venous blood was collected by venepuncture from an antecubital vein. Blood samples for biochemical markers analyzed on plasma were collected into EDTA coated tubes (Sarstedt, Germany), and immediately centrifuged for 10 min at 4000  g  in 4 °C. Blood samples for analysis of serum marker concentrations were collected into uncoated tubes (Sarstedt, Germany) and left to clot at room temperature for 30 min before centrifugation for 10 min at 4000  g  in 4 °C. Blood samples for the measurement of d3 25(OH)D 3  tracer enrichment in plasma were collected in lithium heparin tubes (Becton Dickinson Vacutainer, UK) and immediately centrifuged for 10 min at 4000  g  in 4 °C. Aliquots of supernatant were immediately frozen on dry ice before storing at −70 °C until analysis.
L537: Method Details—Stable Isotope Tracer
L538: Vitamin D half‐life was measured by giving participants a low oral dose of a stable isotope of vitamin D “tracer” d 3 ‐25(OH)D 3 ; 25(OH)D 3  labeled in nonmetabolically active positions (deuterated (6, 19, 19) 25‐hydroxy vitamin D3 (product number: 705888; 97 at%; purity 98%; Sigma‐Aldrich, Poole, UK)). [ 
L539:  
L540:  54 
L541:  ,  
L542:  55 
L543:  
L544:  ]  The size of the tracer dose was selected to result in plasma concentrations just above the lower limit of detection of the analytical method to minimally perturb serum 25(OH)D concentration. The dose was 60 nmol (24 µg), equivalent to the dose in many daily vitamin D supplements. The tracer was dissolved in 1 mL olive oil, poured onto on a small piece of ciabatta bread, and given with a standard breakfast with a fat content of 20 g to ensure reliable absorption of the tracer. [ 
L545:  
L546:  54 
L547:  ,  
L548:  55 
L549:  
L550:  ]  Participants were asked not to eat or drink anything (except water), and refrain from lying down and strenuous exercise for 3 h following the dose.
L551: Four blood samples were collected to detect plasma d 3 ‐25(OH)D 3  tracer content over the 31 d following tracer ingestion, with samples collected after a minimum 3‐h fast. With a degree of flexibility around the scheduling relative to the tracer administration, two blood samples were collected 5–10 d after ingestion, and two collected 24–31 d after ingestion. An additional blood sample was taken at the second tracer ingestion (approximately intervention week six) to assess any residual tracer in blood plasma from the first tracer‐testing period.
L552: Method Details—Adipose Tissue Biopsy
L553: Subcutaneous abdominal adipose tissue was biopsied 4–7 cm lateral of the umbilicus. The area was thoroughly disinfected with Videne, before injection of anesthetic (≈3 mL lidocaine hydrochloride 1%) into a small area. Five minutes later, a 14‐gauge needle was inserted into the subcutaneous adipose tissue around the waist, and ≈1–2 g of adipose tissue collected using the needle aspiration technique. [ 
L554:  
L555:  66 
L556:  
L557:  ]  Adipose tissue biopsies were cleaned of blood using saline (0.9% NaCl) separated into aliquots and immediately frozen on dry ice before storing at −70 °C until analysis.
L558: Method Details—Cardiovascular Fitness Testing
L559: At baseline and post‐intervention, all participants completed a maximal walking exercise test on a motorized treadmill following an overnight fast, having consumed a pint of water between waking and arrival to ensure hydration status. The protocol was adapted from Achten et al. [ 
L560:  
L561:  67 
L562:  
L563:  ]  with longer stages for individuals with lower cardiorespiratory fitness. [ 
L564:  
L565:  68 
L566:  
L567:  ]  Walking began at 3.5 km h −1  with the gradient set at 0% incline, for 4 min. After this point, the treadmill speed was increased to 4.5 km h −1 , with gradient remaining at 0% incline, for 4 min. Thereafter, treadmill speed remained constant at 4.5 km h −1  for the rest of the test, while gradient increased by 4% incline every 4 min for a further three stages, until volitional exhaustion was reached or 20 min of walking had been completed, in which case the treadmill gradient was increased by 2% min −1  until volitional exhaustion. Expired gas samples were collected using a Douglas bag in the final minute of the first five stages, and the final 30 s of each 1‐min stage completed thereafter, until volitional exhaustion. Maximal rate of fat oxidation (MFO) and maximal rate of oxygen consumption (V̇O 2 max) were estimated using indirect calorimetry based on the assumptions from Frayn (1983). [ 
L568:  
L569:  69 
L570:  
L571:  ]  Expired gas was analyzed using a Servomex 1400 gas analyser (Servomex Ltd., UK) adjusting for atmospheric CO 2 . [ 
L572:  
L573:  63 
L574:  
L575:  ]  Heart rate (HR) via telemetry (RS400; Polar, Kempele, Finland) and ratings of perceived exertion (RPE) on the Borg scale [ 
L576:  
L577:  70 
L578:  
L579:  ]  were recorded during each expired gas sample. Verbal encouragement was provided throughout the test, and participants were allowed ad‐libitum water intake and use of fans for cooling. Attainment of a valid V̇O 2 max was assumed if at least one of the four following criteria were met in the final stage of exercise: i) reaching age‐predicted maximal heart rate (±10 bpm), ii) measured respiratory exchange ratio (RER) >1, iii) RPE of 20 reported, or iv) V̇O2 plateau (<150 mL change per min) compared to the penultimate stage.
L580: Participants in the exercise group also completed cardiovascular fitness testing on an exercise bike in week 1 and week 6 of the intervention. The exercise bike ramp test started at a resistance of 30 W and increased by 1 W every 3 s until volitional exhaustion. Indirect calorimetry using a breath‐by‐breath gas analysis system (TrueOne 2400; Parvo Medics, Salt Lake City, UT) was used to estimate V̇O 2 max, and real‐time HR was recorded via telemetry (RS400; Polar, Kempele, Finland) in the Parvo Medics software.
L581: Method Details—Exercise Intervention
L582: Participants in the exercise group undertook 10 weeks of multimodal cardiovascular exercise training approximately four times per week, with the aim to complete 40 exercise sessions. The last exercise session took place >36 h before the post‐intervention measures. The four cardiovascular exercise tests described previously counted toward the 40 sessions. Participants received a three‐month gym membership so that all exercise sessions took place indoors to avoid sunlight exposure. Some participants exercised in their own homes with loaned exercise equipment. The four weekly sessions included two treadmill walking sessions, one steady state exercise bike session, and one low‐volume high intensity interval training (LV‐HIIT) session on an exercise bike. The four sessions could be undertaken in any order, with all four sessions completed before restarting the four‐session cycle, with exercise taking place on no more than two consecutive days to maintain regular training frequency. The exercise durations and intensities varied between training sessions and were personalized to each participant and progressive across the intervention. The overall aim of the exercise intervention was to increase energy expenditure with a specific focus on lipid metabolism during exercise, and secondarily to improve cardiovascular fitness (MFO and V̇O 2 max). The variety of exercises and intensities were intended to reduce boredom and monotony, and in particular, the range in session duration was intended to allow flexibility in scheduling to facilitate adherence. The treadmill sessions were undertaken at an exercise intensity corresponding to MFO (Fat max ) based on HR. The duration of each session was set to achieve a pre‐determined energy expenditure relative to body mass in each session (12 kJ kg −1  progressing to 15 kJ kg −1 ). The exercise bike session was undertaken at intensities based on V̇O 2 max based on HR (60% progressing to 75% V̇O 2 max) for set durations (30 min progressing to 40 min). The LV‐HIIT session consisted of repeated “sprints” (eight progressing to 10) of 1 min of cycling at 80–100 rpm at a resistance to illicit 90%–95% of maximum heart rate (HR max ), followed by 1 min of light cycling. [ 
L583:  
L584:  71 
L585:  
L586:  ]  Participants wore a HR monitor (TickrX; Wahoo Fitness, Atlanta, Georgia, USA) with a wrist worn watch to display HR during exercise (Forerunner 25; Garmin, Olathe, Kansas, USA). Heart rate was used to guide training session intensity for pragmatism and as it would inherently induce progression in absolute training intensity as exercise capacity increased with training.
L587: Four concurrent strategies were used to monitor intervention adherence; i) in person or video calling supervision was offered for all sessions, ii) participants completed a weekly training logbook which set out the training intensities and durations by week, iii) the TickrX monitor logged the occurrence of exercise sessions, and iv) the lead researcher contacted all participants by email weekly to ask how many exercise sessions had been completed that week. Weekly exercise energy expenditure was estimated based on the cardiovascular fitness test data and individualized exercise programming. To ensure weight maintenance in the exercise group across the intervention, options of specific quantities of foods habitually consumed based on an individual participant's food diary were recommended on a daily basis. This approach was taken to avoid introducing any systematic bias associated with supplying the intervention group supplemental food to replace the extra energy expended through exercise. In either group, if weight loss >2% of body mass was recorded between laboratory visits then participants would be recommended to increase their energy intake.
L588: Method Details—Biochemical Analysis of Vitamin D Metabolites in Serum and Adipose Tissue
L589: The analysis of vitamin D metabolites was undertaken by researchers blinded to experimental conditions.
L590: Serum vitamin D metabolites (25(OH)D 2 , 25(OH)D 3 , 1,25(OH) 2 D 3 , 24,25(OH) 2 D 3  and 3‐epi‐25(OH)D 3 ) were measured with LC‐MS/MS [ 
L591:  
L592:  19 
L593:  
L594:  ]  at the ANZAC Research Institute, Concord NSW, Australia. 20 µL of internal standard (25(OH)D 3 ‐13C5 (30 ng mL −1 ), 25(OH)D 2 ‐d 3  (5 ng mL −1 ), 3‐epi‐25(OH)D 3 ‐d 3  (8 ng mL −1 ), 24,25(OH) 2 D 3 ‐d 3  (8 ng mL −1 ), and 1,25(OH) 2 D 3 ‐d 3  (100 pg mL −1 ))) was combined with 300 µL of serum sample in 1.5 mL microcentrifuge tubes for vitamin D metabolite extraction. Samples underwent protein precipitation via the addition of 450 µL isopropanol/water (50/50 v/v), and vortexed for 10 min at high speed, then left for a further 15 min and centrifuged at 9000 rpm for 5 min. Supernatant was transferred to glass tubes for liquid–liquid extraction [ 
L595:  
L596:  72 
L597:  
L598:  ]  with some modifications. Extraction was carried out with the addition of 1 mL hexane vortexed for 30 s followed by the addition of 1 mL MTBE vortexed for 30 s, and samples were frozen at −20 °C for 2 h. The organic layer was transferred and evaporated to dryness under nitrogen at 50 °C. The dry residue samples were derivatized by adding 0.125 mg mL −1  PTAD dissolved in acetonitrile and incubating for 2 h in darkness at room temperature. The reaction was quenched with the addition of 20 µL water, the samples were then dried under nitrogen and reconstituted in 75 µL water/methanol (50/50 v/v) and transferred to a 96‐well microtiter plate. Analysis was performed on an SCIEX Exion LC system coupled to a mass spectrometer (SCIEX 6500 QTRAP), using electrospray ionization in positive mode. Multiple reaction monitoring mode was obtained with settings optimized for the various transitions by infusing pure standard for each analyte into the mass spectrometer. Unit mass resolution was used in both mass‐resolving quadruples Q1 and Q3, and a single qualifier and another quantifier ion (QI) were optimized for each analyte. During the sample run, the acquisition method was split into three periods to quantitate groups of metabolites based on retention time: period 1 was 0–8.6 min, period 2 was 8.6–16 min, and period 3 was 16–26.2 min. For liquid chromatography separation of metabolites, a Waters UPLC BEH Phenyl (2.1 × 75 mm, 1.7 µm) column was used, with column temperature set to 40 °C and flow rate of 0.300 mL min −1  with a mobile phase consisting of A:water 0.1% formic acid, B:methanol 0.1% formic acid with the following mobile phase gradient; 0 min: 38%‐A:62%B, 0.01–12 min: 35%‐A:65%B, 12.01–22.4 min: 28%‐A:72%B, 22.41–25 min: 28%‐A:72%B, 25.01–26.5: 38%‐A:62%B. Two gradient steps were used at 12.01–22.4 and 22.41–25 min to achieve 72% methanol mobile phase composition by 22.4 min and maintain this until 25 min into the sample run. The overall run time was 26.5 min. A 35 µL injection volume was used and the autosampler temperature set to 10 °C.
L599: Serum samples at each timepoint were analyzed for vitamin D 3  and d 3 ‐25(OH)D 3  (vitamin D tracer), and adipose tissue were analyzed for 25(OH)D 3  and vitamin D 3  by UPLC‐MS/MS [ 
L600:  
L601:  73 
L602:  
L603:  ]  at the Nutritional Biomarker Laboratory, MRC Epidemiology Unit, University of Cambridge, UK, based on a method described by Assar et al. [ 
L604:  
L605:  74 
L606:  
L607:  ]
L608: To precipitate proteins from serum samples, 200 µL sample, 100 µL internal standard, and 200 µL 73% methanol (aq) were mixed, followed by liquid–liquid extraction using 1.5 mL hexane. After removal and drying of the solvent layer, 4‐phenyl‐1,2,4‐triazoline‐3,5‐dione (PTAD) derivatization was carried out using 50 µL 0.5 mg mL −1  in acetonitrile. 100 µL ethanol was used to quench the reaction. The samples were then dried and reconstituted in 100 µL 80% acetonitrile (aq), and transferred to HPLC vials, with 15 µL injected for analysis.
L609: Saponification of adipose was performed using methods described by Best et al. [ 
L610:  
L611:  7 
L612:  
L613:  ]  Briefly, 10–15 mg of tissue was added to 200 µL sodium chloride (9 g L −1 ) and 200 µL 1  m  sodium hydroxide and incubated for 60 min at 95 °C. 200 µL of internal standard was added to the solution before liquid:liquid extraction using 1 mL heptane/MTBE (1:1). Samples were snap frozen in a dry ice/methanol bath, decanted, and the solvent layer dried. Samples were reconstituted in 250 µL acetonitrile were decanted into clean glass tubes and dried before derivatizing with 50 µL PTAD (0.5 mg mL −1  in acetonitrile). 75 µL water was added, and the mixed solution transferred to HPLC vials for analysis using 37.5 µL injection volume.
L614: For both serum and adipose tissue samples, detection of the analytes and internal standards were accomplished by LC‐MS/MS analysis using a Waters ACQUITY UPLC system coupled to an AB Sciex QTrap 5500 mass spectrometer. Ratio of analyte to internal standard signal was compared a calibration curve to determine analyte concentration. Analytes were resolved using reversed phase UPLC on a Waters Cortecs C18+ column 2.2 × 150 mm 1.6 µm column at 45 °C with a 17 min run time (0–5 min 80% A, 5.1 min 90% A, 10 min 94% A, 10.1–12 min 100% A to wash out column 12.1–17 min 80% A return to starting conditions). Mobile phase A used methanol with 0.1% formic acid, and Mobile phase B used water with 0.1% formic acid.
L615: Method Details—Confirmatory Biochemical Measures
L616: All rested and overnight fasted samples were run in duplicate, and to avoid inter‐assay variation, each participant's baseline and post‐intervention samples were analyzed in the same run. Serum concentration of DBP was analyzed using a commercially available ELISA (Immundiagnostik, Germany). Intact plasma PTH was analyzed using a Roche Cobas analyser (electrochemiluminescence sandwich assay). Plasma albumin concentrations were analyzed using an automated clinical chemistry analyser (Randox Daytona Plus, NI). Serum concentrations of total calcium, triacylglycerol (TAG), and non‐esterified fatty acids (NEFA) were analyzed using an automated clinical chemistry analyser (Randox Daytona Plus, NI). Serum C‐reactive protein (CRP), and interleukin‐6 (IL‐6), leptin, and insulin, were measured using multiplex assays (V‐plex and U‐plex, respectively) on a QuickPlex SQ120 (Mesoscale Diagnostics, USA).
L617: Method Details—Adipose Tissue RNA Sequencing
L618: Total RNA was extracted using RNeasy Mini Kit (Qiagen, UK) according to the manufacturer's instructions. Total RNA was quantified using RiboGreen (Invitrogen, USA) on the FLUOstar OPTIMA plate reader (BMG Labtech GmbH, UK), and the 4200 TapeStation (Agilent, RNA ScreenTape; Agilent Technologies, USA) used to measure the size profile and integrity of RNA. Ribosomal integrity number (RIN) estimates for all samples were between 3.0 and 8.9. RNA sequencing was performed on polyA‐enriched total RNA, on a NovaSeq6000 (Illumina, Inc., CA, USA) by the Wellcome Trust Oxford Genomics Centre (Oxford, UK).
L619: Input material was normalized to 200 ng prior to library preparation. Polyadenylated transcript enrichment and strand‐specific library preparation were completed using NEBNext Ultra II mRNA kit (New England Biolabs Inc., USA) following the manufacturer's instructions. Libraries were amplified (11 cycles) on a Tetrad (Bio‐Rad Laboratories, CA, USA) using in‐house unique dual indexing primers. [ 
L620:  
L621:  75 
L622:  
L623:  ]  Individual libraries were normalized using Qubit, and the size profile was analyzed on the 2200 or 4200 TapeStation. Individual libraries were normalized and pooled together accordingly. The pooled library was diluted to ≈10 nmol L −1 , denatured, and further diluted prior to loading on the sequencer. Paired end sequencing was performed using a HiSeq4000 75 bp platform (Illumina, HiSeq 3000/4000 PE Cluster Kit and 150 cycle SBS Kit), FastQ sequencing files were processed using the Galaxy web platform (usegalaxy.org), using the GRCh38/hg38 reference genome. Transcriptome wide false discovery rate (FDR) adjustments were applied, with an adjusted significance threshold of  q  < 0.05. Functional annotation was performed in the database for annotation, visualization, and integrated discovery (DAVID) 6.8 (2019 release [ 
L624:  
L625:  76 
L626:  ,  
L627:  77 
L628:  
L629:  ] ) and Genesis 1.8.1. [ 
L630:  
L631:  78 
L632:  
L633:  ]  Pathway analysis was performed using Kyoto encyclopedia of genes and genomes (KEGG) and gene ontology (GO) terms, using a modified Fisher exact test (EASE (expression analysis systematic explorer) [ 
L634:  
L635:  79 
L636:  
L637:  ] ) with a significance threshold of  P  ≤ 0.01.
L638: The AmiGO web‐based gene ontology toolset was used to identify genes involved in vitamin D metabolism. Specifically, individual genes under GO terms: “vitamin D biosynthetic process,” “vitamin D catabolic process,” “vitamin D 23‐hydroxylase activity,” “vitamin D 25‐hydroxylase activity,” “vitamin D response element binding,” “vitamin D 24‐hydroxylase activity,” “vitamin D receptor signaling pathway,” “positive regulation of vitamin D biosynthetic process,” “regulation of vitamin D biosynthetic process,” “regulation of vitamin D 24‐hydroxylase activity,” “negative regulation of vitamin D biosynthetic process,” “regulation of vitamin D receptor signaling pathway,” “positive regulation of vitamin D 24‐hydroxylase activity,” “negative regulation of vitamin D receptor signaling pathway,” and “positive regulation of vitamin D receptor signaling pathway” were identified.
L639: Calculations
L640: Total 25(OH)D was calculated as 25(OH)D 2  plus 25(OH)D 3 .
L641: Free 25(OH)D was calculated using the equation of Bikle et al. [ 
L642:  
L643:  80 
L644:  
L645:  ]  (see below), where Free 25(OH)D = concentration of free 25(OH) vitamin D in mol/L;  K 
L646:  alb  = affinity constant between 25(OH) vitamin D and albumin in mol/L;  K 
L647:  DBP  = affinity constant between 25(OH)D vitamin D and DBP in mol/L; albumin = concentration of total serum albumin in mol/L; DBP = concentration of total vitamin D‐binding protein in mol/L (assuming a MW of 58 000 g mole −1 ); Total 25(OH) vitamin D = concentration of total 25(OHD in mol/L).
L648:  
L649:  (1) 
L650:  Free 25 O H D = total 25 O H D 1 + K a l b × albumin + K D B P × D B P
L651: Binding affinity constants used for 25(OH)D were:
L652:  
L653:  (2) 
L654:  K DBP · = · 7 × 10 8 
L655:  
L656:  
L657:  (3) 
L658:  K alb · = · 6 × 10 5
L659: Bioavailable 25(OH)D was calculated using the equation below, where Free25(OH)D  =  concentration of free 25(OH)D in mol/L;  K 
L660:  alb   =  affinity constant between 25(OH)D and albumin in mol/L; albumin  =  concentration of total serum albumin in mol/L.
L661:  
L662:  (4) 
L663:  Bioavailable 25 OH D = K alb × albumin + 1 ) × Free 25 OH D
L664: As a biomarker for whole body 25(OH)D3 expenditure, disappearance rate of d 3 ‐25(OH)D 3  stable isotope tracer in plasma was used to estimated half‐life using the line of best fit of the natural log of d 3 ‐25(OH)D 3  concentration against time. [ 
L665:  
L666:  74 
L667:  
L668:  ]
L669: Adipose tissue insulin resistance index (Adipo‐IR; pmol/L × nmol/L) was calculated by multiplying fasting NEFA concentration (mmol/L) by fasting insulin concentration (pmol/L).
L670: Quantification and Statistical Analysis—Sample Size Estimation
L671: Sample size calculations were based on our preliminary data of the effect of a 24‐week exercise intervention on circulating 25(OH)D during winter (Cohen's  d  = 0.95 for the difference in serum 25(OH)D concentration from  n  = 6 (exercise) and  n  = 5 (control) of participants taking part in this aforementioned study from October to March only [ 
L672:  
L673:  81 
L674:  
L675:  ] ). With 80% power and an alpha level of 0.05, a sample size of 40 was estimated to be required to establish the effect of exercise compared to control in the present RCT (Cohen's  d  = 0.95). This was increased to  n  = 50 (25:25) to allow for dropout of 20% (drop out was ≈17% from our previous longer exercise intervention studies [ 
L676:  
L677:  81 
L678:  
L679:  ] ).
L680: Quantification and Statistical Analysis—Randomization
L681: Participants were randomized 1:1 to control and exercise groups in the first winter of testing, and then 1:2 to control and exercise groups in the second and third winters of testing. Group allocation was by minimization on the following baseline characteristics; sex, age, FMI, PAL, and Fitzpatrick Skin Phototype. [ 
L682:  
L683:  23 
L684:  
L685:  ]  A University of Bath member of staff not involved in the research conducted the randomization based on data collected during screening. Neither the participants nor the study investigators were blinded for group allocation.
L686: Quantification and Statistical Analysis—Statistical Analyses
L687: Statistical tests are listed in figure legends, along with specific sample size for a given variable if it differs from control group  n  = 20 and exercise group  n  = 21.
L688: A LMEM was used to examine the effect of the intervention on outcomes that might be expected to change with time over the intervention period in the control group, i.e., vitamin D metabolite concentrations, half‐life, and change in expression of selected genes associated with vitamin D metabolism that were expressed in adipose tissue. As such, effects of time, and group × time interaction effects are reported for these outcomes. The mean difference of the change scores and 95% confidence intervals were calculated, with Cohen's d effect size with 5000 sample bootstrapped 95% confidence intervals where relevant. [ 
L689:  
L690:  27 
L691:  
L692:  ]
L693: For outcomes that would be expected to remain stable over time in the control group, a general linear model comparing change scores between groups with baseline as a covariate was employed. Group x time interaction effect, estimated mean difference, and 95% confidence intervals, and Cohen's  d  effect size with 5000 sample bootstrapped 95% confidence interval [ 
L694:  
L695:  27 
L696:  
L697:  ]  are presented for these outcomes to demonstrate effect of the intervention.
L698: Correlations between “baseline” and absolute change in vitamin D metabolite concentrations were assessed with Pearson's correlation analysis for each group independently, using the Oldham method. To reduce the effect of mathematical coupling and avoid the effect of regression to the mean, the mean of baseline and post‐intervention was taken instead of baseline. [ 
L699:  
L700:  28 
L701:  ,  
L702:  29 
L703:  
L704:  ]  Differences in correlations between groups were compared using Fisher's  z  test and Zou's calculation of 95% confidence intervals. [ 
L705:  
L706:  30 
L707:  
L708:  ]
L709: Given the sample size (>  n  = 30), normality of the residuals from the LMEM and ANCOVA analysis was considered by visual inspection of the Q–Q plots. [ 
L710:  
L711:  26 
L712:  
L713:  ]  Adjustment for multiple comparisons due to secondary outcomes was not undertaken as when secondary outcomes are interpreted precisely and exclusively, per‐comparison‐wise error rate is not increased. [ 
L714:  
L715:  82 
L716:  
L717:  ]
L718: Data are presented as mean ± standard deviation unless stated otherwise. Statistical significance was accepted at  p  < 0.05. Effect sizes were calculated with  d  > 0.5 considered to be a moderate effect and  d  > 0.80 considered a large effect. [ 
L719:  
L720:  83 
L721:  
L722:  ]  Analysis was performed using GraphPad Prism 10.2.2 for Windows (GraphPad Software, Boston, MA), SPSS Statistics for Windows 28.0.0 (IBM Corp. Armonk, NY), and RStudio 2023.06.2 for Windows R. (PBC, Boston, MA) using the DABEST‐0.1.0 code for estimation statistics [ 
L723:  
L724:  27 
L725:  
L726:  ]  and cocor 1.1‐4 code fir comparison of correlations. [ 
L727:  
L728:  30 
L729:  
L730:  ]
L731: Quantification and Statistical Analysis—Clinical Trial Registration
L732: The trial was registered on the ISRCTN registry ( https://www.isrctn.com/ISRCTN29195046 ) and the full protocol is available through the registry.
L733: Conflict of Interest
L734: The authors declare no conflict of interest.
L735: Author Contributions
L736: Conceptualization: D.T., J.A.B., J.T.G., M.H., K.J., A.K., and O.J.P.; Data curation: O.J.P.; Formal analysis; O.J.P., S.E.D., C.J., M.A.L., S.R.M., and D.P.; Funding acquisition: D.T., J.A.B., J.T.G., M.H., K.J., and A.K.; Investigation: O.J.P. and S.E.D.; Methodology: O.J.P., D.T., M.H., K.J., J.G.T., and J.A.B.; Project administration: O.J.P. and D.T.; Resources: D.T., M.H., M.A.L., and K.G.; Supervision: D.T.; Validation: O.J.P., S.E.D., C.J., S.R.M., and D.A.P.; Visualization: O.J.P.; Writing – original draft: O.J.P. and D.T.; and Writing – review & editing: all authors.
L737: Data Availability Statement
L738: All other data needed to evaluate the conclusions in the paper are available through the University of Bath Data Archive ( https://doi.org/10.15125/BATH‐01420 ), that is, all data reported in the present study at an anonymized participant level. These data will remain in the Data Archive indefinitely. Any additional information required to reanalyze the data reported in this paper is available from the corresponding authors upon request, and transfer agreements will be established as required.
L739: 1 D. D. 
L740:  Bikle 
L741:  ,  Curr. Osteoporos Rep. 
L742:  2012 ,  10 ,  151 . 22544628
L743: 2 D. D. 
L744:  Bikle 
L745:  ,  Ann. N. Y. Acad. Sci. 
L746:  2016 ,  1376 ,  29 . 27649525
L747: 3 R. C. 
L748:  Tuckey 
L749:  ,  
L750:  C. Y. S. 
L751:  Cheng 
L752:  ,  
L753:  A. T. 
L754:  Slominski 
L755:  ,  J. Steroid Biochem. Mol. Biol. 
L756:  2019 ,  186 ,  4 . 30205156
L757: 4 M. 
L758:  Wacker 
L759:  ,  
L760:  M. F. 
L761:  Holick 
L762:  ,  Derm.‐Endocrinol. 
L763:  2013 ,  5 ,  51 .
L764: 5 A. R. 
L765:  Webb 
L766:  ,  
L767:  L. 
L768:  Kline 
L769:  ,  
L770:  M. F. 
L771:  Holick 
L772:  ,  J. Clin. Endocrinol. Metab. 
L773:  1988 ,  67 ,  373 . 2839537
L774: 6 L.‐Y. 
L775:  Lin 
L776:  ,  
L777:  L. 
L778:  Smeeth 
L779:  ,  
L780:  S. 
L781:  Langan 
L782:  ,  
L783:  C. 
L784:  Warren‐Gash 
L785:  ,  BMJ Open 
L786:  2021 ,  11 ,  038503 .
L787: 7 C. M. 
L788:  Best 
L789:  ,  
L790:  D. V. 
L791:  Riley 
L792:  ,  
L793:  T. J. 
L794:  Laha 
L795:  ,  
L796:  H. 
L797:  Pflaum 
L798:  ,  
L799:  L. R. 
L800:  Zelnick 
L801:  ,  
L802:  S. 
L803:  Hsu 
L804:  ,  
L805:  K. E. 
L806:  Thummel 
L807:  ,  
L808:  K. E. 
L809:  Foster‐Schubert 
L810:  ,  
L811:  J. N. 
L812:  Kuzma 
L813:  ,  
L814:  G. 
L815:  Cromer 
L816:  ,  
L817:  I. 
L818:  Larson 
L819:  ,  
L820:  D. K. 
L821:  Hagman 
L822:  ,  
L823:  K. 
L824:  Heshelman 
L825:  ,  
L826:  M. 
L827:  Kratz 
L828:  ,  
L829:  I. H. 
L830:  de Boer 
L831:  ,  
L832:  A. N. 
L833:  Hoofnagle 
L834:  ,  Am. J. Clin. Nutr. 
L835:  2020 ,  113 ,  83 .
L836: 8 A. 
L837:  Carrelli 
L838:  ,  
L839:  M. 
L840:  Bucovsky 
L841:  ,  
L842:  R. 
L843:  Horst 
L844:  ,  
L845:  S. 
L846:  Cremers 
L847:  ,  
L848:  C. 
L849:  Zhang 
L850:  ,  
L851:  M. 
L852:  Bessler 
L853:  ,  
L854:  B. 
L855:  Schrope 
L856:  ,  
L857:  J. 
L858:  Evanko 
L859:  ,  
L860:  J. 
L861:  Blanco 
L862:  ,  
L863:  S. J. 
L864:  Silverberg 
L865:  ,  
L866:  E. M. 
L867:  Stein 
L868:  ,  J. Bone Miner. Res. 
L869:  2017 ,  32 ,  237 . 27542960
L870: 9 P. K. 
L871:  Pannu 
L872:  ,  
L873:  Y. 
L874:  Zhao 
L875:  ,  
L876:  M. J. 
L877:  Soares 
L878:  ,  Nutr. Res. 
L879:  2016 ,  36 ,  201 . 26923506
L880: 10 C. 
L881:  Mason 
L882:  ,  
L883:  L. 
L884:  Xiao 
L885:  ,  
L886:  I. 
L887:  Imayama 
L888:  ,  
L889:  C. R. 
L890:  Duggan 
L891:  ,  
L892:  C. 
L893:  Bain 
L894:  ,  
L895:  K. E. 
L896:  Foster‐Schubert 
L897:  ,  
L898:  A. 
L899:  Kong 
L900:  ,  
L901:  K. L. 
L902:  Campbell 
L903:  ,  
L904:  C.‐Y. 
L905:  Wang 
L906:  ,  
L907:  M. L. 
L908:  Neuhouser 
L909:  ,  
L910:  L. 
L911:  Li 
L912:  ,  
L913:  R. W. 
L914:  Jeffery 
L915:  ,  
L916:  K. 
L917:  Robien 
L918:  ,  
L919:  C. M. 
L920:  Alfano 
L921:  ,  
L922:  G. L. 
L923:  Blackburn 
L924:  ,  
L925:  A. 
L926:  McTiernan 
L927:  ,  Am. J. Clin. Nutr. 
L928:  2011 ,  94 ,  95 . 21613554
L929: 11 A. 
L930:  Hengist 
L931:  ,  
L932:  O. 
L933:  Perkin 
L934:  ,  
L935:  J. T. 
L936:  Gonzalez 
L937:  ,  
L938:  J. A. 
L939:  Betts 
L940:  ,  
L941:  M. 
L942:  Hewison 
L943:  ,  
L944:  K. N. 
L945:  Manolopoulos 
L946:  ,  
L947:  K. S. 
L948:  Jones 
L949:  ,  
L950:  A. 
L951:  Koulman 
L952:  ,  
L953:  D. 
L954:  Thompson 
L955:  ,  Nutr. Bull. 
L956:  2019 ,  44 ,  25 . 34853551
L957: 12 D. 
L958:  Thompson 
L959:  ,  
L960:  F. 
L961:  Karpe 
L962:  ,  
L963:  M. 
L964:  Lafontan 
L965:  ,  
L966:  K. 
L967:  Frayn 
L968:  ,  Physiol. Rev. 
L969:  2012 ,  92 ,  157 . 22298655
L970: 13 W. 
L971:  Trim 
L972:  ,  
L973:  J. E. 
L974:  Turner 
L975:  ,  
L976:  D. 
L977:  Thompson 
L978:  ,  Front. Immunol. 
L979:  2018 ,  9 ,  169 . 29479350
L980: 14 A. 
L981:  Di Nisio 
L982:  ,  
L983:  L. 
L984:  De Toni 
L985:  ,  
L986:  I. 
L987:  Sabovic 
L988:  ,  
L989:  M. S. 
L990:  Rocca 
L991:  ,  
L992:  V. 
L993:  De Filippis 
L994:  ,  
L995:  G. 
L996:  Opocher 
L997:  ,  
L998:  B. 
L999:  Azzena 
L1000:  ,  
L1001:  R. 
L1002:  Vettor 
L1003:  ,  
L1004:  M. 
L1005:  Plebani 
L1006:  ,  
L1007:  C. 
L1008:  Foresta 
L1009:  ,  J. Clin. Endocrinol. Metab. 
L1010:  2017 ,  102 ,  2564 . 28187222
L1011: 15 S. E. 
L1012:  Davies 
L1013:  ,  
L1014:  O. J. 
L1015:  Perkin 
L1016:  ,  
L1017:  J. A. 
L1018:  Betts 
L1019:  ,  
L1020:  J. T. 
L1021:  Gonzalez 
L1022:  ,  
L1023:  M. 
L1024:  Hewison 
L1025:  ,  
L1026:  C. 
L1027:  Jenkinson 
L1028:  ,  
L1029:  K. S. 
L1030:  Jones 
L1031:  ,  
L1032:  S. R. 
L1033:  Meadows 
L1034:  ,  
L1035:  D. A. 
L1036:  Parkington 
L1037:  ,  
L1038:  A. 
L1039:  Koulman 
L1040:  ,  
L1041:  D. 
L1042:  Thompson 
L1043:  ,  J. Physiol. 
L1044:  2024 ,  602 ,  4157 . 39097829
L1045: 16 X. 
L1046:  Sun 
L1047:  ,  
L1048:  Z.‐B. 
L1049:  Cao 
L1050:  ,  
L1051:  K. 
L1052:  Tanisawa 
L1053:  ,  
L1054:  H. 
L1055:  Taniguchi 
L1056:  ,  
L1057:  T. 
L1058:  Kubo 
L1059:  ,  
L1060:  M. 
L1061:  Higuchi 
L1062:  ,  Endocrine 
L1063:  2018 ,  59 ,  330 . 29170904
L1064: 17 A. 
L1065:  De‐la‐O 
L1066:  ,  
L1067:  L. 
L1068:  Jurado‐Fasoli 
L1069:  ,  
L1070:  M. J. 
L1071:  Castillo 
L1072:  ,  
L1073:  Á. 
L1074:  Gutiérrez 
L1075:  ,  
L1076:  F. J. 
L1077:  Amaro‐Gahete 
L1078:  ,  Sports Health 
L1079:  2022 ,  14 ,  518 . 34651517
L1080: 18 C. 
L1081:  Jenkinson 
L1082:  ,  
L1083:  A. E. 
L1084:  Taylor 
L1085:  ,  
L1086:  Z. K. 
L1087:  Hassan‐Smith 
L1088:  ,  
L1089:  J. S. 
L1090:  Adams 
L1091:  ,  
L1092:  P. M. 
L1093:  Stewart 
L1094:  ,  
L1095:  M. 
L1096:  Hewison 
L1097:  ,  
L1098:  B. G. 
L1099:  Keevil 
L1100:  ,  J. Chromatogr., B 
L1101:  2016 ,  1014 ,  56 .
L1102: 19 C. 
L1103:  Jenkinson 
L1104:  ,  
L1105:  R. 
L1106:  Desai 
L1107:  ,  
L1108:  A. T. 
L1109:  Slominski 
L1110:  ,  
L1111:  R. C. 
L1112:  Tuckey 
L1113:  ,  
L1114:  M. 
L1115:  Hewison 
L1116:  ,  
L1117:  D. J. 
L1118:  Handelsman 
L1119:  ,  Clin. Chem. Lab. Med. 
L1120:  2021 ,  59 ,  1642 . 34013677
L1121: 20 J. C. Y. 
L1122:  Tang 
L1123:  ,  
L1124:  S. 
L1125:  Jackson 
L1126:  ,  
L1127:  N. P. 
L1128:  Walsh 
L1129:  ,  
L1130:  J. 
L1131:  Greeves 
L1132:  ,  
L1133:  W. D. 
L1134:  Fraser 
L1135:  ,  
L1136:  N. 
L1137:  Ball 
L1138:  ,  
L1139:  J. 
L1140:  Dutton 
L1141:  ,  
L1142:  H. 
L1143:  Nicholls 
L1144:  ,  
L1145:  I. 
L1146:  Piec 
L1147:  ,  
L1148:  C. J. 
L1149:  Washbourne 
L1150:  ,  Sci. Rep. 
L1151:  2019 ,  9 ,  6974 . 31061425
L1152: 21 K. S. 
L1153:  Jones 
L1154:  ,  
L1155:  S. 
L1156:  Assar 
L1157:  ,  
L1158:  D. 
L1159:  Vanderschueren 
L1160:  ,  
L1161:  R. 
L1162:  Bouillon 
L1163:  ,  
L1164:  A. 
L1165:  Prentice 
L1166:  ,  
L1167:  I. 
L1168:  Schoenmakers 
L1169:  ,  Osteoporosis Int. 
L1170:  2015 ,  26 ,  1137 .
L1171: 22 D. G. 
L1172:  Altman 
L1173:  ,  
L1174:  J. M. 
L1175:  Bland 
L1176:  ,  Br. Med. J. 
L1177:  2005 ,  330 ,  843 . 15817555
L1178: 23 T. B. 
L1179:  Fitzpatrick 
L1180:  ,  Arch. Dermatol. 
L1181:  1988 ,  124 ,  869 . 3377516
L1182: 24 S. S. 
L1183:  Sullivan 
L1184:  ,  
L1185:  J. L. 
L1186:  Cobb 
L1187:  ,  
L1188:  C. J. 
L1189:  Rosen 
L1190:  ,  
L1191:  M. F. 
L1192:  Holick 
L1193:  ,  
L1194:  T. C. 
L1195:  Chen 
L1196:  ,  
L1197:  M. G. 
L1198:  Kimlin 
L1199:  ,  
L1200:  A. V. 
L1201:  Parisi 
L1202:  ,  Nutr. Res. 
L1203:  2003 ,  23 ,  631 .
L1204: 25 D. D. 
L1205:  Bikle 
L1206:  ,  
L1207:  E. 
L1208:  Gee 
L1209:  ,  
L1210:  B. 
L1211:  Halloran 
L1212:  ,  
L1213:  M. A. 
L1214:  Kowalski 
L1215:  ,  
L1216:  E. 
L1217:  Ryzen 
L1218:  ,  
L1219:  J. G. 
L1220:  Haddad 
L1221:  ,  J. Clin. Endocrinol. Metab. 
L1222:  1986 ,  63 ,  954 . 3745408
L1223: 26 A. 
L1224:  Ghasemi 
L1225:  ,  
L1226:  S. 
L1227:  Zahediasl 
L1228:  ,  Int. J. Endocrinol. Metab. 
L1229:  2012 ,  10 ,  486 . 23843808
L1230: 27 J. 
L1231:  Ho 
L1232:  ,  
L1233:  T. 
L1234:  Tumkaya 
L1235:  ,  
L1236:  S. 
L1237:  Aryal 
L1238:  ,  
L1239:  H. 
L1240:  Choi 
L1241:  ,  
L1242:  A. 
L1243:  Claridge‐Chang 
L1244:  ,  Nat. Methods 
L1245:  2019 ,  16 ,  565 . 31217592
L1246: 28 P. D. 
L1247:  Oldham 
L1248:  ,  J. Chronic Dis. 
L1249:  1962 ,  15 ,  969 . 13939936
L1250: 29 Y. K. 
L1251:  Tu 
L1252:  ,  
L1253:  M. S. 
L1254:  Gilthorpe 
L1255:  ,  Stat. Med. 
L1256:  2007 ,  26 ,  443 . 16526009
L1257: 30 B. 
L1258:  Diedenhofen 
L1259:  ,  
L1260:  J. 
L1261:  Musch 
L1262:  ,  PLoS One 
L1263:  2015 ,  10 ,  0121945 .
L1264: 31 M. 
L1265:  Wacker 
L1266:  ,  
L1267:  M. F. 
L1268:  Holick 
L1269:  ,  Derm.‐Endocrinol. 
L1270:  2013 ,  5 ,  51 .
L1271: 32 J. 
L1272:  Li 
L1273:  ,  
L1274:  M. E. 
L1275:  Byrne 
L1276:  ,  
L1277:  E. 
L1278:  Chang 
L1279:  ,  
L1280:  Y. 
L1281:  Jiang 
L1282:  ,  
L1283:  S. S. 
L1284:  Donkin 
L1285:  ,  
L1286:  K. K. 
L1287:  Buhman 
L1288:  ,  
L1289:  J. R. 
L1290:  Burgess 
L1291:  ,  
L1292:  D. 
L1293:  Teegarden 
L1294:  ,  J. Steroid Biochem. Mol. Biol. 
L1295:  2008 ,  112 ,  122 . 18840526
L1296: 33 P. 
L1297:  Gazerani 
L1298:  ,  
L1299:  R. 
L1300:  Fuglsang 
L1301:  ,  
L1302:  J. G. 
L1303:  Pedersen 
L1304:  ,  
L1305:  J. 
L1306:  Sørensen 
L1307:  ,  
L1308:  J. L. 
L1309:  Kjeldsen 
L1310:  ,  
L1311:  H. 
L1312:  Yassin 
L1313:  ,  
L1314:  B. S. 
L1315:  Nedergaard 
L1316:  ,  Curr. Med. Res. Opin. 
L1317:  2019 ,  35 ,  715 . 30182753
L1318: 34 R. M. 
L1319:  Biancuzzo 
L1320:  ,  
L1321:  N. 
L1322:  Clarke 
L1323:  ,  
L1324:  R. E. 
L1325:  Reitz 
L1326:  ,  
L1327:  T. G. 
L1328:  Travison 
L1329:  ,  
L1330:  M. F. 
L1331:  Holick 
L1332:  ,  J. Clin. Endocrinol. Metab. 
L1333:  2013 ,  98 ,  973 . 23386645
L1334: 35 A. T. 
L1335:  Carswell 
L1336:  ,  
L1337:  S. J. 
L1338:  Oliver 
L1339:  ,  
L1340:  L. M. 
L1341:  Wentz 
L1342:  ,  
L1343:  D. S. 
L1344:  Kashi 
L1345:  ,  
L1346:  R. 
L1347:  Roberts 
L1348:  ,  
L1349:  J. C. Y. 
L1350:  Tang 
L1351:  ,  
L1352:  R. M. 
L1353:  Izard 
L1354:  ,  
L1355:  S. 
L1356:  Jackson 
L1357:  ,  
L1358:  D. 
L1359:  Allan 
L1360:  ,  
L1361:  L. E. 
L1362:  Rhodes 
L1363:  ,  
L1364:  W. D. 
L1365:  Fraser 
L1366:  ,  
L1367:  J. P. 
L1368:  Greeves 
L1369:  ,  
L1370:  N. P. 
L1371:  Walsh 
L1372:  ,  Med. Sci. Sports Exercise 
L1373:  2018 ,  50 ,  2555 .
L1374: 36 D. J. 
L1375:  Owens 
L1376:  ,  
L1377:  J. C. Y. 
L1378:  Tang 
L1379:  ,  
L1380:  W. J. 
L1381:  Bradley 
L1382:  ,  
L1383:  A. S. 
L1384:  Sparks 
L1385:  ,  
L1386:  W. D. 
L1387:  Fraser 
L1388:  ,  
L1389:  J. P. 
L1390:  Morton 
L1391:  ,  
L1392:  G. L. 
L1393:  Close 
L1394:  ,  Med. Sci. Sports Exercise 
L1395:  2017 ,  49 ,  349 .
L1396: 37 H. 
L1397:  Mazahery 
L1398:  ,  
L1399:  P. R. 
L1400:  Von Hurst 
L1401:  ,  Nutrients 
L1402:  2015 ,  7 ,  5111 . 26121531
L1403: 38 J. D. 
L1404:  Sluyter 
L1405:  ,  
L1406:  J. E. 
L1407:  Manson 
L1408:  ,  
L1409:  R. 
L1410:  Scragg 
L1411:  ,  JBMR Plus 
L1412:  2021 ,  5 ,  10420 .
L1413: 39 K. A. 
L1414:  Stockton 
L1415:  ,  
L1416:  K. 
L1417:  Mengersen 
L1418:  ,  
L1419:  J. D. 
L1420:  Paratz 
L1421:  ,  
L1422:  D. 
L1423:  Kandiah 
L1424:  ,  
L1425:  K. L. 
L1426:  Bennell 
L1427:  ,  Osteoporosis Int. 
L1428:  2011 ,  22 ,  859 .
L1429: 40 M. F. 
L1430:  Holick 
L1431:  ,  Ann. Epidemiol. 
L1432:  2009 ,  19 ,  73 . 18329892
L1433: 41 P. 
L1434:  Lips 
L1435:  ,  Prog. Biophys. Mol. Biol. 
L1436:  2006 ,  92 ,  4 . 16563471
L1437: 42 J. S. 
L1438:  Adams 
L1439:  ,  
L1440:  M. 
L1441:  Hewison 
L1442:  ,  Arch. Biochem. Biophys. 
L1443:  2012 ,  523 ,  95 . 22446158
L1444: 43 G. 
L1445:  Lombardi 
L1446:  ,  
L1447:  E. 
L1448:  Ziemann 
L1449:  ,  
L1450:  G. 
L1451:  Banfi 
L1452:  ,  
L1453:  S. 
L1454:  Corbetta 
L1455:  ,  Int. J. Mol. Sci. 
L1456:  2020 ,  21 ,  5388 . 32751307
L1457: 44 F. J. 
L1458:  Amaro‐Gahete 
L1459:  ,  
L1460:  A. 
L1461:  De‐la‐O 
L1462:  ,  
L1463:  L. 
L1464:  Jurado‐Fasoli 
L1465:  ,  
L1466:  A. 
L1467:  Espuch‐Oliver 
L1468:  ,  
L1469:  L. 
L1470:  Robles‐Gonzalez 
L1471:  ,  
L1472:  G. 
L1473:  Navarro‐Lomas 
L1474:  ,  
L1475:  T. 
L1476:  de Haro 
L1477:  ,  
L1478:  P. 
L1479:  Femia 
L1480:  ,  
L1481:  M. J. 
L1482:  Castillo 
L1483:  ,  
L1484:  A. 
L1485:  Gutierrez 
L1486:  ,  Contemp. Clin. Trials Commun. 
L1487:  2018 ,  11 ,  10 . 30023455
L1488: 45 F. J. 
L1489:  Amaro‐Gahete 
L1490:  ,  
L1491:  O. A. 
L1492:  De‐la 
L1493:  ,  
L1494:  L. 
L1495:  Jurado‐Fasoli 
L1496:  ,  
L1497:  J. R. 
L1498:  Ruiz 
L1499:  ,  
L1500:  M. J. 
L1501:  Castillo 
L1502:  ,  
L1503:  Á. 
L1504:  Gutiérrez 
L1505:  ,  Scand. J. Med. Sci. Sports 
L1506:  2019 ,  29 ,  968 . 30838669
L1507: 46 R. S. 
L1508:  Mason 
L1509:  ,  
L1510:  M. S. 
L1511:  Rybchyn 
L1512:  ,  
L1513:  M. 
L1514:  Abboud 
L1515:  ,  
L1516:  T. C. 
L1517:  Brennan‐Speranza 
L1518:  ,  
L1519:  D. R. 
L1520:  Fraser 
L1521:  ,  Curr. Dev. Nutr. 
L1522:  2019 ,  3 ,  nzz087 . 31598576
L1523: 47 H. 
L1524:  Dobnig 
L1525:  ,  Arch. Intern. Med. 
L1526:  2008 ,  168 ,  1340 . 18574092
L1527: 48 J. C. 
L1528:  Fleet 
L1529:  ,  Mol. Cell. Endocrinol. 
L1530:  2017 ,  453 ,  36 . 28400273
L1531: 49 D. M. 
L1532:  Thomas 
L1533:  ,  
L1534:  N. 
L1535:  Clark 
L1536:  ,  
L1537:  D. 
L1538:  Turner 
L1539:  ,  
L1540:  C. 
L1541:  Siu 
L1542:  ,  
L1543:  T. M. 
L1544:  Halliday 
L1545:  ,  
L1546:  B. A. 
L1547:  Hannon 
L1548:  ,  
L1549:  C. N. 
L1550:  Kahathuduwa 
L1551:  ,  
L1552:  C. M. 
L1553:  Kroeger 
L1554:  ,  
L1555:  R. 
L1556:  Zoh 
L1557:  ,  
L1558:  D. B. 
L1559:  Allison 
L1560:  ,  Am. J. Clin. Nutr. 
L1561:  2020 ,  111 ,  256 . 31552422
L1562: 50 I. 
L1563:  Schoenmakers 
L1564:  ,  
L1565:  P. 
L1566:  Gousias 
L1567:  ,  
L1568:  K. S. 
L1569:  Jones 
L1570:  ,  
L1571:  A. 
L1572:  Prentice 
L1573:  ,  J. Steroid Biochem. Mol. Biol. 
L1574:  2016 ,  164 ,  218 . 26970588
L1575: 51 E. 
L1576:  Hyppönen 
L1577:  ,  
L1578:  C. 
L1579:  Power 
L1580:  ,  Am. J. Clin. Nutr. 
L1581:  2007 ,  85 ,  860 . 17344510
L1582: 52 U. K. 
L1583:  Government 
L1584:  ,  UK Chief Medical Officers' Physical Activity Guidelines  (Ed:  
L1585:  
L1586:  Department of Health and Social Care 
L1587:  
L1588:  )  2019 .
L1589: 53 F. C. 
L1590:  Bull 
L1591:  ,  
L1592:  S. S. 
L1593:  Al‐Ansari 
L1594:  ,  
L1595:  S. 
L1596:  Biddle 
L1597:  ,  
L1598:  K. 
L1599:  Borodulin 
L1600:  ,  
L1601:  M. P. 
L1602:  Buman 
L1603:  ,  
L1604:  G. 
L1605:  Cardon 
L1606:  ,  
L1607:  C. 
L1608:  Carty 
L1609:  ,  
L1610:  J.‐P. 
L1611:  Chaput 
L1612:  ,  
L1613:  S. 
L1614:  Chastin 
L1615:  ,  
L1616:  R. 
L1617:  Chou 
L1618:  ,  
L1619:  P. C. 
L1620:  Dempsey 
L1621:  ,  
L1622:  L. 
L1623:  DiPietro 
L1624:  ,  
L1625:  U. 
L1626:  Ekelund 
L1627:  ,  
L1628:  J. 
L1629:  Firth 
L1630:  ,  
L1631:  C. M. 
L1632:  Friedenreich 
L1633:  ,  
L1634:  L. 
L1635:  Garcia 
L1636:  ,  
L1637:  M. 
L1638:  Gichu 
L1639:  ,  
L1640:  R. 
L1641:  Jago 
L1642:  ,  
L1643:  P. T. 
L1644:  Katzmarzyk 
L1645:  ,  
L1646:  E. 
L1647:  Lambert 
L1648:  ,  
L1649:  M. 
L1650:  Leitzmann 
L1651:  ,  
L1652:  K. 
L1653:  Milton 
L1654:  ,  
L1655:  F. B. 
L1656:  Ortega 
L1657:  ,  
L1658:  C. 
L1659:  Ranasinghe 
L1660:  ,  
L1661:  E. 
L1662:  Stamatakis 
L1663:  ,  
L1664:  A. 
L1665:  Tiedemann 
L1666:  ,  
L1667:  R. P. 
L1668:  Troiano 
L1669:  ,  
L1670:  H. P. 
L1671:  van der Ploeg 
L1672:  ,  
L1673:  V. 
L1674:  Wari 
L1675:  ,  
L1676:  J. F. 
L1677:  Willumsen 
L1678:  ,  Br. J. Sports Med. 
L1679:  2020 ,  54 ,  1451 . 33239350
L1680: 54 J. S. 
L1681:  Walsh 
L1682:  ,  
L1683:  A. L. 
L1684:  Evans 
L1685:  ,  
L1686:  S. 
L1687:  Bowles 
L1688:  ,  
L1689:  K. E. 
L1690:  Naylor 
L1691:  ,  
L1692:  K. S. 
L1693:  Jones 
L1694:  ,  
L1695:  I. 
L1696:  Schoenmakers 
L1697:  ,  
L1698:  R. M. 
L1699:  Jacques 
L1700:  ,  
L1701:  R. 
L1702:  Eastell 
L1703:  ,  Am. J. Clin. Nutr. 
L1704:  2016 ,  103 ,  1465 . 27169839
L1705: 55 K. S. 
L1706:  Jones 
L1707:  ,  
L1708:  S. 
L1709:  Assar 
L1710:  ,  
L1711:  A. 
L1712:  Prentice 
L1713:  ,  
L1714:  I. 
L1715:  Schoenmakers 
L1716:  ,  Sci. Rep. 
L1717:  2016 ,  6 ,  26795 . 27222109
L1718: 56 A. 
L1719:  Burild 
L1720:  ,  
L1721:  H. L. 
L1722:  Frandsen 
L1723:  ,  
L1724:  M. 
L1725:  Poulsen 
L1726:  ,  
L1727:  J. 
L1728:  Jakobsen 
L1729:  ,  Steroids 
L1730:  2015 ,  98 ,  72 . 25725256
L1731: 57 A. 
L1732:  Didriksen 
L1733:  ,  
L1734:  A. 
L1735:  Burild 
L1736:  ,  
L1737:  J. 
L1738:  Jakobsen 
L1739:  ,  
L1740:  O. M. 
L1741:  Fuskevåg 
L1742:  ,  
L1743:  R. 
L1744:  Jorde 
L1745:  ,  Eur. J. Endocrinol. 
L1746:  2015 ,  172 ,  235 . 25661743
L1747: 58 I. 
L1748:  Martinaityte 
L1749:  ,  
L1750:  E. 
L1751:  Kamycheva 
L1752:  ,  
L1753:  A. 
L1754:  Didriksen 
L1755:  ,  
L1756:  J. 
L1757:  Jakobsen 
L1758:  ,  
L1759:  R. 
L1760:  Jorde 
L1761:  ,  J. Clin. Endocrinol. Metab. 
L1762:  2017 ,  102 ,  3731 . 28973683
L1763: 59 M. A. 
L1764:  Abbas 
L1765:  ,  J. Steroid Biochem. Mol. Biol. 
L1766:  2017 ,  165 ,  369 . 27520301
L1767: 60 S. 
L1768:  Thomas 
L1769:  ,  
L1770:  J. 
L1771:  Reading 
L1772:  ,  
L1773:  R. J. 
L1774:  Shephard 
L1775:  ,  Can. J. Sport Sci. 
L1776:  1992 ,  17 ,  338 . 1330274
L1777: 61 Joint Formulary Committee 
L1778: ,  
L1779: British National Formulary
L1780:  ,  78th ed. ,  2019 .
L1781: 62 W. N. 
L1782:  Schofield 
L1783:  ,  Clin. Nutr. 
L1784:  1985 ,  39 ,  5 .
L1785: 63 J. A. 
L1786:  Betts 
L1787:  ,  
L1788:  D. 
L1789:  Thompson 
L1790:  ,  Med. Sci. Sports Exercise 
L1791:  2012 ,  44 ,  2040 .
L1792: 64 T. 
L1793:  Rantalainen 
L1794:  ,  
L1795:  R. 
L1796:  Nikander 
L1797:  ,  
L1798:  A. 
L1799:  Heinonen 
L1800:  ,  
L1801:  T. 
L1802:  Cervinka 
L1803:  ,  
L1804:  H. 
L1805:  Sievanen 
L1806:  ,  
L1807:  R. M. 
L1808:  Daly 
L1809:  ,  J. Clin. Endocrinol. Metab. 
L1810:  2013 ,  98 ,  2037 . 23616150
L1811: 65 M. 
L1812:  Doube 
L1813:  ,  
L1814:  M. M. 
L1815:  Klosowski 
L1816:  ,  
L1817:  I. 
L1818:  Arganda‐Carreras 
L1819:  ,  
L1820:  F. P. 
L1821:  Cordelières 
L1822:  ,  
L1823:  R. P. 
L1824:  Dougherty 
L1825:  ,  
L1826:  J. S. 
L1827:  Jackson 
L1828:  ,  
L1829:  B. 
L1830:  Schmid 
L1831:  ,  
L1832:  J. R. 
L1833:  Hutchinson 
L1834:  ,  
L1835:  S. J. 
L1836:  Shefelbine 
L1837:  ,  Bone 
L1838:  2010 ,  47 ,  1076 . 20817052
L1839: 66 R. L. 
L1840:  Travers 
L1841:  ,  
L1842:  A. C. 
L1843:  Motta 
L1844:  ,  
L1845:  J. A. 
L1846:  Betts 
L1847:  ,  
L1848:  A. 
L1849:  Bouloumié 
L1850:  ,  
L1851:  D. 
L1852:  Thompson 
L1853:  ,  Int. J. Obes. 
L1854:  2015 ,  39 ,  762 .
L1855: 67 J. 
L1856:  Achten 
L1857:  ,  
L1858:  A. E. 
L1859:  Jeukendrup 
L1860:  ,  Int. J. Sports Med. 
L1861:  2003 ,  24 ,  603 . 14598198
L1862: 68 O. J. 
L1863:  Chrzanowski‐Smith 
L1864:  ,  
L1865:  R. M. 
L1866:  Edinburgh 
L1867:  ,  
L1868:  J. A. 
L1869:  Betts 
L1870:  ,  
L1871:  K. A. 
L1872:  Stokes 
L1873:  ,  
L1874:  J. T. 
L1875:  Gonzalez 
L1876:  ,  Appl. Physiol., Nutr., Metab. 
L1877:  2018 ,  43 ,  1288 . 29852078
L1878: 69 K. N. 
L1879:  Frayn 
L1880:  ,  J. Appl. Physiol. 
L1881:  1983 ,  55 ,  628 . 6618956
L1882: 70 G. 
L1883:  Borg 
L1884:  ,  Med. Sci. Sports Exercise 
L1885:  1973 ,  5 ,  90 .
L1886: 71 J. B. 
L1887:  Gillen 
L1888:  ,  
L1889:  M. E. 
L1890:  Percival 
L1891:  ,  
L1892:  A. 
L1893:  Ludzki 
L1894:  ,  
L1895:  M. A. 
L1896:  Tarnopolsky 
L1897:  ,  
L1898:  M. J. 
L1899:  Gibala 
L1900:  ,  Obesity 
L1901:  2013 ,  21 ,  2249 . 23723099
L1902: 72 M. 
L1903:  Kaufmann 
L1904:  ,  
L1905:  J. C. 
L1906:  Gallagher 
L1907:  ,  
L1908:  M. 
L1909:  Peacock 
L1910:  ,  
L1911:  K.‐P. 
L1912:  Schlingmann 
L1913:  ,  
L1914:  M. 
L1915:  Konrad 
L1916:  ,  
L1917:  H. F. 
L1918:  DeLuca 
L1919:  ,  
L1920:  R. 
L1921:  Sigueiro 
L1922:  ,  
L1923:  B. 
L1924:  Lopez 
L1925:  ,  
L1926:  A. 
L1927:  Mourino 
L1928:  ,  
L1929:  M. 
L1930:  Maestro 
L1931:  ,  
L1932:  R. 
L1933:  St‐Arnaud 
L1934:  ,  
L1935:  J. S. 
L1936:  Finkelstein 
L1937:  ,  
L1938:  D. P. 
L1939:  Cooper 
L1940:  ,  
L1941:  G. 
L1942:  Jones 
L1943:  ,  J. Clin. Endocrinol. Metab. 
L1944:  2014 ,  99 ,  2567 . 24670084
L1945: 73 K. S. 
L1946:  Jones 
L1947:  ,  
L1948:  S. R. 
L1949:  Meadows 
L1950:  ,  
L1951:  I. 
L1952:  Schoenmakers 
L1953:  ,  
L1954:  A. 
L1955:  Prentice 
L1956:  ,  
L1957:  S. E. 
L1958:  Moore 
L1959:  ,  J. Nutr. 
L1960:  2020 ,  150 ,  492 . 31834380
L1961: 74 S. 
L1962:  Assar 
L1963:  ,  
L1964:  I. 
L1965:  Schoenmakers 
L1966:  ,  
L1967:  A. 
L1968:  Koulman 
L1969:  ,  
L1970:  A. 
L1971:  Prentice 
L1972:  ,  
L1973:  K. S. 
L1974:  Jones 
L1975:  ,  Methods Mol. Biol. 
L1976:  2017 ,  1546 ,  257 . 27896775
L1977: 75 S. 
L1978:  Lamble 
L1979:  ,  
L1980:  E. 
L1981:  Batty 
L1982:  ,  
L1983:  M. 
L1984:  Attar 
L1985:  ,  
L1986:  D. 
L1987:  Buck 
L1988:  ,  
L1989:  R. 
L1990:  Bowden 
L1991:  ,  
L1992:  G. 
L1993:  Lunter 
L1994:  ,  
L1995:  D. 
L1996:  Crook 
L1997:  ,  
L1998:  B. 
L1999:  El‐Fahmawi 
L2000:  ,  
L2001:  P. 
L2002:  Piazza 
L2003:  ,  BMC Biotechnol. 
L2004:  2013 ,  13 ,  104 . 24256843
L2005: 76 D. W. 
L2006:  Huang 
L2007:  ,  
L2008:  B. T. 
L2009:  Sherman 
L2010:  ,  
L2011:  R. A. 
L2012:  Lempicki 
L2013:  ,  Nucleic Acids Res. 
L2014:  2009 ,  37 ,  44 .
L2015: 77 D. W. 
L2016:  Huang 
L2017:  ,  
L2018:  B. T. 
L2019:  Sherman 
L2020:  ,  
L2021:  R. A. 
L2022:  Lempicki 
L2023:  ,  Nat. Protoc. 
L2024:  2009 ,  4 ,  44 . 19131956
L2025: 78 A. 
L2026:  Sturn 
L2027:  ,  
L2028:  J. 
L2029:  Quackenbush 
L2030:  ,  
L2031:  Z. 
L2032:  Trajanoski 
L2033:  ,  Bioinformatics 
L2034:  2002 ,  18 ,  207 . 11836235
L2035: 79 D. A. 
L2036:  Hosack 
L2037:  ,  
L2038:  G. 
L2039:  Dennis 
L2040:  ,  
L2041:  B. T. 
L2042:  Sherman 
L2043:  ,  
L2044:  H. C. 
L2045:  Lane 
L2046:  ,  
L2047:  R. A. 
L2048:  Lempicki 
L2049:  ,  Genome Biol. 
L2050:  2003 ,  4 ,  R70 . 14519205
L2051: 80 D. D. 
L2052:  Bikle 
L2053:  ,  
L2054:  E. 
L2055:  Gee 
L2056:  ,  
L2057:  B. 
L2058:  Halloran 
L2059:  ,  
L2060:  M. A 
L2061:  Kowalski 
L2062:  ,  
L2063:  E. 
L2064:  Ryzen 
L2065:  ,  
L2066:  J. G 
L2067:  Haddad 
L2068:  ,  J. Clin. Endocrinol. Metab. 
L2069:  1986 ,  63 ,  954 . 3745408
L2070: 81 D. 
L2071:  Thompson 
L2072:  ,  
L2073:  D. 
L2074:  Markovitch 
L2075:  ,  
L2076:  J. A. 
L2077:  Betts 
L2078:  ,  
L2079:  D. 
L2080:  Mazzatti 
L2081:  ,  
L2082:  J. 
L2083:  Turner 
L2084:  ,  
L2085:  R. M. 
L2086:  Tyrrell 
L2087:  ,  J. Appl. Physiol. 
L2088:  2010 ,  108 ,  769 . 20368384
L2089: 82 R. A. 
L2090:  Parker 
L2091:  ,  
L2092:  C. J. 
L2093:  Weir 
L2094:  ,  Trials 
L2095:  2022 ,  23 ,  27 . 35012627
L2096: 83 J. 
L2097:  Cohen 
L2098:  ,  Statistical Power Analysis for the Behavioral Sciences ,  2nd ed. ,  Lawrence Earlbaum Associates ,  Hillsdale, NJ 
L2099:  1988 .
L2100: Acknowledgements
L2101: The authors thank the participants for their time and dedication to participation in this study. This research was supported by the Biotechnology and Biological Sciences Research Council (BBSRC Research Grant; BB/R018928/1) and by the NIHR Cambridge Biomedical Research Centre (NIHR203312). The views expressed are those of the authors and not necessarily those of the NIHR or the Department of Health and Social Care. For the purpose of open access, the author has applied a Creative Commons Attribution (CC BY) license to any Author Accepted Manuscript version arising from this submission. The authors thank the Oxford Genomics Centre at the Wellcome Centre for Human Genetics (funded by Wellcome Trust grant reference 203141/A/16/Z) for the generation and initial processing of the sequencing data.
[37ms]

