L1: Effects of Exercise Alone or Combined With Cognitive Training and Vitamin D Supplementation to Improve Cognition in Adults With Mild Cognitive Impairment
L2: JAMA Network Open (2023)
L3: Manuel Montero-Odasso, Guangyong Zou, Mark Speechley, Quincy J. Almeida, Teresa Liu-Ambrose, Laura E. Middleton, Richard Camicioli, Nick W. Bray, Karen Z. H. Li, Sarah Fraser, Frederico Pieruccini-Faria, Nicolas Berryman, Maxime Lussier, J. Kevin Shoemaker, Surim Son, Louis Bherer
L4: 1 Gait and Brain Lab, Parkwood Institute, Lawson Health Research Institute, London, Ontario, Canada
L5: 2 Department of Medicine, Division of Geriatric, Schulich School of Medicine and Dentistry, University of Western Ontario, London, Ontario, Canada
L6: 3 Department of Epidemiology and Biostatistics, Schulich School of Medicine & Dentistry, University of Western Ontario, London, Ontario, Canada
L7: 4 Robarts Research Institute, University of Western Ontario, London, Ontario, Canada
L8: 5 Carespace Health & Wellness, Waterloo, Ontario, Canada
L9: 6 Movement Disorders Research & Rehabilitation Centre, Department of Kinesiology and Physical Education, Wilfrid Laurier University, Waterloo, Ontario, Canada
L10: 7 Department of Physical Therapy, University of British Columbia, Vancouver, British Columbia, Canada
L11: 8 Department of Kinesiology and Health Sciences, University of Waterloo, Waterloo, Ontario, Canada
L12: 9 Department of Medicine, Division of Neurology, University of Alberta, Edmonton, Alberta, Canada
L13: 10 School of Kinesiology, Faculty of Health Sciences, University of Western Ontario, London, Ontario, Canada
L14: 11 PERFORM Centre and Department of Psychology, Concordia University, Montréal, Quebec, Canada
L15: 12 Faculty of Health Sciences, Interdisciplinary School of Health Sciences, University of Ottawa, Ontario, Canada
L16: 13 Département des sciences de l’activité physique Université du Québec à Montréal, Montréal, Quebec, Canada
L17: 14 Research Centre, Institut Universitaire de Gériatrie de Montréal, Montréal, Quebec, Canada
L18: 15 Integrated Health and Social Services University Network for South-Central Montreal, Montreal, Quebec, Canada
L19: 16 Research Centre, Montreal Heart Institute, and Department of Medicine, University of Montréal, Montréal, Quebec, Canada
L20: Question
L21: Does a multidomain intervention of aerobic-resistance exercises with cognitive training and vitamin D improve cognition in older adults with mild cognitive impairment?
L22: Findings
L23: In this randomized clinical trial including 175 Canadian adults aged 65 to 84 years, a 20-week multidomain intervention of aerobic-resistance exercises with computerized cognitive training had a larger effect in improving cognition than exercise interventions alone, and these improvements were maintained at 12-month follow-up. Vitamin D addition did not enhance the effect.
L24: Meaning
L25: These findings suggest that pairing aerobic and resistance exercises with sequential computerized cognitive training may improve cognition in older adults with mild cognitive impairment.
L26: Research; Original Investigation; Online Only; Geriatrics
L27: Introduction
L28: Over 50 million worldwide lived with dementia in 2021, with associated costs exceeding $800 billion US. 1  There is no cure for dementia, but there has been a fundamental shift to target those at risk using nonpharmacological and lifestyle interventions to improve cognition and potentially delay dementia onset. 2 , 3  Mild cognitive impairment (MCI) is an intermediate state between normal cognitive aging and early dementia, the optimal period to intervene with preventive strategies and early treatments. 4
L29: Both aerobic exercise and resistance training have been demonstrated to improve cognition in older adults, although the benefits of combining these 2 modalities are unclear. 5  Computer-based cognitive training also improves cognition in older adults through the repeated engagement of cognitive processes using challenging and preferably adaptive tasks. 6  Furthermore, vitamin D in addition to exercise and cognitive training has been argued to enhance cognition due to its neuroprotective attributes. 7  Thus, providing these interventions together, as a multidomain treatment, has the potential to delay progression from MCI to dementia. 8 , 9
L30: Previous multidomain intervention trials in healthy older adults have demonstrated primary efficacy in improving cognition, as in the FINGER (Finnish Geriatric Intervention Study to Prevent Cognitive Impairment and Disability) trial, 10  and post hoc analyses of specific higher-risk subgroups in the MAPT (Multidomain Alzheimer Preventive Trial) 11  and PREDIVA (Prevention of Dementia by Intensive Vascular Care) trials. 12  However, the effect of multidomain interventions in cognitively impaired populations remains elusive. The recent MEDEX (Mindfulness-Based Stress Reduction, Health Education and Exercise) factorial trial failed to show an effect of combining mindfulness training and exercise to improve cognition in older adults with subjective cognitive concerns. 13  In MCI populations, multidomain trials coupling exercise with other interventions have shown mixed results. 14  In particular, 2 previous randomized factorial trials demonstrated that combining exercise with cognitive training was less effective than exercises alone in improving cognition. 15 , 16  Similarly, the sustainability of any cognitive improvements following interventions have not yet been established. The SYNERGIC Trial 17  (Synchronizing Exercises, Remedies in Gait and Cognition) was conducted to evaluate the cognitive benefits of an aerobic-resistance exercise regime, alone or in addition to computer-based cognitive training, and vitamin D supplementation in older adults with MCI.
L31: Methods
L32: Study Design
L33: The SYNERGIC Trial was a double-masked, randomized trial with a fractional factorial design to evaluate the effect of 20-week multidomain interventions on cognition in older adults with MCI (protocol available in  Supplement 1 ). Assessments occurred at baseline, postintervention (month 6), and follow-up (month 12). The trial was conducted at 5 Canadian academic institutions (Western University [sponsor site], University of Waterloo, Wilfrid Laurier University, University of Montreal, and University of British Columbia). Ethics approval was provided by each institution’s review boards. All participants provided written informed consent. SYNERGIC adhered to the Consolidated Standards of Reporting Trials Extension ( CONSORT Extension ) reporting guidelines, as extended to nonpharmacologic interventions. 18
L34: Participants
L35: Participants were aged 60 to 85 years, recruited from the community, who fulfilled MCI criteria 19 : (1) subjective cognitive concerns; (2) objective cognitive impairment in memory, executive function, attention, and/or language; (3) preserved activities of daily living; and (4) absence of dementia (eMethods in  Supplement 2 ). Exclusion included major depression, schizophrenia, substance abuse, parkinsonism, conditions affecting gait (eg, severe osteoarthritis, previous stroke), exercise program participation, and taking vitamin D doses greater than 1000 IU per day, cognitive enhancers, or anticholinergics. Ethnicity of participants was assessed using the CCNA ethnicity questionnaire, to characterize minority representation in our study. Full eligibility criteria are detailed in our protocol 17  ( Supplement 1 ).
L36: Randomization and Masking
L37: Participants were randomly assigned into arms in a 1:1:1:1:1 ratio using a central computer-generated random number sequence in blocks of 5: arm 1 (aerobic-resistance exercise, cognitive training, and vitamin D); arm 2 (exercise, cognitive training, and placebo vitamin D); arm 3 (exercise, sham cognitive training, and vitamin D); arm 4 (exercise, sham cognitive training, and placebo vitamin D); and arm 5 (balance and toning exercise, sham cognitive training, and placebo vitamin D). A research pharmacist assigned vitamin D or placebo capsules as kits in compliance with the randomization list(s).
L38: Arm allocation was not disclosed to participants, who were asked not to discuss the intervention during training sessions. Outcome assessors were masked to allocation and not involved in the interventions.
L39: Procedures
L40: Participants in all 5 study arms completed group-training sessions 3 times per week for 20 weeks. Each session lasted 90 minutes and included 30 minutes of cognitive training (active or sham), followed by 60 minutes of aerobic-resistance or the control exercise (balance and toning). All participants received a capsule of vitamin D (a 10 000 IU dose) or matching placebo 3 times per week for 20 weeks.
L41: Participants performed cognitive training (Neuropeak; detailed description in eMethods in  Supplement 2 ) or sham cognitive training on a computerized tablet (Apple). Neuropeak delivered 2 visuomotor tasks targeting working memory and attention separately and concurrently. Level of difficulty increased over time, and participants received individually tailored continuous feedback on performance. 20  Sham cognitive training included alternating between 2 tasks (touristic search and video watching) with the same time exposure as the intervention training.
L42: The supervised progressive exercise program combined aerobic and resistance training based on exercise prescription for older adults (eMethods in  Supplement 2 ). 21  Exercise progress and intensity were monitored using the Borg Rating of Perceived Exertion. 22  Control exercises included stretching, balance, and toning exercises that did not progress in volume or intensity. Exercise groups had approximately a trainer-to-participants ratio of 1:4. To maximize intervention fidelity, all trainers followed the same manual of procedures and met biweekly to review progress. Participants attended at least 85% of sessions and were followed up by telephone if absent.
L43: Outcomes
L44: Change (baseline to postintervention) in cognitive function was assessed using 2 primary outcomes, the Alzheimer Disease Assessment Scale Cognitive 13 (ADAS-Cog-13) and the Plus variant. 23  The ADAS-Cog-13 consists of 13 cognitive tests assessing various cognitive domains, while the Plus variant is considered more sensitive to executive function by incorporating 5 additional tests (eMethods in  Supplement 2 ). Scores range from 0 to 85, with higher scores indicating worse cognition. ADAS-Cog-13 is recommended as a robust primary outcome in MCI trials for its responsiveness. 23  However, the rationale for including the Plus variant relates to previous studies demonstrating that exercise may exert greater effects on executive function than other cognitive domains. 24  Significant improvements in either ADAS-Cog-13 or the Plus variant at month 6 was considered proof of efficacy. 25 , 26  Individual ADAS-Cog-13 and Plus items were analyzed as secondary cognitive outcomes (statistical analysis plan in  Supplement 1 ).
L45: Sample Size Calculation
L46: Assuming the primary outcome data follow approximately a normal distribution, a trial with 1:4 ratio (control:exercise arms) would require 170 participants to detect an effect size of 0.54 with 80% power at a 2-sided, 5% significance level. This sample size was inflated to 200 (40 per arm) to account for potential attrition of 15%.
L47: Statistical Analysis
L48: Following the intention-to-treat principle, all randomized individuals were included in the primary analysis ( Figure 1 ; statistical analysis plan available in  Supplement 1 ). Outcomes were analyzed using a linear mixed model approach with repeated measures. 27  Models were fitted with participant-specific random intercept and fixed effects of time, intervention arm, and time-by-intervention-arm interaction, and adjusted for age, sex, education, and comorbidities.
L49: Figure 1. SYNERGIC Trial Consortium Flowchart MCI indicates mild cognitive impairment.
L50: Between-arms comparisons followed our protocol and statistical analysis plan, which aligns with the recommended analysis and reporting of factorial trials. 28 , 29  For comparisons, what have been described as “inside the table” analyses were employed to compare each intervention arm with the control arm (arm 5), while “at the margin” analyses were conducted by pooling arms in prespecified combinations to examine potential synergism. Participants that received both exercise and cognitive intervention (arms 1 and 2) and participants that received exercise but sham cognitive intervention (arms 3 and 4) were compared with the control (arm 5). To facilitate the interpretation of treatment effects on primary and secondary outcomes, we calculated effect sizes, defined as differences divided by standard deviation, 30  and the proportion of participants with a clinically significant improvement in primary outcomes.
L51: The durability of the intervention effect from baseline and postintervention to follow-up (month 12) was assessed for primary and secondary outcomes using linear mixed models with all 3 time points.
L52: Adjustments for multi-arm comparisons were not made as the trial is intended to compare the intervention effect with the control rather than pairwise, and no adjustments for having 2 primary outcomes were executed. 31  Interpretation of statistical tests were based on a 2-sided 5% significance level. All analyses were conducted in SPSS version 23.0 (SPSS Inc) and R version 3.5.1 (R Project for Statistical Computing).
L53: Results
L54: Of 853 individuals screened for eligibility, 175 (20%) were randomized (mean [SD] age, 73.1 [6.6] years; 86 [49.1%] female; 79 [83.2%] White). Cognitive assessment revealed a mean (SD) Montreal Cognitive Assessment (MoCA) score of 22.6 (3.2), ADAS-Cog-13 of 15.2 (6.8), and global Clinical Dementia Rating (CDR) of 0.4 (0.2) ( Table 1 ). Baseline characteristics were similar across the intervention arms, except that arm 5 (control) participants had 1.8 more years of education than the full sample mean (17.2 [4.9] years vs 15.4 [3.7] years).
L55: Table 1. Baseline Characteristics of Participants
L56: Thirty-four participants were randomized to arm 1 (exercise, cognitive training, and vitamin D), 35 to arm 2 (exercise, cognitive training, and placebo vitamin D), 37 to arm 3 (exercise, sham cognitive training, and vitamin D), 35 to arm 4 (exercise, sham cognitive training, and placebo vitamin D), and 34 to arm 5 (balance and toning exercise, sham cognitive training, and placebo vitamin D) ( Figure 1 ). Overall, 31 (18%) participants withdrew during the intervention with medical complications (13 participants) unrelated to the intervention or COVID-19 restrictions ( Figure 1 ; eTable 1 in  Supplement 2 ). Six participants could not complete the 12-month follow-up assessments due to COVID-19 restrictions.
L57: Primary Outcome
L58: In alignment with our design, a planned marginal analysis to test different orders of interactions was employed. Compared with control (arm 5) and regardless of the addition of cognitive training or vitamin D, ADAS-Cog-13 scores improved significantly in participants that received the exercise regime (arms 1 through 4: mean difference, 1.79 points; 95% CI, −3.27 to −0.31 points;  P  = .02;  d  = 0.64) ( Table 2 ). Compared with the participants that received only the exercise regime (arms 3 and 4), those who received both exercise regime and cognitive training (arms 1 and 2) had significant ADAS-Cog-13 improvements (mean difference, −1.45 points; 95% CI, −2.70 to −0.21 points;  P  = .02;  d  = 0.39), but no significant effect of adding vitamin D to the exercise regime was found ( Table 2 ).
L59: Table 2. Effect of Exercise (Aerobic-Resistance Training) Intervention With Addition of Cognitive Training and Vitamin D at 6-Month End Point
L60: The exercise regime with cognitive training (arms 1 and 2) significantly improved the ADAS-Cog-13 compared with the control (mean difference, −2.52 points; 95% CI, −4.09 to −0.94 points;  P  = .002;  d  = 0.67) ( Figure 2 ). The difference between the exercise regime (arms 3 and 4) and the control (arm 5) on ADAS-Cog-13 was not statistically significant ( Table 3 ). Results remained unchanged after adjustment for covariates (eTable 2 in  Supplement 4 ).
L61: Figure 2. Change in ADAS-Cog-13 Scores During the 6-Month Intervention Scores above zero indicate a decline in cognitive performance; scores below zero indicate improved cognitive performance; error bars, standard errors.  P  values are compared with the control. Arm 1: aerobic-resistance exercise, cognitive training, vitamin D; arm 2: aerobic-resistance exercise, cognitive training, placebo vitamin D; arm 3: aerobic-resistance exercise, sham cognitive training, and vitamin D; arm 4: aerobic-resistance exercise, sham cognitive training, and placebo vitamin D; arm 5: balance and toning exercise, sham cognitive training, and placebo vitamin D.
L62: Table 3. Effect of Exercise (Aerobic-Resistance Training) and Cognitive Intervention and Exercise Alone at 6-Month End Point
L63: Inside the table analyses showed a significant ADAS-Cog-13 improvement in arm 1 (exercise, cognitive training, and vitamin D: mean change, −2.64 points; 95% CI, −4.42 to −0.87 points;  P  = .005;  d  = 0.71) and arm 2 (exercise, cognitive training, and placebo vitamin D: mean change, −2.39 points; 95% CI, −4.20 to −0.57 points;  P  = .01;  d  = 0.63) compared with control (arm 5; eTable 3 in  Supplement 4 ). The estimated mean (SE) change from baseline to post-intervention was −2.41 (0.67) in arm 1, −2.16 (0.65) in arm 2, and 0.23 (0.67) in arm 5 (control). There were no significant improvements in ADAS-Cog-13 scores from baseline in arm 3 (exercise, sham cognitive training, and vitamin D) and arm 4 (exercise, sham cognitive training, and placebo vitamin D) compared with control. Adjusting for covariates did not change the results (eTable 4 in  Supplement 2 ).
L64: Clinically significant improvement in ADAS-Cog-13 (3 points or more) was observed for 44% of participants in arm 1, 37% in arm 2, 14% in arm 3, 24% in arm 4, and 15% in arm 5 (eTable 5 in  Supplement 2 ). Per-protocol analysis did not alter our results (eTables 6 through 8 in  Supplement 2 ).
L65: No significant improvement in the ADAS-Cog-Plus scores across the intervention arms compared with the control (arm 5) was identified ( Table 2  and  3 ). Post hoc analyses of the ADAS-Cog-Plus without the verbal fluency test (keeping the 4 executive function tests that create the ADAS-Cog-Plus variant) revealed a significant improvement for arm 1, the multidomain intervention (eTables 9 and 10 in  Supplement 2 ).
L66: Follow-Up Analyses
L67: ADAS-Cog-13 scores improved from baseline to 12-month follow-up across all intervention arms. The improvements observed at postintervention remained during follow-up for arm 2 (exercise, cognitive training, and placebo vitamin D) and arm 3 (exercise, sham cognitive training, and vitamin D), but were slightly deteriorated in arm 1 (exercise, cognitive training, and vitamin D) and arm 4 (exercise, sham cognitive training, and placebo vitamin D), although none of the follow-up analyses were statistically significant (eTables 11 and 12, eFigures 1 and 2 in  Supplement 2 ). Exercises and physical activity levels were not maintained during the 6-month follow-up (eTable 13 in  Supplement 2 ).
L68: Secondary Outcomes
L69: The interventions effect on individual ADAS-Cog items are shown in  Tables 2  and  3 . A significant improvement was observed for delayed recall (mean difference: arm 2 vs 5, −0.99 points; 95% CI, −1.99 to −0.09 points), orientation (arm 1 vs 5, −0.57 points; 95% CI, −1.05 to −0.10 points; arm 2 vs 5, −0.61 points; 95% CI, −1.09 to −0.13 points), word recognition (arm 1 vs 5, −1.33 points; 95% CI, −2.32 to −0.36 points), and TMT-A (arm 1 vs 5, −11.25 points; 95% CI, −19.02 to −3.49 points).
L70: Adherence and Adverse Events
L71: There were no group differences in the median training duration. Adherence to exercise regimes, cognitive training, and their respective control conditions, were equivalent across the 5 arms (87%). A total of 52 adverse events were reported (2 minor strokes, 1 hip fracture, 24 musculoskeletal pain, 6 falls, 4 numbness, 3 dizziness, and 11 others) but they were not intervention related (eTable 14 in  Supplement 2 ).
L72: Discussion
L73: The primary objective of the SYNERGIC Trial was to evaluate the effect of a multidomain intervention (combination of progressive exercise with cognitive training and vitamin D supplementation) on cognition compared with both an active control and exercise alone in older adults with MCI. Exercise with cognitive training significantly improved ADAS-Cog-13 scores, driven by improvements in episodic memory, attention, and orientation. Exercise alone did not improve cognition, nor did adding vitamin D. ADAS-Cog-Plus did not improve with any of the interventions. Compared with our multidomain interventions, the control arm revealed a slight decline in cognition, suggesting that balance and toning exercises may not sustain cognitive function in MCI individuals. Cognitive improvements observed in the ADAS-Cog-13 immediately after the intervention were slightly attenuated at 12-month assessment but they did not revert to baseline scores, suggesting a lasting effect even without participants engaging in exercise regimes during the follow-up period. Finally, our multidomain intervention achieved high compliance and adherence, and was safe and feasible to perform in older adults with MCI.
L74: A 2.64-point improvement in the ADAS-Cog-13 for the multidomain intervention is larger than changes seen in previous pharmaceutical trials among individuals with MCI or mild dementia, 32  and approaches the 3 points considered clinically meaningful. 33  Together with the moderate-to-large effect size (0.71) found, our results support a beneficial cognitive effect from this multidomain intervention.
L75: The lack of significant effect on the ADAS-Cog-Plus was against our hypotheses. Changes for arms 1 and 2 (exercise plus cognitive training) were in the expected direction, which prompted us to conduct exploratory analyses to evaluate whether adding items to the ADAS-Cog-13 may have reduced its responsiveness to our interventions. These post hoc analyses revealed that the ADAS-Cog-Plus variant without the verbal category fluency item (just adding 4 out of 5 plus items to the ADAS-Cog-13) was sensitive in detecting significant improvements for our multidomain intervention. Adding items to a composite measure would increase its sensitivity only to the extent that it may improve the mean-to-SD ratio of change over the course of the study. In other words, the optimal composite maximizes the signal and minimizes the noise. Adding the category fluency may have reduced the responsiveness of the Plus variant to our intervention because exercise and dual-task cognitive training interventions typically show greatest effects on measures of attention and pure executive function rather than on verbal fluency. 24 , 35
L76: Our results align with a 2022 meta-analysis 14  showing a significant effect of multidomain interventions in MCI for improving global cognition, executive function, and episodic memory. Interestingly, only 7 of the 28 trials included in the meta-analysis combined aerobic-resistance exercise with cognitive training and none of them showed that the multidomain intervention has a larger effect than exercise alone. Our trial is to our knowledge the first to show a greater effect of a multidomain intervention over exercise alone. The lack of cognitive improvements in previous MCI multidomain interventional trials could be related to the substantial heterogeneity among intervention protocols, as well as a lack of meaningful exercise progression.
L77: The lack of improvement with vitamin D may be related to normal-high serum values (greater than 70 nmol/L) in our participants at enrollment, whereas benefits of vitamin D supplementation may only occur in the presence of severe 25-hydroxyvitamin D deficiency (below 30 nmol/L). 35  We could not perform a subanalysis by deficiency status as only 4 participants were severely deficient, but this should be a target for future research since vitamin D deficiency is associated with impaired executive function and progression to dementia. 34
L78: Exercise training cessation may induce detraining effects, 36  but maintenance of cognitive improvements was reported in short follow-ups. 37  In this trial, ADAS-Cog-13 improvements diminished slightly at 12-month follow-up but did not revert to baseline levels for arms 1, 2, and 3. Such findings suggest potential maintenance of the cognitive improvements up to 6-month postintervention for exercise with cognitive training or vitamin D.
L79: Strengths and Limitations
L80: Strengths of our trial included the selection of a fractional factorial design to test the sparsity-of-effects principle and, therefore, expose interaction effects over low-order interactions, such as the effect of vitamin D. Additional strengths were the use of a primary outcome sensitive to cognitive changes in MCI, 23  the systematic progression of exercise and cognitive training, and targeting a population considered to be at the ideal intervention stage; this may explain the large effect size found when comparing our intervention with previous multidomain trials not targeting MCI. 10 , 12
L81: Our trial had several limitations. The early termination imposed by COVID-19 pandemic restrictions impeded us from reaching our target sample size and provoked dropouts in those already enrolled, which likely affected our power to find a statically significant effect, for instance, for the exercise intervention alone. Most participants were vitamin D sufficient at baseline, which may have reduced any potential effect of the vitamin D intervention. Additionally, our sample was largely White and with postsecondary education, which reduces the generalizability of our results. Finally, we did not adjust our analyses for having 2 primary end points, which may have increased our type I error.
L82: Conclusions
L83: The SYNERGIC Trial demonstrated that a multidomain intervention of progressive aerobic-resistance exercises with sequential cognitive training can improve global cognition, including memory, attention, word recognition, and orientation in older adults with MCI, as measured by one of our primary outcomes, the ADAS-Cog-13. The multidomain intervention effect was larger than the improvement from exercise alone. Vitamin D supplementation had no significant benefit. Our findings suggest that this multidomain intervention could induce a clinically meaningful cognitive improvement in individuals with MCI, which may have important implications for their quality of life.
L84: Supplement 1. Trial Protocol, Statistical Analysis Plan, and Trial Protocol Amendments
L85: Supplement 2. eMethods.
L86:  eTable 1.  Details of the Participants Who Were Withdrawn From the SYNERGIC Trial Due to Medical Reasons eTable 2.  The Effect of Exercise, With (Arm 1+2) and Without (Arm 3+4) Cognitive Intervention on ADAS-Cog 13 Scores at 6-Month End Point, Compared With Control (Arm 5), and Adjusted for Age, Sex, Education, and Comorbidities eTable 3.  Within-Group and Between-Group Intervention Effect Across 5 Intervention Arms at 6-Month End Point eTable 4.  Within-Group and Between-Group Intervention Effect Across 5 Intervention Arms at 6-Month End Point, Adjusted for Age, Sex, Education, and Comorbidities eTable 5.  Number of Participants With Improvement in ADAS-Cog-13 and Plus Variant at 6 Months by Intervention Arm eTable 6.  Per-Protocol Analysis of the Effect of Within-Group and Between-Group Intervention Across 5 Intervention Arms at 6-Month End Point eTable 7.  Per-Protocol Analysis for the Effect of Exercise Intervention With Addition of Cognitive Training and Vitamin D at 6-Month End Point eTable 8.  Per-Protocol Analysis for the Effect of Exercise and Cognitive Intervention and Exercise Alone at 6-Month End Point eTable 9.  The Effect of Intervention on ADAS-Cog-Plus Scores at 6-Month End Point Calculated by Cumulatively Adding Individual Plus Items eTable 10.  The Effect of Exercise, With (Arm 1+2) and Without (Arm 3+4) Cognitive Intervention on ADAS-Cog-Plus Scores at 6-Month End Point Compared With Control (Arm 5), Calculated by Cumulatively Adding Individual Plus Items eTable 11.  Change in ADAS-Cog-13 and ADAS-Cog-Plus at 12-Month Follow-up eFigure 1.  Change in ADAS-Cog-13 Scores From Baseline to 12 Months Across 5 Arms eTable 12.  The Effect of Exercise, With (Arm 1+2) and Without (Arm 3+4) Cognitive Intervention at 12-Month Follow-up, Compared With Control (Arm 5) Using “At the Margin” Analysis eFigure 2.  Change in ADAS-Cog-13 Scores From Baseline to 12 Months eTable 13.  Exercise and Physical Activity Level Reported at Month 12 eTable 14.  Self-Reported Adverse Events and Health Care Follow-up Diagnosis During the Study 
L87: eReferences.
L88: Supplement 3. Nonauthor Collaborators
L89: Supplement 4. Data Sharing Statement
L90: 1 2023 Alzheimer’s disease facts and figures .  Alzheimers Dement .  2023 ; 19 ( 4 ): 1598 - 1695 . doi: 10.1002/alz.13016 36918389
L91: 2 Livingston 
L92:  G ,  Huntley 
L93:  J ,  Sommerlad 
L94:  A ,  .  Dementia prevention, intervention, and care: 2020 report of the Lancet Commission .  Lancet .  2020 ; 396 ( 10248 ): 413 - 446 . doi: 10.1016/S0140-6736(20)30367-6 32738937
L95: 3 Montero-Odasso 
L96:  M ,  Ismail 
L97:  Z ,  Livingston 
L98:  G .  One third of dementia cases can be prevented within the next 25 years by tackling risk factors—the case “for” and “against” .  Alzheimers Res Ther .  2020 ; 12 ( 1 ): 81 . doi: 10.1186/s13195-020-00646-x 32641088
L99: 4 Petersen 
L100:  RC .  Clinical practice—mild cognitive impairment .  N Engl J Med .  2011 ; 364 ( 23 ): 2227 - 2234 . doi: 10.1056/NEJMcp0910237 21651394
L101: 5 Northey 
L102:  JM ,  Cherbuin 
L103:  N ,  Pumpa 
L104:  KL ,  Smee 
L105:  DJ ,  Rattray 
L106:  B .  Exercise interventions for cognitive function in adults older than 50: a systematic review with meta-analysis .  Br J Sports Med .  2018 ; 52 ( 3 ): 154 - 160 . doi: 10.1136/bjsports-2016-096587 28438770
L107: 6 van Balkom 
L108:  TD ,  van den Heuvel 
L109:  OA ,  Berendse 
L110:  HW ,  van der Werf 
L111:  YD ,  Vriend 
L112:  C .  The effects of cognitive training on brain network activity and connectivity in aging and neurodegenerative diseases: a systematic review .  Neuropsychol Rev .  2020 ; 30 ( 2 ): 267 - 286 . doi: 10.1007/s11065-020-09440-w 32529356
L113: 7 Morley 
L114:  JE .  Dementia: does vitamin D modulate cognition? 
L115:  Nat Rev Neurol .  2014 ; 10 ( 11 ): 613 - 614 . doi: 10.1038/nrneurol.2014.193 25330725
L116: 8 Montero-Odasso 
L117:  M ,  Zou 
L118:  GY ,  Kamkar 
L119:  N ,  .  Multidomain trials to prevent dementia: addressing methodological challenges .  Alzheimers Res Ther .  2022 ; 14 ( 1 ): 94 . doi: 10.1186/s13195-022-01036-1 35820915
L120: 9 Kivipelto 
L121:  M ,  Mangialasche 
L122:  F ,  Ngandu 
L123:  T ;  World Wide Fingers Network .  World Wide Fingers will advance dementia prevention .  Lancet Neurol .  2018 ; 17 ( 1 ): 27 . doi: 10.1016/S1474-4422(17)30431-3 29263003
L124: 10 Ngandu 
L125:  T ,  Lehtisalo 
L126:  J ,  Solomon 
L127:  A ,  .  A 2 year multidomain intervention of diet, exercise, cognitive training, and vascular risk monitoring versus control to prevent cognitive decline in at-risk elderly people (FINGER): a randomised controlled trial .  Lancet .  2015 ; 385 ( 9984 ): 2255 - 2263 . doi: 10.1016/S0140-6736(15)60461-5 25771249
L128: 11 Andrieu 
L129:  S ,  Guyonnet 
L130:  S ,  Coley 
L131:  N ,  ;  MAPT Study Group .  Effect of long-term omega 3 polyunsaturated fatty acid supplementation with or without multidomain intervention on cognitive function in elderly adults with memory complaints (MAPT): a randomised, placebo-controlled trial .  Lancet Neurol .  2017 ; 16 ( 5 ): 377 - 389 . doi: 10.1016/S1474-4422(17)30040-6 28359749
L132: 12 Moll van Charante 
L133:  EP ,  Richard 
L134:  E ,  Eurelings 
L135:  LS ,  .  Effectiveness of a 6-year multidomain vascular care intervention to prevent dementia (preDIVA): a cluster-randomised controlled trial .  Lancet .  2016 ; 388 ( 10046 ): 797 - 805 . doi: 10.1016/S0140-6736(16)30950-3 27474376
L136: 13 Lenze 
L137:  EJ ,  Voegtle 
L138:  M ,  Miller 
L139:  JP ,  .  Effects of mindfulness training and exercise on cognitive function in older adults: a randomized clinical trial .  JAMA .  2022 ; 328 ( 22 ): 2218 - 2229 . doi: 10.1001/jama.2022.21680 36511926
L140: 14 Salzman 
L141:  T ,  Sarquis-Adamson 
L142:  Y ,  Son 
L143:  S ,  Montero-Odasso 
L144:  M ,  Fraser 
L145:  S .  Associations of multidomain interventions with improvements in cognition in mild cognitive impairment: a systematic review and meta-analysis .  JAMA Netw Open .  2022 ; 5 ( 5 ): e226744 . doi: 10.1001/jamanetworkopen.2022.6744 35503222
L146: 15 Barnes 
L147:  DE ,  Santos-Modesitt 
L148:  W ,  Poelke 
L149:  G ,  .  The Mental Activity and eXercise (MAX) trial: a randomized controlled trial to enhance cognitive function in older adults .  JAMA Intern Med .  2013 ; 173 ( 9 ): 797 - 804 . doi: 10.1001/jamainternmed.2013.189 23545598
L150: 16 Fiatarone Singh 
L151:  MA ,  Gates 
L152:  N ,  Saigal 
L153:  N ,  .  The Study of Mental and Resistance Training (SMART) study—resistance training and/or cognitive training in mild cognitive impairment: a randomized, double-blind, double-sham controlled trial .  J Am Med Dir Assoc .  2014 ; 15 ( 12 ): 873 - 880 . doi: 10.1016/j.jamda.2014.09.010 25444575
L154: 17 Montero-Odasso 
L155:  M ,  Almeida 
L156:  QJ ,  Burhan 
L157:  AM ,  .  SYNERGIC TRIAL (SYNchronizing Exercises, Remedies in Gait and Cognition) a multi-centre randomized controlled double blind trial to improve gait and cognition in mild cognitive impairment .  BMC Geriatr .  2018 ; 18 ( 1 ): 93 . doi: 10.1186/s12877-018-0782-7 29661156
L158: 18 Boutron 
L159:  I ,  Moher 
L160:  D ,  Altman 
L161:  DG ,  Schulz 
L162:  KF ,  Ravaud 
L163:  P ;  CONSORT Group .  Extending the CONSORT statement to randomized trials of nonpharmacologic treatment: explanation and elaboration .  Ann Intern Med .  2008 ; 148 ( 4 ): 295 - 309 . doi: 10.7326/0003-4819-148-4-200802190-00008 18283207
L164: 19 Albert 
L165:  MS ,  DeKosky 
L166:  ST ,  Dickson 
L167:  D ,  .  The diagnosis of mild cognitive impairment due to Alzheimer’s disease: recommendations from the National Institute on Aging-Alzheimer’s Association workgroups on diagnostic guidelines for Alzheimer’s disease .  Alzheimers Dement .  2011 ; 7 ( 3 ): 270 - 279 . doi: 10.1016/j.jalz.2011.03.008 21514249
L168: 20 Lussier 
L169:  M ,  Bugaiska 
L170:  A ,  Bherer 
L171:  L .  Specific transfer effects following variable priority dual-task training in older adults .  Restor Neurol Neurosci .  2017 ; 35 ( 2 ): 237 - 250 . doi: 10.3233/RNN-150581 27372514
L172: 21 Pescatello 
L173:  L .  ACSM’s guidelines for exercise testing and prescription .  9th ed .  Wolters Kluwer/Lippincott Williams & Wilkins Health ;  2014 .
L174: 22 Borg 
L175:  GA .  Psychophysical bases of perceived exertion .  Med Sci Sports Exerc .  1982 ; 14 ( 5 ): 377 - 381 . doi: 10.1249/00005768-198205000-00012 7154893
L176: 23 Kueper 
L177:  JK ,  Speechley 
L178:  M ,  Montero-Odasso 
L179:  M .  The Alzheimer’s Disease Assessment Scale-Cognitive Subscale (ADAS-Cog): Modifications and Responsiveness in Pre-Dementia Populations—a narrative review .  J Alzheimers Dis .  2018 ; 63 ( 2 ): 423 - 444 . doi: 10.3233/JAD-170991 29660938
L180: 24 Liu-Ambrose 
L181:  T ,  Falck 
L182:  RS ,  Dao 
L183:  E ,  .  Effect of exercise training or complex mental and social activities on cognitive function in adults with chronic stroke: a randomized clinical trial .  JAMA Netw Open .  2022 ; 5 ( 10 ): e2236510 . doi: 10.1001/jamanetworkopen.2022.36510 36227593
L184: 25 Crane 
L185:  PK ,  Carle 
L186:  A ,  Gibbons 
L187:  LE ,  ;  Alzheimer’s Disease Neuroimaging Initiative .  Development and assessment of a composite score for memory in the Alzheimer’s Disease Neuroimaging Initiative (ADNI) .  Brain Imaging Behav .  2012 ; 6 ( 4 ): 502 - 516 . doi: 10.1007/s11682-012-9186-z 22782295
L188: 26 Skinner 
L189:  J ,  Carvalho 
L190:  JO ,  Potter 
L191:  GG ,  ;  Alzheimer’s Disease Neuroimaging Initiative .  The Alzheimer’s Disease Assessment Scale-Cognitive-Plus (ADAS-Cog-Plus): an expansion of the ADAS-Cog to improve responsiveness in MCI .  Brain Imaging Behav .  2012 ; 6 ( 4 ): 489 - 501 . doi: 10.1007/s11682-012-9166-3 22614326
L192: 27 Mallinckrod 
L193:  C ,  Lane 
L194:  P ,  Schnell 
L195:  D ,  Peng 
L196:  Y ,  Mancuso 
L197:  J .  Recommendations for the primary analysis of continuous endpoints in longitudinal clinical trials .  Ther Innov Regul Sci .  2008 ; 42 ( 4 ): 303 - 319 . doi: 10.1177/009286150804200402
L198: 28 Chakraborty 
L199:  B ,  Collins 
L200:  LM ,  Strecher 
L201:  VJ ,  Murphy 
L202:  SA .  Developing multicomponent interventions using fractional factorial designs .  Stat Med .  2009 ; 28 ( 21 ): 2687 - 2708 . doi: 10.1002/sim.3643 19575485
L203: 29 McAlister 
L204:  FA ,  Straus 
L205:  SE ,  Sackett 
L206:  DL ,  Altman 
L207:  DG .  Analysis and reporting of factorial trials: a systematic review .  JAMA .  2003 ; 289 ( 19 ): 2545 - 2553 . doi: 10.1001/jama.289.19.2545 12759326
L208: 30 Cohen 
L209:  J .  Statistical power analysis for the behavioral sciences .  2nd ed .  L. Erlbaum Associates ;  1988 .
L210: 31 Juszczak 
L211:  E ,  Altman 
L212:  DG ,  Hopewell 
L213:  S ,  Schulz 
L214:  K .  Reporting of Multi-Arm Parallel-Group Randomized Trials: Extension of the CONSORT 2010 Statement .  JAMA .  2019 ; 321 ( 16 ): 1610 - 1620 . doi: 10.1001/jama.2019.3087 31012939
L215: 32 van Dyck 
L216:  CH ,  Swanson 
L217:  CJ ,  Aisen 
L218:  P ,  .  Lecanemab in early Alzheimer’s disease .  N Engl J Med .  2022 ; 388 ( 1 ): 9 - 21 . 36449413
L219: 33 Schrag 
L220:  A ,  Schott 
L221:  JM ;  Alzheimer’s Disease Neuroimaging Initiative .  What is the clinically relevant change on the ADAS-Cog? 
L222:  J Neurol Neurosurg Psychiatry .  2012 ; 83 ( 2 ): 171 - 173 . doi: 10.1136/jnnp-2011-300881 22019547
L223: 34 Bherer 
L224:  L ,  Gagnon 
L225:  C ,  Langeard 
L226:  A ,  .  Synergistic effects of cognitive training and physical exercise on dual-task performance in older adults .  J Gerontol B Psychol Sci Soc Sci .  2021 ; 76 ( 8 ): 1533 - 1541 . doi: 10.1093/geronb/gbaa124 32803232
L227: 35 Bray 
L228:  NW ,  Doherty 
L229:  TJ ,  Montero-Odasso 
L230:  M .  The effect of high dose vitamin D3 on physical performance in frail older adults—a feasibility study .  J Frailty Aging .  2018 ; 7 ( 3 ): 155 - 161 . doi: 10.14283/jfa.2018.18 30095145
L231: 36 Mujika 
L232:  I ,  Padilla 
L233:  S .  Detraining: loss of training-induced physiological and performance adaptations. Part II: long term insufficient training stimulus .  Sports Med .  2000 ; 30 ( 3 ): 145 - 154 . doi: 10.2165/00007256-200030030-00001 10999420
L234: 37 Rodrigues 
L235:  L ,  Bherer 
L236:  L ,  Bosquet 
L237:  L ,  .  Effects of an 8-week training cessation period on cognition and functional capacity in older adults .  Exp Gerontol .  2020 ; 134 : 110890 . doi: 10.1016/j.exger.2020.110890 32114076
L238: CCNA MEC Team Protocol Version: 15 February 2019
L239: # SYN chronizing, E xercises, R emedies in G a I t and C ognition (SYNERGIC). A randomized controlled double blind trial. **_CCNA-2019_** **_The Canadian Consortium for Neurodegeneration in Aging_** 15-February-2019
L240: ## HC6-24-c195918 Protocol #201619 NCT02808676
L241: _***Confidentially Statement**_
L242: _**The information contained in this document is privileged and confidential. Any disclosure is prohibited unless such**_
L243: _**disclosure is required by applicable laws and regulations. Persons to whom the information is disclosed must be informed**_
L244: _**that the information is privileged and confidential and it may not be further disclosed by them.**_
L245: 1
L246: CCNA MEC Team Protocol Version: 15 February 2019
L247: ## SYNERGIC TRIAL ( SYN chronizing E xercises, R emedies in G a I t and C ognition) A Randomized Controlled Double Blind Trial **Table of Contents**
L248: 1. INTRODUCTION .......................................................................................................................................6
L249: 1.1 Background...........................................................................................................................................6
L250: 2. STUDY DESIGN and HYPOTHESES..............................................................................................................7
L251: 2.1. HYPOTHESES ........................................................................................................................................7
L252: 3. DESIGN ...................................................................................................................................................8
L253: 4. STUDY OUTCOMES......................................................................................................................................9
L254: 4.1 Primary Outcome: .................................................................................................................................9
L255: 4.2 Secondary Outcomes .............................................................................................................................9
L256: 5. STUDY POPULATION................................................................................................................................. 10
L257: 5.1 Participants, recruitment, stratification, and blinding ............................................................................ 10
L258: 5.2 Inclusion and Exclusion criteria............................................................................................................. 10
L259: _Inclusion criteria:_ .................................................................................................................................. 10
L260: _Exclusion criteria:_ ................................................................................................................................. 11
L261: 5.3 Sample size: ........................................................................................................................................ 12
L262: 6. STUDY PROCESS ........................................................................................................................................ 12
L263: 6.1 Interventions ...................................................................................................................................... 12
L264: 6.1.1 Cognitive Training (Multimodal CT-intervention) ................................................................................ 13
L265: 6.1.2 Exercises (Multimodal Exercise – Intervention)................................................................................... 14
L266: 6.1.3 Vitamin D supplementation............................................................................................................... 15
L267: 6.2 Control/Placebos................................................................................................................................. 16
L268: 7.0 STUDY PROCEDURES ............................................................................................................................... 17
L269: 7.1 Screening Session (Visit 1).................................................................................................................... 18
L270: 7.2 Baseline Evaluation (Visit 2) ................................................................................................................. 19
L271: 7.2.1 Treatment Allocation ........................................................................................................................ 19
L272: 7.2.2 Blinding............................................................................................................................................ 20
L273: 7.3 Visit 3 – 6 month follow-up visit ........................................................................................................... 20
L274: 7.4 Telephone Follow-Up (9 month post-baseline testing) ........................................................................... 20
L275: 7.5 Visit 4 – 12 month follow-up visit ......................................................................................................... 21
L276: 7.6 Study Procedure Descriptions .............................................................................................................. 21
L277: 2
L278: CCNA MEC Team Protocol Version: 15 February 2019
L279: 7.6.5 Cognitive Outcomes.......................................................................................................................... 22
L280: 7.6.6 Mobility Outcomes ........................................................................................................................... 25
L281: 7.6.7 Functional Outcomes and Combined Score of Cognition and Functionality (Pooled Index) .................... 27
L282: 7.6.8 Quality Of Life Outcomes .................................................................................................................. 28
L283: 7.6.9 Health Resource Utilization ............................................................................................................... 28
L284: 8. ANALYSIS .................................................................................................................................................. 29
L285: Analysis, planned analysis, frequency of analysis, and correction for multiple testing ................................ 29
L286: 9. ADVERSE EVENT (AE) AND SERIOUS ADVERSE EVENT REPORTING (SAE) ....................................................... 30
L287: 9.1 Concomitant Medications .................................................................................................................... 30
L288: 9.2 Rescue Medication and Risk Management ............................................................................................ 31
L289: 9.3 Premature Withdrawal/Discontinuation Criteria ................................................................................... 31
L290: 10. ETHICAL CONSIDERATIONS ...................................................................................................................... 31
L291: 10.1 Confidentiality of Participant Records ................................................................................................. 32
L292: 11. ADMINISTRATIVE REQUIREMENTS ........................................................................................................... 32
L293: 11.1 Protocol Amendments ....................................................................................................................... 32
L294: 11.2 Completion of Case Report Forms (CRFs) ............................................................................................ 32
L295: 11.3 Monitoring Procedures ...................................................................................................................... 32
L296: 12. PUBLICATION POLICY .............................................................................................................................. 32
L297: 12.1 Participating Centers ......................................................................................................................... 32
L298: AppendIX I................................................................................................................................................ 42
L299: 3
L300: CCNA MEC Team Protocol Version: 15 February 2019
L301: **LIST** **OF** **ABBREVIATIONS** **AND** **DEFINITIONS** **OF** **TERMS**
L302: |Abbreviations|Col2|
L303: |---|---|
L304: |ADAS-Cog|**Alzheimer’s Disease Assessment Scale Cognition Plus**|
L305: |ADCS|**Alzheimer's Disease Cooperative Study**|
L306: |ADL|**Activities of Daily Living**|
L307: |ADNI|**The Alzheimer’s Disease Neuroimaging Initiative**|
L308: |ANOVA|**Analysis of Variance**|
L309: |BDNF<br>|**Brain-Derived Neurotrophic Factor**|
L310: |BNT|**Boston Naming Test**|
L311: |CCNA|**Consortium in Neurodegeneration and Aging**|
L312: |CDR|**Clinical Dementia Rating Scale**|
L313: |cE|**Control Tone-Stretching Exercises**|
L314: |CERAD|**Consortium to Establish a Registry for Alzheimer’s Disease**|
L315: |CT|**Cognitive Training**|
L316: |cCT|**Control Cognitive Training**|
L317: |DM|**2 Tasks at Once**|
L318: |E|**Multi-Modal Exercises**|
L319: |FLAIR|**Fluid Attenuation Inversion Recovery**|
L320: |fMRI|**Functional MRI**|
L321: |GAD-7|**Generalized Anxiety Disorder 7-item scale**|
L322: |GDS-30|**Geriatric Depression Scale**|
L323: |IADL|**Instrumental Activities of Daily Living**|
L324: |ICH-GCP|**Harmonization Good Clinical Practice**|
L325: |IRB|**Institutional Review Board**|
L326: |IU|**International units**|
L327: |K-M|**Kaplan-Meier**|
L328: |LORIS|**Longitudinal Online Research and Imaging System**|
L329: |MCI|**Mild Cognitive Impairment**|
L330: |MMSE|**Mini Mental State Examination**|
L331: |MoCA|**Montreal Cognitive Assessment**|
L332: |MRI|**Magnetic Resonance Imaging**|
L333: |PARQ+|**Physical Activity Readiness Questionnaire Plus**|
L334: |PASE|**Physical Activity Scale for the Elderly**|
L335: |PRT|**Progressive resistance training**|
L336: |PTH|**Parathyroid hormone**|
L337: |RAVLT|**Rey auditory verbal learning**|
L338: |RPE|**rate of perceived exertion**|
L339: |RT|**Reaction time**|
L340: |SYNERGIC|**SYNchronizing Exercises, and Remedies in GaIt and Cognition**|
L341: |SDST|**Symbol digit substitution test**|
L342: |SF-36|**Quality of life questionnaire – short form**|
L343: |SPPB|**Short physical performance battery**|
L344: 4
L345: |C Team|Protocol Version: 15 February 201|
L346: |---|---|
L347: |TMT|**Trail making test**|
L348: |VBM|**Voxel-Based Morphometry**|
L349: |WAIS|**Wechsler Abbreviated Scale of Intelligence**|
L350: |WMHs|**White** **Matter Hyper-intensities**|
L351: |VEGF|**Vascular endothelial growth factor**|
L352: |6MWT|**Six Minute Walk Test**|
L353: 5
L354: CCNA MEC Team Protocol Version: 15 February 2019
L355: **1.** **INTRODUCTION**
L356: 1.1 BACKGROUND
L357: Exercises, specifically resistance and aerobic training, have been demonstrated to improve cognitive
L358: outcomes, along with improved physical capacity and mobility[1,2]. Both aerobic [3] and resistance
L359: training[4] trials of different durations have revealed impressive results, with the most consistent
L360: findings being observed after combined interventions, multimodal exercise- lasting roughly six months
L361: to one year[1]. For example, our group has recently reported that aerobic exercise improves performance
L362: on learning a new sequence of movements. Although the training benefits of progressive resistance
L363: training (PRT) have been well documented, PRT has been studied far less extensively than aerobic
L364: training in patients with Mild Cognitive Impairment (MCI).
L365: Exercise training is beneficial for cognition even in frail older adults and in those with low mobility as
L366: has been shown by our group[4]. Exact mechanisms supporting the benefits of exercises for cognition
L367: in humans need to be further explored but numerous studies in animals and humans have demonstrated
L368: that aerobic exercise may have neuroprotective and neurorestorative effects [4,5,5,6]. The rationale of
L369: combining aerobic and progressive resistance training as a multimodal exercise intervention is supported
L370: by research that has revealed potential beneficial effects on insulin-like growth factor-1, insulin
L371: sensitivity, and anti-inflammatory and brain-derived neurotrophic factor pathways, which are related to
L372: both sarcopenia and cognitive decline[7]. In addition, multimodal exercise interventions have shown
L373: positive effects on muscle/lean mass, cognition and brain volume [8].
L374: Similarly, cognitive training (e.g. computer based cognitive process training) has also shown positive
L375: results in improving cognition, mobility and postural control. Several recent systematic reviews on the
L376: topic[9,10] support the cognitive benefits of training and a seated dual-task cognitive training regimen
L377: designed by our group has demonstrated that this type of training can also improve balance in healthy
L378: older adults.[11] In line with exercise training, recent research on cognitive training has also supported
L379: important improvements in brain plasticity post-intervention [12,13].
L380: In addition, vitamin D deficiency has been linked to cognitive dysfunction, dementia and mobility
L381: decline. [1,14-16] Besides its very well-known effects on muscle and bone physiology, vitamin D is
L382: considered a neurosteroid hormone which exhibits neuroprotective attributes through antioxidative
L383: mechanisms, neuronal calcium regulation, immunomodulation, enhanced nerve conduction and
L384: detoxification mechanisms.[14,17-20] Compelling evidence from animal models and epidemiological
L385: studies supports a potential beneficial role for vitamin D on cognitive function. In this trial, we will test
L386: 6
L387: CCNA MEC Team Protocol Version: 15 February 2019
L388: if vitamin D supplementation will have a synergistic effect in improving or stabilizing cognitive function
L389: in combination with exercises and cognitive training.
L390: Mild Cognitive Impairment is thought to be the optimum stage to intervene with preventive strategies
L391: and early treatments, in fact it is estimated that one-year delay in dementia incidence could save $109
L392: billion over a 30 years period the Canadian Health System.[21,22] Robustly designed trials, with
L393: longitudinal follow-up, have been recommended in MCI to investigate the comparative benefits of
L394: isolated and combined physical exercises and cognitive training. To date, the effect of adding cognitive
L395: training and vitamin D to multimodal physical exercises for improving global cognition, executive
L396: function and memory in MCI has not been assessed.[23]
L397: The proposed **SYNERGIC TRIAL (SYN** chronizing **E** xercises, and **R** emedies in **G** a **I** t and **C** ognition)
L398: is uniquely designed to evaluate the effect of aerobic and progressive resistance training exercises,
L399: isolated or combined with cognitive training and vitamin D supplementation, in older adults with MCI.
L400: This trial will be conducted by the Motor Exercise and Cognition Team which is part of the Canadian
L401: Consortium in Neurodegeneration and Aging (CCNA) and the Canadian Gait and Cognition Network
L402: (CGCN).
L403: **2.** **STUDY DESIGN AND HYPOTHESES**
L404: 2.1. HYPOTHESES
L405: **2.1.a Primary Hypotheses**
L406: 1. Twenty weeks (five months) of supervised multimodal exercise (aerobic and progressive
L407: resistance training) alone and/or in combination with cognitive training (CT) and/or oral
L408: vitamin D will significantly improve global cognitive function in older adults with MCI, as
L409: assessed by primary outcome **Alzheimer’s Disease Assessment Scale-Cognitive subscale**
L410: **plus (ADAS-Cog Plus).**
L411: 2. Multimodal exercise alone and/or in combination with CT and/or oral vitamin D would
L412: significantly improve secondary cognitive outcomes across memory, executive function, and
L413: attention, as well mobility outcomes related to falls risk and dual-task gait, and dual-task gait
L414: cost.
L415: 7
L416: CCNA MEC Team Protocol Version: 15 February 2019
L417: 3. The combination of CT and oral vitamin D with multimodal exercise will be significantly
L418: superior to either intervention alone for cognitive and functional benefits, demonstrating a
L419: synergistic effect.
L420: 4. Mechanistically, our intervention will significantly improve hippocampi volume, blood
L421: biomarkers, and BDNF levels [24], and fMRI prefrontal activation in executive control dual
L422: task condition.
L423: **2.1.b Secondary Hypotheses**
L424: 1. All active training interventions will improve brain morphology and biochemistry compared with
L425: control –placebo-interventions as defined by: increased hippocampal volume (mm [3] ) by MRI
L426: scanning; positive localized Voxel-Based Morphometry (VBM) brain changes (z-score relative
L427: change); decreased whole brain volume of White Matter Hyper-intensities (WMHs) (mm [3] ); and
L428: lead to beneficial hippocampal and anterior and posterior cingulate MRS metabolite changes (%
L429: increase in N-acetylaspartate, and increase in phosphocreatine metabolites).
L430: 2. All active interventions will improve secondary cognitive outcomes, in the domains of attention,
L431: memory, fluency, and executive function, relative to the control condition, and combined
L432: training will be superior to either single intervention.
L433: 3. Multimodal exercise will preferentially decrease inflammatory markers, and increase fitness
L434: (strength and aerobic capacity), muscle strength, and functional mobility, compared to either
L435: cognitive or control condition.
L436: 4. Cognitive and physical training will produce positive effects on psychological health and quality
L437: of life (SF-36) above and beyond the non-specific effects seen after control condition.
L438: **3.** **DESIGN**
L439: The **SYNERGIC TRIAL (SYN** chronizing **E** xercises, and **R** emedies in **G** a **I** t and **C** ognition) is a
L440: Randomized, modified factorial design with parallel-groups (five arms), and double-blind study
L441: **evaluating the cognitive effect of multimodal exercises (as a main intervention) combined with and**
L442: **without cognitive training and vitamin D** . This is achieved using 4 arms (1 to 4) and a 5 [th] arm is added
L443: as a control group. Figure 1 illustrates the trial design and Figure 2 summarizes the timeline of the trial
L444: consisting of an approximate 12-18 months enrolment period, and 12 months of follow-up. The trial
L445: adheres to the Consolidated Standards of Reporting Trials (CONSORT) guidelines for conducting and
L446: reporting clinical trials, as extended to non-pharmacologic interventions. Two hundred (200)
L447: 8
L448: CCNA MEC Team Protocol Version: 15 February 2019
L449: participants with Mild Cognitive Impairment (MCI), aged 60 and older will be enrolled and randomized
L450: into one of five arms.
L451: Arm 1: **multimodal exercises + cognitive training + Vitamin D**
L452: Arm 2: **multimodal exercises + cognitive training** + placebo D
L453: Arm 3: **multimodal exercises** + control cognitive training + **Vitamin D**
L454: Arm 4: **multimodal exercises** + control cognitive training+ placebo D;
L455: Arm 5: tone-stretching exercises + control cognitive training+ placebo D.
L456: Note: in **bold** are the active interventions. Arm 5 is the arm with pure control interventions.
L457: Figure 1 shows the flow chart of the trial. **E** : multimodal exercises; **CT:** cognitive training; **cE** : control
L458: tone-stretching exercises; and **cCT:** control cognitive training.
L459: **4. STUDY OUTCOMES**
L460: 4.1 PRIMARY OUTCOME: Global cognition assessed using the ADAS-Cog Plus.[25]
L461: We expect that our combined interventions, over 20 weeks, will show improvement and/or less decline
L462: in **global** **cognition.** We expect a three (3) point change (continuous variable) across full intervention/
L463: control groups on the ADAS-Cog Plus scores, a value we considered clinically significant based in
L464: previous studies using the ADAS-Cog 13 items. This expected change/ improvement is similar in
L465: magnitude to the improvements seen in positive pharmacological clinical trials in dementia in the
L466: ADAS-Cog .[26] Additionally, improving in the proportion of participants, expressed as percentages per
L467: allocated groups, with abnormal ADAS-Cog Plus (dichotomous variable) after intervention will be
L468: considered success of the intervention. ADAS-Cog Plus is described in detail in Section 7. We also
L469: expect a significant statistical improvement in the overall transformed score of ADAS-Cog Plus
L470: calculated using a validated scoring system[27] Observing a statistically significant difference in this
L471: primary outcome will be considered preliminary evidence of efficacy.
L472: 4.2 SECONDARY OUTCOMES
L473: Secondary outcomes include neuroimaging, cognitive (neuropsychological assessments), gait and
L474: mobility outcomes including incidence of fall, blood biomarkers, quality of life scorings, as described in
L475: our primary and secondary hypotheses. Secondary outcomes are described in detail in Section 7.
L476: 9
L477: CCNA MEC Team Protocol Version: 15 February 2019
L478: **5. STUDY POPULATION**
L479: 5.1 PARTICIPANTS, RECRUITMENT, STRATIFICATION, AND BLINDING
L480: We will target older adults aged 60 and over with MCI. Interventions will be done across five sites:
L481: London (lead and sponsor site, target recruitment: 70 participants), Waterloo-University of Waterloo
L482: (target recruitment: 25), Waterloo-Wilfrid Laurier University (target recruitment: 20), Montreal (target
L483: recruitment: 30) and Vancouver (target recruitment: 55). Each intervention site may have more than one
L484: recruitment center. For those who are interested in participating, a consent and screening session will be
L485: arranged as described in our participant flowchart, Figure 3.
L486: Once informed consent is obtained, we will perform the screening tests. Those who remain eligible after
L487: the screening session including the Physical Activity Readiness Questionnaire Plus (PARQ+) and who
L488: provide written recommendation from their physician or site physician indicating their appropriateness
L489: to participate in an aerobic-based exercise training program will proceed to baseline assessments.
L490: Participants will be informed that they will be randomly assigned to one of five arms by the research
L491: coordinator and will be blinded to the investigators' hypothesis as to which is the preferred intervention
L492: arm.
L493: All groups will have an equal volume and frequency of contact with trainers over the 12 months of the
L494: study. All primary and secondary outcomes will be obtained and analyzed by blinded assessors on
L495: different days to the training programs.
L496: 5.2 INCLUSION AND EXCLUSION CRITERIA
L497: _Inclusion criteria:_
L498: Participants must meet each of the following criteria for enrolment into the study:
L499: 1. At least 60 years of age.
L500: 2. Self-reported levels of proficiency in English or French (at Montreal site only) for speaking
L501: and understanding spoken language.
L502: 3. Able to comply with scheduled visits, treatment plan, and other trial procedures.
L503: 4. Able to ambulate at least 10 m independently.
L504: 5. Having MCI defined following Albert et al.[28] criteria as:
L505: a-Objective cognitive impairment in one of the following four cognitive domains: memory,
L506: executive function, attention, and language operationalized using one or more of the
L507: following: MoCA Test (Montreal Cognitive Assessment) with scores ranging from 13-24/30,
L508: Logical Memory below ADNI cutoffs, CERAD word list recall < 6.
L509: 10
L510: CCNA MEC Team Protocol Version: 15 February 2019
L511: b-Preserved activities of daily living operationalized as a Score >14/23 on the Lawton-Brody
L512: IADL[29] scale and confirmed by clinician’s interviews.
L513: c-Absence of dementia using criteria from the Diagnostic and Statistical Manual of Mental
L514: Disorders, Fifth Edition [30] and/or Global CDR = 0.5.
L515: 6. Having normal or corrected to normal vision in at least one eye so that they can identify
L516: symbols and stimuli presented on a computer screen in front of them.
L517: 7. Must be in sufficient health to participate in the study’s aerobic-based exercise training
L518: program. This will be determined using the PARQ+ screening tool and with an evaluation by
L519: a certified exercise physiologist and/or a physician, when appropriate indicating clearance to
L520: participate in an aerobic-based exercise training program.
L521: _Exclusion criteria:_
L522: Participants who exhibit any of the following conditions are to be excluded from the study:
L523: 1. Serious underlying disease which, in the opinion of the investigator, may preclude
L524: engagement in interventions or may interfere with the participant’s ability to participate fully
L525: in the study.
L526: 2. Participant with uncontrolled major depression, schizophrenia, severe anxiety and drug
L527: abuse.
L528: 3. Current parkinsonism or any neurological disorder with residual motor deficits (e.g. stroke
L529: with motor deficit), active musculoskeletal disorders (e.g. severe osteoarthritis of lower
L530: limbs) or history of knee/hip replacement affecting gait performance at clinical evaluation
L531: 4. Intention to enroll in other clinical trials during the same time period.
L532: 5. Pre-existing or current active participation in physical activity program involving aerobic or
L533: resistance training regimen in previous 6 months.
L534: 6. Taking Cognitive enhancers, Neuroleptics, Anticholinergics, or Vitamin D in doses more
L535: than 1000IU/day or equivalent.
L536: 7. Known hypercalcemia and/or disorder that is cause of hypercalcemia (e.g.
L537: hyperparathyroidism/ Paget’s disease/ Sarcoidosis).
L538: 8. Known renal/kidney insufficiency.
L539: 9. Uncontrolled hypertension.
L540: 10. Uncontrolled diabetes.
L541: 11
L542: CCNA MEC Team Protocol Version: 15 February 2019
L543: 5.3 SAMPLE SIZE:
L544: Sample size calculation is based on changes in our main primary outcome: stabilization/improvement in
L545: cognition as measured using the **Alzheimer Disease Assessment Scale Cognitive Plus (** ADAS-Cog
L546: Plus **)** . We expect a change of three (3) points on the ADAS-Cog Plus scores, a value that is considered
L547: clinically significant, and it is similar in magnitude to the improvements seen in positive
L548: pharmacological clinical trials in dementia.[26] Two previous studies testing the effect of exercises on
L549: cognition in 200 MCI participants shown a mean score of 6-7 and a standard deviation of 3 in the
L550: ADAS-Cog.[24,31] Based on these data and assuming a mean change of 3 points in the ADAS-Cog, 34
L551: participants per arm are required to have 80% power to detect a change of three points or more on the
L552: ADAS-Cog with a 2-tailed α error of 5%, adjusted for 10 potential pairwise comparisons. We estimate a
L553: worst case scenario of 15% of dropout rate during the 20 weeks of follow up to the main endpoint.
L554: Therefore, we will aim to recruit 40 per arm for a total of 200 participants.
L555: Sample size estimates per group for the primary outcome: change in ADAS-Cog Plus
L556: Reference: Independent Groups - Machin D, Campbell M, Fayers, P, Pinol A (1997) Sample Size Tables for Clinical Studies
L557: Second Ed. Blackwell Science IBSN 0-86542-870-0 p. 24-25
L558: **6. STUDY PROCESS**
L559: 6.1 INTERVENTIONS
L560: All participants will complete three (3) group training sessions per week (total 20 weeks), under the
L561: supervision of trainers. Each session will last approximately 90 minutes and will be comprised of 30
L562: minutes cognitive training (CT) or control cognitive training (cCT) followed by approximately 60
L563: minutes of combined aerobic and progressive strengthening exercise (E) or control tone-stretching
L564: exercise (cE) and. All participants will receive a vitamin D (tablet 10,000 IU) or placebo three times per
L565: week.
L566: Within each small group of up to eight individuals, participants follow the program tailored to their
L567: individual functioning level, with constant monitoring by the trainers. Participants are expected to
L568: attend all training sessions and research staff will strongly encourage them to do so. Each training group
L569: will have 1-2 trainers present each session to ensure a ratio of one (1) trainer per four (4) participants. To
L570: 12
L571: CCNA MEC Team Protocol Version: 15 February 2019
L572: avoid potential imbalances in exposure time, control interventions for exercise and cognitive training
L573: will have the same duration.
L574: Throughout the 12 month trial, participants will be provided with falls calendars, in which they will
L575: record any falls that have occurred, and they will be asked to bring them at the training sessions. At the
L576: completion of the 20-week intervention, participants are not given ongoing access to the training. During
L577: follow-up, participants will be called three months after their completion of the intervention to track
L578: incidence of falls, adverse outcomes, such as emergency room visits and change of medications;
L579: physical activity will be also be tracked using the Physical Activity Scale for the Elderly (PASE).
L580: Following assessments at 6 and 12 months, participants will receive a compensation of $50 for their
L581: participation for a total of $100.
L582: 6.1.1 COGNITIVE TRAINING (MULTIMODAL CT-INTERVENTION)
L583: Cognitive Training (CT) intervention will involve tablet-based multimodal and multi-domain dual-task
L584: training with memory load. The training uses the custom-written program, developed for neuro
L585: rehabilitation and used in previous research trials for cognitive [32-34] and mobility outcomes [11].
L586: Training sessions will take place in groups of up to eight participants before each of the fitness-training
L587: session for duration of 30 min max. Participants will perform a concurrent visuo-motor task (dual-task
L588: combination) composed of different sets of visual stimuli that have to be identified by tapping
L589: designated figures on an iPad (or an Android tablet). Participants will perform discrimination tasks
L590: involving sets of items (e.g. letters, numbers, animals, vehicles, fruits, celestial bodies). Each session
L591: will involve two sets of items, one for each task. The combination of sets of items will change every
L592: four sessions.
L593: Task instructions will always be administered by a trained Research Assistant. Within each training
L594: session and for each task combination, participants will complete a first block of single-pure (SP) trials
L595: followed by mixed-trial blocks with single-task trials (SM) intermixed and dual-mixed trials (DM: 2
L596: tasks at once). Each training session will involve 80 SP, 128 SM and 192 DM trials (thus 40% of the
L597: DM blocks will be SM trials). Within the DM trials, the first 30 training sessions will be performed
L598: following a fixed priority instruction (participants will be asked to keep an equal priority on left and
L599: right hands.) The following 30 sessions will be performed following a variable priority instruction
L600: (participants will be told to vary priority from one hand to another in different blocks). Participants will
L601: complete a total of 60 sessions. Importantly, an adaptive continuous feedback on performance was will
L602: be provided during the dual-mixed block of the training sessions.
L603: 13
L604: CCNA MEC Team Protocol Version: 15 February 2019
L605: Feedback will take the shape of a speedometer whose indicator moves and changes colour (green,
L606: yellow, orange or red) to inform participants of their response speed. Two speedometers (one for each
L607: hand) will be displayed at the top of the screen. Each speedometer is associated to one task. In equal
L608: priority blocks, participants will be asked to try to maintain both speedometers at least in the yellow
L609: zone and prevent them from turning to red. In variable priority blocks, participants will be asked to
L610: maintain the speedometer associated to the prioritized task in the green zone, while the other
L611: speedometer can be at least in the orange zone. The colour of the speedometers will be determined by
L612: the average reaction time (RT) on the last three trials’ RT for the DM block compared to the median RT
L613: for the SM trials multiplied by a factor of 1.5 (for the first training session, as there are no previous SM
L614: trials, the DM block will be compared to 1500ms). In addition, a feedback will be provided at the end of
L615: the session, where participants will be informed of mean RT and accuracy achieved throughout sessions
L616: (presented in a histogram without explicit values).
L617: 6.1.2 EXERCISES (MULTIMODAL EXERCISE – INTERVENTION)
L618: The exercises training program involves 3 weekly sessions of approximately 60 min each. All sessions
L619: will be held in appropriate gym facilities and take place between Monday and Friday ensuring that there
L620: are not three consecutive days (i.e. training can occur on Monday, Wednesday and Friday or Monday,
L621: Thursday and Friday etc.). Staff with experience and/or certification in exercises (graduate student in
L622: kinesiology, Canadian Society of Exercise Physiology certificates, etc.) will supervise all training
L623: sessions with at least one coach per four participants.
L624: After a general warm-up, participants will execute the strength-training portion by performing light
L625: strengthening exercises (pushes and pulls using elastic bands, chair stands, and forward lunges). The
L626: next phase will include the following exercises: leg press, leg flexion (lower body), seated press, seated
L627: row, and seated pull (upper body). These exercises are made in a circuit alternating between lower and
L628: upper body exercises. A list of suggested exercises base on muscle groups will be provided to the
L629: trainers (see appendix II). The recovery period between exercises corresponds to the time needed to
L630: move from one station to another. While the first portion of this training protocol (12 weeks) will be
L631: dedicated to strength endurance exercises the following 12 weeks will focus on maximal strength.
L632: Training volume and intensity are described in the table below. Sets represent the number of circuit
L633: rounds while repetitions are maximal, which means that the resistance must be adjusted by the trainer so
L634: that the participant reaches exhaustion at the last prescribed repetition of each set. Training prescription
L635: for all exercises is made in accordance to the American College of Sport Medicine (ACSM) guidelines
L636: for strength development in older adults (ACSM, version 1998).
L637: 14
L638: CCNA MEC Team Protocol Version: 15 February 2019
L639: |Weeks|Sets|Col3|Col4|Repetitions|Col6|Col7|Rest between sets<br>(sec)|
L640: |---|---|---|---|---|---|---|---|
L641: |Weeks|Day<br>1|Day<br>2|Day<br>3|Day 1|Day 2|Day 3|Day 3|
L642: |1-4|2|2|2|15-18|15-18|15-18|30|
L643: |5-8<br>|3 <br>|2 <br>|3 <br>|12-15<br>|12-15<br>|12-15<br>|30<br>|
L644: |9-12|3|2|3|10|10|10|60|
L645: |13-16|2|3|2|8|12|8|60|
L646: |17-20|3|2|3|6|8|6|60|
L647: Following the strength portion of each session, an aerobic training will be prescribed. Participants will
L648: be asked to complete 10-20 minutes of cardiovascular exercises using different ergometers (treadmill,
L649: elliptical machines, cycling ergometers, rowing machines etc.), using steps or other forms of free aerobic
L650: exercises, as long as the cognitive load is minimized. Intensity will be monitored using a Borg scale (0
L651: 10) and the target will correspond to 5-6 for the first month, 6-7 for the second month and 7-8 for the
L652: last month. Details of the aerobic training are presented in the table below. Each session will end with a
L653: five (5) minute recovery period, which will consist of different breathing exercises and stretching.
L654: |Weeks|Sets|Duration (min)|Intensity<br>(Borg 0-10)|Rest between sets<br>(minutes)|
L655: |---|---|---|---|---|
L656: |1-4<br>|2 <br>|10<br>|5-6<br>|1 <br>|
L657: |5-8|2|10|5-6|1|
L658: |9-12|2|10|6-7|1|
L659: |13-16|2|10|6-7|1|
L660: |17-20|2|10|7-8|1|
L661: Overall rate of perceived exertion (RPE) will be monitored using a Borg scale (0-10) 30 minutes after
L662: the end of each session. Participants will have to rate the overall difficulty of the training session. These
L663: results will provide information about the training load (session RPE – sRPE), monotony and strain.
L664: 6.1.3 VITAMIN D SUPPLEMENTATION
L665: Participants will receive Vitamin D supplementation (1 tablet of 10,000IU of Vitamin D3) or matching
L666: placebo three times per week in order to reach a weekly cumulative dose of 30,000 IU per week
L667: (equivalent of 4,258 IU daily). The vitamin D capsules will be provided by the Research Coordinator
L668: 15
L669: CCNA MEC Team Protocol Version: 15 February 2019
L670: (RC) in vials at baseline assessment and every four weeks to complete 5 vials during the training period.
L671: Vials will be returned by the participants to the RC at the end of each 4 weeks block. Rationale and bio
L672: safety of the dose: The dose of 10,000 IU/day is currently approved by Health Canada as a
L673: supplementation for elderly patients. Heaney et al. have administered doses of 30,000 IU/day Vitamin
L674: D3
L675: to adult men for five months, with no significant changes in serum calcium concentrations or adverse
L676: reactions.[35-37] A comprehensive review of toxic effects of vitamin D found that the lowest level at
L677: which an adverse effect was observed was a serum calcidiol concentration of 200 nmol/l, corresponding
L678: to a daily intake of 40,000 IU. Therefore, three weekly doses of 10,000IU have a 9-fold weekly margin
L679: of safety of the established safe dose.
L680: 6.2 CONTROL/PLACEBOS
L681: **6.2.1 Control Cognitive Training**
L682: The active control cognitive training group will participate in skills training courses based on a
L683: published study from our research group[38]. Each session will consist of Internet search for 3 hotels, 3
L684: touristic places and 3 restaurants, of participant’s preference, in cities determined by the instructor at the
L685: beginning of each training session (a list of cities is presented in the manual of procedures for cognitive
L686: training). Another task will be watching a 20 minutes National Geographic documentary movie selected
L687: by the instructor at the beginning of each session; at the end of the movie participants need to answer
L688: three questions about the watched movie. These iPad tasks will be alternated between sessions to
L689: prevent boredom. The approximate time to perform both tasks is 20 minutes which is the approximate
L690: time to complete the dual-task training on the iPad.
L691: Active control sessions will be held in groups of up to 8 participants and will take place in the same
L692: context and physical environment used for dual-task training sessions and lead by the same instructors.
L693: Studies compared dual-task training to single-task training, as a control condition, in order to control for
L694: exposure of the same specific tasks performed separately [38]. However, it can be argued that single
L695: task training is not engaging or stimulating enough and does not provide a feeling of progression. In
L696: response to this, Walton et al. [39] recommended that cognitive training studies use preferably sham
L697: trainings whereby clinician interaction and participant expectation effects can be reliably matched.
L698: Therefore, this study will compare dual-task training to a non-specific intervention, more comparable to
L699: cognitively stimulating activities that older adults can naturally engage in. To assure same time exposure
L700: and same social interaction than in active intervention, the control intervention will be held in groups
L701: using the same type of device that is used for the active intervention.
L702: 16
L703: CCNA MEC Team Protocol Version: 15 February 2019
L704: 6.2.2 Placebo Vitamin D supplementation
L705: Participants will receive Vitamin D supplementation (1 tablet of 10,000IU of Vitamin D3) or matching
L706: placebo three times per week in order to reach a weekly cumulative dose of 30,000 IU per week
L707: (equivalent of 4,258 IU daily). The vitamin D capsules will be provided by the Research Coordinator
L708: (RC) in vials at baseline assessment and every four weeks to complete 5 vials during the training period.
L709: Vials will be returned by the participants to the RC at the end of each 4 weeks block. Rationale and bio
L710: safety of the dose: The dose of 10,000 IU/day is currently approved by Health Canada as a
L711: supplementation for elderly patients. Heaney et al. have administered doses of 30,000 IU/day Vitamin
L712: D3
L713: to adult men for five months, with no significant changes in serum calcium concentrations or adverse
L714: reactions.[35-37] A comprehensive review of toxic effects of vitamin D found that the lowest level at
L715: which an adverse effect was observed was a serum calcidiol concentration of 200 nmol/l, corresponding
L716: to a daily intake of 40,000 IU. Therefore, three weekly doses of 10,000IU have a 9-fold weekly margin
L717: of safety of the established safe dose.
L718: **6.2.3 Control Exercises (Tone-Stretching Exercises)**
L719: Participants assigned in the control exercise condition will take part in tone-stretching sessions in groups
L720: of up to 8 participants, supervised by a trainer. The exercises will be devoted to improve muscle tone,
L721: flexibility, without improving, strength, cardiorespiratory capacity (and mobility). Resistant load and
L722: number of repetitions will not progress across exercise sessions. The session will start with a 5-minute
L723: warm-up on the machine of their choice. This will be followed by 50 minutes of stretching exercises that
L724: will target the entire body, one joint at a time, from head to toes. Exercises will be performed in a seated
L725: position as much as possible. The stretching program will be based on the one developed by Stanziano et
L726: al.[39] The session will end with 5 minutes of relaxation. Variability in exercises performed between
L727: sessions will be encouraged in order to avoid progression throughout the entire program.
L728: **6.3 Supervision**
L729: All physical exercise training will be fully supervised by research assistants trained in exercise
L730: physiology or with kinesiology or physical therapy backgrounds or training. Training frequency is 3
L731: days/week. Each session will take 90 minutes on average.
L732: **7.0 STUDY PROCEDURES**
L733: Baseline measurements will be obtained prior to randomization. There will be three measurement
L734: sessions: baseline, 6 months, and 12 months (Figure 1, Appendix I). Outcomes will be assessed by
L735: 17
L736: CCNA MEC Team Protocol Version: 15 February 2019
L737: trained assessors blinded to group allocation. As outlined in point 5, there are five main
L738: interventional/assessment centers. Recruitment will be occurring primary in clinics serving MCI
L739: populations already identifies in each site and from the community. In addition, older persons belonging
L740: to the community will be invited to participate through different recruitment methods, including case
L741: findings by phone interviews and recruitments in primary care and geriatrics clinics. Strategies to
L742: increase the awareness of the study will be implemented through explanatory brochures and a dedicated
L743: webpage: “www.synergictrial.com”. Results of the mobility tests and laboratory examinations can be
L744: provided to the participant and to her/his family physician upon their request. Transportation will be
L745: paid when necessary. Finally, dissemination of our findings will be conducted in the community through
L746: open discussion sessions and booklets and publications in the local newsletter.
L747: 7.1 SCREENING SESSION (VISIT 1)
L748: The following study procedures will be performed:
L749: 1. Written informed consent from study participant
L750: 2. Demographic Information
L751: 3. Physical Activity Scale for the Elderly Questionnaire (PASE)
L752: 4. he Mini Mental State Examination (MMSE)
L753: 5. The Montreal Cognitive Assessment (MoCA), Logical Memory 1 & 2, Consortium to Establish a
L754: Registry for Alzheimer’s Disease (CERAD) Word List Recall
L755: 6. Geriatric Depression Scale (GDS-30)
L756: 7. Generalized Anxiety Disorder 7 (GAD-7)
L757: 8. Clinical Dementia Rating Scale (CDR)
L758: 9. Alzheimer's Disease Cooperative Study Activities of Daily Living (ADCS-ADL) and Lawton
L759: Brody Instrumental Activities Of Daily Living (IADL) Scale
L760: 10. Physical Activity Readiness Questionnaire Plus (PAR-Q+)
L761: 11. Physical Activity Tracker allocated to study participant
L762: During the screening session, global cognitive function will be assessed using the MMSE and the
L763: MoCA[40,41] and Physical Activity Readiness Questionnaire Plus (PAR-Q+) will be also done.
L764: Physical activity trackers (ActiGraph) will be provided to each participant during the screening session.
L765: The physical activity tracker will be worn by participants until first baseline assessment visit, which is
L766: scheduled up to four weeks after screening. This strategy will assure an accurate record of physical
L767: activity for each participant prior to participating in the training protocol and will be correlated with the
L768: response on the PASE questionnaires.
L769: 18
L770: CCNA MEC Team Protocol Version: 15 February 2019
L771: Height, weight, seated and standing blood pressure, resting heart rate will be measured at screening
L772: session. Participants will undergo a clinical assessment with baseline to confirm current health status
L773: and eligibility for study using the PARQ+.
L774: The participant will be asked to bring an informant with them to complete the CDR. If the participant
L775: does not have an informant to attend the visit with them, the informant portion of the assessment can be
L776: completed with the informant by phone the day of the visit. This will be arranged and completed by a
L777: trained Research Assistant or Coordinator.
L778: 7.2 BASELINE EVALUATION (VISIT 2)
L779: Participants will undergo rigorous baseline evaluations, which will take place up to four weeks after the
L780: screening session. Baseline assessments will include neuroimaging, neuropsychological, and gait
L781: measures. These will be repeated at the 6-month and 12-month follow-up.
L782: 1. Log return of the Physical Activity Device
L783: 2. Blood Draw
L784: 3. Clinical Medical Questionnaire
L785: 4. Quality of Life Questionnaire (SF-36)
L786: 5. ADAS-Cog Plus Tests (ADAS-Cog 13 Tests, plus the Digit Span Forward and Backward WAIS
L787: III, TMT A and B, Digit Symbol Test, Boston Naming Test)
L788: 6. D-KEFS Colour Word Interference Test
L789: 7. Short Physical Performance Battery (SPPB)
L790: 8. Six Minute Walk Test (6MWT)
L791: 9. Dual task control assessment while seated (mental task)
L792: 10. Gait assessment using Gait Mat and Accelerometers (when available)
L793: 11. Schedule Neuroimaging
L794: 7.2.1 TREATMENT ALLOCATION
L795: **Randomization** Once informed consent has been obtained and the baseline assessment has been
L796: completed, participants will be allocated to each of the 5 arms. The randomization sequence of the
L797: participants will be generated in each site with a minimum of 4 participants recruited using a central,
L798: web-based randomization service. The Research Pharmacy will assign the ‘vitamin D/placebo kits’ in
L799: compliance with randomization lists generated by a computer program and allocation to groups will be
L800: done with sequentially numbered opaque sealed envelopes. A block randomization by 5 will be applied
L801: to ensure an appropriate balance of the characteristics of participants between each arm. Permuted
L802: 19
L803: CCNA MEC Team Protocol Version: 15 February 2019
L804: blocks of varying size will be employed to ensure balance over time. After baseline assessment, research
L805: personnel not involved in measurement or intervention will access the web-based randomization service
L806: to determine the group allocation.
L807: 7.2.2 BLINDING
L808: In order to minimize a source of bias, this trial is planned to be a double-blinded study. Research
L809: personnel performing the outcome assessments will be blinded to group allocation. Participants will be
L810: blinded of intervention.
L811: 7.3 VISIT 3 – 6 MONTH FOLLOW-UP VISIT
L812: 1. Blood Draw
L813: 2. Clinical Medical Questionnaire
L814: 3. Physical Activity Scale for the Elderly Questionnaire (PASE)
L815: 4. Montreal Cognitive Assessment (MoCA)
L816: 5. Geriatric Depression Scale (GDS-30)
L817: 6. Generalized Anxiety Disorder 7 (GAD-7)
L818: 7. Clinical Dementia Rating Scale (CDR)
L819: 8. Alzheimer's Disease Cooperative Study Activities of Daily Living (ADCS-ADL)
L820: 9. Physical Activity Readiness Questionnaire Plus (PAR-Q+)
L821: 10. Quality of Life Questionnaire (SF-36)
L822: 11. ADAS-Cog Plus Tests (ADAS-Cog 13 Tests, plus the Digit Span Forward and Backward WAIS
L823: III, TMT A and B, Digit Symbol Test, Boston Naming Test)
L824: 12. D-KEFS Colour Word Interference Test
L825: 13. Short Physical Performance Battery (SPPB)
L826: 14. Six Minute Walk Test (6MWT)
L827: 15. Dual task control assessment while seated (mental task)
L828: 16. Gait assessment using Gait Mat and Accelerometers (when available)
L829: 17. Schedule Neuroimaging
L830: 7.4 TELEPHONE FOLLOW-UP (9 MONTH POST-BASELINE TESTING)
L831: Three months after the end of the intervention, a telephone follow-up will take place to document any
L832: falls that have been recorded on the participants’ falls calendar. This will be done by the study Site
L833: Coordinator or Research Assistant.
L834: 20
L835: CCNA MEC Team Protocol Version: 15 February 2019
L836: 7.5 VISIT 4 – 12 MONTH FOLLOW-UP VISIT
L837: 1. Blood Draw
L838: 2. Clinical Medical Questionnaire
L839: 3. Physical Activity Scale for the Elderly Questionnaire (PASE)
L840: 4. Montreal Cognitive Assessment (MoCA)
L841: 5. Geriatric Depression Scale (GDS-30)
L842: 6. Generalized Anxiety Disorder 7 (GAD-7)
L843: 7. Clinical Dementia Rating Scale (CDR)
L844: 8. Alzheimer's Disease Cooperative Study Activities of Daily Living (ADCS-ADL)
L845: 9. Physical Activity Readiness Questionnaire Plus (PAR-Q+)
L846: 10. Quality of Life Questionnaire (SF-36)
L847: 11. ADAS-Cog Plus Tests (ADAS-Cog 13 Tests, plus the Digit Span Forward and Backward WAIS
L848: III, TMT A and B, Digit Symbol Test, Boston Naming Test)
L849: 12. D-KEFS Colour Word Interference Test
L850: 13. Short Physical Performance Battery (SPPB)
L851: 14. Six Minute Walk Test (6MWT)
L852: 15. Dual task control assessment while seated (mental task)
L853: 16. Gait assessment using Gait Mat and Accelerometers (when available)
L854: 7.6 STUDY PROCEDURE DESCRIPTIONS
L855: **7.6.1 Clinical-Medical Questionnaires**
L856: The presence of chronic diseases, comorbidities, chronic medications, history of previous falls will be
L857: recorded. Whenever possible, a family member will be also interviewed in order to confirm the medical
L858: history and functional status. Finally, fear of falling will be assessed using the Falls Efficacy Scale and
L859: the fear of falling scale.
L860: **7.6.2 Functionality score**
L861: Self-reported information will be collected at baseline, six and twelve month’s assessment on activities
L862: of daily living (ADLs) than are related to cognitive and physical capabilities. Specifically, the
L863: Alzheimer's Disease Cooperative Study Activities of Daily Living (ADCS-ADL) Inventory and IADL
L864: and Lawton Brody Instrumental Activities Of Daily Living (IADL) Scale will be used.
L865: 21
L866: CCNA MEC Team Protocol Version: 15 February 2019
L867: **7.6.3 Blood Biomarkers**
L868: The following biomarkers will be drawn at the Baseline Visit,Visit 3 and Visit 4:
L869:   - Vitamin D levels, Calcium, PTH, and lipid level will be measured by conventional methods.
L870:   - Serum High Sensitive CRP, IL-6, BDNF, and VEGF receptor 1, IGF-1 will be determined by
L871: standardized ELISA methods
L872: Blood samples for this study (completed at baseline and 6-month visit) will be done by a certified study
L873: Research Coordinator or Research Assistant. Participants will be asked to fast and will be provided with
L874: a small breakfast after the draw is complete. Samples will be collected, processed and stored securely at
L875: the respective site in a -80C freezer used for research purposes. Samples will be batch shipped securely
L876: to a centralized laboratory for analysis. Sample tubes will be labeled appropriately by the Study
L877: Coordinator with only the participant’s unique study identifier and time point of collection.
L878: **7.6.4 Imaging**
L879: The imaging protocol will follow the _Canadian Dementia Imaging Protocol_ developed for CCNA by
L880: Dr. Simon Duchesne, Laval University and colleagues, the latter having already been used by members
L881: of the _Consortium pour l’identification précoce de la maladie d’Alzheimer- Québec (CIMA-Q)_ Pre-post
L882: regional patterns of brain plasticity will be assessed using structural (high-resolution 3D T1-weighted
L883: images = 7 min) in order to get voxel-based volumetric and cortical thickness measures, as well as
L884: diffusion tensor imaging (DTI, 30 directions, with AP/PA correction scan = 7 min) to calculate
L885: fractional anisotropy and diffusivity in white matter tracts as well as derive tract-based statistics.
L886: Cerebrovascular integrity and pathology will be assessed using the following contrasts: PD/T2 = 5 min;
L887: FLAIR = 7 min, and T2* = 5min). Functional magnetic resonance imaging at rest (rsfMRI plus field
L888: map = 12 min) will also be acquired to measure change in data-driven functional networks. Metabolite
L889: levels will be measured from the right motor cortex, cingulate cortex, and hippocampus, using single
L890: voxel spectroscopy. The total time for the scan session including scanning and patient setup is normally
L891: less than 1.5 hours.
L892: 7.6.5 COGNITIVE OUTCOMES
L893: **Alzheimer Disease Assessment Scale- Plus (** ADAS-Cog Plus **)**
L894: Global cognition will be assessed using the cognitive section of the Alzheimer Disease Assessment
L895: Scale Plus (ADAS-Cog Plus)[25]. The scale consists of 10 brief cognitive tests assessing memory,
L896: language, executive function and praxis. Scores range from 0 to 90, with higher scores indicating higher
L897: severity of cognitive impairment. The ADAS-Cog has been a significant outcome measure in numerous
L898: 22
L899: CCNA MEC Team Protocol Version: 15 February 2019
L900: trials with MCI and AD. The ADAS-Cog Plus has marked advantages as an outcome measure in MCI
L901: populations since incorporates items concerning executive function and functionality. Reliability and
L902: validity has been confirmed. Since several items are harmonized with the classical ADAS-Cog, it will
L903: also provide comparability with previous or existing trials assessing intervention in MCI. The ADAS
L904: Cog Plus includes additional testing in executive function and caregiver reported functionality.
L905: Executive function of the ADAS-Cog plus is composed by the following tests: Trail-Making Test
L906: (TMT) A & B, the WAIS-R Digit Symbol Substitution Test (DSST), Digit Span Test, and Category
L907: Fluency.
L908: In brief, The TMT (A & B) assesses attention, speed, and mental flexibility. For this test, participants
L909: connect numbers (TMT-A) and numbers and letters (TMT-B) in order. Time to complete is the outcome
L910: of interest for this measure. Trails A is truncated at 3 min and Trails B at 5 min. The DSST measures
L911: speed and information processing. Participants are instructed to refer to a number-symbol key at the top
L912: of the page and to write the appropriate symbols under the corresponding numbers as quickly as
L913: possible. For the Digit Span Test, an auditory attention task, participants are asked to recall a series of
L914: numbers forward and backward. For Category Fluency, a measure of speed and flexibility of verbal
L915: thought, participants are asked to name as many items as possible in a specified category (vegetables);
L916: unique responses during the first minute were counted. Functionality will be assessed by the following
L917: five functionality questions : 1) “Ability of writing checks, paying bills, balancing checkbook;” 2)
L918: “Assembling tax records, business affairs, or papers”; 3) “Playing a game of skill, working on a hobby;”
L919: 4) “Keeping track of current events;” and 5) “Remembering appointments, family occasions, holidays,
L920: medications.”
L921: **Trail Making Test (TMT) A & B (s)**
L922: The Trail Making Test (TMT) measures set shifting abilities. Both parts of the test consist of 25 circles
L923: distributed across a sheet of paper. For the first portion of the test (TMT A), the participant is required
L924: to draw lines to connect numbers in ascending order as quickly as possible. This part assesses visual
L925: perception and psychomotor rapidity. TMT B assesses mental shifting and the participant’s attention
L926: ability, as they are required to do the same task as for TMT A, but alternating between numbers and
L927: letters. The participant is asked to perform the task as quickly as possible without lifting his/her pen
L928: from the paper. If the experimenter sees a mistake, she/he informs the participant. Results for both TMT
L929: A and B are reported as the number of seconds required to complete each task; therefore, higher scores
L930: reveal greater impairment. Trail A ≤ 40 seconds and Trail B ≤ 90 seconds are considered normal average
L931: values for these tests for older adults in the range of 60 to 75 years old. To index set shifting, the
L932: 23
L933: CCNA MEC Team Protocol Version: 15 February 2019
L934: difference between part B and part A completion times, smaller difference scores indicate better set
L935: shifting. [46]
L936: **Digit Span Test WAIS-III (Forwards & Backwards)**
L937: These tests measure short term and working memory. For the Digit Forward, participants are instructed
L938: to listen to each series of numbers in completion, followed by repeating the numbers in the same order.
L939: The final score is the sum of points from each correct trial. The maximum score is 16. For the Digit
L940: Backward, participants are instructed to listen to each series of numbers in completion, followed by
L941: repeating the numbers in the backward order. The final score is the sum of the points from each correct
L942: trial/series, with a maximum score of 14. The difference between the Digit Span Forward and Backward
L943: test scores is used as an index of the central executive component of working memory. Smaller
L944: difference scores indicate better working memory.[47,48]
L945: **Boston Naming Test**
L946: This test measures confrontational word retrieval skills. This version is composed by thirty pictures that
L947: are shown by the experimenter one by one. Participants are asked to name verbally each of the 15 nouns
L948: depicted in the black and white drawings. Following an error in naming, a semantic and/or phonemic
L949: cue is provided verbally to participants wherein the participants are given up to 20 seconds to respond
L950: following each cue. This task will be digitally recorded and stored. If the participant is not able to
L951: retrieve the name even after the semantic cue the experimenter gives a phonemic cue by speaking the
L952: part in bold (e.g. **sc** roll; Experimenter says: “sc”).
L953: **Generalized Anxiety Disorder 7 (GAD-7)**
L954: The Generalized Anxiety Disorder 7 is a self-rated measure of anxiety symptoms and its score is
L955: calculated by rating 0, 1, 2, and 3 to the response categories of “not at all”, “several days”, “more than
L956: half the days” and “nearly every day”, respectively, and adding together the scores for the seven
L957: questions. A score of 10 or higher has a sensitivity of 89% and a specificity of 82% for generalized
L958: anxiety disorder; a score of 5 is considered the cut-off for “mild” anxiety and 15 for “severe” anxiety. [45 ]
L959: **Geriatric Depression Scale (GDS-30)**
L960: The Geriatric Depression Scale was designed to discriminate the pattern of depressive symptoms from
L961: the general characteristics of the elderly population. It is a brief 30-item questionnaire in which
L962: participants are asked to respond by answering yes or no in reference to how they felt over the past
L963: week. The GDS was found to have a 92% sensitivity and a 89% specificity when evaluated against
L964: diagnostic criteria. Cut-off: normal-0-9; mild depressives-10-19; severe depressives-20-30.[49]
L965: **Mini Mental State Examination (MMSE)**
L966: 24
L967: CCNA MEC Team Protocol Version: 15 February 2019
L968: A 30 point questionnaire used to assess mental status. The MMSE tests 5 areas of cognitive function:
L969: orientation, registration, attention and calculation, and recall and language.
L970: **Montreal Cognitive Assessment Test (MoCA)**
L971: The Montreal Cognitive Assessment (MoCA) was designed as a rapid screening instrument for mild
L972: cognitive dysfunction. It assesses different cognitive domains: attention and concentration, executive
L973: functions, memory, language, visuoconstructional skills, conceptual thinking, calculations, and
L974: orientation. Time to administer the MoCA is approximately 10 minutes. The total possible score is 30
L975: points; a score of 26 or above is considered normal. [41]
L976: 7.6.6 MOBILITY OUTCOMES
L977: **Gait velocity and variability (single and dual-tasking** )
L978: Gait velocity will be assessed as the time taken to walk the middle 6 meters of 8 meters using the
L979: Portable Walkway System (ProtoKinetic® and/or GAITRite® Systems, Inc.) These devices automate
L980: the acquisition, analysis, and reporting of the objective parameters of gait as the subject walks down the
L981: walkway with embedded sensors. As a result, these gait mats allow detecting subtle changes in gait,
L982: including gait variability since it has been proven to have a fine discrimination when compared with
L983: other quantitative methods.[50] The gait mat is located in a well-lit room with start and end points
L984: marked on the floor one meter from either end of the mat to avoid recording acceleration and
L985: deceleration phases.
L986: _Instrumentation_ _**:**_
L987: Gait performance will be assessed using electronic walkway systems (GAITRite® or PkMas®), which
L988: automatically determines spatiotemporal gait parameters from imbedded sensors activated by foot
L989: pressure. A computer processes the footsteps, providing data for both spatial and temporal parameters.
L990: In addition, among sites without electronic walkway systems, quantitative gait parameters will be
L991: assessed using wearable inertial sensors (Gulf Coast Inc.; Shimmer Inc.) worn bilaterally on the ankles
L992: and at the hip. Acceleration data will be used to calculate foot-contact and foot-off times determine step
L993: and stride timing data. Overall gait velocity is determined by timing the standard walk distance.
L994: For walking conditions all individuals will perform walks along a 6 meter path while wearing hip and
L995: ankle worn accelerometers. Individuals will perform three main tasks: 1) preferred walking speed, 2)
L996: dual task walking and 3) fast walking. In the case that a participant uses an assistive aid (cane, walker),
L997: the tester will determine the participant’s capacity to walk safely without the use of the aid. With the
L998: 25
L999: CCNA MEC Team Protocol Version: 15 February 2019
L1000: willingness of the participant, they will then perform one test walk without the use of the aid. If the
L1001: participant is able to safely walk without the use of the assistive aid, all subsequent testing will be
L1002: performed without its use. In all walks, participants will start 1 meter before the beginning of the 6 meter
L1003: platform and continue to travel 1 meter past the end of the platform. This procedure is in place to ensure
L1004: steady-state walking and to minimize any effects of acceleration and de-acceleration during the course
L1005: of the walk.
L1006: The first walking block will measure self-selected or preferred walking. Participants will be instructed to
L1007: “walk at a comfortable and secure pace”. For preferred walking speed, a total of three walks will be
L1008: performed. Participants with slow walking speed, less than 0.6m/s, or participants with lower limb
L1009: disability, will be allowed to complete one walk if they are not able to perform the three trials. We
L1010: require a minimum of approximately 20-steps to allow measurement of step-to-step variability. For
L1011: example, an individual who walks at 1.5 m/s would usually only have 4-5 steps per walk. Therefore, we
L1012: would need at least 3 repetitions. For those walking less than 1.0 m/s, two trials is commonly necessary.
L1013: For those walking less than 0.5 m/s, a single walk is usually sufficient.
L1014: The second walking block will be dual-task walking and includes three separate walks. Before
L1015: performing the walking task, participants will enumerate out loud the verbal outputs will be performed
L1016: from a seated position prior to any walks and recorded. The seated assessments will be timed at 10
L1017: seconds for dual-tasks and will be performed in the beginning of all cognitive assessments to prevent
L1018: practice effects in dual-task gait performance (see order of assessments for visit 2, 3 and 4). If during the
L1019: assessment time restriction appears or the assessor can see the tasks are difficult for the individual, the
L1020: minimum gait assessment required will be usual gait, naming animals and Serial 7s. The first dual-task
L1021: administered will have the participant walk on the platform while simultaneously counting backward by
L1022: serial 1’s from 100 (100-99-98…) out loud. The second dual-task will have the participant repeat the
L1023: walk but this time, while naming animals (fluency test). In the third dual-task, the participant will be
L1024: asked to walk the platform while subtracting 7’s from 100 (100-93-86…) out loud. During this trial,
L1025: participants are encouraged to keep walking even if they cannot do the subtractions. These dual-task
L1026: conditions selected are based on previous research which demonstrated that counting backwards requires
L1027: both working memory and attention[51]. Participants will be instructed to pay attention to both gait and
L1028: the cognitive task; if a participant stops either task during the trial, they will be prompted to continue.
L1029: Not instructing to prioritize gait over cognitive task or vice-versa allows both gait and cognitive task to
L1030: vary. This has previously been shown to provide a better representation of what happens naturally
L1031: [52,53]. The evaluator will record any counting errors during walking.
L1032: 26
L1033: CCNA MEC Team Protocol Version: 15 February 2019
L1034: The third and last walking block will include fast walking and the participants will be instructed to walk
L1035: as fast and safe as they can without running.
L1036: **Six-minute Walking Test (6MWT)**
L1037: The 6MWT is used to quantitatively measure participants’ exercise capacity by measuring the maximum
L1038: distance that a person can walk in 6 minutes. The test is a modification of the 12-min walk/run test
L1039: originally developed by Cooper [54] and is commonly used as an assessment of exercise capacity. The
L1040: 6MWT is useful for predicting the maximal oxygen uptake related to cardiorespiratory fitness and is
L1041: easily administered in clinical settings [55]. The 6MWT is believed to be a useful instrument because of
L1042: its ease of administration and similarity to normal daily activities. It is a submaximal test of aerobic
L1043: capacity which has been successfully used in MCI populations [56].
L1044: The 6MWT will be assessed by licensed and trained physical therapists. The participants are instructed
L1045: to walk from one end of a 10-meter course to the other and back again as many times as possible in 6
L1046: min, while under the supervision of a physical therapist. After each minute, participants were informed
L1047: of the time elapsed and were given standardized encouragement. The distance (meters) walked in 6 min
L1048: was recorded [55].
L1049: **Short Physical Performance Battery (SPPB)**
L1050: It is a widely used instrument for quantifying lower extremity function and mobility in older adults. It is
L1051: a group of measures that combines the results of the gait speed, chair stand and balance tests [57]. It
L1052: has been used as a predictive tool for possible disability and can aid in the monitoring of function in
L1053: older people. The scores range from 0 (worst performance) to 12 (best performance). The SPPB has
L1054: been shown to have predictive validity showing a gradient of risk for mortality, nursing home
L1055: admission, and disability. [58]
L1056: 7.6.7 FUNCTIONAL OUTCOMES AND COMBINED SCORE OF COGNITION AND
L1057: FUNCTIONALITY (POOLED INDEX)
L1058: Functional Outcomes: Activities of daily living and everyday function will be evaluated using the use
L1059: the ADCS which is a 23-item informant-rated questionnaire that measures, in a range of 0 to 78, an
L1060: individual’s performance of activities of daily living.
L1061: Pooled Index: A pool index including measures of cognition, mobility and functionality will be used as a
L1062: secondary outcome. The cognitive decline seen with aging, due to neurodegenerative or vascular
L1063: mechanisms, affects not only cognition but also mood, behavior and the ability to perform activities of
L1064: 27
L1065: CCNA MEC Team Protocol Version: 15 February 2019
L1066: daily living. Therefore, treatments are considered successful if they slow down the progression of
L1067: cognitive decline and maintain functionality and independency. Studies conducted in psychiatric patients
L1068: and therapies for rheumatoid arthritis have demonstrated the applicability of a pooled index (PI) in
L1069: measuring overall function and how changes in PI scores can be analyzed to quantify improvement or
L1070: worsening conditions over time[60-62]. To apply this approach in our cohort, we constructed the
L1071: **Cognition and Functionality Pooled Index** with six continuous variables sensitive to cognition
L1072: function in older adults: Trail- Making Test, parts A and B (executive function), Rey Auditory Verbal
L1073: Learning Test (RAVLT) (semantic memory, verbal learning), Geriatric Depression Scale [GDS] (mood),
L1074: Alzheimer’s disease Activities of Daily Living-International Scale [ADL-IS] (functionality), and dual
L1075: task gait cost. The efficiency of a Pool Index is greatest when the combined variables are poorly
L1076: correlated (r<0.4) which reduces variance of PI. The suitability of our 6 source variables was confirmed
L1077: by calculating the strength of pairwise correlations using Pearson Correlation Coefficient. The pooled
L1078: index is created by converting all individual scores from the six tests to standardized _z_ scores by
L1079: subtracting the baseline group mean and dividing by the baseline group SD, and then averaging the
L1080: standardized _z_ scores. For tests with more than 1 component, the component scores were first averaged
L1081: to create a single _z_ score for each test (e.g., _z_ scores for Trails A and B were averaged to create a single
L1082: Trails _z_ score) so that all tests were weighted equally, and then the mean _z_ scores for the 6 tests was
L1083: calculated.
L1084: 7.6.8 QUALITY OF LIFE OUTCOMES
L1085: Health related quality of life will be evaluated using the SF 36 that provides weightings for quality
L1086: adjusted life year (QALYs). The SF 36 captures health states based on the following domains: 1)
L1087: mobility; 2) self-care; 3) usual activities; 4) pain and 5) anxiety or depression. We will calculate scores
L1088: using the established methodology to determine if there is a statistically significant difference in the
L1089: incremental cost per QALY change across the 5 arms.
L1090: 7.6.9 HEALTH RESOURCE UTILIZATION
L1091: At Visits 2 and 3, we will ask participants to report any visit to: 1) health care professionals; 2)
L1092: admissions or visits to hospital; and 3) laboratory work using the health resource utilization
L1093: questionnaire. This questionnaire has been previously described and supported in previous studies
L1094: [Neumann PJ, Goldie SJ, Weinstein MC: Preference-based measures in economic evaluation in health
L1095: care. Annual review of public health. 2000, 21: 587-611. 10.1146/annurev.publhealth.21.1.587.]. We
L1096: will estimate total health care related costs over the 12 months from a Canadian health care system
L1097: 28
L1098: CCNA MEC Team Protocol Version: 15 February 2019
L1099: perspective. Participants will be instructed to specify total health care expenditure and report the reason
L1100: for each item. Additionally, participants will be instructed to report health care expenditure due to any
L1101: adverse events associated with our study. On a per participant basis, costs will be assigned to health
L1102: care resource utilization using a fully allocated hospital cost model (for in-patient costs) and provincial
L1103: guides to medical fees (for outpatient costs). Case analyses will consider the costs of all health care
L1104: resource use and our sensitivity analyses will include only intervention related health care resource costs
L1105: and a complete case analysis.
L1106: **8. ANALYSIS**
L1107: **Analysis, planned analysis, frequency of analysis, and correction for multiple testing**
L1108: Analysis will be conducted as intention to treat and as per-protocol analysis. For the primary endpoint
L1109: (ADAS-Cog plus), the change from baseline to six months and 12 months will be assessed using a
L1110: repeated measures analysis of covariance (ANCOVA) model incorporating the baseline values as
L1111: covariates. Observing a statistically significant difference in the primary outcome will be considered
L1112: preliminary evidence of efficacy. Additionally, reduction of prevalence rate of abnormal ADAS-Cog
L1113: plus score (dichotomous variable) will be asses as a primary outcome.
L1114: We will also report variances, co-variances, and effect sizes, as well as sampling feasibility (i.e., ease of
L1115: recruitment, recruitment rate, withdrawal rate). Descriptive statistics for demographic and baseline
L1116: characteristics will be provided with means and standard deviations, or medians and the interquartile
L1117: range where appropriate, for continuous characteristics and frequencies and percentages for categorical
L1118: variables.
L1119: If the within-group comparison is statistically significant, Tukey’s multiple comparisons will identify
L1120: significant pairwise differences. Similarly, for the secondary endpoints, six month changes in gait
L1121: performance and secondary cognitive outcomes of interest will be performed using one way analyses of
L1122: variance. For group comparisons that are statistically significant, pairwise comparisons will be made
L1123: using Tukey’s multiple comparisons tests. All statistical tests will be two-tailed, and a _p_ -value of less
L1124: than 0.05 will be considered to indicate statistical significance. All calculations will be made using SPSS
L1125: software package version 23.0 (SPSS Inc., Chicago, IL).
L1126: Secondary analyses will be also performed according to an intention-to-treat principle and per protocol
L1127: analysis. Frequency of the analyses: preliminary analysis will be performed at month 6 to ascertain
L1128: descriptive characteristics at baseline assessment. Final efficacy analysis will be performed at the end of
L1129: the trial since no safety issues are involved in this study. The statistical significance of the results will be
L1130: 29
L1131: CCNA MEC Team Protocol Version: 15 February 2019
L1132: determined by Hochberg's variation of the Bonferroni procedure for multiple testing. [39] An economical
L1133: analysis will be also performed addressing health resources utilization.
L1134: **9. ADVERSE EVENT (AE) AND SERIOUS ADVERSE EVENT REPORTING (SAE)**
L1135: Adverse events will be recorded for subjects starting at the time of signing the Informed Consent and
L1136: their discontinuation within the study. All AEs will be recorded on an ongoing paper log, which will be
L1137: reviewed by each site leader and forwarded to the team leader at London site, who will determine both
L1138: the intensity of the event and the relationship of the event to study procedures. Based on the outcome it
L1139: will be up to the team leader to medically determine if it is justified for the participant to continue in the
L1140: study or terminate their participation.
L1141: SAEs will be recorded on a paper log, starting at the time of signing the Informed Consent and up to the
L1142: end of their participation within the study. SAEs which are classified as unanticipated will be reported
L1143: to local REBs. An SAE is defined as any incident that is unexpected, and related or possibly related to
L1144: participation in the research study. SAEs will be reviewed and monitored by each site team leader until
L1145: resolved.
L1146: 9.1 CONCOMITANT MEDICATIONS
L1147: Antacids (Magnesium-containing): Hypermagnesemia may develop when these agents are used
L1148: concurrently with Vitamin D, particularly in patients with chronic renal failure.
L1149: Anticonvulsants (Phenytoin, Phenobarbital): Decreased Vitamin D effects may occur when certain
L1150: anticonvulsants are administered, as they may induce hepatic microsomial enzymes and accelerate the
L1151: conversion of Vitamin D to inactive metabolites.
L1152: Cholestyramine, Colestipol, Mineral Oil: Intestinal absorption of Vitamin D may be impaired. Patients
L1153: on cholestyramine or colestipol should be advised to allow as much time as possible between the
L1154: ingestion of these drugs and Vitamin D.
L1155: Digoxin: Vitamin D should be used with caution in patients on digoxin as hypercalcemia (which may
L1156: result with Vitamin D use) may precipitate cardiac arrhythmias.
L1157: Thiazide diuretics: There is an increased risk of hypercalcaemia if vitamin D is coadministered with
L1158: thiazide diuretics and calcium. Plasma-calcium concentrations should be monitored in patients receiving
L1159: the drugs concurrently (Source: Martindale).
L1160: Different Vitamin D analogues should be administered concurrently.
L1161: 30
L1162: CCNA MEC Team Protocol Version: 15 February 2019
L1163: 9.2 RESCUE MEDICATION AND RISK MANAGEMENT
L1164: Higher doses of Vitamin D may lead to hypervitaminosis D manifested by hypercalcemia and its
L1165: sequelae. Treatment of acute or chronic intoxication includes withdrawal of Vitamin D3 and any
L1166: calcium supplements, maintenance of a low calcium diet and if needed corticosteroids or calciuric
L1167: diuretics, such as furosemide and ethacrymic acid to decrease serum calcium concentrations. All
L1168: participants will be monitored by site physicians and trained staff should any adverse events arise
L1169: participants will have access to a phone number and e-mail address provided on the copy of their signed
L1170: consent form. They will be informed to use these contacts to inform the Principal Investigator about
L1171: concerns that may be associated with treatment received in each site.
L1172: 9.3 PREMATURE WITHDRAWAL/DISCONTINUATION CRITERIA
L1173: Participants may be withdrawn or be discontinued from the study for any of the following reasons:
L1174: 1. At the participant’s request (withdrawal of consent)
L1175: 2. At the discretion of the investigator, if deemed appropriate, for any reason
L1176: 3. If an intolerable or life threatening adverse event occurs
L1177: Or if any of the following develop:
L1178: 4. renal dysfunction
L1179: 5. dementia
L1180: 6. severe depression/anxiety/schizophrenia
L1181: 7. hypercalcaemia and/or hypermagnesemia
L1182: Participant data collected to the date of discontinuation or withdrawal will be included in the analysis.
L1183: **10. ETHICAL CONSIDERATIONS**
L1184: This study will be conducted in compliance with the outlined protocol, International Conference on
L1185: Harmonization Good Clinical Practice (ICH-GCP), and all applicable regulatory requirements.
L1186: All relevant documents for this study will be submitted to the appropriate Research Ethics Board (REB)
L1187: for review. Written approval from the REB must be obtained prior to entering and testing participants
L1188: within this study. The REB will be notified of any protocol amendments regarding new study
L1189: procedures which may occur during the course of the study. Written approval from the REB on these
L1190: amendments must be received prior to implementation of any new procedures.
L1191: 31
L1192: CCNA MEC Team Protocol Version: 15 February 2019
L1193: 10.1 CONFIDENTIALITY OF PARTICIPANT RECORDS
L1194: Participants will be identified by a study identification number. It will be necessary to collect the
L1195: participants name and contact information as this study will require several scheduling procedures. This
L1196: information will be kept separate from the participant study identification number.
L1197: **11. ADMINISTRATIVE REQUIREMENTS**
L1198: 11.1 PROTOCOL AMENDMENTS
L1199: The leaders of the study, in collaboration with members of the team, may modify the protocol at any
L1200: time during the study. Protocol amendments will require REB approval prior to implementation of any
L1201: changes.
L1202: 11.2 COMPLETION OF CASE REPORT FORMS (CRFS)
L1203: All sites participating in his study will be trained on completion of CRFs. The primary investigators at
L1204: all sites are responsible for the CRFs with respect to completeness, accuracy, and clarity.
L1205: 11.3 MONITORING PROCEDURES
L1206: All sites will use the same data collection forms to maintain consistency. Monitoring procedures will be
L1207: performed using the LORIS system platform for uploading data specially developed for the SYNERGIC
L1208: study by CCNA informatics team platform.
L1209: **12. PUBLICATION POLICY**
L1210: The SYNERGIC Trial will follow CCNA publication policy.
L1211: 12.1 PARTICIPATING CENTERS
L1212: The following centers will be participating in this study:
L1213:   - Gait and Brain Lab & Neurovascular Research Lab, The University of Western Ontario, London,
L1214: ON
L1215:   - Imaging Research Laboratories. Robarts Research Institute, The University of Western Ontario,
L1216: London, ON
L1217:   - Aging, Mobility, and Cognitive Neuroscience Lab, University of British Columbia, Vancouver,
L1218: BC
L1219:   - Brain Research Centre, Centre for Hip Health and Mobility
L1220: 32
L1221: CCNA MEC Team Protocol Version: 15 February 2019
L1222:   - Unité de Neuroimagerie Fonctionnelle. Centre de recherche, Institut universitaire de gériatrie de
L1223: Montréal, Université de Montréal, Montreal
L1224:   - Division of Geriatrics, McGill Centre of Excellence in Aging and Chronic Disease, McGill
L1225: University
L1226:   - PERFORM Center, Concordia University/Centre de recherche, Institut universitaire de gériatrie
L1227: de Montréal. Université de Montréal (CRIUGM)
L1228:   - Department of Psychology, Concordia University
L1229:   - Department of Medicine, Division of Neurology, University of Alberta
L1230:   - The Sun Life Financial Movement Disorders Research and Rehabilitation Centre, Wilfrid
L1231: Laurier University
L1232:   - Centre for Community, Clinical and Applied Research Excellence (CCCARE), University of
L1233: Waterloo
L1234:   - Balance, Mobility and Falls Clinic at Toronto Rehab Rehabilitation Affiliate Network of the
L1235: Centre for Stroke Recovery, Sunnybrook
L1236: 33
L1237: **Figure 1: CONSORT flowchart for the SYNERGIC Trial**
L1238: **Figure 2.** Schematic Timeline of Synergic Trial
L1239: **Arm 4: Exercises,** Control Cognitive Training, Placebo Vit. D
L1240: **Arm 5** : Control Exercise, Control Cognitive Training, Placebo Vit
L1241: Ongoing Recruitment [a] :for 12 mo (up to 18 mo)
L1242: Month
L1243: 36
L1244: Month
L1245: 0
L1246: Month
L1247: 12 24
L1248: 12
L1249: Month
L1250: (a) Recruitment of participants w ill be an on-going process w ith individuals being assigned to groups as they are enrolled. Recruitment period is expected to be 24 months, at a
L1251: recruitment rate of 2.5 patients per month per main site (conservative estimate). How ever, recruitment may continue up to 36 months after the first individual has been recruited.
L1252: Recruitment period of 24 months
L1253: (b) Baseline assessments (T0) will be completed w ithin one-week of participant starting the specific intervention/placebo (i.e. month 0 for the first participant recruited; and month 30 for
L1254: the last participant recruited). Participants w ill return to the clinic six months [(c)] after starting the specific intervention/placebo (T6) to complete the post intervention assessment.
L1255: Six months participants w ill return to the clinic again (T12) at w hich time their final assessment w ill be completed. The same assessments at T0 w ill be done.
L1256: ** 9 months after their first baseline assessment (T0) i.e. 3 months post-intervention, there w ill be a follow up phone call.
L1257: **Figure 3. SYNERGIC Patient Flow Chart**
L1258: 13. Reference List
L1259: 1. Bherer L, Erickson KI, Liu-Ambrose T: **Physical exercise and brain functions in older adults.** _J_
L1260: _Aging Res_ 2013, **2013:** 197326.
L1261: 2. Liu-Ambrose T, Nagamatsu LS, Voss MW, Khan KM, Handy TC: **Resistance training and**
L1262: **functional plasticity of the aging brain: a 12-month randomized controlled trial.** _Neurobiol_
L1263: _Aging_ 2012, **33:** 1690-1698.
L1264: 3. Colcombe S, Kramer AF: **Fitness effects on the cognitive function of older adults: a meta-**
L1265: **analytic study.** _Psychol Sci_ 2003, **14:** 125-130.
L1266: 4. Langlois F, Vu TT, Chasse K, Dupuis G, Kergoat MJ, Bherer L: **Benefits of physical exercise**
L1267: **training on cognition and quality of life in frail older adults.** _J Gerontol B Psychol Sci Soc Sci_
L1268: 2013, **68:** 400-404.
L1269: 5. Sage MD, Almeida QJ: **A positive influence of vision on motor symptoms during sensory**
L1270: **attention focused exercise for Parkinson's disease.** _Mov Disord_ 2010, **25:** 64-69.
L1271: 6. Sage MD, Almeida QJ: **Symptom and gait changes after sensory attention focused exercise vs**
L1272: **aerobic training in Parkinson's disease.** _Mov Disord_ 2009, **24:** 1132-1138.
L1273: 7. Cotman CW, Berchtold NC, Christie LA: **Exercise builds brain health: key roles of growth**
L1274: **factor cascades and inflammation.** _Trends Neurosci_ 2007, **30:** 464-472.
L1275: 8. Nagamatsu LS, Handy TC, Hsu CL, Voss M, Liu-Ambrose T: **Resistance training promotes**
L1276: **cognitive and functional brain plasticity in seniors with probable mild cognitive impairment.**
L1277: _Arch Intern Med_ 2012, **172:** 666-668.
L1278: 9. Kueider AM, Parisi JM, Gross AL, Rebok GW: **Computerized cognitive training with older**
L1279: **adults: a systematic review.** _PLoS One_ 2012, **7:** e40588.
L1280: 10. Reijnders J, van HC, van BM: **Cognitive interventions in healthy older adults and people with**
L1281: **mild cognitive impairment: a systematic review.** _Ageing Res Rev_ 2013, **12:** 263-275.
L1282: 11. Li KZ, Roudaia E, Lussier M, Bherer L, Leroux A, McKinley PA: **Benefits of cognitive dual-task**
L1283: **training on balance performance in healthy older adults.** _J Gerontol A Biol Sci Med Sci_ 2010,
L1284: **65:** 1344-1352.
L1285: 12. Ballesteros S, Prieto A, Mayas J, Toril P, Pita C, Ponce de LL _et al_ .: **Brain training with non-**
L1286: **action video games enhances aspects of cognition in older adults: a randomized controlled**
L1287: **trial.** _Front Aging Neurosci_ 2014, **6:** 277.
L1288: 13. Chapman SB, Aslan S, Spence JS, Hart JJ, Jr., Bartz EK, Didehbani N _et al_ .: **Neural mechanisms**
L1289: **of brain plasticity with complex cognitive training in healthy seniors.** _Cereb Cortex_ 2015, **25:**
L1290: 396-405.
L1291: 14. Annweiler C, Montero-Odasso M, Muir SW, Beauchet O: **Vitamin D and Brain Imaging in the**
L1292: **Elderly: Should we Expect Some Lesions Specifically Related to Hypovitaminosis D?** _Open_
L1293: _Neuroimag J_ 2012, **6:** 16-18.
L1294: 15. Beauchet O, Annweiler C, Verghese J, Fantino B, Herrmann FR, Allali G: **Biology of gait control:**
L1295: **Vitamin D involvement.** _Neurology_ 2011, **76:** 1617-1622.
L1296: 16. Muir SW, Montero-Odasso M: **Effect of vitamin D supplementation on muscle strength, gait**
L1297: **and balance in older adults: a systematic review and meta-analysis.** _J Am Geriatr Soc_ 2011, **59:**
L1298: 2291-2300.
L1299: 17. Annweiler C, Schott AM, Rolland Y, Blain H, Herrmann FR, Beauchet O: **Dietary intake of**
L1300: **vitamin D and cognition in older women: a large population-based study.** _Neurology_ 2010, **75:**
L1301: 1810-1816.
L1302: 18. Annweiler C, Schott AM, Berrut G, Chauvire V, Le Gall D, Inzitari M _et al_ .: **Vitamin D and**
L1303: **ageing: neurological issues.** _Neuropsychobiology_ 2010, **62:** 139-150.
L1304: 19. Annweiler C, Montero-Odasso M, Llewellyn DJ, Richard-Devantoy S, Duque G, Beauchet O:
L1305: **Meta-analysis of memory and executive dysfunctions in relation to vitamin D.** _J Alzheimers Dis_
L1306: 2013, **37:** 147-171.
L1307: 20. Annweiler C, Muir SW, Nabeel S, Gopaul K, Beauchet O, Montero-Odasso M: **Higher serum**
L1308: **vitamin D concentration is associated with better balance in older adults with supra-optimal**
L1309: **vitamin D status.** _J Am Geriatr Soc_ 2013, **61:** 163-165.
L1310: 21. Ostbye T, Crosse E: **Net economic costs of dementia in Canada.** _CMAJ_ 1994, **151:** 1457-1464.
L1311: 22. Toronto Rehabilitation Institute. Fact Sheet: Disabilities and aging in Canada.
L1312: [http://www.torontorehab.com/research/documents/iDAPT-Fact%20Sheet-](http://www.torontorehab.com/research/documents/iDAPT-Fact%20Sheet-%20Disabilities%20in%20Canada.pdf)
L1313: [%20Disabilities%20in%20Canada.pdf . 8-26-2009.](http://www.torontorehab.com/research/documents/iDAPT-Fact%20Sheet-%20Disabilities%20in%20Canada.pdf)
L1314: Ref Type: Electronic Citation
L1315: 23. Ohman H, Savikko N, Strandberg TE, Pitkala KH: **Effect of physical exercise on cognitive**
L1316: **performance in older adults with mild cognitive impairment or dementia: a systematic**
L1317: **review.** _Dement Geriatr Cogn Disord_ 2014, **38:** 347-365.
L1318: 24. Suzuki T, Shimada H, Makizako H, Doi T, Yoshida D, Ito K _et al_ .: **A randomized controlled trial**
L1319: **of multicomponent exercise in older adults with mild cognitive impairment.** _PLoS One_ 2013, **8:**
L1320: e61483.
L1321: 25. Skinner J, Carvalho JO, Potter GG, Thames A, Zelinski E, Crane PK _et al_ .: **The Alzheimer's**
L1322: **Disease Assessment Scale-Cognitive-Plus (ADAS-Cog-Plus): an expansion of the ADAS-Cog**
L1323: **to improve responsiveness in MCI.** _Brain Imaging Behav_ 2012, **6:** 489-501.
L1324: 26. Takeda A, Loveman E, Clegg A, Kirby J, Picot J, Payne E _et al_ .: **A systematic review of the**
L1325: **clinical effectiveness of donepezil, rivastigmine and galantamine on cognition, quality of life**
L1326: **and adverse events in Alzheimer's disease.** _Int J Geriatr Psychiatry_ 2006, **21:** 17-28.
L1327: 27. Crane PK, Carle A, Gibbons LE, Insel P, Mackin RS, Gross A _et al_ .: **Development and**
L1328: **assessment of a composite score for memory in the Alzheimer's Disease Neuroimaging**
L1329: **Initiative (ADNI).** _Brain Imaging Behav_ 2012, **6:** 502-516.
L1330: 28. Albert MS, DeKosky ST, Dickson D, Dubois B, Feldman HH, Fox NC _et al_ .: **The diagnosis of**
L1331: **mild cognitive impairment due to Alzheimer's disease: recommendations from the National**
L1332: **Institute on Aging-Alzheimer's Association workgroups on diagnostic guidelines for**
L1333: **Alzheimer's disease.** _Alzheimers Dement_ 2011, **7:** 270-279.
L1334: 29. Lawton MP, Brody EM: **Assessment of older people: self-maintaining and instrumental**
L1335: **activities of daily living.** _Gerontologist_ 1969, **9:** 179-186.
L1336: 30. American Psychiatric Association: _Diagnostic and Statistical Manual of Mental Disorders (4th ed._
L1337: _- Text Revision; [DSV-IV-TR])_ . Washington, DC: Author; 2000.
L1338: 31. Fiatarone Singh MA, Gates N, Saigal N, Wilson GC, Meiklejohn J, Brodaty H _et al_ .: **The Study of**
L1339: **Mental and Resistance Training (SMART) study-resistance training and/or cognitive training**
L1340: **in mild cognitive impairment: a randomized, double-blind, double-sham controlled trial.** _J Am_
L1341: _Med Dir Assoc_ 2014, **15:** 873-880.
L1342: 32. Bherer L, Kramer AF, Peterson MS, Colcombe S, Erickson K, Becic E: **Training effects on dual-**
L1343: **task performance: are there age-related differences in plasticity of attentional control?**
L1344: _Psychol Aging_ 2005, **20:** 695-709.
L1345: 33. Bherer L, Kramer AF, Peterson MS, Colcombe S, Erickson K, Becic E: **Testing the limits of**
L1346: **cognitive plasticity in older adults: application to attentional control.** _Acta Psychol (Amst)_
L1347: 2006, **123:** 261-278.
L1348: 34. Bherer L, Kramer AF, Peterson MS, Colcombe S, Erickson K, Becic E: **Transfer effects in task-**
L1349: **set cost and dual-task cost after dual-task training in older and younger adults: further**
L1350: **evidence for cognitive plasticity in attentional control in late adulthood.** _Exp Aging Res_ 2008,
L1351: **34:** 188-219.
L1352: 35. Vieth R: **The mechanisms of vitamin D toxicity.** _Bone Miner_ 1990, **11:** 267-272.
L1353: 36. Vieth R, Chan PC, MacFarlane GD: **Efficacy and safety of vitamin D3 intake exceeding the**
L1354: **lowest observed adverse effect level.** _Am J Clin Nutr_ 2001, **73:** 288-294.
L1355: 37. Venning G: **Recent developments in vitamin D deficiency and muscle weakness among elderly**
L1356: **people.** _BMJ_ 2005, **330:** 524-526.
L1357: 38. Lussier M, Brouillard P, Bherer L: **Limited Benefits of Heterogeneous Dual-Task Training on**
L1358: **Transfer Effects in Older Adults.** _J Gerontol B Psychol Sci Soc Sci_ 2015.
L1359: 39. Stanziano DC, Roos BA, Perry AC, Lai S, Signorile JF: **The effects of an active-assisted**
L1360: **stretching program on functional performance in elderly persons: a pilot study.** _Clin Interv_
L1361: _Aging_ 2009, **4:** 115-120.
L1362: 40. Julayanont P, Brousseau M, Chertkow H, Phillips N, Nasreddine ZS: **Montreal Cognitive**
L1363: **Assessment Memory Index Score (MoCA-MIS) as a predictor of conversion from mild**
L1364: **cognitive impairment to Alzheimer's disease.** _J Am Geriatr Soc_ 2014, **62:** 679-684.
L1365: 41. Nasreddine ZS, Phillips NA, Bedirian V, Charbonneau S, Whitehead V, Collin I _et al_ .: **The**
L1366: **Montreal Cognitive Assessment, MoCA: a brief screening tool for mild cognitive impairment.**
L1367: _J Am Geriatr Soc_ 2005, **53:** 695-699.
L1368: 42. Vakil E, Greenstein Y, Blachstein H: **Normative data for composite scores for children and**
L1369: **adults derived from the Rey Auditory Verbal Learning Test.** _Clin Neuropsychol_ 2010, **24:** 662677.
L1370: 43. Rey A: **L'examen clinique en psychologie.** 1958.
L1371: 44. Schmidt M: _Rey auditory verbal learning test: A handbook_ . Western Psychological Services Los
L1372: Angeles; 1996.
L1373: 45. Strauss E, Sherman EM, Spreen O. A compendium of neuropsychological tests. 2006. New York:
L1374: Oxford University Press.
L1375: Ref Type: Generic
L1376: 46. Tombaugh TN: **Trail Making Test A and B: normative data stratified by age and education.**
L1377: _Arch Clin Neuropsychol_ 2004, **19:** 203-214.
L1378: 47. Yamamoto D, Kazui H, Takeda M: **[Wechsler Adult Intelligence Scale-III (WAIS-III)].** _Nihon_
L1379: _Rinsho_ 2011, **69 Suppl 8:** 403-407.
L1380: 48. Liu-Ambrose T, Nagamatsu LS, Graf P, Beattie BL, Ashe MC, Handy TC: **Resistance training**
L1381: **and executive functions: a 12-month randomized controlled trial.** _Arch Intern Med_ 2010, **170:**
L1382: 170-178.
L1383: 49. Yesavage JA, Brink TL, Rose TL, Lum O, Huang V, Adey M _et al_ .: **Development and validation**
L1384: **of a geriatric depression screening scale: a preliminary report.** _J Psychiatr Res_ 1982, **17:** 37-49.
L1385: 50. Shore WS, deLateur BJ, Kuhlemeier KV, Imteyaz H, Rose G, Williams MA: **A comparison of gait**
L1386: **assessment methods: Tinetti and GAITRite electronic walkway.** _J Am Geriatr Soc_ 2005, **53:**
L1387: 2044-2045.
L1388: 51. Hittmair-Delazer M, Semenza C, Denes G: **Concepts and facts in calculation.** _Brain_ 1994, **117 (**
L1389: **Pt 4):** 715-728.
L1390: 52. Verghese J, Kuslansky G, Holtzer R, Katz M, Xue X, Buschke H _et al_ .: **Walking while talking:**
L1391: **effect of task prioritization in the elderly.** _Arch Phys Med Rehabil_ 2007, **88:** 50-53.
L1392: 53. Yogev-Seligmann G, Hausdorff JM, Giladi N: **The role of executive function and attention in**
L1393: **gait.** _Mov Disord_ 2008, **23:** 329-342.
L1394: 54. Cooper KH: **A means of assessing maximal oxygen intake: correlation between field and**
L1395: **treadmill testing.** _JAMA_ 1968, **203:** 201-204.
L1396: 55. Steffen TM, Hacker TA, Mollinger L: **Age- and gender-related test performance in community-**
L1397: **dwelling elderly people: Six-Minute Walk Test, Berg Balance Scale, Timed Up & Go Test,**
L1398: **and gait speeds.** _Phys Ther_ 2002, **82:** 128-137.
L1399: 56. Makizako H, Shimada H, Doi T, Park H, Yoshida D, Suzuki T: **Six-Minute Walking Distance**
L1400: **Correlated with Memory and Brain Volume in Older Adults with Mild Cognitive**
L1401: **Impairment: A Voxel-Based Morphometry Study.** _Dementia and Geriatric Cognitive Disorders_
L1402: _Extra_ 2013, **3:** 223-232.
L1403: 57. Guralnik JM, Ferrucci L, Pieper CF, Leveille SG, Markides KS, Ostir GV _et al_ .: **Lower extremity**
L1404: **function and subsequent disability consistency across studies, predictive models, and value of**
L1405: **gait speed alone compared with the Short Physical Performance Battery.** _The Journals of_
L1406: _Gerontology Series A: Biological Sciences and Medical Sciences_ 2000, **55:** M221-M231.
L1407: 58. Guralnik JM, Simonsick EM, Ferrucci L, Glynn RJ, Berkman LF, Blazer DG _et al_ .: **A short**
L1408: **physical performance battery assessing lower extremity function: association with self-**
L1409: **reported disability and prediction of mortality and nursing home admission.** _J Gerontol_ 1994,
L1410: **49:** M85-M94.
L1411: 59. Lord SR, Menz HB, Tiedemann A: **A physiological profile approach to falls risk assessment and**
L1412: **prevention.** _Phys Ther_ 2003, **83:** 237-252.
L1413: 60. Speechley M, Barton JC, Passmore L, Harrison H, Reboussin DM, Harris EL _et al_ .: **Potential**
L1414: **nonresponse bias in a clinical examination after initial screening using iron phenotyping and**
L1415: **HFE genotyping in the hemochromatosis and iron overload screening study.** _Genet Test Mol_
L1416: _Biomarkers_ 2009, **13:** 721-728.
L1417: 61. Smythe HA, Helewa A, Goldsmith CH: **"Independent assessor" and "pooled index" as**
L1418: **techniques for measuring treatment effects in rheumatoid arthritis.** _J Rheumatol_ 1977, **4:** 144152.
L1419: 62. Goldsmith CH, Smythe HA, Helewa A: **Interpretation and power of a pooled index.** _J Rheumatol_
L1420: 1993, **20:** 575-578.
L1421: APPENDIX I
L1422: |Col1|Col2|Visit Table|Col4|Col5|Col6|Col7|
L1423: |---|---|---|---|---|---|---|
L1424: |**Procedure**|Visit 1<br>Screening|Visit 2<br>Baseline|<br>Randomization|Visit 3<br>6M Visit|Telephone<br>Follow-up (9M<br>post-Baseline)|Visit 4<br>12M Visit|
L1425: |Written Informed Consent|X||||||
L1426: |Demographic Information|X||||||
L1427: |PASE Questionnaire|X|||X||X|
L1428: |Mini Mental State<br>Examination (MMSE)|X||||||
L1429: |Montreal Cognitive<br>Assessment (MoCA)<br>Logical Memory 1 & 2 *<br>CERAD Word List Recall *|X|||X||X|
L1430: |Geriatric Depression Scale<br>(GDS-30)<br>|X|||X||X|
L1431: |Generalized Anxiety Disorder<br>7 (GAD-7)|X|||X||X|
L1432: |Clinical Dementia Rating<br>(CDR)|X|||X||X|
L1433: |Physical Activity Readiness<br>Questionnaire Plus (PAR-Q +)<br>|X <br>|<br>|<br>|<br>|<br>|<br>|
L1434: |ADCS-ADL and IADL<br>|X|||X||X|
L1435: |Clinical Medical<br>Questionnaire||X|X|X||X|
L1436: |Dual Task Control Assessment||X|X|X||X|
L1437: |Six Minute Walk Test<br>(6MWT) ^||X|X|X||X|
L1438: |Quality of Life Questionnaire<br>(SF-36)<br>|<br>|X <br>|X <br>|X <br>|<br>|X <br>|
L1439: |ADAS-Cog 13 (+ tests **)<br>||X|X|X||X|
L1440: |Digit Span Forward and<br>Backward WAIS-III **||X|X|X||X|
L1441: |TMT A and B **||X|X|X||X|
L1442: |Digit Symbol Test **||X|X|X||X|
L1443: |Boston Naming Test **||X|X|X||X|
L1444: |Colour Word Interference Test||X|X|X||X|
L1445: |Envelope Test||X|X|X||X|
L1446: |Short Physical Performance<br>Battery (SPPB)||X|X|X||X|
L1447: |Gait Assessment using Gait<br>Mat and accelerometers (when<br>available)||X|X|X||X|
L1448: |Neuroimaging (MRI)||X|X|X|||
L1449: |Blood Draw||X|X|X||X|
L1450: |Falls Calendar ^^<br>||X|X|X|X|X|
L1451: ***** These tests are implemented to harmonize with inclusion criteria for COMPASS-ND and are not mandatory if the
L1452: MoCA score ≤ 24.
L1453: ****** Testing included in the ADAS Cog Plus.
L1454: **^** 6MWT can be completed at the Baseline Visit or at Day 1 of intervention sessions at the gym facilities. Please note date
L1455: and location of the 6MWT in patient file.
L1456: **^^** Calendar will be given to participant to complete and will be submitted to Research Staff at exercise training.
L1457: SYNERGIC Trial                                                    Statistical Analyses Plan
L1458: 1
L1459: 2
L1460: 3
L1461: 4
L1462: 5
L1463: 6
L1464: 7
L1465: 8 **Statistical Analysis Plan**
L1466: 9 **(SAP)**
L1467: 10
L1468: 11
L1469: 12
L1470: 13 **SYN** chronizing **E** xercises, **R** emedies in **G** aIt and **C** ognition (SYNERGIC) Trial
L1471: 14
L1472: 15
L1473: 16
L1474: 17
L1475: 18
L1476: 19
L1477: 20
L1478: 21
L1479: 22
L1480: 23
L1481: **Version:** Final
L1482: **Authors:** Manuel Montero-Odasso, MD, PhD, University of Western Ontario
L1483: Surim Son, PhD(c), University of Western Ontario
L1484: Yanina Sarquis-Adamson, PhD, Parkwood Institute
L1485: Guangyong Zou, PhD, University of Western Ontario and Robarts
L1486: Research Institute
L1487: Mark Speechley, PhD, University of Western Ontario
L1488: **Date:** Sept 2022
L1489: 24
L1490: 25
L1491: 26
L1492: 27
L1493: 28
L1494: 29
L1495: 30
L1496: 1
L1497: SYNERGIC Trial                                                    Statistical Analyses Plan
L1498: ## 31 1. Introduction
L1499: 32 The SYNERGIC TRIAL (SYNchronizing Exercises, Remedies in GaIt and Cognition) is
L1500: 33 a randomized, phase II, fractional factorial, five-arm, double-blind controlled study
L1501: 34 evaluating the effect of aerobic-resistance exercise with and without cognitive training
L1502: 35 and vitamin D supplementation on cognitive function.
L1503: 36 Specifically, physical exercise is a progressive and supervised aerobic (AE) and
L1504: 37 resistance training (RT) program tailored for older adults’ physical capabilities.
L1505: 38 Computerized cognitive training will be delivered using the Neuropeak cognitive training
L1506: 39 program designed to target working memory and attention. Vitamin D supplementation
L1507: 40 will be delivered in capsules with 10,000 IU, 3 times per week, reaching a weekly dose
L1508: 41 of 30000 IU. Control interventions will be sham cognitive training, balance and toning
L1509: 42 exercise (BAT), and matching vitamin D placebo capsules.
L1510: 43
L1511: ## 44 2. Study Objectives
L1512: 45 To evaluate:
L1513: 46 **Objective 1** The effect of supervised aerobic-resistance exercise on cognitive function
L1514: 47 **Hypothesis 1.** Twenty weeks of supervised aerobic-resistance exercise will significantly
L1515: 48 improve cognitive function in older adults with MCI, as assessed by primary outcome
L1516: 49 Alzheimer’s Disease Assessment Scale-Cognitive (ADAS-Cog 13 and plus variant) and
L1517: 50 secondary outcomes, compared to a balance and toning (BAT) control.
L1518: 51 **Objective 2.** The effect of adding cognitive training to aerobic-resistance exercise on
L1519: 52 cognitive function.
L1520: 53 **Hypothesis 2.** Adding cognitive training to aerobic-resistance exercise will significantly
L1521: 54 improve primary and secondary outcomes compared to aerobic-resistance exercise
L1522: 55 without cognitive training.
L1523: 56 **Objective 3.** The effect of adding vitamin D supplementation to aerobic-resistance
L1524: 57 exercise on cognitive function.
L1525: 58 **Hypothesis 3.** Adding vitamin D supplementation in weekly dose of 30000 IU to
L1526: 59 aerobic-resistance exercise will significantly improve primary and secondary outcomes
L1527: 60 compared to aerobic-resistance exercise without vitamin D supplementation.
L1528: 61 **Objective 4.** The effect of multi-domain intervention (aerobic-resistance exercise +
L1529: 62 cognitive training + Vitamin D supplementation) on cognitive function.
L1530: 63 **Hypothesis 4.** The multi-domain intervention (aerobic-resistance exercise + cognitive
L1531: 64 training + vitamin D supplementation) will significantly improve primary and secondary
L1532: 65 outcomes compared to the control intervention.
L1533: 2
L1534: SYNERGIC Trial                                                    Statistical Analyses Plan
L1535: 66
L1536: ## 67 3. Study Population
L1537: 68 We will target older adults aged 60 to 85 years old with mild cognitive impairment (MCI).
L1538: 69
L1539: ## 70 4. Study Design
L1540: 71 This is a Phase II, randomized, double-blind, five-arm controlled trial. The trial design
L1541: 72 follows a fractional factorial design as shown in Figure 1. Participants will be recruited
L1542: 73 primarily from the community and from clinics serving MCI population across five sites:
L1543: 74 London (lead and sponsor site), Waterloo-University of Waterloo, Waterloo-Wilfrid
L1544: 75 Laurier University, Montreal, and Vancouver. All eligible participants will be randomized
L1545: 76 to 5 arms in 1:1:1:1:1 ratio:
L1546: 77 Arm 1: combined AE and RT exercise + cognitive training + vitamin D
L1547: 78 Arm 2: combined AE and RT exercise + cognitive training + placebo vitamin D
L1548: 79 Arm 3: combined AE and RT exercise + control cognitive training + vitamin D
L1549: 80 Arm 4: combined AE and RT exercise + control cognitive training+ placebo vitamin D
L1550: 81 Arm 5: BAT exercise + control cognitive training + placebo vitamin D
L1551: 82
L1552: 83 Figure 1. Trial design overview
L1553: ## 84 5. Study Endpoint
L1554: 85 The study endpoint will be at 6 Month (post-intervention).
L1555: 3
L1556: SYNERGIC Trial                                                    Statistical Analyses Plan
L1557: 86
L1558: ## 87 6. Study Assessment
L1559: 88 The participant’s eligibility will be assessed during the screening visit. Assessment
L1560: 89 which will be performed during three visits: baseline, post-intervention at 6 months, and
L1561: 90 6-month follow up after the postintervention at 12 months. The measures at each
L1562: 91 assessment are described in Table 1.
L1563: 92
L1564: |Table 1. Assessments across study visits|Col2|Col3|Col4|Col5|Col6|
L1565: |---|---|---|---|---|---|
L1566: |Procedure|Visit 1<br>Screening|Visit 2<br>Baseline|Visit 3<br>6 month|Telephone<br>Follow-up at<br>9 month|<br>Visit 4<br>12 month|
L1567: |Written Informed Consent|X|||||
L1568: |Demographic Information|X|||||
L1569: |Mini Mental State Examination (MMSE)|X|||||
L1570: |Physical Activity Readiness Questionnaire Plus (PARQ +)|X|||||
L1571: |Logical Memory 1 & 2|X|||||
L1572: |CERAD Word List Recall|X|||||
L1573: |PASE Questionnaire|X|||||
L1574: |Montreal Cognitive Assessment (MoCA)|X||X||X|
L1575: |Generalized Anxiety Disorder 7 (GAD-7)|X||X||X|
L1576: |Geriatric Depression Scale (GDS-30)|X||X||X|
L1577: |Clinical Dementia Rating (CDR)|X||X||X|
L1578: |Activities of Daily Living (ADCS-ADL and IADL)|X||X||X|
L1579: |Clinical Medical Questionnaire||X|X||X|
L1580: |Dual Task Control Assessment<br>||X|X||X|
L1581: |ADAS-Cog 13 (+ tests~~ a~~)<br>||X|X||X|
L1582: |Trail Making Test A & B~~a~~ <br>||X|X||X|
L1583: |Digit Symbol Test~~ a~~ <br>||X|X||X|
L1584: |Digit Span Forward and Backward WAIS-III~~ a ~~ <br>||X|X||X|
L1585: |Boston Naming Test~~ a~~ <br>||X|X||X|
L1586: |Verbal Fluency Test~~ a~~||X|X||X|
L1587: |Colour Word Interference Test||X|X||X|
L1588: |Quality of Life Questionnaire (SF-36)||X|X||X|
L1589: |Short Physical Performance Battery (SPPB)||X|X||X|
L1590: |Gait Assessment using Gait Mats and accelerometers<br>(when available)<br>||X|X||X|
L1591: |Six Minute Walk Test (6MWT)~~b~~||X|X||X|
L1592: |Neuroimaging (MRI)||||||
L1593: |Blood Draw<br>||X|X|||
L1594: |Falls Calendar~~c~~ <br>||X|X|X|X|
L1595: 95 bThis test may be completed at the gym facility on the first day of intervention
L1596: 96 cCalendar will be given to participant to complete and will be submitted to Research Staff at exercise training
L1597: ## 97 7. Determination of Sample Size
L1598: 98 Sample size calculation is based on changes in our primary outcome: global cognitive
L1599: 99 function measured using the Alzheimer Disease Assessment Scale Cognitive 13 and
L1600: 4
L1601: SYNERGIC Trial                                                    Statistical Analyses Plan
L1602: 100 the plus variant (ADAS-Cog 13 and plus). A target sample of 200 participants (40 per
L1603: 101 arm) was determined based on 80% power to detect either main effects or an
L1604: 102 interaction of at least a moderate (Cohen’s d ~0.5) [1] effect size of changes in the ADAS103 Cog-13. [2] The final sample size accounted for a 15% attrition.
L1605: 104
L1606: ## 105 8. Primary Outcomes
L1607: 106 Primary outcome will be changes in cognitive function measured with the ADAS-Cog 13
L1608: 107 items (ADAS-Cog-13) and the plus variant (ADAS-Cog-plus) at endpoint, 6 Month.
L1609: 108 Improvement at endpoint in either variant is considered evidence of efficacy.
L1610: ### 109 8.1 Change in cognitive function on ADAS-Cog-13 at post-intervention (Month 6)
L1611: 110 The ADAS-Cog 13 consists of 13 brief cognitive tests assessing memory, language,
L1612: 111 attention, concentration and praxis. The individual tests are listed in Table 2. Scores
L1613: 112 range from 0 to 84, with higher scores indicating severe cognitive impairment.
L1614: ### 113 8.2 Change in cognitive function on ADAS-Cog-Plus at post-intervention (Month 6)
L1615: 114 Four additional tests focusing on executive function will be added to the ADAS-Cog 13
L1616: 115 to comprise the plus variant [3] (Table 2). Scores will be transformed into an algorithm
L1617: 116 validated by Crane et al. [4] The higher scores will indicate severe of cognitive impairment.
L1618: 117
L1619: 118 Table 2. Individual tests included in the ADAS-Cog
L1620: 5
L1621: |ADAS-Cog-13|ADAS-Cog-Plus|
L1622: |---|---|
L1623: |Word recall|Word recall|
L1624: |Delayed word recall|Delayed word recall|
L1625: |Following commands|Following commands|
L1626: |Constructional praxis|Constructional praxis|
L1627: |Ideational praxis|Ideational praxis|
L1628: |Naming objects|Naming objects|
L1629: |Orientations|Orientations|
L1630: |Word recognition|Word recognition|
L1631: |Remembering instructions|Remembering instructions|
L1632: |Comprehension|Comprehension|
L1633: |Word finding|Word finding|
L1634: |Spoken language|Spoken language|
L1635: |Number cancellation|Number cancellation|
L1636: ||Trial Making A and B|
L1637: ||Digit symbol substitution|
L1638: ||WAIS III digit forward and backward|
L1639: ||Category fluency – Animals and Vegetable|
L1640: SYNERGIC Trial                                                    Statistical Analyses Plan
L1641: ## 119 9. Secondary Outcomes [*]
L1642: 120 Secondary outcomes include neuropsychological assessments, gait and mobility
L1643: 121 outcomes (including incidence of fall), neuroimaging, and blood biomarkers. *Note that
L1644: 122 secondary outcomes will be not reported in the primary manuscript.
L1645: ### 123 9.1 Change in cognitive function on neuropsychological tests
L1646: 124 The secondary cognitive outcomes will include:
L1647: 125 a) Montreal Cognitive Assessment test for global cognition
L1648: 126 b) The ADAS-Cog Recall word list for verbal semantic memory
L1649: 127 c) Trail Making Test A and B
L1650: 128 d) Digit Symbol Substitution Test
L1651: 129 e) Digit Span Test Forward and Backwards
L1652: 130 f) Boston Naming Test
L1653: 131 g) Verbal fluency Animals and Vegetables
L1654: ### 132 9.2 Change in gait performance
L1655: 133 Gait performance will be evaluated using gait speed and gait variability under single and
L1656: 134 dual-tasking. Gait speed will be measured as the time taken to walk 6 m using an
L1657: 135 electronic walkway system (ProtoKinetic® and/or GAITRite® Systems, Inc.). Gait
L1658: 136 variability of spatial and temporal gait variables (stride time, stride length, double
L1659: 137 support time and step width) will be calculated using the coefficient of variation (CV =
L1660: 138 (standard deviation / mean) ×100).
L1661: ### 139 9.3 Change in mobility and falls
L1662: 140 Mobility will be measured with the Short Physical Performance Battery (SPPB), and the
L1663: 141 6 min walk test (6MWT).
L1664: 142 A fall will be defined as ‘unintentionally coming to rest on the ground, floor, or other
L1665: 143 lower level and not due to a seizure, syncope, or an acute stroke’. Recurrent falls are
L1666: 144 defined as ‘two or more events in a 12-month period’. Falls will be recorded throughout
L1667: 145 the 12-month trial, participants will be provided with a falls calendars, on which they will
L1668: 146 record any falls that have occurred, and they will be asked to bring them monthly to the
L1669: 147 training sessions to review with a research staff member. After the completion of the
L1670: 148 intervention, participants will be contacted at month 9 and 12 to report incidental falls.
L1671: ### 149 9.4 Change in Neuroimaging
L1672: 150 Pre-post regional patterns of brain plasticity will be assessed using structural (high151 resolution 3D T1-weighted images = 7 min) in order to get voxel-based volumetric and
L1673: 152 cortical thickness measures, as well as diffusion tensor imaging (DTI, 30 directions, with
L1674: 6
L1675: SYNERGIC Trial                                                    Statistical Analyses Plan
L1676: 153 AP/PA correction scan = 7 min) to calculate fractional anisotropy and diffusivity in white
L1677: 154 matter tracts as well as derive tract-based statistics. Cerebrovascular integrity and
L1678: 155 pathology will be assessed using the following contrasts: PD/T2 = 5 min; FLAIR = 7 min,
L1679: 156 and T2* = 5 min). Functional magnetic resonance imaging at rest (rsfMRI plus field map
L1680: 157 = 12 min) will also be acquired to measure change in data-driven functional networks.
L1681: ### 158 9.5 Change in Blood biomarkers measures
L1682: 159 Serum biomarkers of inflammation (C reactive protein, and interleukin 6), neuroplasticity
L1683: 160 (brain-derived neurotropic factor), endothelial health (vascular endothelial growth factor
L1684: 161 1), and vitamin D serum levels will be measured before and after intervention.
L1685: ### 162 9.6 Covariates
L1686: 163 Pre-specified covariates will be age, sex, years of education and number of
L1687: 164 comorbidities.
L1688: 165
L1689: ## 166 10. Statistical Analysis
L1690: ### 167 10.1 Descriptive Analysis
L1691: 168 The baseline characteristics will be summarized using means and standard deviation, or
L1692: 169 medians and interquartile range where appropriate, for continuous characteristics, and
L1693: 170 frequencies and percentages for categorical variable.
L1694: ### 171 10.2 Primary Efficacy Analysis
L1695: 172 The primary analysis will be based on the intention-to-treat principle, including everyone
L1696: 173 who were randomized. Comparisons between arms will be conducted according to pre174 specifications in the protocol. These comparisons align well with the recommended
L1697: 175 analysis and reporting of factorial trials [5], which used “inside the table” and “at the
L1698: 176 margin” analyses for different comparisons. The “inside the table” analysis will be used
L1699: 177 to compare each intervention effect to control, while “at the margins” analysis will be
L1700: 178 used to assess the effect of adding intervention.
L1701: 179 The major interest would be the effect of the intervention on change in primary
L1702: 180 outcomes at 6 Month compared to the control arm (arm 5). The primary outcome
L1703: 181 measure of mean change in ADAS-Cog-13 and ADAS-Cog-Plus scores will be analyzed
L1704: 182 using a linear mixed model with restricted likelihood estimation. The model will be fitted
L1705: 183 with participant-specific random intercept and fixed effects of time, intervention arm, and
L1706: 184 time x intervention arm interaction. The time variable will be used as a categorical
L1707: 185 variable (0 = baseline; 1 = Month 6.) The intervention arm variable will be dummy
L1708: 186 coded, using the control group as a reference category. The interaction term will be
L1709: 7
L1710: SYNERGIC Trial                                                    Statistical Analyses Plan
L1711: 187 used to assess between-group differences (representing a mean difference in change in
L1712: 188 cognitive scores over time between two groups). With dummy coding of the intervention
L1713: 189 arm, the interaction term will allow to compare the mean change in each intervention
L1714: 190 arm to the arm 5 (control). The within-group difference (representing a mean change in
L1715: 191 cognitive scores over time within the group) will be measured with marginalized mean
L1716: 192 from the linear mixed regression model. The model will be further adjusted for
L1717: 193 participant characteristics including age, sex, education, and comorbidities.
L1718: 194 An unstructured covariance matrix will be used for all models. The model assumption
L1719: 195 will be assessed using the normal quantile plots of residuals for normality and the
L1720: 196 residuals vs. fitted plot for variance homogeneity. If the assumptions are not fully met,
L1721: 197 the data will be transformed (i.e., log). Missing data will not be imputed and will be
L1722: 198 assumed to be missing at random, as the mixed model approach is well-known to
L1723: 199 handle such data effectively. [6] The baseline data from individuals who did not complete
L1724: 200 Month 6 assessment will be included in the linear mixed model.
L1725: 201 The mean difference between groups will be presented with their 95% CI and p-value,
L1726: 202 while the mean change within group will be presented with their standard error. The
L1727: 203 obtained marginalized mean and standard deviation will be used to calculate the effect
L1728: ���� ������ �� ��������� � � ���� ������ �� ��������� �
L1729: 204 size ( ). As outlined in our published
L1730: ������ �������� ��������� �� ������
L1731: 205 protocol, we will calculate the proportion of participants with improvement in primary
L1732: 206 outcomes.
L1733: 207 All tests will be two-sided, and p-value of less than 0.05 will be considered as
L1734: 208 statistically significant. Adjustments for multiple comparisons will not be made as the
L1735: 209 trial is intended to compare the intervention effect to the control rather than pairwise. [7]
L1736: 210 Per-protocol analysis will be performed as well.
L1737: 211 As per recommended analyses of fractional factorial design [8], “at the margin” analyses
L1738: 212 will be performed by collapsing arms according to the pre-specified comparison.
L1739: 213 Collapsing intervention arms allow to increase the study power to detect the difference
L1740: 214 in effect. More details are provided below for each pre-specified comparison.
L1741: 215 10.2.1 Effect of aerobic-resistance exercise
L1742: 216 To address objective 1 (the effect of supervised aerobic-resistance exercise on
L1743: 217 cognitive function), the intervention arms providing exercise intervention (arm 1 to 4) will
L1744: 218 be collapsed as one category and compared to the control (arm 5). The new
L1745: 219 independent variable will be created to represent exercise intervention: aerobic220 resistance exercise intervention (collapsed arm 1 to 4), and control exercise intervention
L1746: 221 - BAT – (arm 5). The new intervention variable will be fitted into the same linear mixed
L1747: 222 model described above. Using the interaction between exercise intervention x time, the
L1748: 8
L1749: SYNERGIC Trial                                                    Statistical Analyses Plan
L1750: 223 change in primary outcome will be contrasted between participants receiving the
L1751: 224 aerobic-resistance exercise and those not receiving the aerobic-resistance exercise.
L1752: 225 10.2.2 Effect of adding cognitive training
L1753: 226 The objective 2 (the effect of adding cognitive training to aerobic-resistance exercise on
L1754: 227 cognitive function) will be examined by pooling the intervention arms providing both
L1755: 228 exercise and cognitive intervention (arm 1 and 2) and pooling the intervention arms
L1756: 229 providing exercise intervention but not cognitive intervention (arm 3 and 4). A new
L1757: 230 independent variable will be created for addition of cognitive training: both exercise and
L1758: 231 cognitive intervention (pooled arm 1 and 2) and exercise but no cognitive intervention
L1759: 232 (pooled arm 3 and 4). Using the interaction term in the linear mixed model, the contrast
L1760: 233 will be made between the two collapsed arms to assess whether the effect of adding
L1761: 234 cognitive training to aerobic-resistance exercise differ from aerobic-resistance exercise.
L1762: 235 If there is a significant difference observed, the two collapsed arms will be compared to
L1763: 236 the control arm (arm 5). This marginal analysis will allow to evaluate the main effect of
L1764: 237 aerobic-resistance exercise alone (pooled arm 1 and 2) and aerobic-resistance exercise
L1765: 238 with cognitive training (pooled arm 3 and 4) compared to the control (arm 5) with higher
L1766: 239 power (as a result of increase in sample size). [5,8]
L1767: 240 10.2.3 Effect of adding vitamin D supplements
L1768: 241 The objective 2 (the effect of adding vitamin D to aerobic-resistance exercise on
L1769: 242 cognitive function) will be examined by pooling the intervention arms providing both
L1770: 243 exercise and vitamin D intervention (arm 1 and 3) and pooling the intervention arms
L1771: 244 providing exercise intervention but not vitamin D (arm 2 and 4). A new independent
L1772: 245 variable will be created to represent addition of vitamin D: both aerobic-resistance
L1773: 246 exercise and vitamin D intervention (pooled arm 1 and 3) and aerobic-resistance
L1774: 247 exercise but no vitamin D intervention (pooled arm 2 and 4). The linear mixed model will
L1775: 248 be repeated using this new independent variable and the two pooled arms will be
L1776: 249 compared. This will allow to explore whether adding vitamin D to aerobic-resistance
L1777: 250 exercise improve the outcome compared to the aerobic-resistance exercise. If a
L1778: 251 significant difference is observed, the two pooled arms will be compared to the control
L1779: 252 arm (arm 5) to assess the main effect.
L1780: 253 10.2.4 Effect of multidomain intervention
L1781: 254 The objective 4 (effect of multi-domain intervention (aerobic-resistance exercise +
L1782: 255 cognitive training + Vitamin D supplement) on cognitive function) will be assessed using
L1783: 256 the time x intervention arm interaction fitted in the linear mixed model in section 10.2.
L1784: 257 The interaction term between time x intervention arm 1 will represents the effect of
L1785: 258 multidomain intervention (arm 1) compared to the control (arm 5).
L1786: 9
L1787: SYNERGIC Trial                                                    Statistical Analyses Plan
L1788: 259 10.2.5 Long-term effect: From Baseline and Post-intervention to Follow up
L1789: 260 The long-term intervention effect from baseline and post-intervention to follow-up
L1790: 261 (Month 12) will be assessed using the linear mixed model. Time will be used as a
L1791: 262 categorical variable (Baseline, Month 6, and Month 12). Individuals with incomplete
L1792: 263 follow up assessments will still be included in the linear mixed model.
L1793: 264 10.2.6 Post-hoc analyses
L1794: 265 ADAS-Cog-Plus is a construction proposed originally by Skinner et al. [9], adding extra
L1795: 266 tests for executive function and verbal fluency to increase sensitivity to detect
L1796: 267 progression from MCI to dementia. Post hoc analyses will be performed to explore the
L1797: 268 effect of intervention on ADAS-Cog-Plus scores by adding individual Plus items, one by
L1798: 269 one, to ADAS-Cog-13.
L1799: ### 270 10.3 Secondary Outcomes Analyses
L1800: 271 The secondary analysis will be performed in an intention-to-treat population and a per272 protocol population. The details of the statistical analysis plan for secondary outcomes
L1801: 273 are not included in this analysis plan as the secondary outcome analyses will not be
L1802: 274 included in this primary manuscript and performed afterwards.
L1803: 275
L1804: ## 276 11. Data management and Quality Control
L1805: 277 All sites will use the same data collection forms to maintain consistency. Data storage
L1806: 278 and monitoring procedures will be performed using the LORIS (Longitudinal Online
L1807: 279 Research and Imaging System) system platform for uploading data specially developed
L1808: 280 for the SYNERGIC study by CCNA informatics team platform. Data quality will be
L1809: 281 assessed either using Excel and the online CCNA-LORIS platform database. All data
L1810: 282 will be entered and managed in LORIS database, and a double data entry system will
L1811: 283 be used to assure accuracy of entry. Outliers and missing data will be managed using
L1812: 284 statistical software adopted for the final analysis. Original completed CRFs will be
L1813: 285 uploaded to the media module, initial and double data entries will be performed, and
L1814: 286 arising conflicts will be resolved in the conflict resolver module. Once the conflicts are
L1815: 287 resolved, the data will be validated by the clinical team and will be ready for release
L1816: 288 through the data query tool.
L1817: 289 See: https://www.frontiersin.org/articles/10.3389/fninf.2018.00085/full
L1818: 290
L1819: 291
L1820: 10
L1821: SYNERGIC Trial                                                    Statistical Analyses Plan
L1822: ## 292 12. Programming Plans
L1823: 293 Data analysis will be performed using statistical software SPSS (SPSS version 23.0,
L1824: 294 SPSS Inc., Chicago, IL) and R version 3.5.1 (R Project for Statistical Computing).
L1825: 11
L1826: SYNERGIC Trial                                                    Statistical Analyses Plan
L1827: 295 **References**
L1828: 296
L1829: 297 1. Cohen J. _Statistical power analysis for the behavioral sciences._ 2nd ed. Hillsdale, N.J.: L.
L1830: 298 Erlbaum Associates; 1988.
L1831: 299 2. Montero-Odasso M, Almeida QJ, Burhan AM, et al. SYNERGIC TRIAL (SYNchronizing
L1832: 300 Exercises, Remedies in Gait and Cognition) a multi-Centre randomized controlled double
L1833: 301 blind trial to improve gait and cognition in mild cognitive impairment. _BMC Geriatr._
L1834: 302 2018;18(1):93.
L1835: 303 3. Skinner J, Carvalho JO, Potter GG, et al. The Alzheimer's Disease Assessment Scale304 Cognitive-Plus (ADAS-Cog-Plus): an expansion of the ADAS-Cog to improve
L1836: 305 responsiveness in MCI. _Brain Imaging Behav._ 2012;6(4):489-501.
L1837: 306 4. Crane PK, Carle A, Gibbons LE, et al. Development and assessment of a composite score
L1838: 307 for memory in the Alzheimer's Disease Neuroimaging Initiative (ADNI). _Brain Imaging Behav._
L1839: 308 2012;6(4):502-516.
L1840: 309 5. McAlister FA, Straus SE, Sackett DL, Altman DG. Analysis and reporting of factorial trials: a
L1841: 310 systematic review. _JAMA._ 2003;289(19):2545-2553.
L1842: 311 6. Mallinckrodt CH, Lane PW, Schnell D, Peng Y, Mancuso J. Recommendations for the
L1843: 312 primary analysis of continuous endpoints in longitudinal clinical trials. _Drug Information_
L1844: 313 _Journal._ 2008;42:303-319.
L1845: 314 7. Juszczak E, Altman DG, Hopewell S, Schulz K. Reporting of Multi-Arm Parallel-Group
L1846: 315 Randomized Trials: Extension of the CONSORT 2010 Statement. _JAMA._
L1847: 316 2019;321(16):1610-1620.
L1848: 317 8. Chakraborty B, Collins LM, Strecher VJ, Murphy SA. Developing multicomponent
L1849: 318 interventions using fractional factorial designs. _Stat Med._ 2009;28(21):2687-2708.
L1850: 319 9. Skinner J, Carvalho JO, Potter GG, et al. The Alzheimer's Disease Assessment Scale320 Cognitive-Plus (ADAS-Cog-Plus): an expansion of the ADAS-Cog to improve
L1851: 321 responsiveness in MCI. _Brain Imaging Behav._ 2012;6(4):489-501.
L1852: 322
L1853: 12
L1854: **�����** ����������������
L1855: **���** ���������������������������
L1856: **�����������** �������
L1857: **������������** ������������������������������������������������������������������������������������������������������������������������
L1858: **�����������������** �����������������������
L1859: **������������** ����������
L1860: **�����������������������������������������** ���������������
L1861: **���������������������** ���������������
L1862: **�������������������������** ��������������
L1863: ����������������������������������������������������������������������������
L1864: ���������������������������������
L1865: ����������������������������������������������������������������������������������������������������������������������������������������������������������
L1866: ������������
L1867: **�������������������**
L1868: ��
L1869: **�����������������������**
L1870: ��
L1871: �������������������������������������������������������������������������������������������������������
L1872: �������������������������������������������������������������������������������������������������������������������������������������������������������������
L1873: ��������������������������������������������������������������������������������������������������������������������������������������������������������������
L1874: �������������������������������������������������������������������������������������������������������������������������������������������������������������������
L1875: ������������������������������������������������������������������������������������������������������������������������������������������������������������
L1876: ��������������������������������������������������������������
L1877: ���������������������������������������������������������������
L1878: ����������
L1879: �������������������������������������������������������������������������������������������
L1880: _**�������������������������������������������������������������������������������������������������������������������������������������������������**_
L1881: �����������
L1882: **�����** �������������������
L1883: **���** ���������������������������
L1884: **�����������** �������
L1885: **������������** �������������������������������������������������������������������������������������������������������������������������
L1886: **�����������������** �����������������������
L1887: **������������** ����������
L1888: **�������������������������������������������** ���������������
L1889: **���������������������** ���������������
L1890: **�������������������������** ��������������
L1891: ����������������������������������������������������������������������������
L1892: ���������������������������������
L1893: ����������������������������������������������������������������������������������������������������������������������������������������������������������
L1894: ������������
L1895: **�������������������**
L1896: ��
L1897: **�����������������������**
L1898: ��
L1899: �������������������������������������������������������������������������������������������������������
L1900: �������������������������������������������������������������������������������������������������������������������������������������������������������������
L1901: ��������������������������������������������������������������������������������������������������������������������������������������������������������������
L1902: �������������������������������������������������������������������������������������������������������������������������������������������������������������������
L1903: ������������������������������������������������������������������������������������������������������������������������������������������������������������
L1904: ��������������������������������������������������������������
L1905: ���������������������������������������������������������������
L1906: ����������
L1907: �������������������������������������������������������������������������������������������
L1908: _**�������������������������������������������������������������������������������������������������������������������������������������������������**_
L1909: �����������
L1910: **�����** ���������������
L1911: **���** ���������������������������
L1912: **�����������** �������
L1913: **������������** ��������������������������������������������������������������������������������������������������������������������������
L1914: **�����������������** �����������������������
L1915: **������������** ����������
L1916: **�����������������������������������������** ���������������
L1917: **���������������������** ���������������
L1918: **�������������������������** ��������������
L1919: ����������������������������������������������������������������������������
L1920: ���������������������������������
L1921: ����������������������������������������������������������������������������������������������������������������������������������������������������������
L1922: ������������
L1923: **�������������������**
L1924: ���
L1925: �������������������������������������������������������������������������������������������������������
L1926: �������������������������������������������������������������������������������������������������������������������������������������������������������������
L1927: ��������������������������������������������������������������������������������������������������������������������������������������������������������������
L1928: �������������������������������������������������������������������������������������������������������������������������������������������������������������������
L1929: ������������������������������������������������������������������������������������������������������������������������������������������������������������
L1930: ��������������������������������������������������������������
L1931: ���������������������������������������������������������������
L1932: ����������
L1933: �������������������������������������������������������������������������������������������
L1934: _**�������������������������������������������������������������������������������������������������������������������������������������������������**_
L1935: �����������
L1936: **�����** ������������������
L1937: **���** ���������������������������
L1938: **�����������** �������
L1939: **������������** �����������������������������������������������������������������������������������������������������������������������
L1940: **�����������������** �����������������������
L1941: **������������** ����������
L1942: **�����������������������������������������** ���������������
L1943: **���������������������** ��������������
L1944: **�������������������������** ��������������
L1945: ����������������������������������������������������������������������������
L1946: ���������������������������������
L1947: ����������������������������������������������������������������������������������������������������������������������������������������������������������
L1948: ������������
L1949: **�������������������**
L1950: ����
L1951: �������������������������������������������������������������������������������������������������������
L1952: �������������������������������������������������������������������������������������������������������������������������������������������������������������
L1953: ��������������������������������������������������������������������������������������������������������������������������������������������������������������
L1954: �������������������������������������������������������������������������������������������������������������������������������������������������������������������
L1955: ������������������������������������������������������������������������������������������������������������������������������������������������������������
L1956: ��������������������������������������������������������������
L1957: ���������������������������������������������������������������
L1958: ����������
L1959: �������������������������������������������������������������������������������������������
L1960: _**�������������������������������������������������������������������������������������������������������������������������������������������������**_
L1961: �����������
L1962: **�����** ������������������
L1963: **���** ���������������������������
L1964: **�����������** �������
L1965: **������������** �����������������������������������������������������������������������������������������������������������������������
L1966: **�����������������** �����������������������
L1967: **������������** ����������
L1968: **�����������������������������������������** ���������������
L1969: **���������������������** �������������
L1970: **�������������������������** ��������������
L1971: ����������������������������������������������������������������������������
L1972: ���������������������������������
L1973: ����������������������������������������������������������������������������������������������������������������������������������������������������������
L1974: ������������
L1975: **�������������������**
L1976: ��
L1977: **�����������������������**
L1978: ��
L1979: �������������������������������������������������������������������������������������������������������
L1980: �������������������������������������������������������������������������������������������������������������������������������������������������������������
L1981: ��������������������������������������������������������������������������������������������������������������������������������������������������������������
L1982: �������������������������������������������������������������������������������������������������������������������������������������������������������������������
L1983: ������������������������������������������������������������������������������������������������������������������������������������������������������������
L1984: ��������������������������������������������������������������
L1985: ���������������������������������������������������������������
L1986: ����������
L1987: �������������������������������������������������������������������������������������������
L1988: _**�������������������������������������������������������������������������������������������������������������������������������������������������**_
L1989: �����������
L1990: **�����** ����������������
L1991: **���** ���������������������������
L1992: **�����������** �������
L1993: **������������** �����������������������������������������������������������������������������������������������������������������������
L1994: **�����������������** �����������������������
L1995: **������������** ����������
L1996: **�����������������������������������������** ��������������
L1997: **���������������������** ���������������
L1998: **�������������������������** ��������������
L1999: ����������������������������������������������������������������������������
L2000: ���������������������������������
L2001: ����������������������������������������������������������������������������������������������������������������������������������������������������������
L2002: ������������� **���������������������������������������������������������������������������������������������������������������������������������������**
L2003: **��������������������������������������������������������������������������������������������������������������������������������������������������������**
L2004: **��������������������������������������������������������������������������������������������������������������������������������������������������**
L2005: **�������������������������������������������������������������������������������������������������������������������������������������������**
L2006: **���������**
L2007: **�������������������**
L2008: ��
L2009: **�����������������������**
L2010: ��
L2011: �������������������������������������������������������������������������������������������������������
L2012: �������������������������������������������������������������������������������������������������������������������������������������������������������������
L2013: ��������������������������������������������������������������������������������������������������������������������������������������������������������������
L2014: �������������������������������������������������������������������������������������������������������������������������������������������������������������������
L2015: ������������������������������������������������������������������������������������������������������������������������������������������������������������
L2016: ��������������������������������������������������������������
L2017: ���������������������������������������������������������������
L2018: �����������
L2019: ����������
L2020: �����������������������������������������������������������������������������������������������
L2021: _**�������������������������������������������������������������������������������������������������������������������������������������������������**_
L2022: �����������
L2023: **�����** ��������������
L2024: **���** ���������������������������
L2025: **�����������** �������
L2026: **������������** �����������������������������������������������������������������������������������������������������������������������
L2027: **�����������������** �����������������������
L2028: **������������** ����������
L2029: **�����������������������������������������** ���������������
L2030: **���������������������** ���������������
L2031: **�������������������������** ��������������
L2032: ����������������������������������������������������������������������������
L2033: ���������������������������������
L2034: ����������������������������������������������������������������������������������������������������������������������������������������������������������
L2035: ������������
L2036: **�������������������**
L2037: ��
L2038: **�����������������������**
L2039: ��
L2040: �������������������������������������������������������������������������������������������������������
L2041: �������������������������������������������������������������������������������������������������������������������������������������������������������������
L2042: ��������������������������������������������������������������������������������������������������������������������������������������������������������������
L2043: �������������������������������������������������������������������������������������������������������������������������������������������������������������������
L2044: ������������������������������������������������������������������������������������������������������������������������������������������������������������
L2045: ��������������������������������������������������������������
L2046: ���������������������������������������������������������������
L2047: ����������
L2048: ������������������������������������������������������������������������������������������������
L2049: _**�������������������������������������������������������������������������������������������������������������������������������������������������**_
L2050: �����������
L2051: **�����** ���������������
L2052: **���** ���������������������������
L2053: **�����������** �������
L2054: **������������** ������������������������������������������������������������������������������������������������������������������������
L2055: **�����������������** �����������������������
L2056: **������������** ����������
L2057: **�����������������������������������������** ��������������
L2058: **���������������������** ����������������
L2059: **�������������������������** ��������������
L2060: ����������������������������������������������������������������������������
L2061: ���������������������������������
L2062: ����������������������������������������������������������������������������������������������������������������������������������������������������������
L2063: ������������
L2064: **�������������������**
L2065: ��
L2066: **�����������������������**
L2067: ��
L2068: �������������������������������������������������������������������������������������������������������
L2069: �������������������������������������������������������������������������������������������������������������������������������������������������������������
L2070: ��������������������������������������������������������������������������������������������������������������������������������������������������������������
L2071: �������������������������������������������������������������������������������������������������������������������������������������������������������������������
L2072: ������������������������������������������������������������������������������������������������������������������������������������������������������������
L2073: ��������������������������������������������������������������
L2074: ���������������������������������������������������������������
L2075: ����������
L2076: ������������������������������������������������������������������������������������������������
L2077: _**�������������������������������������������������������������������������������������������������������������������������������������������������**_
L2078: �����������
L2079: SYNERGIC TRIAL Protocol 201619 11 June 2018
L2080: # Summary of Changes Document SYNERGIC Trial # 201619
L2081: |Proposed Changes|Rationale|
L2082: |---|---|
L2083: |**Imaging**<br>Spectroscopy<br>|The rationale for spectroscopy is related that we have previously<br>found that NAA/Cr levels in the motor cortex are associated with<br>vitamin D status (Annweiler et. al. Vitamin D and Caudal Primary<br>Motor Cortex: A Magnetic Resonance Spectroscopy Study, Plos<br>One, 9: e87314, 2014) in MCI.  In addition, we have shown that<br>NAA/Cr levels in the motor cortex are associated with worse<br>stride time variability under dual task conditions (Annweiler et al.<br>Motor Cortex and Gait in Mild Cognitive Impairment: A Magnetic<br>Resonance Spectroscopy and Volumetric Imaging Study. Brain.<br>136: 859-871, 2013).<br> <br>These studies suggest that NAA/Cr levels are associated with<br>reduced vitamin D levels, and gait disturbance.  These studies<br>provide the rational to examine the effect of exercise training<br>and vitamin D supplementation (the focus of SYNERGIC) in a<br>similar cohort on this metabolic indicator in the motor cortex.<br>This metabolic measurement may be a more sensitive indicator<br>than brain volumetrics and tissue microstructure (DTI) to<br>exercise and vitamin D supplementation induced changes -<br>although there is also evidence to support the use of these other<br>measures in the current study.<br>|
L2084: |**Blood work**<br>Blood draw added at T12 (final) study visit.|Blood work is completed with participants currently at Baseline<br>and also after intervention completes at their 6-month visit. This<br>amendment proposes adding blood work to the final visit (12-<br>month visit) as a follow-up. This blood work will help to explore<br>the role of exercise and cognitive training on biomarker levels<br>and if there is any sustained effect of exercise or interventions<br>on a deeper (biological) level.|
L2085: |**Site Recruitment**<br>Distribution of enrolled participants amended.|The total enrolment will remain at 200 participants. 10<br>participant spots from the Montreal site will be transferred to the<br>London site (Parkwood Institute). 10 participant spots will be<br>transferred from the Vancouver site and split evenly to the<br>London (5) and Waterloo (5) site. This change is being<br>implemented as the London and Waterloo sites since these sites<br>are reaching trial milestones.|
L2086: 1
L2087: SYNERGIC TRIAL Protocol 201619 16 Nov 2018
L2088: # Summary of Changes Document SYNERGIC Trial # 201619
L2089: |Proposed Changes|Rationale|
L2090: |---|---|
L2091: |**Blood Biomarkers**<br>IGF-1 to be added to blood work analysis.<br>|IGF-1 is a biomarker that has recently been associated with<br>poor cognitive response to exercises and with pathologies that<br>can affect vascular and brain health, like the metabolic<br>syndrome. Adding IGF1 in this trial will help our researchers to<br>determine profiles of responders to the exercise and cognitive<br>training intervention, among our participants. Blood work is<br>approved to be collected at baseline, T6 (post-intervention) and<br>T12 (six months post-intervention). Other biomarkers and<br>analysis currently examined are Vitamin D levels, Calcium, PTH,<br>Lipid levels Serum High Sensitive CRP, IL-6, BDNF, and VEGF<br>receptor 1. This addition will have no impact on the participants<br>as blood work previously collected will be utilized and no<br>additional draw will occur.<br>|
L2092: |**Site Recruitment**<br>Distribution of enrolled participants amended.|The total enrolment will remain at 200 participants. 5 participant<br>spots from the Montreal site will be transferred to the London<br>site (Parkwood Institute). 5 participant spots will be transferred<br>from the Vancouver site to the London. This change is being<br>implemented as the London site is reaching trial milestones.|
L2093: 1
L2094: SYNERGIC TRIAL Protocol 201619 19 Feb 2019
L2095: # Summary of Changes Document SYNERGIC Trial # 201619
L2096: |Proposed Changes|Rationale|
L2097: |---|---|
L2098: |**Webpage Recruitment**<br>Addition of form for interested participants.<br> <br>|For interested participants who visit the Gait and Brain<br>webpage, a form will be available for them to complete in order<br>to be contacted regarding the study and possible screening visit.<br>|
L2099: |**Site Recruitment**<br>Distribution of enrolled participants amended.|The total enrolment will remain at 200 participants. 5 participant<br>spots from the Montreal site will be transferred to the London<br>site (Parkwood Institute). This change will be implemented as<br>the London site is reaching trial milestones.|
L2100: 1
L2101: SYNERGIC TRIAL Protocol 201619 18 Oct 2019
L2102: # Summary of Changes Document SYNERGIC Trial # 201619
L2103: |Proposed Changes|Rationale|
L2104: |---|---|
L2105: |**Recruitment Materials**<br>Gait & Brain Lab Brochure<br>|For interested participants, a brochure will be available for them<br>to read more about the ongoing research studies in the Gait &<br>Brain Lab, including the Synergic Trial. If interested, participants<br>can then contact the research coordinator.<br>|
L2106: |**Protocol Document: Non-Local Site Recruitment**<br>Distribution of enrolled participants amended.|The total enrolment will remain at 200 participants. 5 participant<br>spots from the Montreal site will be transferred to the Wilfred<br>Laurier (WLU) site. This change will be implemented as the<br>WLU site is reaching trial milestones.|
L2107: 1
L2108: |CLIENT: University of Waterloo|REP: Patricia Azevedo|
L2109: |---|---|
L2110: |LENGTH: 30 seconds|DATE: 10/15/2019|
L2111: |WRITER: Ian Hunter|TITLE: Trial Study|
L2112: |CART#:**CSO-**|RUN DATE:**10/21 – 10/27**|
L2113: |PROD INSTRUCTIONS: Cold voice, no music. MP3 to Patricia.|PROD INSTRUCTIONS: Cold voice, no music. MP3 to Patricia.|
L2114: ## “Are you 60 years of age or older? The University of Waterloo Brain and Body Lab is hosting a clinical trial for participants who are experiencing memory problems. This five-month trial by the Brain and Body Lab focuses on the effects of physical exercise, mental exercise and vitamin D. To learn more about this research study, contact Laura Middleton at the University of Waterloo or visit Synergic Trial dot com. That’s S-Y-N-E-R-G-I-C Trial dot com.”
L2115: �������������������������������������������������������
L2116: SYNERGIC TRIAL REB# 107670 7 April 2020
L2117: # Summary of Changes Document SYNERGIC Trial # 107670
L2118: |Proposed Changes|Rationale|
L2119: |---|---|
L2120: |**Changes to study procedures, design**<br>Home-Based Program<br> <br> <br> <br> <br> <br> <br> <br> <br> <br> <br> <br> <br> <br> <br> <br> <br> <br> <br> <br> <br> <br> <br>**Changes to participant tools/study instruments**<br>Addition of new study data collection tools/forms<br> <br> <br> <br> <br> <br>Addition of new tools/forms to be provided to participants<br> <br> <br> <br> <br> <br> <br> <br> <br> <br> <br>|In line with global efforts to mitigate the spread of the COVID-19<br>pandemic, we have temporarily suspended the SYNERGIC<br>Trial. This decision has been made with careful consideration for<br>the well-being of our participants who are classified as the high-<br>risk population, and the inability to deliver safe exercise to this<br>population while maintaining physical distance measures. In line<br>with this decision, all interventional sites began limiting access<br>from an institutional-level.<br>Due to institutional closures, in-gym exercise sessions are no<br>longer possible. For participants who had not yet completed<br>80% of interventional sessions (therefore no T6 could be done),<br>they will be offered a take-home maintenance program. This<br>applies to 1 participant at University of Waterloo site. This<br>program will provide continuation of cognitive and exercise<br>training, and vitamin D supplementation until the 20 weeks of<br>intervention has been reached or until institutional closures<br>cease. To maintain participant supervision in the study, research<br>staff will contact participants 3 times weekly on days that would<br>normally be interventional days. With participant consent, these<br>will be a Zoom video call during intervention, where staff have<br>the ability to supervise technique and provide insight into<br>adaptations/progressions where applicable. If video calls are not<br>available, telephone calls will be completed instead.<br> <br>Calls during interventional visits will follow a call script. This<br>script includes data collection of vitamin D supplementation,<br>cognitive training information, and exercise training information<br>for each session. This will also feature any questions the<br>participant may have regarding their tasks, any reported pain or<br>discomfort, and any modifications suggested by the researcher.<br> <br>Participants will receive all necessary materials to continue<br>home-based cognitive, exercise, and vitamin D intervention.<br>This includes iPads, training manual, worksheets, vitamin D, and<br>resistance bands where necessary (if participant does not have<br>their own). Documents will be sent electronically. A drop-off will<br>be arranged by the Research Coordinator with the participant for<br>physical materials to ensure quick and sanitary delivery. Proper<br>sanitization of materials will be conducted by the RC prior to<br>packaging in a box and hand hygiene will be adhered to when<br>delivering. This box will then be delivered to an agreed upon<br>location with proper physical distancing.|
L2121: 1
L2122: SYNERGIC TRIAL REB# 107670 7 April 2020
L2123: 2
L2124: SYNERGIC TRIAL REB# 107670 7 April 2020
L2125: 3
L2126: SYNERGIC TRIAL REB# 107670 8 June 2020
L2127: # Summary of Changes Document SYNERGIC Trial # 107670
L2128: |Proposed Changes|Rationale|
L2129: |---|---|
L2130: |**Changes to study procedures, design (Visit 4)**<br> <br> <br> <br> <br> <br>|Due to gradual opening of institutions and the staggered nature<br>of these openings between London and Waterloo, the T12<br>assessment will be offered in the currently approved format<br>(virtual) and the previously approved format (in-person). In-<br>person assessments will be done when possible, but virtual<br>formats will continue to be implemented a) at sites that have not<br>yet opened for in-person appointments, and b) in the case<br>where participants do not yet feel comfortable returning to the<br>lab.|
L2131: 1
L2132: SYNERGIC TRIAL REB# 107670 13 May 2020
L2133: # Summary of Changes Document SYNERGIC Trial # 107670
L2134: |Proposed Changes|Rationale|
L2135: |---|---|
L2136: |**Changes to study procedures, design (Visit 4)**<br> <br> <br> <br> <br> <br> <br> <br> <br> <br> <br> <br> <br> <br> <br> <br> <br> <br> <br> <br> <br> <br> <br> <br>**Changes to the Letter of Information/Consent**<br> <br> <br> <br> <br> <br> <br> <br> <br> <br> <br> <br>|Due to continuing restrictions regarding in-person research,<br>participants who are due for a T12 assessment prior to the<br>return to normal operations will be invited to complete a 12-<br>month assessment over Zoom. The assessment will mimic the<br>current virtual T6 assessment occurring for this study, and will<br>be abbreviated as gait, balance, blood work, and MRI will not be<br>collected, however all cognitive testing and questionnaires will<br>be collected as usual. No new assessment materials will be<br>used. The assessor will indicate all responses possible on hard-<br>copy versions (the storage of which will not change). For<br>assessments that require a paper-based copy for participant<br>use, the required response sheets will be sent electronically to<br>participants to be printed ahead of time (without instructions so<br>as to not allow training). During the assessment, the participant<br>will be asked to point the camera towards their response sheet<br>and a screenshot of the response sheet will be taken by the<br>researcher. The participant will not be in this frame. Screenshots<br>will be saved in a secure drive. Following assessments, these<br>screenshots will be printed and included in the participant's<br>study folder. Any identifiable information within the screenshot<br>will be removed accordingly. All cognitive tests will be done via<br>Zoom, however participants will have the choice to complete<br>questionnaires in a separate telephone call.<br> <br>LOIC addendum document will be presented to participants<br>currently in post-intervention follow up period to gain consent for<br>participation in 12-month video call assessment. LOIC<br>addendum will be sent electronically to participants in<br>intervention, reviewed using a telephone call with Research<br>Coordinator, signed by participant if consenting, and a scanned<br>copy will be sent back to the Research Coordinator. As these<br>updates apply only to those currently in post-intervention follow<br>up period, the updated LOIC will not be presented to past<br>participants.<br>|
L2137: 1
L2138: # **Supplemental Online Content**
L2139: Montero-Odasso M, Zou G, Speechley M, et al; Canadian Gait and Cognition Network. Effects of exercise alone or
L2140: combined with cognitive training and vitamin D supplementation to improve cognition in adults with mild cognitive
L2141: impairment: a randomized clinical trial. _JAMA Netw Open._ 2023;6(7):e2324465. doi:10.1001/
L2142: jamanetworkopen.2023.24465
L2143: **eMethods.**
L2144: **eTable 1.** Details of the Participants Who Were Withdrawn From the SYNERGIC Trial Due to Medical Reasons
L2145: **eTable 2.** The Effect of Exercise, With (Arm 1+2) and Without (Arm 3+4) Cognitive Intervention on ADAS-Cog 13
L2146: Scores at 6-Month End Point, Compared With Control (Arm 5), and Adjusted for Age, Sex, Education, and
L2147: Comorbidities
L2148: **eTable 3.** Within-Group and Between-Group Intervention Effect Across 5 Intervention Arms at 6-Month End Point
L2149: **eTable 4.** Within-Group and Between-Group Intervention Effect Across 5 Intervention Arms at 6-Month End Point,
L2150: Adjusted for Age, Sex, Education, and Comorbidities
L2151: **eTable 5.** Number of Participants With Improvement in ADAS-Cog-13 and Plus Variant at 6 Months by Intervention
L2152: Arm
L2153: **eTable 6.** Per-Protocol Analysis of the Effect of Within-Group and Between-Group Intervention Across 5 Intervention
L2154: Arms at 6-Month End Point
L2155: **eTable 7.** Per-Protocol Analysis for the Effect of Exercise Intervention With Addition of Cognitive Training and Vitamin
L2156: D at 6-Month End Point
L2157: **eTable 8.** Per-Protocol Analysis for the Effect of Exercise and Cognitive Intervention and Exercise Alone at 6-Month
L2158: End Point
L2159: **eTable 9.** The Effect of Intervention on ADAS-Cog-Plus Scores at 6-Month End Point Calculated by Cumulatively
L2160: Adding Individual Plus Items
L2161: **eTable 10.** The Effect of Exercise, With (Arm 1+2) and Without (Arm 3+4) Cognitive Intervention on ADAS-Cog-Plus
L2162: Scores at 6-Month End Point Compared With Control (Arm 5), Calculated by Cumulatively Adding Individual Plus Items
L2163: **eTable 11.** Change in ADAS-Cog-13 and ADAS-Cog-Plus at 12-Month Follow-up
L2164: **eFigure 1.** Change in ADAS-Cog-13 Scores From Baseline to 12 Months Across 5 Arms
L2165: **eTable 12.** The Effect of Exercise, With (Arm 1+2) and Without (Arm 3+4) Cognitive Intervention at 12-Month Followup, Compared With Control (Arm 5) Using “At the Margin” Analysis
L2166: **eFigure 2.** Change in ADAS-Cog-13 Scores From Baseline to 12 Months
L2167: **eTable 13.** Exercise and Physical Activity Level Reported at Month 12
L2168: **eTable 14.** Self-Reported Adverse Events and Health Care Follow-up Diagnosis During the Study
L2169: **eReferences.**
L2170: **This supplemental material has been provided by the authors to give readers additional information about their work.**
L2171: © 2023 Montero-Odasso M et al. _JAMA Network Open._
L2172: **eMethods.**
L2173: _**MCI Alberta criteria**_ _**[1]**_ _**and operationalization in the SYNERGIC trial**_
L2174: |Criterion|Operationalization|
L2175: |---|---|
L2176: |i) Subjective cognitive complains|Self-reported and/or by an informant|
L2177: |ii) Objective cognitive impairment in<br>**1** of the following 4 cognitive<br>domains: memory, executive<br>function, attention, and language|1 or more of the following:<br>- Montreal Cognitive Assessment (MoCA) scores<br>ranging from: 13-24/30<br>- Logical Memory below Alzheimer’s Disease<br>Neuroimaging Initiative (ADNI) cut-offs: <9 for 16+<br>years of education; <5 for 8-15 years of education; <3<br>for 0-7 years of education.<br>- Consortium to Establish a Registry for Alzheimer’s<br>Disease (CERAD) word list recall < 6.|
L2178: |iii) Preserved activities of daily living|Score >14/23 on the Lawton-Brody Instrumental<br>Activities Of Daily Living (IADL)|
L2179: |iv) Absence of dementia|- Diagnostic and Statistical Manual of Mental<br>Disorders (V Edition)<br>and/or<br>- Global Clinical Dementia Rating (CDR) ≤ 0.5|
L2180: _**Details of Cognitive training intervention**_
L2181: Cognitive Training (CT) intervention will involve tablet-based multimodal and multi-domain dual-task training
L2182: with memory load. The training uses the custom-written program, developed for neuro- rehabilitation and used
L2183: in previous research trials for cognitive [2-4] and mobility outcomes. [5] Training sessions will take place in groups of
L2184: up to eight participants before each of the fitness-training session for duration of 30 min max. Participants will
L2185: perform a concurrent visuo-motor task (dual-task combination) composed of different sets of visual stimuli that
L2186: have to be identified by tapping designated figures on an iPad (or an Android tablet). Participants will perform
L2187: discrimination tasks involving sets of items (e.g. letters, numbers, animals, vehicles, fruits, celestial bodies).
L2188: Each session will involve two sets of items, one for each task. The combination of sets of items will change
L2189: every four sessions.
L2190: Task instructions will always be administered by a trained Research Assistant. Within each training session and
L2191: for each task combination, participants will complete a first block of single-pure (SP) trials followed by mixedtrial blocks with single-task trials (SM) intermixed and dual-mixed trials (DM: 2 tasks at once). Each training
L2192: session will involve 80 SP, 128 SM and 192 DM trials (thus 40% of the DM blocks will be SM trials). Within
L2193: the DM trials, the first 30 training sessions will be performed following a fixed priority instruction (participants
L2194: will be asked to keep an equal priority on left and right hands.) The following 30 sessions will be performed
L2195: following a variable priority instruction (participants will be told to vary priority from one hand to another in
L2196: different blocks). Participants will complete a total of 60 sessions. Importantly, an adaptive continuous feedback
L2197: on performance was will be provided during the dual-mixed block of the training sessions. Feedback will take
L2198: the shape of a speedometer whose indicator moves and changes colour (green, yellow, orange or red) to inform
L2199: participants of their response speed. Two speedometers (one for each hand) will be displayed at the top of the
L2200: screen. Each speedometer is associated to one task. In equal priority blocks, participants will be asked to try to
L2201: maintain both speedometers at least in the yellow zone and prevent them from turning to red. In variable
L2202: priority blocks, participants will be asked to maintain the speedometer associated to the prioritized task in the
L2203: green zone, while the other speedometer can be at least in the orange zone. The colour of the speedometers will
L2204: be determined by the average reaction time (RT) on the last three trials’ RT for the DM block compared to the
L2205: median RT for the SM trials multiplied by a factor of 1.5 (for the first training session, as there are no previous
L2206: © 2023 Montero-Odasso M et al. _JAMA Network Open._
L2207: SM trials, the DM block will be compared to 1500ms). In addition, a feedback will be provided at the end of the
L2208: session, where participants will be informed of mean RT and accuracy achieved throughout sessions (presented
L2209: in a histogram without explicit values).
L2210: _**Details of Control Cognitive training**_
L2211: The active control cognitive training group will participate in skills training courses based on a published study
L2212: from our research group. [6] Each session will consist of Internet search for 3 hotels, 3 touristic places and 3
L2213: restaurants, of participant’s preference, in cities determined by the instructor at the beginning of each training
L2214: session (a list of cities is presented in the manual of procedures for cognitive training). Another task will be
L2215: watching a 20 minutes National Geographic documentary movie selected by the instructor at the beginning of
L2216: each session; at the end of the movie participants need to answer three questions about the watched movie.
L2217: These iPad tasks will be alternated between sessions to prevent boredom. The approximate time to perform both
L2218: tasks is 20 minutes which is the approximate time to complete the dual-task training on the iPad.
L2219: Active control sessions will be held in groups of up to 8 participants and will take place in the same context and
L2220: physical environment used for dual-task training sessions and lead by the same instructors. Studies compared
L2221: dual-task training to single-task training, as a control condition, in order to control for exposure of the same
L2222: specific tasks performed separately. [6] However, it can be argued that single- task training is not engaging or
L2223: stimulating enough and does not provide a feeling of progression. In response to this, it was recommended that
L2224: cognitive training studies use preferably sham trainings whereby clinician interaction and participant
L2225: expectation effects can be reliably matched. Therefore, this study will compare dual-task training to a nonspecific intervention, more comparable to cognitively stimulating activities that older adults can naturally
L2226: engage in. To assure same time exposure and same social interaction than in active intervention, the control
L2227: intervention will be held in groups using the same type of device that is used for the active intervention.
L2228: _**Details of Exercise intervention**_
L2229: The exercises training program involves 3 weekly sessions of approximately 60 min each. All sessions will be
L2230: held in appropriate gym facilities and take place between Monday and Friday ensuring that there are not three
L2231: consecutive days (i.e. training can occur on Monday, Wednesday and Friday or Monday, Thursday and Friday
L2232: etc.). Staff with experience and/or certification in exercises (graduate student in kinesiology, Canadian Society
L2233: of Exercise Physiology certificates, etc.) will supervise all training sessions with at least one coach per four
L2234: participants.
L2235: After a general warm-up, participants will execute the strength-training portion by performing light
L2236: strengthening exercises (pushes and pulls using elastic bands, chair stands, and forward lunges). The next phase
L2237: will include the following exercises: leg press, leg flexion (lower body), seated press, seated row, and seated
L2238: pull (upper body). These exercises are made in a circuit alternating between lower and upper body exercises. A
L2239: list of suggested exercises base on muscle groups will be provided to the trainers. The recovery period between
L2240: exercises corresponds to the time needed to move from one station to another. While the first portion of this
L2241: training protocol (12 weeks) will be dedicated to strength endurance exercises the following 12 weeks will
L2242: focus on maximal strength. Training volume and intensity are described in the table below. Sets represent the
L2243: number of circuit rounds while repetitions are maximal, which means that the resistance must be adjusted by the
L2244: trainer so that the participant reaches exhaustion at the last prescribed repetition of each set. Training
L2245: prescription for all exercises is made in accordance to the American College of Sport Medicine (ACSM)
L2246: guidelines for strength development in older adults (ACSM, version 1998).
L2247: Weeks Sets Repetitions Rest between sets (sec)
L2248: © 2023 Montero-Odasso M et al. _JAMA Network Open._
L2249: |Col1|Day 1|Day 2|Day 3|Day 1|Day 2|Day 3|Col8|
L2250: |---|---|---|---|---|---|---|---|
L2251: |1-4|2|2|2|15-18|15-18|15-18|30|
L2252: |5-8|3|2|3|12-15|12-15|12-15|30|
L2253: |9-12|3|2|3|10|10|10|60|
L2254: |13-16|2|3|2|8|12|8|60|
L2255: |17-20|3|3|4|6|8|6|60|
L2256: Following the strength portion of each session, an aerobic training will be prescribed. Participants will be asked
L2257: to complete 10-20 minutes of cardiovascular exercises using different ergometers (treadmill, elliptical
L2258: machines, cycling ergometers, rowing machines etc.), using steps or other forms of free aerobic exercises, as
L2259: long as the cognitive load is minimized. Intensity will be monitored using a Borg scale (0-10) and the target will
L2260: correspond to 5-6 for the first month, 6-7 for the second month and 7-8 for the last month. Details of the aerobic
L2261: training are presented in the table below. Each session will end with a five (5) minute recovery period, which
L2262: will consist of different breathing exercises and stretching.
L2263: |Weeks|Sets|Duration (min)|Intensity (Borg 0-10)|Rest between sets (minutes)|
L2264: |---|---|---|---|---|
L2265: |1-4|2|10|5-6|1|
L2266: |5-8|2|10|5-6|1|
L2267: |9-12|2|10|6-7|1|
L2268: |13-16|2|10|6-7|1|
L2269: |17-20|2|10|7-8|1|
L2270: Overall rate of perceived exertion (RPE) will be monitored using a Borg scale (0-10) 30 minutes after the end of
L2271: each session. Participants will have to rate the overall difficulty of the training session. These results will
L2272: provide information about the training load (session RPE – sRPE), monotony and strain.
L2273: _**Details of Control Exercise (Tone-Stretching Exercises)**_
L2274: Participants assigned in the control exercise condition will take part in tone-stretching sessions in groups of up
L2275: to 8 participants, supervised by a trainer. The exercises will be devoted to improve muscle tone, flexibility,
L2276: without improving, strength, cardiorespiratory capacity (and mobility). Resistant load and number of repetitions
L2277: will not progress across exercise sessions. The session will start with a 5-minute warm-up on the machine of
L2278: their choice. This will be followed by 50 minutes of stretching exercises that will target the entire body, one
L2279: joint at a time, from head to toes. Exercises will be performed in a seated position as much as possible. The
L2280: stretching program will be based on the one developed by Stanziano et al. [7] The session will end with 5 minutes
L2281: of relaxation. Variability in exercises performed between sessions will be encouraged in order to avoid
L2282: progression throughout the entire program.
L2283: _**Details of Vitamin D Supplementation**_
L2284: Participants will receive Vitamin D supplementation (1 tablet of 10,000IU of Vitamin D3) or matching placebo
L2285: three times per week in order to reach a weekly cumulative dose of 30,000 IU per week (equivalent of 4,258 IU
L2286: daily). The vitamin D capsules will be provided by the Research Coordinator (RC) in vials at baseline
L2287: assessment and every four weeks to complete 5 vials during the training period. Vials will be returned by the
L2288: participants to the RC at the end of each 4 weeks block. Rationale and bio- safety of the dose: The dose of
L2289: 10,000 IU/day is currently approved by Health Canada as a supplementation for elderly patients. Heaney et al.
L2290: have administered doses of 30,000 IU/day Vitamin D3 to adult men for five months, with no significant
L2291: changes in serum calcium concentrations or adverse reactions. [8-10] A comprehensive review of toxic effects of
L2292: vitamin D found that the lowest level at which an adverse effect was observed was a serum calcidiol
L2293: concentration of 200 nmol/l, corresponding to a daily intake of 40,000 IU. Therefore, three weekly doses of
L2294: 10,000IU have a 9-fold weekly margin of safety of the established safe dose.
L2295: © 2023 Montero-Odasso M et al. _JAMA Network Open._
L2296: _**Details of Placebo Vitamin D supplementation**_
L2297: Participants will receive Vitamin D supplementation (1 tablet of 10,000IU of Vitamin D3) or matching placebo
L2298: three times per week in order to reach a weekly cumulative dose of 30,000 IU per week (equivalent of 4,258 IU
L2299: daily). The vitamin D capsules will be provided by the Research Coordinator (RC) in vials at baseline
L2300: assessment and every four weeks to complete 5 vials during the training period. Vials will be returned by the
L2301: participants to the RC at the end of each 4 weeks block. Rationale and bio- safety of the dose: The dose of
L2302: 10,000 IU/day is currently approved by Health Canada as a supplementation for elderly patients. Heaney et al.
L2303: have administered doses of 30,000 IU/day Vitamin D3 to adult men for five months, with no significant
L2304: changes in serum calcium concentrations or adverse reactions. [8-10] A comprehensive review of toxic effects of
L2305: vitamin D found that the lowest level at which an adverse effect was observed was a serum calcidiol
L2306: concentration of 200 nmol/l, corresponding to a daily intake of 40,000 IU. Therefore, three weekly doses of
L2307: 10,000IU have a 9-fold weekly margin of safety of the established safe dose.
L2308: _**Supervision**_
L2309: All physical exercise training will be fully supervised by research assistants trained in exercise physiology or
L2310: with kinesiology or physical therapy backgrounds or training. Training frequency is 3 days/week. Each session
L2311: will take 90 minutes on average.
L2312: _**Additional tests included in the ADAS-Cog plus version**_
L2313: **1.** Trail-Making Test (TMT) A & B,
L2314: **2.** WAIS-R Digit Symbol Substitution Test (DSST)
L2315: **3.** Digit Span forward & backward (DSFB)
L2316: **4.** Category Fluency test (Animal and Vegetable)
L2317: © 2023 Montero-Odasso M et al. _JAMA Network Open._
L2318: **eTable 1. Details of the participants who were withdrawn from the SYNERGIC Trial due to**
L2319: **medical reasons.**
L2320: **Arm** **Withdrawal reason**
L2321: 1 None
L2322: 2
L2323: 3
L2324: Too sick to continue (Herpes zoster)
L2325: Knee pain
L2326: Back pain
L2327: Hemorrhagic stroke due to amyloid angiopathy (bleeding in the basal ganglia affecting
L2328: mobility)
L2329: Hip pain
L2330: Too sick to continue (Pneumonia)
L2331: Knee pain
L2332: Systolic readings too high when exercising
L2333: Hip fracture
L2334: Back pain
L2335: Minor stroke
L2336: 4
L2337: New diagnosis of stage 2 breast cancer
L2338: Too sick to continue (Shingles)
L2339: 5 None
L2340: © 2023 Montero-Odasso M et al. _JAMA Network Open._
L2341: **eTable 2. The effect of exercise, with (arm 1+2) and without (arm 3+4) cognitive intervention on ADAS-Cog 13 scores at 6-**
L2342: **month endpoint, compared to control (arm 5), and adjusted for age, sex, education, and comorbidities.**
L2343: Within-group difference from baseline Between-group difference from baseline
L2344: Exercise and Cognitive Exercise (Arm Control Exercise and Cognitive Intervention
L2345: Exercise (Arm
L2346: Control
L2347: (Arm 5)
L2348: Exercise and Cognitive Intervention
L2349: Exercise and Cognitive Intervention Exercise (Arm 3+4) vs.
L2350: (Arm 1+2) vs Control (Arm 5) Control (Arm 5)
L2351: Intervention (Arm 1+2)
L2352: 3+4) (Arm 5) (Arm 1+2) vs Control (Arm 5) Control (Arm 5)
L2353: Mean (SE) Mean (SE) Mean (SE) MD (95% CI) p-value MD (95% CI) p-value
L2354: 3+4)
L2355: **Primary Outcomes**
L2356: ADAS-Cog-13 -2.29 (0.45) -0.75 (0.45) 0.38 (0.69) -2.66 (-4.26, -1.06) 0.001 -1.13 (-2.74, 0.48) 0.17
L2357: ADAS-Cog-Plus -0.13 (0.05) 0.01 (0.05) -0.05 (0.08) -0.09 (-0.26, 0.10) 0.38 0.06 (-0.12, 0.24) 0.51
L2358: **Individual items in ADAS-Cog**
L2359: Word Recall -0.28 (0.14) -0.38 (0.15) 0.03 (0.22) -0.31 (-0.83, 0.20) 0.23 -0.42 (-0.93, 0.10) 0.12
L2360: Delayed Recall -0.44 (0.22) -0.18 (0.23) 0.29 (0.34) -0.73 (-1.52, 0.07) 0.08 -0.46 (-1.26, 0.34) 0.26
L2361: Following Commands 0.008 (0.08) 0.13 (0.08) 0.19 (0.13) -0.18 (-0.48, 0.12) 0.23 -0.06 (-0.36, 0.24) 0.70
L2362: Constructional Praxis 0.09 (0.12) -0.03 (0.12) -0.27 (0.18) 0.36 (-0.05, 0.77) 0.09 0.24 (-0.17, 0.65) 0.25
L2363: Ideational Praxis 0.02 (0.05) 0.02 (0.05) 0.03 (0.08) -0.006 (-0.19, 0.17) 0.95 -0.006 (-0.19, 0.17) 0.95
L2364: Naming Objects -0.64 (0.18) -0.06 (0.18) -0.17 (0.27) -0.47 (-1.10, 0.15) 0.14 0.11 (-0.52, 0.73) 0.74
L2365: Orientation -0.19 (0.12) -0.03 (0.12) 0.43 (0.18) -0.63 (-1.05, -0.20) 0.004 -0.46 (-0.88, -0.03) 0.04
L2366: Word Recognition -0.69 (0.24) -0.04 (0.24) 0.41 (0.38) -1.09 (-1.97, -0.22) 0.02 -0.45 (-1.32, 0.43) 0.32
L2367: Remembering Instructions -0.006 (0.05) -0.06 (0.05) -0.05 (0.08) 0.05 (-0.14, 0.23) 0.61 -0.004 (-0.19, 0.18) 0.97
L2368: Comprehension -0.01 (0.06) -0.03 (0.06) 0.02 (0.09) -0.03 (-0.25, 0.18) 0.76 -0.05 (-0.27, 0.16) 0.63
L2369: Word Finding 0.02 (0.07) -0.05 (0.07) -0.14 (0.11) 0.16 (-0.10, 0.41) 0.23 0.09 (-0.17, 0.34) 0.50
L2370: Spoken Language -0.03 (0.06) -0.13 (0.06) -0.13 (0.09) 0.01 (-0.10, 0.31) 0.33 -0.001 (-0.21, 0.21) 0.99
L2371: Number Cancellation -0.15 (0.11) 0.13 (0.11) -0.09 (0.17) -0.06 (-0.45, 0.32) 0.77 0.22 (-0.17, 0.61) 0.26
L2372: Trail Making A -3.30 (1.92) -1.93 (1.95) 5.43 (2.98) -8.74 (-15.68, -1.86) 0.01 -7.36 (-14.35, -0.46) 0.04
L2373: -11.48 (-36.29,
L2374: Trail Making B 7.92 (6.83) -7.26 (6.89) 4.21 (10.69) 3.71 (-21.00, 28.49) 0.77 0.37
L2375: 13.31)
L2376: Digit Symbol Substitution 1.41 (1.10) 0.61 (1.17) -1.84 (1.74) 3.24 (-0.78, 7.26) 0.12 2.44 (-1.65, 6.54) 0.25
L2377: WAIS III Digit Span Forward -1.14 (0.40) -1.20 (0.40) -0.71 (0.61) -0.43 (-1.85, 0.98) 0.55 -0.49 (-1.91, 0.92) 0.50
L2378: WAIS III Digit Span Backward -1.20 (0.31) -0.78 (0.31) -0.55 (0.47) -0.65 (-1.75, 0.45) 0.25 -0.23 (-1.32, 0.88) 0.69
L2379: Category Fluency Animals 0.82 (0.50) -0.41 (0.51) 1.50 (0.77) -0.68 (-2.45, 1.11) 0.46 -1.91 (-3.70, -0.12) 0.04
L2380: Category Fluency Vegetables 0.09 (0.44) -0.78 (0.44) 0.87 (0.67) -0.78 (-2.33, 0.79) 0.33 -1.65 (-3.21, -0.09) 0.04
L2381: CI, Confidence interval; MD, Mean Difference; SE, Standard error.
L2382: Adjusted for age, sex, number of years of education, and number of comorbidities. Marginal means and standard errors obtained from linear mixed models are reported for within-group differences. Betweengroup differences were assessed using the interaction between time x intervention arm. Lower scores indicate cognitive improvement.
L2383: © 2023 Montero-Odasso M et al. _JAMA Network Open._
L2384: **eTable 3. Within-group and between-group intervention effect across 5 intervention arms at 6-month endpoint.**
L2385: Within group difference from
L2386: baseline
L2387: Between group difference
L2388: Arm 1 Arm 2 Arm 3 Arm 4 Arm 5 Arm 1 vs Arm 5 Arm 2 vs. Arm 5 Arm 3 vs. Arm 5 Arm 4 vs. Arm 5
L2389: mean
L2390: (SE)
L2391: **Primary Outcome**
L2392: mean
L2393: (SE)
L2394: mean
L2395: (SE)
L2396: 0.23
L2397: (0.67)
L2398: -0.07 -0.09 -0.02 0.09 0.08
L2399: 0.39 0.21
L2400: (0.08) (-0.29, 0.11) (-0.22, 0.19) [0.88 0.04 ] (-0.11, 0.29) [0.37 -0.22 ] (-0.12, 0.28) [0.46 -0.18 ]
L2401: 0.02 -0.43 -0.18 -0.18 -0.43
L2402: 0.15 0.35
L2403: (0.22) (-0.99, 0.14) (-0.76, 0.40) [0.55 0.15 ] (-0.76, 0.40) [0.19 0.32 ] (-1.01, 0.16) [0.16 0.35 ]
L2404: 0.27 -0.48 -0.99 -0.73 -0.26
L2405: 0.29 0.26
L2406: (0.33) (-1.36, 0.39) (-1.88, -0.09) [0.03 0.53 ] (-1.61, 0.14) [0.11 0.39 ] (-1.15, 0.64) [0.58 0.14 ]
L2407: 0.19 -0.27 -0.09 -0.06 -0.13
L2408: 0.11 0.39
L2409: (0.12) (-0.60, 0.06) (-0.43, 0.24) [0.58 0.14 ] (-0.39, 0.27) [0.71 0.09 ] (-0.46, 0.21) [0.46 0.18 ]
L2410: -0.27 0.28 0.42 0.41 0.06
L2411: 0.23 -0.29
L2412: (0.17) (-0.18, 0.73) (-0.04, 0.87) [0.07 -0.44 ] (-0.04, 0.85) [0.08 -0.43 ] (-0.40, 0.51) [0.81 -0.06 ]
L2413: 0.03 0.03 0.01 -0.04 -0.01
L2414: 0.80 0.06
L2415: (0.08) (-0.23, 0.17) (-0.19, 0.22) [0.90 -0.03 ] (-0.24, 0.16) [0.70 -0.09 ] (-0.19, 0.22) [0.91 0.03 ]
L2416: -0.10 -0.55 -0.50 0.03 0.03
L2417: 0.12 0.38
L2418: (0.26) (-1.24, 0.14) (-1.21, 0.20) [0.17 0.34 ] (-0.66, 0.72) [0.94 -0.02 ] (-0.67, 0.74) [0.93 -0.02 ]
L2419: 0.39 -0.57 -0.61 -0.57 -0.55
L2420: 0.02 0.57
L2421: (0.18) (-1.05, -0.10) (-1.09, -0.13) [0.02 0.60 ] (-1.05, -0.10) [0.17 0.33 ] (-1.04, -0.07) [0.03 0.55 ]
L2422: 0.33 -1.33 -0.72 -0.26 -0.53
L2423: (0.37) (-2.32, -0.36) [0.009 0.64 ] (-1.71, 0.27) [0.16 0.35 ] (-1.23, 0.71) [0.61 0.13 ] (-1.52, 0.47) [0.31 0.25 ]
L2424: -0.05 0.05 0.03 -0.03 0.02
L2425: 0.63 -0.12
L2426: (0.08) (-0.15, 0.25) (-0.18, 0.23) [0.78 -0.07 ] (-0.23, 0.17) [0.74 0.08 ] (-0.19, 0.22) [0.86 -0.04 ]
L2427: 0.03 -0.05 -0.03 -0.01 -0.11
L2428: 0.68 0.10
L2429: (0.09) (-0.29, 0.19) (-0.28, 0.21) [0.78 0.07 ] (-0.25, 0.22) [0.92 0.03 ] (-0.35, 0.13) [0.37 0.22 ]
L2430: -0.09 0.12 0.10 0.05 -0.02
L2431: 0.43 -0.19
L2432: (0.11) (-0.18, 0.41) (-0.20, 0.40) [0.52 -0.16 ] (-0.24, 0.34) [0.75 -0.08 ] (-0.32, 0.28) [0.90 0.03 ]
L2433: -0.12 0.09 0.10 0.01 -0.02
L2434: 0.43 -0.19
L2435: (0.09) (-0.14, 0.32) (-0.13, 0.33) [0.39 -0.21 ] (-0.22, 0.24) [0.93 -0.02 ] (-0.26, 0.21) [0.85 0.05 ]
L2436: -0.14 0.05 -0.06 0.40 0.13
L2437: 0.81 -0.06
L2438: (0.16) (-0.37, 0.47) (-0.49, 0.37) [0.79 0.07 ] (-0.02, 0.81) [0.07 -0.44 ] (-0.30, 0.56) [0.55 -0.15 ]
L2439: MD (95% CI) p ES MD (95% CI) p ES MD (95% CI) p ES MD (95% CI) p ES
L2440: -2.64 -2.39 -0.61 -1.57
L2441: 0.005 0.71
L2442: (-4.42,-0.87) (-4.20, -0.57) [0.01 0.63 ] (-2.39,1.16) [0.50 0.16 ] (-3.38,0.25) [0.10 0.41 ]
L2443: -2.41 -2.16
L2444: ADAS-Cog-13
L2445: (0.62) (0.65)
L2446: ADAS-Cog-Plus [-0.16 ]
L2447: -0.09
L2448: (0.07)
L2449: (0.07)
L2450: mean
L2451: (SE)
L2452: -0.38
L2453: (0.62)
L2454: 0.02
L2455: (0.07)
L2456: **Individual items in ADAS-Cog**
L2457: -0.41 -0.16
L2458: Word Recall
L2459: (0.20) (0.21)
L2460: -0.21 -0.72
L2461: Delayed Recall
L2462: (0.31) (0.32)
L2463: mean
L2464: (SE)
L2465: -1.34
L2466: (0.65)
L2467: 0.004
L2468: (0.07)
L2469: -0.41
L2470: (0.21)
L2471: 0.01
L2472: (0.32)
L2473: 0.07
L2474: (0.12)
L2475: -0.22
L2476: (0.16)
L2477: 0.04
L2478: (0.07)
L2479: -0.07
L2480: (0.25)
L2481: -0.16
L2482: (0.17)
L2483: -0.19
L2484: (0.35)
L2485: -0.03
L2486: (0.71)
L2487: -0.08
L2488: (0.09)
L2489: -0.11
L2490: (0.11)
L2491: -0.14
L2492: (0.08)
L2493: -0.009
L2494: (0.15)
L2495: Following
L2496: Commands
L2497: Constructional
L2498: Praxis
L2499: 0.08 0.10
L2500: (0.12) (0.12)
L2501: 0.08
L2502: (0.12)
L2503: 0.005 0.15
L2504: (0.16) (0.16)
L2505: 0.005
L2506: (0.16)
L2507: Ideational Praxis [0.006 ]
L2508: (0.07)
L2509: Naming Objects [-0.65 ]
L2510: 0.05
L2511: (0.07)
L2512: -0.60
L2513: (0.25)
L2514: (0.07)
L2515: (0.24)
L2516: -0.18 -0.22
L2517: Orientation
L2518: (0.17) (0.17)
L2519: -0.18
L2520: Orientation
L2521: (0.17)
L2522: Word
L2523: Recognition
L2524: Remembering
L2525: Instructions
L2526: -1.00 -0.39
L2527: (0.34) (0.35)
L2528: -1.00
L2529: (0.34)
L2530: 0.004 -0.02
L2531: (0.07) (0.82)
L2532: 0.004
L2533: (0.07)
L2534: Comprehension [-0.02 ]
L2535: -0.01
L2536: (0.09)
L2537: (0.08)
L2538: 0.03 0.01
L2539: Word Finding
L2540: (0.10) (0.11)
L2541: 0.03
L2542: Word Finding
L2543: (0.10)
L2544: Spoken
L2545: Language
L2546: Number
L2547: Cancellation
L2548: -0.03 -0.02
L2549: (0.08) (0.08)
L2550: -0.03
L2551: (0.08)
L2552: -0.08 -0.20
L2553: (0.15) (0.15)
L2554: -0.08
L2555: (0.15)
L2556: -0.37
L2557: (0.20)
L2558: -0.46
L2559: (0.31)
L2560: 0.13
L2561: (0.12)
L2562: 0.14
L2563: (0.16)
L2564: -0.007
L2565: (0.07)
L2566: -0.07
L2567: (0.24)
L2568: 0.06
L2569: (0.17)
L2570: 0.07
L2571: (0.34)
L2572: -0.08
L2573: (0.26)
L2574: 0.02
L2575: (0.08)
L2576: -0.04
L2577: (0.10)
L2578: -0.11
L2579: (0.08)
L2580: 0.26
L2581: (0.14)
L2582: © 2023 Montero-Odasso M et al. _JAMA Network Open._
L2583: -6.0 -0.21
L2584: Trail Making A
L2585: (2.68) (2.78)
L2586: 14.30 0.19
L2587: Trail Making B
L2588: (9.44) (9.87)
L2589: -0.46
L2590: (2.85)
L2591: -7.11 5.18 9.13 -4.99 -10.06
L2592: -0.16
L2593: (10.11) (10.64) (-18.42, 36.65) [0.52 ] (-33.08, 23.10) [0.73 0.09 ] (-37.37, 17.20) [0.48 0.17 ]
L2594: 0.98
L2595: (1.73)
L2596: -0.99
L2597: (0.58)
L2598: -0.50
L2599: (0.45)
L2600: -1.12
L2601: (0.72)
L2602: -0.37
L2603: (0.64)
L2604: 5.25 -11.25 -5.46 -7.12 -5.71
L2605: (2.98) (-19.02, -3.49) [0.006 0.69 ] (-13.38, 2.43) [0.18 0.34 ] (-14.88, 0.62) [0.08 0.43 ] (-13.72, 2.27) [0.17 0.34 ]
L2606: -12.29
L2607: (-40.69,
L2608: 16.12)
L2609: 0.40 0.21
L2610: Digit Symbol
L2611: Substitution
L2612: WAIS III Digit
L2613: Span Forward
L2614: WAIS III Digit
L2615: Span Backward
L2616: Category
L2617: Fluency Animals
L2618: Category
L2619: Fluency
L2620: Vegetables
L2621: 1.60 1.16
L2622: (1.53) (1.60)
L2623: -1.29 2.89 2.45 1.34 2.27
L2624: 0.21 -0.31
L2625: (1.72) (-1.56, 7.35) (-2.11, 7.00) [0.30 -0.26 ] (-3.28, 5.74) [0.60 -0.13 ] (-2.46, 6.98) [0.35 -0.23 ]
L2626: -0.83 -0.43 -0.31 -0.58 -0.16
L2627: 0.60 0.13
L2628: (0.60) (-2.02, 1.16) (-1.93, 1.31) [0.71 0.09 ] (-2.16, 1.01) [0.48 0.17 ] (-1.78, 1.46) [0.85 0.05 ]
L2629: -0.66 -0.60 -0.53 -0.46 0.17
L2630: 0.34 0.23
L2631: (0.47) (-1.83, 0.63) (-1.78, 0.73) [0.42 0.20 ] (-1.68, 0.77) [0.47 0.17 ] (-1.09, 1.42) [0.80 -0.06 ]
L2632: 1.63 -1.26 -0.36 -1.31 -2.75
L2633: 0.22 0.30
L2634: (0.74) (-3.22, 0.71) (-2.36, 1.64) [0.73 0.09 ] (-3.28, 0.67) [0.20 0.31 ] (-4.76, -0.74) [0.009 0.65 ]
L2635: 1.11 -1.02 -1.04 -2.07 -1.48
L2636: 0.26 0.27
L2637: (0.66) (-2.77, 0.74) (-2.82, 0.74) [0.26 0.28 ] (-3.81, -0.34) [0.02 0.56 ] (-3.26, 0.30) [0.11 0.40 ]
L2638: -1.26 -1.14
L2639: (0.56) (0.58)
L2640: -1.27 -1.19
L2641: (0.43) (0.45)
L2642: 0.37 1.27
L2643: (0.69) (0.72)
L2644: 0.09 0.07
L2645: (0.62) (0.64)
L2646: -1.87
L2647: (2.66)
L2648: -4.89
L2649: (9.24)
L2650: -0.06
L2651: (1.57)
L2652: -1.41
L2653: (0.56)
L2654: -1.12
L2655: (0.43)
L2656: 0.32
L2657: (0.70)
L2658: -0.96
L2659: (0.61)
L2660: CI, Confidence interval; ES, Effect size; MD, Mean Difference; p, p-value; SE, Standard error.
L2661: Marginal means and standard errors obtained from linear mixed models are reported for within-group differences. Between-group differences were assessed using
L2662: the interaction between time x intervention arm. Lower scores indicate cognitive improvement.
L2663: © 2023 Montero-Odasso M et al. _JAMA Network Open._
L2664: **eTable 4. Within-group and between-group intervention effect across 5 intervention arms at 6-month endpoint, adjusted for**
L2665: **age, sex, education, and comorbidities.**
L2666: Within-group difference from baseline Between-group difference from baseline
L2667: Arm 1 Arm 2 Arm 3 Arm 4 Arm 5 Arm 1 vs Arm 5 Arm 2 vs. Arm 5 Arm 3 vs. Arm 5 Arm 4 vs. Arm 5
L2668: mean mean mean mean mean
L2669: (SE)
L2670: -1.25
L2671: (0.66)
L2672: 0.01
L2673: (0.07)
L2674: -0.44
L2675: (0.21)
L2676: 0.01
L2677: (0.33)
L2678: 0.10
L2679: (0.12)
L2680: -0.21
L2681: (0.17)
L2682: -0.04
L2683: (0.26)
L2684: -0.19
L2685: (0.18)
L2686: -0.25
L2687: (0.36)
L2688: -0.03
L2689: (0.08)
L2690: -0.09
L2691: (0.09)
L2692: -0.05
L2693: (0.11)
L2694: -0.15
L2695: (0.09)
L2696: -0.003
L2697: (0.16)
L2698: -1.79
L2699: (2.88)
L2700: -8.97
L2701: (10.36)
L2702: 1.16
L2703: (1.77)
L2704: mean
L2705: -1.84
L2706: 0.14 3.01 (-1.65, 7.67) 0.21 2.00 (-2.62, 6.62) 0.40 3.00 (-1.89, 7.88) 0.23
L2707: (1.76) [ 3.45 (-1.12, 8.01) ]
L2708: (SE)
L2709: **Primary Outcomes**
L2710: -2.42
L2711: ADAS-Cog-13
L2712: (0.62)
L2713: -0.16
L2714: ADAS-Cog-Plus
L2715: (0.07)
L2716: mean
L2717: (SE)
L2718: -2.14
L2719: (0.65)
L2720: -0.09
L2721: (0.07)
L2722: mean
L2723: (SE)
L2724: MD (95% CI) p MD (95% CI) p MD (95% CI) p MD (95% CI) p
L2725: **Individual items in ADAS-Cog**
L2726: -0.34
L2727: Word Recall
L2728: (0.20)
L2729: -0.12
L2730: Delayed Recall
L2731: (0.31)
L2732: mean
L2733: (SE)
L2734: -0.32
L2735: (0.62)
L2736: 0.02
L2737: (0.07)
L2738: -0.36
L2739: (0.20)
L2740: -0.40
L2741: (0.31)
L2742: 0.16
L2743: (0.12)
L2744: 0.14
L2745: (0.16)
L2746: -0.08
L2747: (0.24)
L2748: 0.11
L2749: (0.16)
L2750: 0.14
L2751: (0.33)
L2752: -0.08
L2753: (0.07)
L2754: 0.02
L2755: (0.09)
L2756: -0.05
L2757: (0.10)
L2758: -0.11
L2759: (0.08)
L2760: 0.25
L2761: (0.15)
L2762: -2.05
L2763: (2.64)
L2764: -5.84
L2765: (9.29)
L2766: 0.16
L2767: (1.58)
L2768: 0.38
L2769: (0.69) [ -2.80 (-4.61, -0.98) 0.003 -2.51 (-4.37, -0.66) 0.009 -0.70 (-2.51, 1.11) 0.45 -1.62 (-3.49, 0.25) 0.07 ]
L2770: -0.04
L2771: (0.08) [ -0.12 (-0.32, 0.08) 0.25 -0.05 (-0.25, 0.16) 0.65 0.07 (-0.13, 0.27) 0.52 0.06 (-0.15, 0.26) 0.59 ]
L2772: -0.01
L2773: (0.22) [ -0.33 (-0.90, 0.25) 0.27 -0.17 (-0.75, 0.42) 0.58 -0.35 (-0.92, 0.23) 0.24 -0.43 (-1.02, 0.17) 0.16 ]
L2774: 0.27
L2775: (0.34) [ -0.39 (-1.28, 0.50) 0.40 -0.99 (-1.90, -0.08) 0.03 -0.67 (-1.56, 0.22) 0.14 -0.26 (-1.17, 0.66) 0.59 ]
L2776: 0.19
L2777: (0.13) [ -0.28 (-0.61, 0.07) 0.12 -0.09 (-0.44, 0.25) 0.61 -0.03 (-0.37, 0.31) 0.85 -0.09(-0.44, 0.26) 0.62 ]
L2778: -0.27
L2779: 0.22 0.43 (-0.04, 0.90) 0.08 0.41 (-0.05, 0.87) 0.09 0.06 (-0.41, 0.54) 0.79
L2780: (0.17) [ 0.29 (-0.17, 0.76) ]
L2781: -0.17
L2782: (0.27) [ -0.50 (-1.21, 0.21) 0.17 -0.45 (-1.18, 0.27) 0.22 0.09 (-0.62, 0.80) 0.81 0.13 (-0.60, 0.86) 0.73 ]
L2783: 0.43
L2784: (0.18) [ -0.60 (-1.08, -0.12) 0.02 -0.66 (-1.15, -0.17) 0.01 -0.32 (-0.80, 0.16) 0.19 -0.32 (-0.80, 0.16) 0.19 ]
L2785: 0.41
L2786: (0.38) [ -1.40 (-2.39, -0.40) 0.007 -0.78 (-1.79, 0.22) 0.13 -0.27 (-1.26, 0.72) 0.59 -0.66 (-1.68, 0.36) 0.21 ]
L2787: -0.05
L2788: 0.59 0.04 (-0.18, 0.25) 0.74 -0.03 (-0.24, 0.18) 0.80 0.02 (-0.19, 0.24) 0.84
L2789: (0.08) [ 0.06 (-0.15, 0.27) ]
L2790: 0.02
L2791: (0.09) [ -0.04 (-0.29, 0.21) 0.74 -0.02 (-0.28, 0.23) 0.85 -0.004 (-0.25, 0.24) 0.98 -0.11 (-0.37, 0.14) 0.39 ]
L2792: -0.14
L2793: 0.28 0.15 (-0.15, 0.44) 0.34 0.09 (-0.20, 0.38) 0.54 0.08 (-0.22, 0.38) 0.58
L2794: (0.11) [ 0.16 (-0.13, 0.45) ]
L2795: -0.13
L2796: 0.40 0.11 (-0.13, 0.35) 0.37 0.02 (-0.22, 0.26) 0.88 -0.02 (-0.27, 0.22) 0.87
L2797: (0.09) [ 0.10 (-0.14, 0.34) ]
L2798: -0.09
L2799: (0.17) [ -0.004 (-0.44, 0.43) 0.99 -0.12 (-0.56, 0.32) 0.603 0.34 (-0.09, 0.77) 0.13 0.09 (-0.36, 0.53) 0.70 ]
L2800: 5.43
L2801: 0.004 -5.61 (-13.57, 2.34) 0.17 -7.47 (-15.27, 0.33) 0.06 -7.22 (-15.33, 0.90) 0.08
L2802: (2.98) [ -11.62 (-19.44, -] 3.80)
L2803: Following
L2804: Commands
L2805: Constructional
L2806: Praxis
L2807: -0.08
L2808: (0.12)
L2809: 0.02
L2810: (0.16)
L2811: Ideational Praxis [-0.66 ]
L2812: (0.24)
L2813: -0.16
L2814: Naming Objects
L2815: (0.17)
L2816: -0.99
L2817: Orientation
L2818: (0.34)
L2819: Word
L2820: Recognition
L2821: Remembering
L2822: Instructions
L2823: 0.004
L2824: (0.07)
L2825: -0.03
L2826: (0.09)
L2827: 0.02
L2828: Comprehension
L2829: (0.10)
L2830: -0.03
L2831: Word Finding
L2832: (0.08)
L2833: Spoken
L2834: Language
L2835: Number
L2836: Cancellation
L2837: -0.10
L2838: (0.15)
L2839: -6.19
L2840: (2.66)
L2841: -0.18
L2842: (0.21)
L2843: -0.72
L2844: (0.32)
L2845: 0.10
L2846: (0.12)
L2847: 0.16
L2848: (0.17)
L2849: -0.62
L2850: (0.25)
L2851: -0.23
L2852: (0.17)
L2853: -0.38
L2854: (0.35)
L2855: -0.02
L2856: (0.07)
L2857: -0.004
L2858: (0.09)
L2859: 0.007
L2860: (0.10)
L2861: -0.02
L2862: (0.08)
L2863: -0.21
L2864: (0.15)
L2865: -0.19
L2866: (2.76)
L2867: 0.23
L2868: (9.91)
L2869: 1.17
L2870: (1.60)
L2871: 14.93
L2872: Trail Making A
L2873: (9.49)
L2874: 1.61
L2875: Trail Making B
L2876: (1.53)
L2877: 4.20 10.73 (-17.32,
L2878: (10.72) 38.78)
L2879: -3.97 (-32.57,
L2880: 0.45
L2881: 38.78) 24.63)
L2882: -10.04 (-37.82,
L2883: 0.79
L2884: 24.63) 17.74)
L2885: -13.17 (-42.37,
L2886: 0.48
L2887: 17.74) 16.03)
L2888: 0.38
L2889: 16.03)
L2890: © 2023 Montero-Odasso M et al. _JAMA Network Open._
L2891: Within-group difference from baseline Between-group difference from baseline
L2892: Arm 1 Arm 2 Arm 3 Arm 4 Arm 5 Arm 1 vs Arm 5 Arm 2 vs. Arm 5 Arm 3 vs. Arm 5 Arm 4 vs. Arm 5
L2893: mean mean mean mean mean
L2894: mean
L2895: (SE)
L2896: -1.47
L2897: (0.55)
L2898: -1.11
L2899: (0.43)
L2900: 0.28
L2901: (0.70)
L2902: 0.28
L2903: (0.70)
L2904: -1.02
L2905: (0.61)
L2906: mean
L2907: (SE)
L2908: -0.89
L2909: (0.59)
L2910: -0.40
L2911: (0.46)
L2912: -1.18
L2913: (0.74)
L2914: -1.18
L2915: (0.74)
L2916: -0.51
L2917: (0.65)
L2918: mean
L2919: (SE)
L2920: -0.71
L2921: (0.61) [ -0.48 (-2.09, 1.14) 0.56 -0.40 (-2.04, 1.24) 0.63 -0.77 (-2.38, 0.84) 0.35 -0.19 (-1.84, 1.47) 0.83 ]
L2922: -0.55
L2923: (0.47) [ -0.68 (-1.93, 0.57) 0.29 -0.63 (-1.90, 0.64) 0.33 -0.56 (-1.81, 0.68) 0.38 0.15 (-1.13, 1.44) 0.81 ]
L2924: 1.50
L2925: (0.76) [ -1.14 (-3.16, 0.87) 0.27 -0.17 (-2.23, 1.88) 0.87 -1.22 (-3.25, 0.80) 0.24 -2.69 (-4.76, -0.61) 0.01 ]
L2926: 1.50
L2927: (0.76) [ -1.14 (-3.16, 0.87) 0.27 -0.17 (-2.23, 1.88) 0.87 -1.22 (-3.25, 0.80) 0.24 -2.69 (-4.76, -0.61) 0.01 ]
L2928: 0.87
L2929: (0.67) [ -0.78 (-2.57, 1.01) 0.39 -0.78 (-2.59, 1.03) 0.40 -1.89 (-3.66, -0.12) 0.04 -1.38 (-3.21, 0.45) 0.14 ]
L2930: mean
L2931: (SE)
L2932: -1.10
L2933: (0.57)
L2934: -1.18
L2935: (0.44)
L2936: 1.33
L2937: (0.72)
L2938: 1.33
L2939: (0.72)
L2940: 0.09
L2941: (0.64)
L2942: MD (95% CI) p MD (95% CI) p MD (95% CI) p MD (95% CI) p
L2943: Digit Symbol
L2944: Substitution
L2945: WAIS III Digit
L2946: Span Forward
L2947: WAIS III Digit
L2948: Span Backward
L2949: Category
L2950: Fluency Animals
L2951: Category
L2952: Fluency
L2953: Vegetables
L2954: (SE)
L2955: -1.18
L2956: (0.55)
L2957: -1.23
L2958: (0.43)
L2959: 0.36
L2960: (0.69)
L2961: 0.36
L2962: (0.69)
L2963: 0.09
L2964: (0.62)
L2965: CI, Confidence interval; MD, Mean Difference; SE, Standard error.
L2966: Adjusted for age, sex, number of years of education, and number of comorbidities. Marginal means and standard errors obtained from linear mixed models are reported for within-group differences. Betweengroup differences were assessed using the interaction between time x intervention arm. Lower scores indicate cognitive improvement.
L2967: © 2023 Montero-Odasso M et al. _JAMA Network Open._
L2968: **eTable 5. Number of participants with improvement in ADAS-Cog-13 and plus variant at 6 months by intervention arm**
L2969: Overall Arm 1 Arm 2 Arm 3 Arm 4 Arm 5
L2970: (N=171) (N=34) (N=35) (N=36) (N=33) (N=33) p-value*
L2971: ADAS-Cog-13
L2972: Any improvement 91 (53.2%) 22 (64.7%) 22 (62.9%) 18 (50.0%) 18 (54.5%) 11 (33.3%) 0.06
L2973: Clinical improvement 46 (26.9%) 15 (44.1%) 13 (37.1%) 5 (13.9%) 8 (24.2%) 5 (15.2%) 0.02
L2974: ADAS-Cog-Plus
L2975: Any improvement 87 (50.9%) 20 (58.8%) 19 (54.3%) 14 (38.9%) 16 (48.5%) 18 (54.5%) 0.30
L2976: Note: Any improvement was defined as any decline in ADAS-Cog from baseline to month 6 (lower score indicates cognitive improvement)
L2977: Clinical improvement was defined as a decline of 3 or more points in ADAS-Cog-13 from baseline to month 6 (lower score indicates cognitive improvement)
L2978: - Chi-square test was used to compare the proportion of participants with improvement across the arms.
L2979: © 2023 Montero-Odasso M et al. _JAMA Network Open._
L2980: **eTable 6. Per-protocol analysis for the effect of within-group and between-group intervention across 5 intervention arms at 6-**
L2981: **month endpoint.**
L2982: Within-group difference from
L2983: Between-group difference from baseline
L2984: baseline
L2985: Arm 1 Arm 2 Arm 3 Arm 4 Arm 5 Arm 1 vs Arm 5 Arm 2 vs. Arm 5 Arm 3 vs. Arm 5 Arm 4 vs. Arm 5
L2986: mean mean mean mean mean
L2987: mean
L2988: mean
L2989: mean
L2990: mean
L2991: (SE)
L2992: (SE)
L2993: (SE)
L2994: (SE)
L2995: -1.32
L2996: (0.65)
L2997: -0.002
L2998: (0.07)
L2999: -0.39
L3000: (0.21)
L3001: 0.11
L3002: (0.32)
L3003: 0.11
L3004: (0.12)
L3005: 0.25
L3006: (0.16)
L3007: 0.07
L3008: (0.08)
L3009: -0.11
L3010: (0.26)
L3011: -0.21
L3012: (0.18)
L3013: -0.14
L3014: (0.36)
L3015: -0.04
L3016: (0.08)
L3017: -0.11
L3018: (0.09)
L3019: -0.14
L3020: (0.11)
L3021: -0.18
L3022: (0.09)
L3023: -0.04
L3024: (0.15)
L3025: -0.44
L3026: (2.92)
L3027: -6.29
L3028: (10.13)
L3029: 6.17 -12.46 (-41.1,
L3030: 0.50 -4.66 (-33.1, 23.8) 0.75 -8.93 (-36.5, 18.6) 0.53 0.40
L3031: (10.8) [ 9.77 (-18.0, 37.5) ] 16.2)
L3032: (SE)
L3033: MD (95% CI) p MD (95% CI) p MD (95% CI) p MD (95% CI) p
L3034: **Primary Outcomes**
L3035: -2.30
L3036: ADAS-Cog-13
L3037: (0.62)
L3038: -0.16
L3039: ADAS-Cog-Plus
L3040: (0.07)
L3041: -2.30
L3042: (0.65)
L3043: -0.10
L3044: (0.07)
L3045: -0.33
L3046: (0.62)
L3047: 0.02
L3048: (0.07)
L3049: **Individual items in ADAS-Cog**
L3050: -0.40
L3051: Word Recall
L3052: (0.20)
L3053: -0.16
L3054: Delayed Recall
L3055: (0.31)
L3056: -0.06
L3057: Following Commands
L3058: (0.12)
L3059: 0.13
L3060: Constructional Praxis
L3061: (0.16)
L3062: 0.00
L3063: Ideational Praxis
L3064: (0.07)
L3065: -0.61
L3066: Naming Objects
L3067: (0.25)
L3068: -0.13
L3069: Orientation
L3070: (0.17)
L3071: -0.90
L3072: Word Recognition
L3073: (0.35)
L3074: 0.17 -2.46 (-4.29,
L3075: 0.01 -0.50 (-2.28, 1.29) 0.59 -1.49 (-3.32, 0.34) 0.12
L3076: (0.68) [ -2.47 (-4.25, -0.69) 0.008 ] 0.64)
L3077: -0.08
L3078: (0.08) [ -0.08 (-0.28, 0.12) 0.46 -0.02 (-0.22, 0.19) 0.87 0.10 (-0.10, 0.30) 0.33 0.08 (-0.13, 0.28) 0.47 ]
L3079: 0.05
L3080: (0.22) [ -0.45 (-1.03, 0.13) 0.13 -0.28 (-0.87, 0.31) 0.36 -0.38 (-0.96, 0.19) 0.20 -0.45 (-1.04, 0.15) 0.15 ]
L3081: 0.27 -1.09 (-1.99,
L3082: 0.02 -0.72 (-1.60, 0.16) 0.12 -0.16 (-1.07, 0.74) 0.73
L3083: (0.34) [ -0.43 (-1.31, 0.45) 0.35 ] 0.19)
L3084: 0.23
L3085: (0.13) [ -0.30 (-0.63, 0.04) 0.09 -0.09 (-0.43, 0.26) 0.62 -0.07 (-0.41, 0.27) 0.68 -0.12 (-0.47, 0.22) 0.48 ]
L3086: -0.35
L3087: 0.04 0.52 (0.07, 0.98) 0.03 0.51 (0.06, 0.95) 0.03 0.10 (-0.36, 0.55) 0.68
L3088: (0.17) [ 0.48 (0.03, 0.92) ]
L3089: 0.04 -0.004 (-0.22,
L3090: 0.97 -0.04 (-0.25, 0.17) 0.71 0.03 (-0.18, 0.24) 0.77
L3091: (0.08) [ -0.04 (-0.25, 0.17) 0.71 ] 0.21)
L3092: -0.15
L3093: (0.27) [ -0.46 (-1.16, 0.24) 0.21 -0.49 (-1.21, 0.23) 0.19 0.09 (-0.61, 0.79) 0.81 0.05 (-0.67, 0.77) 0.90 ]
L3094: 0.42 -0.67 (-1.17, (0.18) [ -0.55 (-1.04, -0.07) 0.03 ] 0.18)
L3095: -0.64 (-1.13, 0.009 -0.33 (-0.81, 0.16) 0.19
L3096: 0.18) 0.14)
L3097: 0.01
L3098: 0.14)
L3099: Remembering Instructions [0.00 ]
L3100: -0.23
L3101: (0.21)
L3102: -0.82
L3103: (0.32)
L3104: 0.14
L3105: (0.12)
L3106: 0.18
L3107: (0.16)
L3108: 0.04
L3109: (0.08)
L3110: -0.64
L3111: (0.26)
L3112: -0.25
L3113: (0.18)
L3114: -0.46
L3115: (0.36)
L3116: 0.00
L3117: (0.08)
L3118: 0.00
L3119: (0.09)
L3120: 0.00
L3121: (0.11)
L3122: -0.04
L3123: (0.09)
L3124: -0.21
L3125: (0.15)
L3126: -0.26
L3127: (2.87)
L3128: 1.51
L3129: (9.93)
L3130: (0.07)
L3131: -0.33
L3132: (0.20)
L3133: -0.45
L3134: (0.31)
L3135: 0.16
L3136: (0.12)
L3137: 0.16
L3138: (0.16)
L3139: 0.00
L3140: (0.07)
L3141: -0.06
L3142: (0.25)
L3143: 0.10
L3144: (0.17)
L3145: 0.10
L3146: (0.34)
L3147: -0.10
L3148: (0.07)
L3149: 0.00
L3150: (0.09)
L3151: -0.06
L3152: (0.11)
L3153: -0.13
L3154: (0.08)
L3155: 0.29
L3156: (0.15)
L3157: -1.65
L3158: (2.72)
L3159: -2.76
L3160: (9.25)
L3161: 0.28
L3162: (0.38) [ -1.18 (-2.18, -0.18) 0.02 -0.74 (-1.76, 0.27) 0.16 -0.18 (-1.18, 0.81) 0.72 -0.42 (-1.44, 0.59) 0.42 ]
L3163: -0.08
L3164: 0.48 0.08 (-0.14, 0.29) 0.49 -0.02 (-0.23, 0.19) 0.86 0.04 (-0.18, 0.26) 0.71
L3165: (0.08) [ 0.08 (-0.14, 0.29) ]
L3166: 0.00
L3167: (0.10) [ -0.03 (-0.29, 0.22) 0.81 0.00 (-0.26, 0.26) 0.99 0.00 (-0.25, 0.25) 0.99 -0.11 (-0.37, 0.15) 0.43 ]
L3168: -0.12
L3169: 0.35 0.12 (-0.20, 0.43) 0.48 0.05 (-0.25, 0.36) 0.75 -0.03 (-0.34, 0.29) 0.87
L3170: (0.12) [ 0.15 (-0.16, 0.45) ]
L3171: -0.15
L3172: 0.33 0.12 (-0.13, 0.37) 0.36 0.02 (-0.22, 0.27) 0.84 -0.02 (-0.27, 0.22) 0.85
L3173: (0.09) [ 0.12 (-0.12, 0.36) ]
L3174: -0.17
L3175: 0.75 -0.05 (-0.48, 0.39) 0.83 0.46 (0.03, 0.88) 0.04 0.13 (-0.31, 0.57) 0.56
L3176: (0.17) [ 0.07 (-0.36, 0.50) ]
L3177: -0.03
L3178: Comprehension
L3179: (0.09)
L3180: 0.03
L3181: Word Finding
L3182: (0.11)
L3183: -0.03
L3184: Spoken Language
L3185: (0.08)
L3186: -0.10
L3187: Number Cancellation
L3188: (0.15)
L3189: -6.10
L3190: Trail Making A
L3191: (2.72)
L3192: 15.94
L3193: Trail Making B
L3194: (9.40)
L3195: 4.51
L3196: (3.10) [ -10.61 (-18.60, -] 2.61)
L3197: -4.76 (-12.94,
L3198: 0.01
L3199: 2.61) 3.41)
L3200: -6.16 (-14.15,
L3201: 0.26
L3202: 3.41) 1.83)
L3203: -4.95 (-13.20,
L3204: 0.14
L3205: 1.83) 3.29)
L3206: 0.25
L3207: 3.29)
L3208: © 2023 Montero-Odasso M et al. _JAMA Network Open._
L3209: Within-group difference from
L3210: Between-group difference from baseline
L3211: baseline
L3212: Arm 1 Arm 2 Arm 3 Arm 4 Arm 5 Arm 1 vs Arm 5 Arm 2 vs. Arm 5 Arm 3 vs. Arm 5 Arm 4 vs. Arm 5
L3213: mean mean mean mean mean
L3214: mean
L3215: mean
L3216: mean
L3217: -1.33
L3218: 0.21 2.73 (-1.91, 7.36) 0.27 1.37 (-3.23, 5.97) 0.57 2.54 (-2.27, 7.35) 0.31
L3219: (1.76) [ 2.95 (-1.58, 7.49) ]
L3220: -0.77
L3221: (0.61) [ -0.52 (-2.12, 1.08) 0.53 -0.27 (-1.90, 1.37) 0.75 -0.88 (-2.47, 0.72) 0.29 -0.12 (-1.76, 1.51) 0.88 ]
L3222: -0.62
L3223: (0.47) [ -0.67 (-1.91, 0.56) 0.29 -0.60 (-1.87, 0.67) 0.36 -0.67 (-1.91, 0.56) 0.29 0.04 (-1.22, 1.31) 0.95 ]
L3224: 1.81 -2.91 (-4.96,
L3225: 0.006
L3226: (0.76) [ -1.49 (-3.48, 0.51) 0.15 -0.52 (-2.56, 1.52) 0.62 -1.51 (-3.52, 0.50) 0.15 ] 0.87)
L3227: 1.15 -2.06 (-3.82,
L3228: 0.03 -1.44 (-3.25, 0.37) 0.13
L3229: (0.67) [ -1.02 (-2.80, 0.76) 0.09 -1.08 (-2.89,0.73) 0.25 ] 0.29)
L3230: (SE)
L3231: (SE)
L3232: (SE)
L3233: mean
L3234: (SE)
L3235: 1.21
L3236: (1.76)
L3237: -0.89
L3238: (0.59)
L3239: -0.57
L3240: (0.45)
L3241: -1.11
L3242: (0.73)
L3243: -0.29
L3244: (0.65)
L3245: (SE)
L3246: MD (95% CI) p MD (95% CI) p MD (95% CI) p MD (95% CI) p
L3247: 1.62
L3248: Digit Symbol Substitution
L3249: (1.55)
L3250: WAIS III Digit Span
L3251: Forward
L3252: WAIS III Digit Span
L3253: Backward
L3254: -1.29
L3255: (0.56)
L3256: -1.29
L3257: (0.43)
L3258: Category Fluency Animals [0.32 ]
L3259: 1.39
L3260: (1.63)
L3261: -1.04
L3262: (0.59)
L3263: -1.21
L3264: (0.45)
L3265: 1.29
L3266: (0.73)
L3267: 0.07
L3268: (0.65)
L3269: 0.03
L3270: (1.60)
L3271: -1.65
L3272: (0.56)
L3273: -1.29
L3274: (0.43)
L3275: 0.30
L3276: (0.71)
L3277: -0.90
L3278: (0.62)
L3279: Category Fluency
L3280: Vegetables
L3281: (0.70)
L3282: 0.13
L3283: (0.63)
L3284: CI, Confidence interval; MD, Mean Difference; SE, Standard error.
L3285: Marginal means and standard errors obtained from linear mixed models are reported for within-group differences. Between-group differences were assessed using the interaction between time x intervention
L3286: arm. Lower scores indicate cognitive improvement.
L3287: © 2023 Montero-Odasso M et al. _JAMA Network Open._
L3288: **eTable 7. Per-protocol analysis for the effect of exercise intervention with addition of cognitive training and vitamin D at 6-**
L3289: **month endpoint.**
L3290: Mean Change (SE) within
L3291: group
L3292: Mean Difference between group (95% CI) p-value
L3293: **ADAS-Cog-13**
L3294: **Exercise intervention**
L3295: Arm 1+4 (Exercise) -1.55 (0.32) -1.72 (-3.21, -0.23) 0.03
L3296: Arm 5 (Control) 0.17 (0.69)
L3297: **Adding Cognitive intervention**
L3298: Arm 1+2 (Exercise + Cognitive training) -2.30 (0.45) -1.50 (-2.75, -0.25) 0.02
L3299: Arm 3+4 (Exercise) -0.80 (0.45)
L3300: **Adding Vitamin D intervention**
L3301: Arm 1+3 (Exercise + Vitamin D) -1.32 (0.45) 0.49 (-0.78, 1.77) 0.45
L3302: Arm 2+4 (Exercise) -1.81 (0.47)
L3303: **ADAS-Cog-Plus**
L3304: **Exercise intervention**
L3305: Arm 1+4 (Exercise) -0.06 (0.04) 0.02 (-0.14, 0.19) 0.81
L3306: Arm 5 (Control) -0.08 (0.08)
L3307: **Adding Cognitive intervention**
L3308: Arm 1+2 (Exercise + Cognitive training) -0.13 (0.05) -0.14 (-0.27, -0.001) 0.05
L3309: Arm 3+4 (Exercise) 0.01 (0.05)
L3310: **Adding Vitamin D intervention**
L3311: Arm 1+3 (Exercise + Vitamin D) -0.07 (0.05) -0.02 (-0.16, 0.12) 0.80
L3312: Arm 2+4 (Exercise) -0.05 (0.05)
L3313: CI, Confidence interval; MD, Mean Difference; SE, Standard error.
L3314: Marginal means and standard errors obtained from linear mixed models are reported for within-group differences. Between-group differences were assessed using the interaction between time x intervention
L3315: arm. Lower scores indicate cognitive improvement.
L3316: © 2023 Montero-Odasso M et al. _JAMA Network Open._
L3317: **eTable 8. Per-protocol analysis for the effect of exercise and cognitive intervention and exercise alone at 6-month endpoint.**
L3318: Within-group difference from baseline Between-group difference from baseline
L3319: Exercise and Cognitive Exercise (Arm Control Exercise and Cognitive Intervention
L3320: Exercise (Arm
L3321: Control
L3322: (Arm 5)
L3323: Exercise and Cognitive Intervention
L3324: Exercise and Cognitive Intervention Exercise (Arm 3+4) vs.
L3325: (Arm 1+2) vs Control (Arm 5) Control (Arm 5)
L3326: Intervention (Arm 1+2)
L3327: 3+4) (Arm 5) (Arm 1+2) vs Control (Arm 5) Control (Arm 5)
L3328: Mean (SE) Mean (SE) Mean (SE) MD (95% CI) p-value MD (95% CI) p-value
L3329: 3+4)
L3330: **Primary Outcomes**
L3331: ADAS-Cog-13 -2.30 (0.45) -0.80 (0.45) 0.17 (0.68) -2.47 (-4.05, -0.88) 0.003 -0. 97(-2.55, 0.62) 0.24
L3332: ADAS-Cog-Plus -0.13 (0.05) 0.01 (0.05) -0.08 (0.08) -0.05 (-0.22, 0.13) 0.60 0.09 (-0.09, 0.27) 0.33
L3333: **Individual items in ADAS-Cog**
L3334: Word Recall -0.32 (0.15) -0.36 (0.15) 0.05 (0.22) -0.37 (-0.88, 0.14) 0.16 -0.41 (-0.92, 0.10) 0.12
L3335: Delayed Recall -0.48 (0.22) -0.19 (0.22) 0.27 (0.34) -0.74 (-1.54, 0.05) 0.07 -0.46 (-1.2

[output truncated at 250000 chars]

