L1: Early administration of vitamin C in patients with sepsis or septic shock in emergency departments: a multicenter, double-blind, randomized controlled trial: the C-EASIE trial
L2: Critical Care (2025)
L3: Stefanie Vandervelden, Bente Cortens, Steffen Fieuws, Wilma Eegdeman, Stefano Malinverni, Philippe Vanhove, Koen Monsieurs, Jan Breuls, Ives Hubloue, François Stifkens, Jacques Creteur, Lina Wauters, Didier Desruelles
L4: 1 https://ror.org/008x57b05 grid.5284.b 0000 0001 0790 3681 Department of Emergency Medicine,  ZAS Augustinus,  Oosterveldlaan 24, 2610 Antwerp, Belgium
L5: 2 Leuven Biostatistics and Statistical Bioinformatics Center (L-BioStat), Kapucijnenvoer 35 blok d - bus 7001, 3000 Louvain, Belgium
L6: 3 https://ror.org/0424bsv16 grid.410569.f 0000 0004 0626 3338 Department of Emergency Medicine,  University Hospitals Leuven,  Herestraat 49, 3000 Louvain, Belgium
L7: 4 Department of Emergency Medicine, University Medical Center Saint Pierre, Rue aux Laines 105, 1000 Brussels, Belgium
L8: 5 https://ror.org/008x57b05 grid.5284.b 0000 0001 0790 3681 Department of Intensive Care,  ZAS Augustinus,  Oosterveldlaan 24, 2610 Antwerp, Belgium
L9: 6 https://ror.org/01hwamj44 grid.411414.5 0000 0004 0626 3418 Department of Emergency Medicine,  University Hospitals Antwerp,  Drie Eikenstraat 655, 2650 Edegem, Belgium
L10: 7 Department of Emergency Medicine, Algemeen Ziekenhuis Turnhout, Rubensstraat 166, 2300 Turnhout, Belgium
L11: 8 https://ror.org/0424bsv16 grid.410569.f 0000 0004 0626 3338 Department of Emergency Medicine,  University Hospitals Brussel,  Laarbeeklaan 101, 1090 Jette, Belgium
L12: 9 https://ror.org/044s61914 grid.411374.4 0000 0000 8607 6858 Department of Emergency Medicine,  Center Hospitalier Universitaire de Liège,  Avenue de L’Hôpital 1, 4000 Liège, Belgium
L13: 10 https://ror.org/05j1gs298 grid.412157.4 0000 0000 8571 829X Department of Intensive Care,  Erasme Hospital Brussels,  Route de Lennik 808, 1070 Brussels, Belgium
L14: Background
L15: Sepsis and septic shock are associated with high mortality and morbidity despite adequate standard care. Vitamin C deficiency is a common, potentially reversible, contributor to morbidity and mortality in sepsis. Previous studies have shown mixed and conflicting results. Our study aimed to determine the potential benefit of early administration (within 6 h after admission) of vitamin C in patients with sepsis or septic shock.
L16: Methods
L17: This was a phase 3b prospective, multicenter, double-blinded, randomized placebo-controlled trial. Participants were enrolled in the Emergency Departments of 8 hospitals throughout Belgium. Patients were randomized to receive 1.5 g of vitamin C, or matching placebo, every 6 h for 4 days. The primary outcome was the average post-baseline patient Sequential Organ Failure Assessment (SOFA) score on day 2 to 5. Key secondary outcomes were the maximum SOFA score, 28-day mortality and length of ICU and hospital stay.
L18: Results
L19: A total of 300 patients were recruited between June 4th, 2021, and August 19th, 2023. 292 patients, of which 147 were assigned to the vitamin C and 145 to the placebo group, completed the trial and were included in the analysis. The primary outcome (vitamin C, 1.98; placebo, 2.19) was 8.7% lower in the vitamin C group, but not significantly (ratio 0.91, 95% CI 0.77 to 1.08,  P  = 0.30). In a planned subgroup analysis, patients with a baseline SOFA score of 6 or above had a significant lower average post-baseline SOFA score in the vitamin C group (ratio 0.76, 95% CI 0.86 to 0.99,  P  = 0.042). Findings were similar in the two groups regarding secondary outcomes and adverse events, except for a lower probability of being on renal replacement therapy in the vitamin C group of the per protocol analysis (ratio 0.28, 95% CI 0.078 to 1.0,  P  = 0.05).
L20: Conclusions
L21: Early treatment with vitamin C did not result in a statistically significant reduction in organ dysfunction. Therefore, this study does not support the use of vitamin C in sepsis patients.
L22: Trial registration : ClinicalTrials.gov Identifier:  NCT04747795 . Registered 4 February 2021.
L23: Supplementary Information
L24: The online version contains supplementary material available at 10.1186/s13054-025-05383-x.
L25: Research
L26: Sepsis; Septic shock; Vitamin C; Ascorbic acid; C-EASIE
L27: Background
L28: Sepsis is a life-threatening condition characterized by a dysregulated body’s response to infection causing organ dysfunction. It is the primary cause of death from infection, especially if not recognized and treated timely [ 1 ]. Current practice guidelines, based on the Surviving Sepsis Campaign, focus on early identification and appropriate management in the initial hours. It encourages clinicians to quickly obtain blood cultures, administer broad spectrum antibiotics, start adequate fluid resuscitation, measure lactate, and begin vasopressors if clinically indicated [ 2 ]. Despite implementation of these guidelines, mortality is still high. A recent meta-analysis reported a 30-day mortality of 37.2% and 24.4% for septic shock and sepsis, respectively. [ 3 ]
L29: This has led to the investigation of targeted agents that limit the inflammatory cascade, such as vitamin C. In addition to its antioxidant and anti-inflammatory functions, vitamin C is also an essential cofactor for the metallo-enzymes involved in the biosynthesis of vasoactive catecholamines and vasopressin and may thus support endogenous vasopressor synthesis [ 4 ,  5 ]. It is known from previous research that critically ill patients, including those with sepsis, have significant lower vitamin C plasma levels [ 6 – 8 ].
L30: Over the last decades there has been an upsurge in clinical trials evaluating vitamin C alone or as part of HAT therapy in patients with sepsis and septic shock. Initially mixed but promising results were found. Unfortunately, all the following randomized controlled trials (RCT) of HAT therapy, vitamin C and thiamine in combination or vitamin C alone did not show any significant benefit [ 7 – 23 ].
L31: However, early administration of vitamin C after the onset of sepsis might be more effective as it may avoid the development of multi-organ dysfunction by preventing microvascular dysfunction, mitochondrial injury, and oxidative stress [ 4 ,  5 ,  16 ]. Nevertheless, most previous studies were conducted in intensive care units (ICU) which resulted in a significant delay, an average up to 12 h after ICU admission, in the administration of vitamin C [ 12 ,  13 ,  15 ,  17 ,  21 – 23 ]. This may have reduced the effectiveness of the intervention. Furthermore, in most trials, only patients with septic shock were included [ 12 ,  15 ,  16 ,  18 – 20 ,  22 ,  23 ]. By including patients at an earlier stage of disease, a more rapid solution of shock and less deterioration from sepsis to septic shock could be expected from vitamin C supplementation, hereby reducing morbidity and mortality. Therefore, the aim of this trial was to evaluate the effects of early administration, within 6 h after arrival in the emergency department (ED), of vitamin C in patients with sepsis or septic shock.
L32: Methods
L33: Trial design
L34: This is a prospective, multicenter double-blinded randomized placebo-controlled trial conducted in 8 Belgian hospitals coordinated by the University hospitals Leuven, Belgium. The protocol (Supplementary Material file  1 ) was publicly registered (ClinicalTrials.gov: NCT04747795) and published [ 24 ]. The trial protocol was approved by a central ethics committee and the Belgian Federal Agency for Medicines and Health Products.
L35: Participants
L36: Patients aged 18 years or older admitted to the ED with a suspected infection and a National Early Warning Score (NEWS) ≥ 5 were eligible for the trial. Suspected infection was defined as the combination of antibiotic administration and body fluid cultures within the first 6 h after ED presentation. Exclusion criteria included contraindications to vitamin C therapy, such as a known allergy, or a ‘do no intubate’ or ‘comfort measures only’ status. Further details regarding in- and exclusion criteria are provided in Supplementary Material file  1 .
L37: All patients or their legally acceptable representative (LAR) provided written informed consent. To ensure timely initiation of medication administration (within 6 h), a process of delayed consent was employed, enrolling patients in the clinical trial and obtaining consent as soon as practical from the patient or their LAR.
L38: Randomization and masking
L39: Patients were randomly assigned to one of two groups in a 1:1 allocation ratio stratified by site through the digital platform Randomize.net. Block size was 4. Ardena Gent NV, a Drug Product Development & Manufacturing firm blinded, packaged, relabelled the Investigational Medicinal Product (IMP) kits, and provided randomization. Treatment kits were stored at each participating site at room temperature (between 15 and 25 °C), temperature was monitored at all times.
L40: Patients, investigators, clinicians, all trial personnel, and statisticians were blinded to study arm allocation.
L41: Interventions
L42: Patients in the intervention group received 1.5 g intravenous vitamin C mixed in a 50-ml solution of normal saline every 6 h for 4 days. In the control group, patients received a matching placebo infusion (normal saline). In total the patient received 16 doses of study medication.
L43: Treatment kits contained 52 ampoules of Vitamin C 500 mg/5 ml or 52 ampoules of Normal Saline 5 ml 9 mg/ml (48 for administration and 4 spare ampoules). Once these kits were assigned, they stayed at any time with the patient and travelled from ward to ward. All ampoules had identical sizes and were blinded by a cap and sticker for an identical look.
L44: Right before each administration, 3 ampoules of study medication needed to be dissolved in 50 ml of NaCl 0.9%. This preparation was made bedside in ICU or on the ward. (See Supplementary Material file  2  for more detailed information about the medication handling process).
L45: A maximum of 8 h was allowed between 2 doses and only one dose could be missed. All other aspects of care, including the administration of glucocorticoids were performed at the discretion of the treating teams.
L46: Collection of clinical data
L47: Data were collected and managed using REDCap (Research Electronic Data Capture), a secure, web-based data collection and storage tool hosted on dedicated servers of the University of Leuven, Belgium.
L48: Parameters were obtained as part of routine clinical care. On day 1 and 4 a targeted blood sample was collected for procalcitonin determination. Baseline data were obtained as close as possible to the time of randomization. The EQ- 5D- 5L health questionnaire was obtained on admission, day 5, day 28 and after 3 months. Arterial Blood Gas (ABG) analysis was part of routine clinical care in the ICU. If the patient was discharged to the ward before day 5, ABG sampling was not considered standard of care. To be able to calculate the SOFA score in this population, we used the SpO 2 /FiO 2  ratio to impute for PaO 2 /FiO 2  ratio in the respiratory component.
L49: Investigators and research coordinators collected data at the trial sites. Access was restricted to authorized and trained study personnel. Data were de-identified using a patient study code. All data entry was monitored at the coordinating center, with site visits for source data verification. DSMB members had no access to RedCap. Pseudonymized data were transferred to them via a secured method.
L50: Outcomes
L51: The primary outcome for this study was the average post-baseline patient SOFA score on day 2 to 5, adjusted for the baseline SOFA (d1). For patients deceased within the first 5 days, the maximum SOFA score of 24 was assigned starting at the day of death. Note that the estimate for the average was obtained based on a model (see Statistical analysis section) which can handle the presence of missing values, instead of calculating per patient its average value.
L52: Secondary outcomes included 28-day mortality, maximum SOFA score, length of ICU stay, length of hospital stay, duration and dosage of vasopressor requirement, duration and need of RRT (renal replacement therapy), number of ventilator days, total dose of steroids given, quality of life measured using the EQ- 5D- 5L-questionnaire on d1, d5, d28 and after 3 months and time to return to work (if applicable). The EQ- 5D- 5L questionnaire was used to estimate the utility index (EQ index). An index of 1 equalled perfect health, 0 equalled death. Only adverse events (AEs) that were not expected in the disease progression needed to be recorded.
L53: Statistical analysis
L54: To detect with at least 80% power a difference of 1 in average post-baseline patient SOFA score (calculated over day 2–5) between both groups, based on a constrained longitudinal data analysis (cLDA) model with α set at 0.05 [ 25 ], 126 patients per group (252 patients in total) were needed. The power was calculated using the approach presented by Stroup [ 26 ]. A standard deviation of the SOFA score equal to 3.5 and a correlation between the time points equal to 0.5 was assumed. These were conservative estimates, derived from reported information in two studies [ 7 ,  12 ]. 2.5%, 5%, 10% and 15% missing values were assumed on d2, d3, d4 and d5, respectively (combination of dropout and mortality). However, the sample size was increased to 150 patients per group to anticipate a larger variability due to the imputation of maximal SOFA scores for deceased patients.
L55: The data and safety monitoring board reviewed the results after a planned blinded interim analysis for sample size recalculation (after 203 patients had completed follow-up for the primary outcome). The power level was at least 80% with the observed values, resulting in an unaltered sample size.
L56: In accordance with the intent-to-treat (ITT) principle, the full analysis set (FAS) contained all randomized patients according to their randomized treatment. However, some randomized patients who did not receive any medication were excluded from the FAS, as decided during the Blind Review Meeting. Patients from the FAS with substantial protocol deviations (7 h or more between hospital admission and first administration of study medication, 2 or more successive doses missed, all planned doses missing on the first day) were excluded from the per protocol set (PPS). Both FAS and PPS were used for the evaluation of all efficacy endpoints. Only the FAS was used for the evaluation the safety endpoints.
L57: Subgroup analyses for the primary outcome according to baseline SOFA and NEWS score were prespecified in the FAS. The aim was to investigate whether there was a distinct treatment effect across patients with mild organ dysfunction and patients with moderate to severe organ dysfunction. For the baseline SOFA score, subgroups were initially defined as SOFA < 8 vs SOFA >  = 8. However, based on interim blinded descriptive data, the members of the Data Safety Monitoring Board (DSMB) deemed there would be too few patients in the SOFA >  = 8 group when using a cutoff equal to 8. Therefore, the cut off was changed to SOFA < 6 vs SOFA >  = 6 in the SAP (Statistical Analysis Plan: see Supplementary Material file  6 ).
L58: A cLDA model was used to compare the average SOFA score (D2–D5) between both groups based on a two-sided test with α = 5% (Supplementary Material file  3 ). Due to the right-skewed distribution of the SOFA score, a transformation was applied on the SOFA values yielding a ratio when the difference between groups was back transformed.
L59: Linear models, Kaplan–Meier estimates, competing risks methodology, generalised linear mixed models were used for the comparison of the secondary outcomes (Supplementary Material file  3 ).
L60: All analyses were performed using SAS software, version 9.4 of the SAS System for Windows. Copyright© 2002 SAS Institute Inc. SAS, Cary, NC, USA.
L61: Results
L62: Enrollment and patient characteristics
L63: Fig. 1 Enrolment and randomisation.  DNR  Do not resuscitate,  ED  emergency department
L64: Between June 4 th, 2021, and August 19 th, 2023, we enrolled 300 patients. Of these patients, 6 underwent randomization in error and 2 withdrew consent before administration of the study drug, which left 292 patients in the primary analysis population (147 in the vitamin C group and 145 in the placebo group) (Fig.  1 ). 5 patients withdrew consent to continue the trial. These patients remained part of the trial population according to the ITT principle. Fig. 1 Enrolment and randomisation.  DNR  Do not resuscitate,  ED  emergency department
L65: The characteristics of the patients at baseline are shown in Table  1  and Supplementary Material file  4 . Table 1 Baseline characteristics of intention-to-treat population Characteristic Vitamin C (N = 147) Control (N = 145) Age [yr]—mean (SD) 64.7 (16.2) 67.0 (13.9) Female sex—N (%) 50 (34.0) 53 (36.6) Weight [kg]—mean (SD) 78.2 (21.2) 78.9 (17.2) NEWS score at admission—median (Q1, Q3) 8.0 (7.0; 10.0) 8.0 (6.0; 10.0) Sepsis etiology—N (%)  Respiratory 68 (46.3) 77 (53.1)  Gastro-intestinal 11 (7.5) 12 (8.3)  Urinary 28 (19.1) 34 (23.5)  Skin or soft tissue 17 (11.6) 10 (6.9)  Catheter 2 (1.4) 1 (0.7)  Other 21 (14.3) 11 (7.6) SOFA score—median (Q1, Q3) 4.0 (2.0; 7.0) 4.0 (3.0; 7.0) SOFA score >  = 6 N (%) 51 (34.7) 53 (36.6) Septic shock—N (%) 18 (12.2) 23 (15.9) MAP < 65 mmHg N (%) 57 (38.8) 46 (31.7) CRP [mg/dL]—mean (SD) 191.9 (138.2) 192.2 (144.1) Procalcitonin [ng/mL]—median (Q1, Q3) 3.2 (0.6; 13.5) 4.0 (0.8; 22.4) Lactate [mmol/L]—mean (SD) 2.7 (2.6) 2.8 (2.1) Treatment—N (%)  Corticosteroids 39 (26.5) 30 (20.7)  Mechanical ventilation needed 24 (16.3) 22 (15.2)  Vasoactive agents 41 (27.9) 37 (25.5)  RRT 3 (2.0) 3 (2.1) Fluid balance D1 [mL]—mean (SD) 1680 (1710) 1695 (1625) EQ Index—mean (SD) 0.452 (0.453) 0.421 (0.448) NEWS  national early warning score,  SOFA  sequential organ failure assessment,  MAP  mean arterial pressure,  CRP  C-reactive protein,  RRT  renal replacement therapy,  EQ index  EuroQol utility index: an index of 1 equals perfect health, 0 equals death
L66: Patients with septic shock were identified as patients with persisting hypotension requiring vasopressors to maintain MAP ≥ 65 mm Hg and having a serum lactate level > 2 mmol/L despite adequate volume resuscitation. The proportion of septic shock was slightly higher in the placebo group (15,9% vs 12.2%) than in the vitamin C group.
L67: In the vitamin C group, there were more subjects who had a MAP < 65 mmHg on admission (57 vs 46) and more patients needed vasopressors (41 vs 37) than in the placebo group.
L68: On the other hand, in the placebo group the proportion of lactate > 2 mmol/l was higher than in the vitamin C group (71 vs 57), while both mean values are similar. Also, the median initial procalcitonin level was slightly higher in the placebo group than the vitamin C group (4.0 vs 3.2).
L69: Median NEWS and SOFA score at baseline were very similar in both groups.
L70: Because the severity of sepsis is difficult to estimate with a stand-alone value and taking into account all baseline variables, we cannot conclude that 1 group was significantly sicker or healthier than the other.
L71: Primary outcome
L72: The average post-baseline patient SOFA score on day 2 to 5 was slightly lower in the vitamin C group: 1.98 (95% CI 1.69 to 2.32) vs 2.19 (95% CI 1.87 to 2.56) in the placebo group but did not reach statistical significance ( P  = 0.30). With a ratio of 0.91 (95% CI 0.77 to 1.08) the SOFA score in the vitamin C group was 8.7% lower than in the placebo group. In the PPS analysis, SOFA scores on day 2 to 5 were 10.2% lower in the vitamin C group, corresponding with a ratio of 0.90 (95% CI 0.75 to 1.07), but the difference was not significant ( P  = 0.23) (Table  2 ). Table 2 Primary outcome Vitamin C Control Treatment effect P -value (A) Intention-to-treat analysis (FAS) Day 1 3.86 (3.55;4.19) 3.86 (3.55;4.19) Day 2 2.79 (2.42;3.20) 3.04 (2.65;3.49) 0.92 (0.79;1.07) Day 3 2.26 (1.92;2.66) 2.34 (1.98;2.75) 0.97 (0.81;1.16) Day 4 1.70 (1.40;2.06) 1.93 (1.59;2.32) 0.90 (0.73;1.11) Day 5 1.40 (1.11;1.73) 1.66 (1.33;2.04) 0.87 (0.68;1.09) Average D2–D5 1.98 (1.69;2.32) 2.19 (1.87;2.56) 0.91 (0.77;1.08) 0.300 (B) Per-protocol analysis (PPS) Day 1 3.87 (3.55;4.22) 3.87 (3.55;4.22) Day 2 2.82 (2.45;3.24) 3.14 (2.72;3.62) 0.90 (0.78;1.05) Day 3 2.26 (1.91;2.66) 2.39 (2.00;2.83) 0.95 (0.79;1.15) Day 4 1.70 (1.38;2.07) 1.93 (1.56;2.35) 0.90 (0.72;1.12) Day 5 1.41 (1.11;1.75) 1.72 (1.37;2.14) 0.84 (0.66;1.07) Average D2–D5 1.99 (1.69;2.34) 2.24 (1.90;2.64) 0.90 (0.75;1.07) 0.233 (C) Subgroup analysis (FAS) baseline SOFA score >  = 6 Day 1 3.87 (3.55;4.22) 3.87 (3.55;4.22) Day 2 2.82 (2.45;3.24) 3.14 (2.72;3.62) 0.90 (0.78;1.05) Day 3 2.26 (1.91;2.66) 2.39 (2.00;2.83) 0.95 (0.79;1.15) Day 4 1.70 (1.38;2.07) 1.93 (1.56;2.35) 0.90 (0.72;1.12) Day 5 1.41 (1.11;1.75) 1.72 (1.37;2.14) 0.84 (0.66;1.07) Average D2–D5 1.99 (1.69;2.34) 2.24 (1.90;2.64) 0.90 (0.75;1.07) 0.233 Estimates of SOFA (95%CI) obtained from the cLDA model fitted on inverse hyperbolic sign transformed data. Means and 95% confidence intervals are obtained after back transformation to the original scale. Due to the transformation, the comparison of both groups refers to a ratio
L73: Secondary outcomes
L74: Fig. 2 Standardized effect sizes for primary and secondary outcomes for FAS ( A ) and PPS ( B ). All effect sizes on the original scale were converted into Cohen’s ‘d’
L75: None of the secondary outcomes showed significant differences between vitamin C and placebo groups. In the PPS analysis, the probability of RRT was significant lower in the vitamin C group (vitamin C, 0.7%; placebo 2.4%, OR 0.28 [0.078; 0.998],  P  = 0.0496). This was not observed in the ITT analysis. To summarize visually the effects on the primary and secondary outcomes, the effect sizes on the original scale (see Supplementary Material file  5 ) were standardized (Fig.  2 ). Fig. 2 Standardized effect sizes for primary and secondary outcomes for FAS ( A ) and PPS ( B ). All effect sizes on the original scale were converted into Cohen’s ‘d’
L76: Subgroup analysis
L77: Fig. 3 Interaction model for continuous baseline SOFA and baseline NEWS scores (FAS)
L78: In a planned subgroup analysis, the average post-baseline SOFA score among patients with a baseline SOFA score of 6 or more was significantly lower in the vitamin C group compared to the placebo group (vitamin C, 4.44; placebo 5.87; ratio 0.76,  P  = 0.042) (Table  2 C). Visualisation of the additional exploratory analysis treating the baseline SOFA as a continuous variable suggested that patients with a baseline SOFA score between 6 and 12 would benefit most from vitamin C, although the global interaction was not significant, only for baseline SOFA scores of 7 and 8. The same trend was observed looking at the baseline NEWS score. Patients with a NEWS score of 7 and 8 on ED admission seemed to have a treatment effect from vitamin C, but also this global interaction was not significant.  ( Fig.  3 ) No other significant differences were found in the subgroups. Fig. 3 Interaction model for continuous baseline SOFA and baseline NEWS scores (FAS)
L79: Safety and adverse events
L80: In total 45 AEs were reported of which 35 serious. There were no more SAEs in the vitamin C group than in the control group. None of the reported (S) AEs, abnormal laboratory values, physical findings, patient changings or other abnormal observations were possible/probably causal related to the study treatment. None of them led to dose reduction. The DSMB periodically reviewed unblinded overall safety data to identify safety issues. The first meeting took place on the 6 th of December 2021 after 50 patients were included. The second meeting took place on the 1 st of March 2023. During this meeting a planned blinded interim analysis for sample size recalculation was also conducted.
L81: Discussion
L82: In this multicenter, double-blind RCT including patients with sepsis or septic shock, early administration of vitamin C did not significantly decrease the average post-baseline patient SOFA score. This contrasts with recent meta-analyses [ 27 ,  28 ] which showed that vitamin C (alone or in combination with thiamine and hydrocortisone) may improve organ failure recovery, as suggested by the decrease in SOFA score within 72 h. This difference may be due to the fact that the RCT’s used for the meta-analyses had small sample sizes (< 110 patients per group [ 29 ]) with the exception of the VICTAS trial. Moreover, SOFA scores from discharged or deceased patients before 72 h were managed differently across studies which may also cause survival bias.
L83: Further, the early administration of vitamin C was assumed to be associated with patients’ survival improvement [ 8 ,  11 ], however it did not result in a survival benefit in our trial. This is similar to the report of another recent trial [ 18 ] that focused on early administration, except they investigated the potential benefit of HAT therapy and included only patients with septic shock, as in most other preceding trials. Important to mention is that they only started randomizing patients in this study once admitted to the ICU after a median length of stay of 0,5 days. Moreover, they reported a 2-h median time from randomisation to 1 st administration of study drug.
L84: Looking at all previous vitamin C studies reporting a study drug administration time frame, the average time to treatment varies between 3.3 and 18 h (or < 24 h) after ICU admission [ 12 – 17 ,  20 ,  21 ,  23 ]. The strength of our study lies in the fact that the mean time to 1 st study drug administration was 3.7 h after ED presentation, making it the only trial recruiting patients in the ED and investigating a true early administration effect. This early administration effect might be a plausible explanation for the observation that patients with a higher baseline SOFA score (6 or above) may benefit from the early administration of vitamin C.
L85: We also focused on patients at an earlier stage of disease to investigate a potential preventive role of vitamin C leading to less deterioration from sepsis to septic shock. This is confirmed by a low ICU admission rate of 48.3% and 45.5% for the vitamin C and placebo groups, respectively, as well as a low median baseline SOFA score of 4 in both groups. This low average is partly due to rapid detection of sepsis in our EDs. The preventative role vitamin C, however, could not be established, since there was no benefit observed in patients with lower SOFA scores.
L86: Taking into consideration all observed outcome parameters, we can stipulate that the early administration of vitamin C has no clinical impact. No hard claims can be made upon an only just significant reduction in need for RRT in the PPS (3.6% in the vitamin C group vs 9,3% in the placebo group,  P  = 0.0496), since no key secondary outcomes were defined, and this result was not confirmed in the FAS. The lower average post-baseline SOFA score among patients with a baseline SOFA score of 6 or above may have been found to be statistically significant but lacks clinical relevance. This exploratory result might be hypothesis generating. However, given the fact that the administration of vitamin C in sepsis and septic shock has been extensively studied in recent years [ 7 – 23 ], further targeted research probably will not have much added value.
L87: Equal to previous studies [ 7 ,  9 ] and recent meta-analyses [ 27 ,  28 ] the use of vitamin C seems to be safe, with the finding of no treatment-related AEs in our trial. This contrasts with the recent LOVIT trial, where serious anaphylactic reactions as well as a higher risk of death or persistent organ dysfunction at 28 days were observed in patients on vasopressor treatment receiving vitamin C [ 21 ]. In this trial, they used higher doses of vitamin C (50 mg/kg) and had a late onset of administration. In addition, there was a higher baseline severity of illness, and a higher death rate (44.6%) compared to ours.
L88: Other strengths of this study include an interim analysis for sample size recalculation which checked and confirmed the power of our study and include blinding to limit ascertainment bias.
L89: Limitations
L90: Nonetheless, this trial also has some limitations. First, the large variety in study set-ups, mixed outcomes, and the inconsistency in the reported results, have made it difficult to estimate the optimal dose and timing of vitamin C administration. As a result of increased metabolism due to enhanced inflammatory response, high doses of vitamin C, up to 3 to 6 g daily, are needed to normalize the vitamin C plasma level [ 30 ,  31 ]. Based on published clinical data and the pharmacokinetics of vitamin C most studies decided to administer 6 g of vitamin C per day divided in four equal doses i.e. every 6 h [ 8 ,  11 ,  12 ,  14 – 17 ,  19 ,  29 ]. Other trials have chosen to give even higher doses of vitamin C [ 10 ,  18 ,  20 – 23 ], because Fowler et al. [ 7 ] reported that the SOFA score reduction was most remarkable in patients receiving the highest dose of vitamin C, 200 mg/kg/day, despite this was a phase I safety trial what obfuscates its statistical significance.
L91: Secondly, since this was a pragmatic trial, we did not measure the baseline levels of vitamin C in patients. A recent prospective pharmacokinetic study on the patients in treatment group of the VITAMINS trial showed that the 6-hourly doses regimen of 1.5 g was sufficient to achieve and maintain normal to supranormal vitamin C plasma levels [ 32 ]. We can assume that the lack of significant reduction in our primary outcome is not due to an insufficient dose.
L92: Third, despite this trial is multicentric, one hospital included about 40% of the patients. The DSMB judged the distribution of the baseline SOFA scores to be similar to that of the other centers and recommended further recruitment at this site. Also, final results were adjusted per study site.
L93: Conclusion
L94: Among patients with sepsis or septic shock, incorporating the early administration of vitamin C did not improve organ dysfunction as assessed by the average post-baseline patient SOFA score on day 2 to 5. Therefore, these data do not support the use of vitamin C in adults with sepsis or septic shock.
L95: Supplementary Information
L96: Supplementary Material file 1 Supplementary Material file 2 Supplementary Material file 3 Supplementary Material file 4 Supplementary Material file 5 Supplementary Material file 6
L97: Supplementary Material file 1
L98: Supplementary Material file 2
L99: Supplementary Material file 3
L100: Supplementary Material file 4
L101: Supplementary Material file 5
L102: Supplementary Material file 6
L103: 1. Singer M, Deutschman CS, Seymour C, et al. The third international consensus definitions for sepsis and septic shock (sepsis-3). JAMA J Am Med Assoc. 2016;315(8):801–10. 10.1001/jama.2016.0287.
L104: 2. Ruiqiang Z, Yifen Z, Ziqi R, Wei H, Xiaoyun F. Surviving sepsis campaign: international guidelines for management of sepsis and septic shock 2021. Int Expect. 2021. 10.3760/cma.j.cn121430-20211009-01442.
L105: 3. Bauer M, Gerlach H, Vogelmann T, Preissing F, Stiefel J, Adam D. Mortality in sepsis and septic shock in Europe, North America and Australia between 2009 and 2019-results from a systematic review and meta-analysis. Crit Care. 2020;24(1):1–9. 10.1186/s13054-020-02950-2. 31898531
L106: 4. Carr AC, Shaw GM, Fowler AA, Natarajan R. Ascorbate-dependent vasopressor synthesis: A rationale for vitamin C administration in severe sepsis and septic shock? Crit Care. 2015;19(1):1–8. 10.1186/s13054-015-1131-2. 25560635
L107: 5. Oudemans-van Straaten HM, Spoelstra-de Man AME, de Waard MC. Vitamin C revisited. Crit Care. 2014;18(4):1–13. 10.1186/s13054-014-0460-x.
L108: 6. Schorah CJ, Downing C, Piripitsi A, et al. Total vitamin C, ascorbic acid, and dehydroascorbic acid concentrations in plasma of critically ill patients. Am J Clin Nutr. 1996;63(5):760–5. 10.1093/ajcn/63.5.760. 8615361
L109: 7. Fowler AA, Syed AA, Knowlson S, et al. Phase I safety trial of intravenous ascorbic acid in patients with severe sepsis. J Transl Med. 2014;12(1):1–10. 10.1186/1479-5876-12-32. 24387290
L110: 8. Marik PE, Khangoora V, Rivera R, Hooper MH, Catravas J. Hydrocortisone, vitamin C, and thiamine for the treatment of severe sepsis and septic shock: a retrospective before-after study. Chest. 2017;151(6):1229–38. 10.1016/j.chest.2016.11.036. 27940189
L111: 9. Zabet M, Mohammadi M, Ramezani M, Khalili H. Effect of high-dose ascorbic acid on vasopressor′s requirement in septic shock. J Res Pharm Pract. 2016;5(2):94. 10.4103/2279-042x.179569. 27162802
L112: 10. Fowler AA, Truwit JD, Hite RD, et al. Effect of vitamin C infusion on organ failure and biomarkers of inflammation and vascular injury in patients with sepsis and severe acute respiratory failure: the CITRIS-ALI randomized clinical trial. JAMA J Am Med Assoc. 2019;322(13):1261–70. 10.1001/jama.2019.11825.
L113: 11. Chang P, Liao Y, Guan J, et al. Combined treatment with hydrocortisone, vitamin C, and thiamine for sepsis and septic shock: a randomized controlled trial. Chest. 2020;158(1):174–82. 10.1016/j.chest.2020.02.065. 32243943
L114: 12. Fujii T, Luethi N, Young PJ, et al. Effect of vitamin C, hydrocortisone, and thiamine vs hydrocortisone alone on time alive and free of vasopressor support among patients with septic shock: the VITAMINS randomized clinical trial. JAMA J Am Med Assoc. 2020;323(5):423–31. 10.1001/jama.2019.22176.
L115: 13. Iglesias J, Vassallo AV, Patel VV, Sullivan JB, Cavanaugh J, Elbaga Y. Outcomes of metabolic resuscitation using ascorbic acid, thiamine, and glucocorticoids in the early treatment of sepsis: the ORANGES trial. Chest. 2020;158(1):164–73. 10.1016/j.chest.2020.02.049. 32194058
L116: 14. Wani SJ, Mufti SA, Jan RA, et al. Combination of vitamin C, thiamine and hydrocortisone added to standard treatment in the management of sepsis: results from an open label randomised controlled clinical trial and a review of the literature. Infect Dis. 2020;52(4):271–8. 10.1080/23744235.2020.1718200.
L117: 15. Moskowitz A, Huang DT, Hou PC, et al. Effect of ascorbic acid, corticosteroids, and thiamine on organ injury in septic shock: the ACTS randomized clinical trial. JAMA. 2020;324(7):642–50. 10.1001/jama.2020.11946. 32809003
L118: 16. Mohamed ZU, Prasannan P, Moni M, et al. Vitamin C therapy or routine care in septic shock (ViCTOR) trial: effect of intravenous vitamin C, thiamine, and hydrocortisone administration on inpatient mortality among patients with septic shock. Indian J Crit Care Med. 2020;24(8):653–61. 10.5005/jp-journals-10071-23517. 33024370
L119: 17. Sevransky JE, Rothman RE, Hager DN, et al. Effect of vitamin C, thiamine, and hydrocortisone on ventilator- and vasopressor-free days in patients with sepsis- and VICTAS randomized clinical trial. JAMA J Am Med Assoc. 2021;325(8):742–50. 10.1001/jama.2020.24505.
L120: 18. Lyu QQ, Zheng RQ, Chen QH, Yu JQ, Shao J, Gu XH. Early administration of hydrocortisone, vitamin C, and thiamine in adult patients with septic shock: a randomized controlled clinical trial. Crit Care. 2022;26(1):1–11. 10.1186/s13054-022-04175-x. 34980198
L121: 19. Mohamed A, Abdelaty M, Saad MO, et al. Evaluation of hydrocortisone, vitamin c, and thiamine for the treatment of septic shock: a randomized controlled trial (the hyvits trial). Shock. 2023;59(5):697–701. 10.1097/SHK.0000000000002110. 36870070
L122: 20. Hwang SY, Ryoo SM, Park JE, et al. Combination therapy of vitamin C and thiamine for septic shock: a multi-centre, double-blinded randomized, controlled study. Intensive Care Med. 2020;46(11):2015–25. 10.1007/s00134-020-06191-3. 32780166
L123: 21. Lamontagne F, Masse MH, Menard J, et al. Intravenous vitamin C in adults with sepsis in the intensive care unit. N Engl J Med. 2022;386(25):2387–98. 10.1056/nejmoa2200644. 35704292
L124: 22. Wacker DA, Burton SL, Berger JP, et al. Evaluating vitamin C in septic shock: a randomized controlled trial of vitamin C monotherapy∗. Crit Care Med. 2022;50(5):E458–67. 10.1097/CCM.0000000000005427. 34982738
L125: 23. Rosengrave P, Spencer E, Williman J, et al. Intravenous vitamin C administration to patients with septic shock: a pilot randomised controlled trial. Crit Care. 2022;26(1):1–10. 10.1186/s13054-022-03900-w. 34980198
L126: 24. Vandervelden S, Wauters L, Breuls J, et al. Early administration of Vitamin C in patients with sepsis or septic shock in emergency departments: a multicenter, double blinded, randomized controlled trial: the C-EASIE trial protocol. PLoS ONE. 2021;16:1–16. 10.1371/journal.pone.0259699.
L127: 25. Liang KY, Zeger S. Longitudinal data analysis of continuous and discrete responses for pre-post designs. Indian J Statist Ser B. 2000;62:134–48.
L128: 26. Stroup, W. Mixed model procedures to assess power, precision, and sample size in the design of experiments. In: Proc. Biopharmaceutical Section. Am. Stat. Assoc., Baltimore; 1999. pp. 15–24
L129: 27. Sato R, Hasegawa D, Prasitlumkum N, et al. Effect of IV high-dose vitamin C on mortality in patients with sepsis: a systematic review and meta-analysis of randomized controlled trials. Crit Care Med. 2021;49(12):2121–30. 10.1097/CCM.0000000000005263. 34495877
L130: 28. Assouline B, Faivre A, Verissimo T, et al. Thiamine, ascorbic acid, and hydrocortisone as a metabolic resuscitation cocktail in sepsis: a meta-analysis of randomized controlled trials with trial sequential analysis. Crit Care Med. 2021;49(12):2112–20. 10.1097/CCM.0000000000005262. 34582409
L131: 29. de Grooth HJ, Geenen IL, Girbes AR, Vincent JL, Parienti JJ, Oudemans-van Straaten HM. SOFA and mortality endpoints in randomized controlled trials: a systematic review and meta-regression analysis. Crit Care. 2017;21(1):1–9. 10.1186/s13054-017-1609-1. 28057037
L132: 30. Long CL, Maull KI, Krishnan RS, et al. Ascorbic acid dynamics in the seriously ill and injured. J Surg Res. 2003;109(2):144–8. 10.1016/S0022-4804(02)00083-5. 12643856
L133: 31. Carr AC, Rosengrave PC, Bayer S, Chambers S, Mehrtens J, Shaw GM. Hypovitaminosis C and vitamin C deficiency in critically ill patients despite recommended enteral and parenteral intakes. Crit Care. 2017;21(1):1–10. 10.1186/s13054-017-1891-y. 28057037
L134: 32. Hudson EP, Collie JTB, Fujii T, et al. Pharmacokinetic data support 6-hourly dosing of intravenous vitamin C to critically ill patients with septic shock. Crit Care Resusc. 2019;21(4):236–42. 10.1016/s1441-2772(23)00548-3. 31778629
L135: Acknowledgements
L136: C-EASIE site investigators (alphabetically by institution): AZ Turnhout: Jan Breuls, Fien Wouters. CHU Liège: Meryl Paquay, François Stifkens. CHU St Pierre: Magali Bartiaux, Stefano Malinverni, Katty Renard, Alejandra Saravia. Gasthuiszusters Antwerpen: Brecht De Tavernier, Karel Heytens, Elke Van den Eeden, Stefanie Vandervelden, Philippe Vanhove. ULB Erasme: Caroline Abbenhuijs, Jacques Creteur, Dominique Durand, Nancy Herfs. UZ Antwerpen: Kaatje Cruysberghs, Koen Monsieurs, Leen Vennekens, Petra Vertongen. UZ Brussel: Ives Hubloue, Cindy Pouilliart, Jan Vanrossem, Evert Verhoeven. UZ Leuven: Didier Desruelles, Wilma Eegdeman, Wim Truyens, Stefanie Vandervelden, Lina Wauters, Magali Wierinckx C-EASIE patient representatives: Idelette Nutma, Dave Carson C-EASIE coordinating clinical trial center (UZ Leuven): Ine Vanopdenbosch, Linde Besard, Winde Vanbrabant, Leen Saenen, Conny Luys, Hilde De Tollenaere, Peter Van Rompaey, Johanna Geerinck, Thomas Fannes C-EASIE DSMB: Paul Marik, Ben Van Calster, Jef Vanderoost, Pieter Jan Van Asbroeck
L137: # 13054_2025_5383_MOESM1_ESM
L138: TITLE PAGE
L139: FULL/LONG TITLE OF THE TRIAL
L140: Early administration of Vitamin C in patients with sepsis or septic shock in emergency departments: a
L141: multicentre, double blinded, randomized controlled trial: the C-EASIE trial.
L142: SHORT STUDY TITLE / ACRONYM
L143: C-EASIE trial: Vitamin C - Early Administration in Sepsis In ED
L144: PROTOCOL VERSION NUMBER AND DATE
L145: | CTP / Amendment # | Date | Reason for amendment |
L146: | --- | --- | --- |
L147: | Clinical Trial Protocol v1.0 | 08/12/2020 | Initial protocol |
L148: | Clinical Trial Protocol v2.0 | 06/04/2021 | Clarification of concepts (see Appendix 4) |
L149: | Clinical Trial Protocol v3.0 | 12/01/2022 | Clarification statistical analysis |
L150: RESEARCH REFERENCE NUMBERS
L151: | EudraCT Number: | 2020-001862-12 |
L152: | --- | --- |
L153: | SPONSOR Number: | S63213 |
L154: | KCE Trials Number: | KCE 19-1237 |
L155: # Table of Contents
L156: 	SIGNATURE PAGE	5
L157: 	STUDY PROTOCOL	13
L158: 1	BACKGROUND AND RATIONALE	13
L159: 2	Assessment and management of risk	15
L160: 3	OBJECTIVES AND ENDPOINTS / OUTCOME MEASURES	15
L161: 3.1	Primary objective	15
L162: 3.2	Secondary objectives	15
L163: 3.3	Endpoints	16
L164: 3.4	Primary endpoint	17
L165: 3.5	Secondary endpoints	17
L166: 3.6	Exploratory Endpoints	17
L167: 4	TRIAL DESIGN	17
L168: 5	STUDY SETTING	18
L169: 6	ELIGIBILITY CRITERIA	18
L170: 6.1	Inclusion criteria	18
L171: 6.2	Exclusion criteria	18
L172: 7	TRIAL PROCEDURES	19
L173: 7.1	Recruitment	19
L174: 7.1.1	Patient identification	19
L175: 7.1.2	Screening	20
L176: 7.2	Consent	20
L177: 7.3	Trial randomisation	21
L178: 7.4	Blinding	21
L179: 7.5	Unblinding	21
L180: 7.6	Baseline and follow up data	22
L181: 7.7	Trial assessments	23
L182: 7.8	Table of trial procedures	24
L183: 7.9	Standard of Care in Sepsis	25
L184: 7.10	Withdrawal criteria	27
L185: 7.10.1	Discontinuation of trial intervention	27
L186: 7.10.2	Withdrawal of consent (discontinuation of trial participation)	27
L187: 7.10.3	Loss to follow-up	28
L188: 7.11	End of trial	28
L189: 8	TRIAL Intervention / MEDICATION	28
L190: 8.1	Name and description of intervention(s)	28
L191: 8.2	Legal status of the intervention	28
L192: 8.3	Summary of Product Characteristics (SmPC)	28
L193: 8.4	Drug storage and supply	28
L194: 8.5	Preparation and labelling of Investigational Medicinal Product	29
L195: 8.6	Dosage schedules or Intervention schedule	29
L196: 9	Safety reCorDing and REPORTING	29
L197: 9.1	Definitions	29
L198: 9.1.1	Definitions (IMPs)	29
L199: 9.2	Recording of safety findings in function of the available evidence	30
L200: 9.2.1	The case of medicines investigated outside of any approved label or medical devices investigated outside of any CE marked intended use or other types of intervention that are still considered experimental (not in routine clinical use)	30
L201: 9.2.2	General considerations for the recording of safety findings	30
L202: 9.3	Expedited reporting of AEs, SAEs and SUSARs.	31
L203: 9.4	Reporting requirements to EC’s and CA’s	32
L204: 9.4.1	Sponsor’s reporting of SUSARs	32
L205: 9.4.2	Annual reporting	33
L206: 9.5	Responsibilities	33
L207: 9.6	Notification of deaths	34
L208: 9.7	Reporting urgent safety measures	34
L209: 9.8	The type and duration of the follow-up of subjects after adverse events	34
L210: 10	STATISTICS AND DATA ANALYSIS	34
L211: 10.1	Populations	34
L212: 10.2	Sample size calculation	34
L213: 10.3	Planned recruitment rate	35
L214: 10.4	Statistical analysis plan	35
L215: 10.4.1	Summary of baseline data and flow of patients	35
L216: 10.4.2	Primary outcome analysis	35
L217: 10.4.3	Secondary outcome analysis	36
L218: 10.4.4	Subgroup analysis	36
L219: 10.4.5	Safety Analysis	36
L220: 10.4.6	Procedure(s) to account for missing or spurious data	36
L221: 10.4.7	Other statistical considerations.	37
L222: 10.5	Data collection for economic evaluation	37
L223: 11	DATA HANDLING	38
L224: 11.1	Data collection tools and source document identification	38
L225: 11.2	Data handling and record keeping	38
L226: 11.3	Access to Data	38
L227: 11.4	Archiving	39
L228: 12	MONITORING, AUDIT & INSPECTION	39
L229: 13	ETHICAL AND REGULATORY CONSIDERATIONS	39
L230: 13.1	Ethics Committee (EC) review & reports	39
L231: 13.2	Peer review	40
L232: 13.3	Public and Patient Involvement	40
L233: 13.4	Regulatory Compliance	40
L234: 13.5	Protocol compliance	40
L235: 13.6	Notification of Serious Breaches to GCP and/or the protocol	41
L236: 13.7	Data protection and patient confidentiality	41
L237: 13.8	Financial and other competing interests for the chief investigator, PIs at each site and committee members for the overall trial management	41
L238: 13.9	Indemnity	41
L239: 13.10	Access to the Study Data by KCE and similar institutes in the EU	41
L240: 13.11	Access to the final trial dataset by other parties	42
L241: 14	DISSEMINATION POLICY	42
L242: 14.1	Dissemination policy	42
L243: 14.2	Authorship eligibility guidelines and any intended use of professional writers	43
L244: 15	REFERENCES	43
L245: 	APPENDICES	46
L246: Appendix 1.	Risk ASSESSMENT OF THE TRIAL INTERVENTION(S)	46
L247: Appendix 2.	Authorisation of participating sites	48
L248: Appendix 3.	Safety Reporting Flow Chart	49
L249: Appendix 4.	Amendment History	50
L250: Appendix 5.	Rationale BEHIND INCLUSION CRITERIA	51
L251: Appendix 6.	SmPC	53
L252: # SIGNATURE PAGE
L253: The undersigned confirm that the following protocol has been agreed and accepted and that the Chief Investigator agrees to conduct the trial in compliance with the approved protocol and will adhere to the principles outlined in the requirements for the conduct of clinical trials in the EU as provided for in " Directive 2001/20/EC”, ),  and any subsequent amendments, GCP guidelines, the Belgian law of May 7th 2004 regarding experiments on the human person, the Sponsor’s SOPs, and other regulatory requirements as amended.
L254: I agree to ensure that the confidential information contained in this document will not be used for any other purpose other than the evaluation or conduct of the clinical investigation without the prior written consent of the Sponsor.
L255: I also confirm that I will make the findings of the study publically available through publication or other dissemination tools without any unnecessary delay and that an honest accurate and transparent account of the study will be given; and that any discrepancies from the study as planned in this protocol will be explained.
L256: | For and on behalf of the Study Sponsor, Chief Investigator: | For and on behalf of the Study Sponsor, Chief Investigator: | For and on behalf of the Study Sponsor, Chief Investigator: |
L257: | --- | --- | --- |
L258: | Signature: ...................................................................................................... |  | Date: ....../....../...... |
L259: | Name: (please print): Didier Desruelles |  |  |
L260: | Statistician: |  |  |
L261: | Signature:  ...................................................................................................... |  | Date: ....../....../...... |
L262: | Name: (please print): Steffen Fieuws |  |  |
L263: | Position: ...................................................................................................... |  |  |
L264: | For acknowledgement on behalf of the funder (KCE): | For acknowledgement on behalf of the funder (KCE): | For acknowledgement on behalf of the funder (KCE): |
L265: | Signature:  ...................................................................................................... |  | Date: ....../....../...... |
L266: | Name (please print): ...................................................................................................... |  |  |
L267: | Position: ...................................................................................................... |  |  |
L268: | Principal Investigator Participating Site: | Principal Investigator Participating Site: | Principal Investigator Participating Site: |
L269: | Signature:  ...................................................................................................... |  | Date: ....../....../...... |
L270: | Name (please print): ...................................................................................................... |  |  |
L271: | Position: ...................................................................................................... |  |  |
L272: KEY TRIAL CONTACTS
L273: | Chief Investigator | Didier Desruelles didier.desruelles@uzleuven.be +3216344638 |
L274: | --- | --- |
L275: | Co-Chief Investigator | Stefanie Vandervelden Stefanie.vandervelden@gza.be +32498221142 |
L276: | Trial Co-ordinator | Lina Wauters lina.wauters@uzleuven.be +3216345820 |
L277: | Sponsor | University Hospitals Leuven   Herestraat 49, 3000 Leuven. CTC@uzleuven.be +3216341998 |
L278: | Funder(s) | Belgian Health Care Knowledge Centre (KCE) Administrative Centre Botanique, Doorbuilding, Boulevard du Jardin Botanique 55, B-1000 Brussels, Belgium  Trials@kce.fgov.be  00 32 2 287 33 88 |
L279: | Clinical Trials Unit | Clinical Trial Centre University Hospitals Leuven, Herestraat 49, 3000 Leuven ctc@uzleuven.be +3216341998	 Contact person: Ine Vanopdenbosch. ine.vanopdenbosch@uzleuven.be |
L280: | Statistician | Steffen Fieuws steffen.fieuws@kuleuven.be |
L281: | Data Manager | Hilde De Tollenaere  ctc.datamanagement@uzleuven.be |
L282: | Committees | Head of the Trial Steering Committee: Dr. Didier Desruelles didier.desruelles@uzleuven.be Head of the Data Monitoring Committee: Dr. Pieter Jan Van Asbroeck Pieterjan.vanasbroeck@zol.be |
L283: TRIAL SUMMARY
L284: | Trial Title | Early administration of Vitamin C in patients with sepsis or septic shock in emergency departments: a multicentre, double blinded, randomized controlled trial: the C-EASIE trial. |
L285: | --- | --- |
L286: | Short title | C-EASIE trial: Vitamin C - Early Administration in Sepsis In ED |
L287: | Internal reference | S63213 |
L288: | Trial Design | Randomized, Double Blinded, Multicentre Controlled Trial |
L289: | Trial Participants and setting | Patients presenting with sepsis or septic shock in the Emergency Department |
L290: | Intervention(s) | Ascorbic Acid 1.5g IV in 50ml Normal Saline every 6hrs, started within 6hrs after presentation at the emergency department |
L291: | Control | Placebo (Normal Saline 50ml every 6hrs) |
L292: | Primary Endpoint | Average post-baseline patient SOFA score (on day 2-5 after patient inclusion). |
L293: | Secondary Endpoint(s) | 28-day mortality Maximum SOFA score Length of hospital stay Length of ICU stay Vasopressor requirement: total duration and dosage RRT duration and need Ventilator days Total dose of steroids given Quality of life (EQ-5D-5L) Time to return to work (if applicable) Lab values :  Creatinine, CRP and Sodium on d1-5 Procalcitonin on d1 and d4 |
L294: | Planned Sample Size | 300 |
L295: | Treatment duration | 4 days (a total of 16 doses) |
L296: | Follow up duration | 3 months |
L297: | Duration of the trial (FPI-CSR) | Recruitment period: 18 months Maximum duration of the trial: 27 months |
L298: ROLE OF STUDY SPONSOR AND FUNDER
L299: University Hospitals Leuven as mentioned in KEY TRIAL CONTACT shall act as sponsor of the Study, as defined in the Law of 2004, and shall assume all responsibilities and liabilities in connection therewith and procure the mandatory liability insurance coverage in accordance with the Law of 2004. University Hospitals Leuven shall ensure that it shall be mentioned in the Protocol, the Informed Consent Forms and in other relevant communication with the Study Subjects or the Regulatory Authorities as sponsor of the Study. University Hospitals Leuven acknowledges and agrees for the avoidance of doubt that KCE shall under no circumstances be considered as sponsor of the Study or assume any responsibilities or liabilities in connection therewith, and University Hospitals Leuven shall make no representations whatsoever in this respect.
L300: ROLES AND RESPONSIBILITIES OF TRIAL MANAGEMENT COMMITEES
L301: Trial Steering Committee (TSC)
L302: The role of the Trial Steering Committee (TSC) is to provide the overall supervision of the trial. The TSC will also include members who are independent of the investigators, their employing organisations, funders and sponsors. The TSC should monitor trial progress, conduct and advise on scientific credibility. The TSC will consider and act, as appropriate, and ultimately carries the responsibility for deciding whether a trial needs to be stopped on grounds of safety or efficacy.
L303: The TSC will meet on average 3 times per year the first year and twice the year after that. The TSC is composed of the CI, the trial statistician, the trial PM, an independent expert, a representative of other participating centres or groups, 2 patients or members of the public, 1 representative of the sponsor and 1 representative of the funder.
L304: The day-to-day management of the study will be performed by the Trial Management Group (TMG) which is distinct from the TSC.
L305: Members TSC
L306: CI: Dr. Didier Desruelles
L307: Co-CI: Dr. Stefanie Vandervelden
L308: Trial statistician: Steffen Fieuws
L309: Project manager/Trial Coordinator: Lina Wauters
L310: Independent expert: Prof. Maaret Castren
L311: Representatives participating centers: Dr Jan Breuls (AZ Turnhout), Dr Philippe Meersseman (UZ Leuven), Dr Ken Dewitte (UZA), Dr Philippe Vanhove (GZA), Dr. Evert Verhoeven (UZ Brussel), Dr. Francois Stifkens (CHU Liège), Dr Magali Bartiaux (CHU St Pierre Bruxelles), Dr. Jacques Creteur (ULB Hôpital Erasme)
L312: Representative CTC: Ine Vanopdenbosch
L313: Representative of the funder
L314: Member of the public (patient): Mr Dave Carson
L315: Data Monitoring Committee (DMC)
L316: The role of the Data Monitoring Committee (DMC) is to safeguard the interests of study participants, assess the safety and efficacy of study procedures, and monitor the overall conduct of the study.
L317: The DMC will include at least four members: the chair, an executive secretary, independent statistician and minimum one expert independent of the investigators.
L318: The DMC will meet after 50 patients have completed treatment and will review the study data and advise on the continuation of the trial. They will monitor all participating sites until all patients are recruited.  The DMC will then meet annually to discuss the progress of the trial.
L319: The DMC will report to the TSC according to the DMC charter.
L320: LIST OF ABBREVIATIONS
L321: | ABBREVIATION | DEFINITION |
L322: | --- | --- |
L323: | AB | Antibiotics |
L324: | ABG | Arterial Blood Gas |
L325: | AE | Adverse Event |
L326: | AR | Adverse Reaction |
L327: | ARDS | Acute Respiratory Distress Syndrome |
L328: | CA | Competent Authority |
L329: | CI | Chief Investigator |
L330: | eCRF | electronic Case Report Form |
L331: | CRO | Contract Research Organisation |
L332: | CRRT | Continuous Renal Replacement Therapy |
L333: | CTIMP | Clinical Trial of Investigational Medicinal Product |
L334: | DMC | Data Monitoring Committee |
L335: | DSUR | Development Safety Update Report |
L336: | EC | Ethics Committee |
L337: | ED | Emergency Department |
L338: | EMA | European Medicines Agency |
L339: | EU | European Union |
L340: | EUCTD | European Clinical Trials Directive |
L341: | EudraCT | European Clinical Trials Database |
L342: | EudraVIGILANCE | European database for Pharmacovigilance |
L343: | FAMHP | Federal Agency for medicines and health products |
L344: | GCP | Good Clinical Practice |
L345: | GMP | Good Manufacturing Practice |
L346: | HAT | Hydrocortisone, Ascorbic Acid, Thiamine |
L347: | ICF | Informed Consent Form |
L348: | ICH | International Conference on Harmonisation of technical requirements for registration of pharmaceuticals for human use. |
L349: | ICU | Intensive Care Unit |
L350: | IDMC | Independent Data Monitoring Committee |
L351: | IMP | Investigational Medicinal Product |
L352: | IRT | Interactive Response Technology |
L353: | ISF | Investigator Site File |
L354: | ISRCTN | International Standard Randomized Controlled Trials |
L355: | KCE | Belgian Healthcare Knowledge Centre |
L356: | LAR | Legally Authorized Representative |
L357: | MA | Marketing Authorisation |
L358: | MAP | Mean Arterial Pressure |
L359: | MS | Member State |
L360: | NEWS | National Early Warning Score |
L361: | NIMP | Non-Investigational Medicinal Product |
L362: | PI | Principal Investigator |
L363: | PIS | Participant Information Sheet |
L364: | QA | Quality Assurance |
L365: | QC | Quality Control |
L366: | REDCap | Research Electronic Data Capture |
L367: | RRT | Renal Replacement Therapy |
L368: | RCT | Randomized Control Trial |
L369: | SAE | Serious Adverse Event |
L370: | SAR | Serious Adverse Reaction |
L371: | SDV | Source Data Verification |
L372: | SOFA | Sequential Organ Failure Assessment |
L373: | SOP | Standard Operating Procedure |
L374: | SmPC | Summary of Product Characteristics |
L375: | SSC | Surviving Sepsis Campaign |
L376: | SSI | Site Specific Information |
L377: | SUSAR | Suspected Unexpected Serious Adverse Reaction |
L378: | TMG | Trial Management Group |
L379: | TSC | Trial Steering Committee |
L380: | TMF | Trial Master File |
L381: TRIAL FLOW CHART
L382: # STUDY PROTOCOL
L383: # BACKGROUND AND RATIONALE
L384: Sepsis is a potentially life-threatening condition characterized by a deregulated body’s response to infection causing injury to its own tissues and organs. Sepsis is the primary cause of death from infection, especially if not recognized and treated timely. Untreated it can evolve within minutes/hours to septic shock1.
L385: For clinical operationalization sepsis can be defined as an increase in the SOFA score of 2 points or more, which is associated with an in-hospital mortality greater than 10%.
L386: The SOFA score is widely employed in daily monitoring of acute morbidity and is also an acceptable surrogate marker of efficacy in exploratory trials of novel therapeutic agents in sepsis2.
L387: Our patient population can present themselves in the ED at different stages of the disease course. We defined 2 categories: sepsis and septic shock, the latter is the sickest population having already a high SOFA score on presentation. Patients with septic shock can be identified with a clinical construct of sepsis with persisting hypotension requiring vasopressors to maintain MAP ≥ 65 mm Hg and having a serum lactate level > 2 mmol/L (18 mg/dl) despite adequate volume resuscitation. With these criteria, hospital mortality is in excess of 40%. This is reflected in the international Surviving Sepsis Campaign (SSC) Database with over 130 000 registered patients. This database reports an overall mortality rate (sepsis plus septic shock) of 34.8%3. In Belgium, in 2017 12 743 patients suffering from sepsis or septic shock presented to an ED (FOD Volksgezondheid, sepsis data as per ICD-10-CM codes).
L388: Current practice guidelines for management of sepsis and septic shock are based on the Surviving Sepsis Campaign (SSC) Guidelines (http://survivingsepsis.org). These international guidelines focus on early identification and treatment of sepsis by the introduction of the Hour-1 bundle. The Hour-1 bundle encourages clinicians to act as quickly as possible to obtain blood cultures, administer broad spectrum antibiotics, start appropriate fluid resuscitation, measure lactate, and begin vasopressors if clinically indicated. Ideally these interventions would all begin in the first hour from sepsis recognition but may not necessarily be completed in the first hour4.
L389: The administration of fluids during the initial hemodynamic resuscitation remains a major therapeutic challenge. An initial fluid bolus (usually 500 ml-1000 ml) for hypotension or lactate ≥ 4 mmol/l is considered appropriate. Balanced crystalloids are considered the fluid of choice. Albumin derivates can be administered in addition to crystalloids in refractory shock. Starches should be avoided. Fluid resuscitation should be guided by the patients’ fluid responsiveness5.  Fluid responsiveness can be assessed through the administration of a fluid challenge, passive leg raise testing or pulse pressure variation and stroke volume variation6. Vasopressors are applied if hypotension persists during or after fluid resuscitation to maintain a mean arterial pressure of ≥ 65 mm Hg. If hemodynamic stability cannot be achieved with these measures, IV hydrocortisone at a dose of 200 mg per day can be considered4. Up to today, administration of a combination of Hydrocortisone, Ascorbic acid and Thiamine (HAT) is not current practice in Belgium. None of the centers participating in this study are using Thiamine or Vitamin C as adjunct for standard sepsis management.
L390: Sepsis is associated with an acute deficiency of Vitamin C and studies have reported that high doses of IV Vitamin C reduce organ injury and improve survival7–10. Vitamin C, also known as Ascorbic Acid, is a vitamin found in various foods. After almost a century of in vitro experiments and animal based studies, there is an abundance of plausible data for the protective effects of Vitamin C11,12. Also its safety has been well established over the years13. However, despite the proof-of-concept of the benefit of administering Vitamin C in patients with sepsis or septic shock, Vitamin C administration is not yet current practice. This is mainly due to the large variety in study set-ups, primary and secondary outcomes.
L391: RCTs on IV Vitamin C in sepsis
L392: In 2014, Fowler et al. performed a single centre RCT involving the administration of two different doses of Vitamin C to patients with severe sepsis14. Vitamin C reduced the SOFA score in a seemingly dose-dependent fashion.
L393: In 2016, Zabet et al. performed a double blinded single centre RCT involving the administration of IV Vitamin C to patients with vasopressor-dependent septic shock (25 mg/kg intravenous q6hr)15. Vitamin C caused a significant reduction in the duration of vasopressor infusion and an improvement in 28-day mortality.
L394: The CITRIS-ALI study (2019) is the first multi-centre RCT investigating high dose IV vitamin C (50 mg/kg intravenous q6hr) in patients with sepsis-induced Acute Respiratory Distress Syndrome (ARDS)16. Vitamin C was initiated relatively late in the disease course (up to 48 hours after the development of end-organ failure meeting ARDS criteria). There was no difference at all in any of the primary endpoints (change in SOFA score, C-reactive protein (CRP) levels, or thrombomodulin levels). Patients in the Vitamin C group however had a lower mortality. Patients in the Vitamin C group also experienced more ICU-free days and more hospital-free days. It is important to point out the possibility that mortality differences between the control and intervention group could have biased the primary endpoint (SOFA score), due to selective elimination of sicker patients from the control group.
L395: Non-randomized trials on HAT
L396: Ascorbate and hydrocortisone synergize to improve endothelial function17. A before-after study by Paul Marik et al. involving the use of HAT in septic shock resulted in a dramatic decrease in mortality (8.5% in HAT group vs 40.4% in control group)18,19. Subsequently several centres have reported similar studies. However these studies are split, with some showing benefit and others finding no difference, depending on the study set-up and the endpoints investigated 20–23.
L397: RCTs on HAT
L398: In February 2020, the VITAMINS trial was published24. This is a multi-centre RCT of patients in septic shock which compares the administration of hydrocortisone alone versus HAT therapy. In total 216 patients were included. No impact was seen on vasopressor-free time (the primary endpoint) or mortality. HAT did cause an improvement in the SOFA score (the much-debated primary endpoint of CITRIS-ALI). However, since this is an isolated secondary endpoint, it cannot carry much weight.
L399: The main limitation of the VITAMINS trial lays in the fact that it is not a study of early metabolic resuscitation: the median delay from ICU admission to randomisation was 12 hours. Time delays prior to ICU arrival were not accounted for (which for some patients included inter-hospital transfer). A retrospective study by Long et al. suggests however that an early start of HAT therapy is important (ideally within < 6 hours)25.
L400: The last published study is the HYVCTTSSS trial26. This is an 80 person single-blinded RCT in patients with sepsis or septic shock comparing hydrocortisone (50 mg every 6 h for 7 days), vitamin C (1.5 g every 6 h for 4 days), and thiamine (200 mg every 12 h for 4 days) vs placebo (normal saline). There was no difference in the primary outcome of 28-day mortality. SOFA score at 72 hours was lower in the cocktail group. Interesting, and hypothesis-generating, in the group with a sepsis diagnosis within 48 hours of onset, mortality was lower. Severe hypernatremia (>160 meq/L) was more common in the treatment group than in the control group, 13 vs. 3 (p=0.005), leading to early termination of the study. Hydrocortisone is known to promote hypernatremia, but this is a very mild effect which should be easily managed with usual high-quality ICU care. This suggests that the hypernatremia observed in this study is more a reflection of the quality of the ICU care overall than of any specific intervention.
L401: Although it is generally accepted that in sepsis timing of therapies matters, much like stroke and AMI, the majority of these studies started quite late (up to 12 to 48 hrs post ICU admission) in the disease course with the administration of Vitamin C. As Vitamin C potentially prevents the development of multi-organ dysfunction by treating microvascular dysfunction, mitochondrial injury and oxidative stress, this late administration might miss its intended effect 27–29.
L402: For this reason, the emphasis of our study will be put on the early administration of Vitamin C, within 6 hours after arrival in the ED. We opted for a high dose IV Vitamin C only adjuvant therapy, in order to investigate the benefit of mono therapy. Hydrocortisone and thiamine are certainly indicated in certain patient groups but whether HAT therapy induces additional benefit remains uncertain. With the C-EASIE trial, the investigators plan to conduct a prospective, multi-centre, randomized, double blinded trial in patients presenting at the ED with sepsis or septic shock. We will investigate the potential benefit of early administration of high doses of Vitamin C (1.5 g bolus, 4 times a day during 4 days, started within 6 hours after admission) in addition to standard care in patients with sepsis or septic shock. By setting up this pragmatic comparative effectiveness trial, we hope to see a more rapid solution of shock and less deterioration from sepsis to septic shock, hereby reducing morbidity and mortality as well as the length of hospital stay in this patient population. Since Vitamin C is very cheap and safe, this simple intervention has the potential to not only be cost-effective but also cost-saving.
L403: # Assessment and management of risk
L404: This trial is categorised as an intermediate risk intervention clinical trial. Justification is provided in Appendix 1.
L405: # OBJECTIVES AND ENDPOINTS / OUTCOME MEASURES
L406: ## Primary objective
L407: The overall objective of the study is to evaluate the clinical efficacy of early administration of Vitamin C in addition to the standard of care in patients hospitalized with sepsis or septic shock.
L408: We will include patients with suspected infection and NEWS ≥ 5 (cfr 6.1 Inclusion criteria).
L409: These patients will be randomized into 2 study groups. The intervention group will receive intermittent infusion of Vitamin C (1.5 g every 6 hours, diluted in normal saline) during 4 days or until hospital discharge and is started within 6 hours after presentation (time of triage) in the ED. The comparator group will receive placebo (an intermittent infusion of saline).
L410: The primary objective is to determine the efficacy of early administration of Vitamin C by determining the average post-baseline patient SOFA score (on day 2-5 after patient inclusion) as compared to placebo.
L411: We aim to proof that through early admission of Vitamin C, patients who present at an early stage of the disease course will get less sick, resulting in a lower maximum SOFA score. However, administration of Vitamin C in our sickest population might not necessarily reflect in a lower maximum SOFA score, but rather in faster recovery (higher delta SOFA between 2 points in time). To capture both phenomena, we opted to look at the average post-baseline patient SOFA score as primary outcome supported by a maximum SOFA score as secondary outcome (more info about statistical analysis plan in 10.3).
L412: Each patient included in this study, both in the intervention and comparator group, will receive 4 scheduled visits post randomization on the 4 consecutive days following admission (see 7.8 Table of Procedures for more details). These visits are conducted by a trained study nurse or sub-investigator.
L413: ## Secondary objectives
L414: Secondary objectives are to evaluate other patient oriented outcome measures and cost-effectiveness of early administration of Vitamin C as compared to placebo.
L415: #### Clinical Severity
L416: - Maximal SOFA score
L417: #### Hospitalization
L418: - Length of hospital stay (days)
L419: - Length of ICU stay (days)
L420: #### Mortality
L421: - 28-day mortality
L422: #### Mechanical Ventilation
L423: - Ventilator days during hospital admission
L424: #### Steroid use
L425: - Total dose of steroids given (d1-d5)
L426: #### Vasopressor requirement
L427: - Total duration and dosage during hospital admission
L428: #### Renal replacement therapy (RRT)
L429: - RRT duration and need during hospital admission
L430: #### Health related quality of life
L431: - EQ-5D-5L health questionnaire at baseline, day 5, day 28 and month 3 in the view of a possible health economic analysis. If the patient’s clinical status doesn’t allow self-completion, the questionnaire may be completed by proxy.
L432: - Time to return to work (if applicable)
L433: #### Evaluate the safety of the intervention as compared to the control arm as assessed by:
L434: - Changes in creatinine, CRP and sodium over time (d1-5) (part of standard of care).
L435: - Changes in procalcitonin between d1 and d4.
L436: ## Endpoints
L437: Up to now, no core domains for clinical research in sepsis or septic shock are identified. Looking at studies about outcome measures of critically ill patients receiving ECMO or with acute respiratory failure, we can conclude that most important domains are life impact (physical, mental and cognitive health), death and adverse events30,31. Since both patient groups cover ICU survivors and the results are comparable, it is safe to say that these outcome sets also can be applied to our patient group.
L438: Both physical and mental health outcome parameters are included in our endpoints.
L439: ## Primary endpoint
L440: #### Clinical Severity
L441: SOFA score:
L442: - Average post-baseline patient SOFA score (on day 2-5 after patient randomization).
L443: - To avoid missing data for deceased patients, the maximum SOFA score of 24 will be assigned to mortality. Missing values for the non-deceased patients will be handled using likelihood-based methods and imputed when evaluating the maximal SOFA score (see statistical analysis plan).
L444: - The SOFA score is a morbidity/mortality prediction score based on the degree of dysfunction of 6 organ systems: the respiratory, cardiovascular, hepatic, coagulation, renal and neurological systems. Organ scores range from 0 to 4, with the best score being 0 and the worst score being 4. The higher the SOFA score, the higher the likely mortality.
L445: ## Secondary endpoints
L446: - 28-day mortality
L447: - Maximum SOFA score
L448: - Length of hospital stay (days)
L449: - Length of ICU stay (days)
L450: - Vasopressor requirement: total duration and dosage
L451: - RRT duration and need
L452: - Ventilator days
L453: - Total dose of steroids given (d1-d5)
L454: - Quality of life (EQ-5D-5L)
L455: - Time to return to work (if applicable)
L456: - Lab values :
L457: - Creatinine, CRP and Sodium on d1-5
L458: - Procalcitonin on d1 and d4
L459: ## Exploratory Endpoints
L460: Feasibility outcomes
L461: - Time from meeting eligibility criteria to the first dose of the study drug
L462: - Average monthly recruitment rate
L463: - Number of patients screened
L464: - Randomized to the screened patient ratio
L465: - Reasons for exclusion
L466: - Compliance with drug administration protocol
L467: # TRIAL DESIGN
L468: This study is a double-blinded, randomized, controlled clinical trial to evaluate the clinical efficacy (superiority) of early administration of Vitamin C in addition to the standard of care in hospitalized patients with sepsis or septic shock.
L469: The study will compare standard of care + placebo vs. standard of care with the investigational therapeutic agent, Vitamin C or Ascorbic Acid.
L470: The clinical outcomes of this study have been chosen based on core clinical outcome measures in critically ill patients and clinical outcome measures used in previous studies using Vitamin C.
L471: # STUDY SETTING
L472: The study is a phase 3b multi-centre trial.
L473: The study will be conducted in 8 hospitals throughout Belgium (Universitair Ziekenhuis Leuven, Universitair Ziekenhuis Antwerpen, Universitair Ziekenhuis Brussel, Algemeen Ziekenhuis Turnhout, Centre Hospitalier Universitaire de Liège, Université Libre de Bruxelles Hôpital Erasme, Centre Hospitalier Universitaire St-Pierre Bruxelles and GasthuisZusters Antwerpen). Patients will be recruited at the EDs of the participating sites.
L474: # ELIGIBILITY CRITERIA
L475: Sepsis remains a clinical and presumptive diagnosis: in all sepsis definitions, one has to have "suspected infection" as the cause of the current illness (Sepsis3). Therefore, selection of septic patients is still a subjective pitfall in many trials since no single objective inclusion criterion can be used. It is not our purpose to redefine the diagnosis of sepsis but our goal is to include these patients with suspected infection who are at risk for clinical deterioration and progressive organ dysfunction. Early detection of this population is important to timely start treatment, so a sensitive screening tool identifying all patients with higher risk for severe illness caused by an infectious disease is necessary.
L476: Overlooking all available literature and defining our selection criteria of acute illness in septic patients with high risk for deterioration, we selected the NEWS scoring system as our screening tool in this trial (cfr. Appendix 5).
L477: ## Inclusion criteria
L478: Participants eligible for inclusion in this trial must meet all of the following criteria:
L479: - Patient is ≥ 18 years old.
L480: - Patient has a ‘suspected infection’: this requires the combination of AB administration and body fluid cultures within the first 6 hours after ED presentation.
L481: - Patient has a NEWS score ≥ 5.
L482: NEWS is based on a simple aggregate scoring system in which a score is allocated to physiological measurements, already recorded in routine practice, when patients present to the hospital. Six simple physiological parameters form the basis of the scoring system: respiration rate, oxygen saturation, systolic blood pressure, pulse rate, level of consciousness or new confusion and temperature.
L483: ## Exclusion criteria
L484: Participants eligible for this trial must not meet any of the following criteria:
L485: - Patient (≥18 years old) or legally authorized representative (LAR) didn’t provide informed consent. Delayed informed consent can be applied in cases where the patient is critically ill and no LAR is available. (see 7.2)
L486: - AB administration as a single dose or as a prophylactic treatment.
L487: - AB administered without an accompanying body fluid culture according to the timeframe (within 6 hours after ED presentation).
L488: - ‘Do no intubate’ or ‘comfort measures only’ status.
L489: - Failure to randomize within 6 hours after ED presentation.
L490: - Weight < 45 kg.
L491: - Pregnant or breastfeeding.
L492: - Known allergy for Vitamin C.
L493: - Known history of oxalate nephropathy or hyperoxaluria.
L494: - Known history of glucose-6-phosphate dehydrogenase deficiency.
L495: - Known history of chronic iron overload due to iron storage and other diseases.
L496: - The patient is already on IV steroids for a reason other than septic shock.
L497: - Proven active COVID-19 infection (positive swab and/or CT scan positive for COVID-19 within 14 days prior to or at ED presentation).
L498: - Participation in an interventional trial with an investigational medicinal product (IMP) or device
L499: # TRIAL PROCEDURES
L500: ## Recruitment
L501: ### Patient identification
L502: Patient identification will happen at the triage of the ED. Adult patients with suspected infection are flagged. The principal investigator or sub-investigator will be informed. An information leaflet and poster will be available at triage to remind triage nurses of the trial.
L503: In a next step informed consent will be obtained (7.2) by the PI or a sub-investigator who is adequately trained, and to whom this task has been delegated by the PI (cfr. Delegation log). Informed consent (patient, LAR or delayed) will be obtained prior to any study specific procedures being completed. The information of pre-screened patients who didn’t give informed consent won’t be collected.
L504: In a next step, eligibility is checked. The resources needed for this eligibility check are access to medical history, current clinical presentation and vital signs. The NEWS parameters are all vital signs standardly taken at triage.
L505: Eligibility will be logged in the screening log. This will be in a strictly anonymous manner, and in no way (nor through the sponsor, nor through the investigator) this information can be traced back to the patient. This way we will generate an anonymous, aggregate data set.
L506: Next, the patient will be logged in the subject identification log and receive a study specific subject number.
L507: ### Screening
L508: Screening won’t require study specific procedures in addition to standard of care, with exception of a urine pregnancy test being performed in women of childbearing potential for whom a pregnancy test within 6 hours of ED presentation is not done as standard of care.
L509: ## Consent
L510: The aim is to conduct the trial on the basis of prior informed consent by the trial participants and/or their LAR. However, since some of these patients are critically ill and unable to give informed consent, a process of delayed consent, enrolling patients into the clinical trial and obtaining consent as soon as practical from either the patient or their LAR will be applied.
L511: Patient screening, eligibility check, randomisation and study drug administration needs to happen within 6 hours after ED presentation. The main goal is to obtain informed consent from the patient or LAR prior to randomisation. However, it is perfectly reasonable that we won’t be able to access the LAR in time to enrol the patient into the clinical trial, justifying the need for delayed consent.
L512: There is an abundance of evidence that Vitamin C is safe to administer.
L513: The process for obtaining and documenting initial and continued informed consent from potential trial participants will be conducted in accordance with ICH-GCP E6(R2), applicable regulatory requirements and internal SOPs.
L514: Participant Information Sheets will be provided in Dutch, French and English and in a format easily understood by the participant population. They will be approved by the EC and be in compliance with GCP, local regulatory requirements and legal requirements.
L515: Potential participants or their LAR will have the possibility to ask questions.
L516: All originally signed obtained Informed Consent Forms (ICFs) must be retained/archived in the Investigator Site File (ISF) at the Participating Site and must not be destroyed (even when a scanned copy is available) before expiration of the legal archiving term as defined in the protocol section entitled “Archiving”.
L517: Participants may voluntarily withdraw consent to participate in the trial for any reason at any time. The participant’s request to withdraw from the trial must always be respected without prejudice or consequence for further treatment. Consent withdrawal will be documented in the participant’s medical record. The PI must take into account the consequences of such withdrawal: (1) further use of personal data/Trial data, (2) use of human biological materials already collected, (3) safe transition to alternative treatment options, etc. as applicable.
L518: Trial data and samples collected before withdrawal can be used in the trial.  No new trial data or samples will be collected after withdrawal of the participant.
L519: ## Trial randomisation
L520: Patients in the trial will be randomly assigned to the intervention group or the control group.
L521: Ardena Gent NV, a Drug Product Development & Manufacturing firm, will blind, package, relabel the IMP kits and provide randomization. Site staff will be blinded to study arm allocation. Once inclusion and exclusion criteria are verified, participants will be randomly assigned a treatment kit through randomize.net.
L522: Randomization lists will be provided by Ardena Gent NV in a 1:1 allocation ratio stratified by site. Within each site, block randomization will be applied using varying block sizes. The online platform randomize.net will be used for randomization. It is web based and accessible 24/7. Each study site staff member able to include patients in the trial, will have a personal log in.
L523: ## Blinding
L524: Once the patient has been randomized, a patient treatment kit will be allocated. These pre-made kits will contain the blinded IV ampoules for the entire treatment period (16 doses - 4 days) for the patient.
L525: The treatment kit will contain 52 ampoules (48 to be administered, 4 reserve ampoules) of Vitamin C 500mg/5ml OR 52 ampoules of Normal Saline 5ml 9mg/ml. These ampoules have identical sizes and will be blinded by a cap and sticker so that they look identical. For administration, bedside nurses will have to dilute 3 ampoules in 50ml of Normal Saline. Vitamin C for IV use and normal saline are both colourless and odourless. It has been described that Vitamin C can turn yellowish, but only if stored for too long or under non ideal circumstances. This way, trial participants, as well as care providers will be blinded to intervention.
L526: Blinding, packaging, and distribution will be performed by Ardena Gent NV.
L527: The trial team opted for this strategy for several reasons:
L528: Timely administration of Vitamin C. Currently insufficient information about the stability of dissolved Vitamin C in Normal Saline is available. Since administration needs to happen within 6 hours after ED presentation, a fresh stock of prepared solutions should always be available on every site (and renewed every couple days). This would require extensive stability testing and a 24/7 on call pharmacist on every site to provide the following doses of Vitamin C.
L529: Logistics. Patients will be transferred during these 4 days from the ED to the ICU and potentially the ward. Having one pre-made patient kit with clear instructions will facilitate administration of the study drug.
L530: Final unblinding of all trial participants will happen after the creation of a locked analysis data set.
L531: ## Unblinding
L532: Breaking the blind will only take place where information about the participant’s trial treatment is clearly necessary for the appropriate medical management of the participant. In all cases the Investigator would be expected to evaluate the causality and expectedness of (S)AEs as though the participant was receiving the active medication.
L533: The following process will be installed:
L534: breaking the blind can only be done by the CI/PI/SubPI through the IRT system.
L535: if the person requiring the unblinding is not the CI/PI/SubPI, then that health care professional will contact the C-EASIE team (ceasie@uzleuven.be, 016 345820, 016340700 (only in case of emergency))  with an unblinding request for a trial subject and an assessment to unblind should be made in consultation with the clinical and research teams.
L536: on receipt of the treatment allocation details, the CI/PI or treating health care professional will continue to deal with the participant’s medical emergency as appropriate.
L537: the CI/PI documents the breaking of the code and the reasons for doing so on the eCRF, in the site file and medical notes. It will also be documented at the end of the study in any final study report and/or statistical report.
L538: the CI/Investigating team will notify the Sponsor in writing as soon as possible and preferably before unblinding happens.
L539: The written information (reason for unblinding) will be disseminated to the Data Safety Monitoring Committee for review in accordance with the data monitoring committee (DMC) Charter.
L540: As the investigator is responsible for the medical care of the individual trial subject (Declaration of Helsinki 3§ and ICH 4.3) the coding system in blinded trials should include a mechanism that permits rapid unblinding (ICH GCP 5.13.4). The investigator cannot be required to discuss unblinding if he or she feels that emergent unblinding is necessary.
L541: ## Baseline and follow up data
L542: Parameters should be obtained as part of routine clinical care. To avoid burden on clinical care in a time of a strained health care system, we will mainly collect lab values that are considered routine clinical care in sepsis. Only on day 1 and 4 a targeted blood sample will be collected for procalcitonin determination.
L543: | Age, (y) Sex, No (%) 	Men 	Woman Weight (kg) Medical History |
L544: | --- |
L545: | NEWS at ED presentation SOFA score  At randomization |
L546: | Sepsis etiology, No (%) Respiratory Gastro-intestinal Urinary Skin or soft tissue Catheter Other/unknown |
L547: | Disease Severity, No (%) Sepsis Septic shock |
L548: | Physiological variables (d1-5) Serum creatinine, mg/d Procalcitonin, ng/ml CRP, mg/l Sodium, mmol/l Lactate, mmol/l |
L549: | Interventions during admission, Y/N + # days Mechanical ventilation Vasopressors RRT |
L550: | IV fluids Total of IV fluids administered during d1-5 Daily fluid balance |
L551: | Time from ED presentation to 1st dose of Vitamin C Time to 1st antibiotic |
L552: ## Trial assessments
L553: Baseline:
L554: NEWS score will be calculated at ED presentation (1st set of vital signs measured).
L555: The EQ-5D-5L health questionnaire will be obtained. If the patient’s clinical status doesn’t allow self-completion, the questionnaire may be completed by proxy.
L556: A pregnancy test will be performed for women of child bearing potential. If not included in the standard of care (BetaHCG on blood sample), a urine test will be performed on study budget.
L557: *Initially the patient will be asked if she reached menopause. If the answer is no, a pregnancy test will be performed. When in doubt or when it is impossible to ask the patient, a pregnancy test will be performed in every female patient ≤ 55 years old.
L558: By visit:
L559: Daily assessments (day 1-5):
L560: - Administration of study drug.
L561: - Calculation of SOFA score.
L562: - Vital signs (GCS, HR, BP, SpO2).
L563: - Clinical data collection for assessment of study outcomes (vasopressor, mechanical ventilation and RRT need, daily fluid balance, total dose steroids administered).
L564: - Adverse event evaluation.
L565: Serious adverse events and adverse events graded severe will be collected when these are not outcomes of the study.
L566: Day 5: EQ-5D-5L health questionnaire
L567: Day 28:
L568: One month after inclusion, the patient (or family) will be contacted. In case the patient would be still admitted, a 5th bedside visit will be scheduled. This will allow to determine 28-day mortality.
L569: At the same time the EQ-5D-5L health questionnaire including return to work will be performed (self-complete online or by proxy). The patient will receive a link through e-mail on day 27. There’s a 6 day interval to complete the questionnaire. If the patient hasn’t filled in the questionnaire, he/she will receive a reminding phone call.
L570: Month 3:
L571: The EQ-5D-5L health questionnaire including return to work will be performed for the last time (self-complete online or by proxy). The patient will receive a link through e-mail on day 87. There’s a 6 day interval to complete the questionnaire. If the patient hasn’t filled in the questionnaire, he/she will receive a reminding phone call.
L572: Laboratory tests:
L573: Daily laboratory tests are part of routine clinical care and will be collected (CRP, hematology, chemistry, kidney and liver test). Hematology, kidney and liver testing is necessary to calculate SOFA scores and is standard of care in ED and ICU.
L574: Procalcitonin will be analyzed at d1 and d4. PCT is an effective biomarker for diagnosing sepsis and predicting disease severity and mortality. It’s more specific and sensitive then CRP or leucocytes. This is currently not standard of care in Belgian hospitals. These costs will be borne by the C-EASIE trial.
L575: ABG analysis is part of routine clinical care in ICU. If the patient would be discharged to the ward before day 5, ABG sampling is not considered standard of care, however recommended if clinically indicated (O2Sats below 92%). In order to be able to calculate the SOFA score in this population, we will use the SpO2/FiO2 ratio to impute for PaO2/FiO2 ratio in the respiratory component32.
L576: ## Table of trial procedures
L577: |  | Screen | Baseline |  |  |  |  |
L578: | --- | --- | --- | --- | --- | --- | --- |
L579: |  | Day 0-1* | Day 1* | Daily Day 2-4 | Day 5 | Day 30 +/- 3days | Day 90 +/- 3 days |
L580: | Assessments/Procedures |  |  |  |  |  |  |
L581: | ELIGIBILITY |  |  |  |  |  |  |
L582: | Informed consent | X |  | X (if delayed) |  |  |  |
L583: | Demographics & Medical History | X |  |  |  |  |  |
L584: | In- and exclusion criteria | X |  |  |  |  |  |
L585: |  |  |  |  |  |  |  |
L586: | STUDY INTERVENTION |  |  |  |  |  |  |
L587: | Randomization |  | X |  |  |  |  |
L588: | Administration of study drug |  | X | Daily for 4 days or until discharge |  |  |  |
L589: |  |  |  |  |  |  |  |
L590: | STUDY PROCEDURES |  |  |  |  |  |  |
L591: | Vital signs (incl SpO2 and temperature) |  | X | X | X |  |  |
L592: | SOFA score calculation |  | X | X | X |  |  |
L593: | Clinical data collection |  | X | X | X |  |  |
L594: | AE evaluation |  | X | X | X | X |  |
L595: | Concomitant Medication** |  | X | X | X |  |  |
L596: | 28 day mortality |  |  |  |  | X |  |
L597: | Quality of life questionnaire (EQ-5D-5L) |  | X |  | X | X | X |
L598: | Return to work |  |  |  |  | X | X |
L599: |  |  |  |  |  |  |  |
L600: | LABORATORY |  |  |  |  |  |  |
L601: | CRP, haematology, chemistry, kidney and bilirubin |  | X | X | X |  |  |
L602: | Procalcitonine |  | X | X (day 4) |  |  |  |
L603: | ABG |  | X | Daily in ICU (on ward only if clinically indicated) | In ICU (on ward only if clinically indicated) |  |  |
L604: | Pregnancy test | X |  |  |  |  |  |
L605: * Only when a patient is admitted at the ED after 6 PM, it might be that screening and randomization will not take place on the same date. In that case screening will be performed on day 0. Otherwise both screening and randomization will be performed on the same day, being day 1.
L606: ** Concomitant medication: both the administration of vasoactive agents and corticosteroids will be monitored from day 1 to 5 (type, amount and duration). The only concomitant medication that needs to be specified in the eCRF are antibiotics and the medication used to treat potential adverse events. Continuation of home medication, pain medication, thrombosis and ulcer profylaxis are not considered as concomitant medication.
L607: ## Standard of Care in Sepsis
L608: This protocol includes suggested treatment options in regards to antimicrobial therapy, fluid resuscitation, hemodynamic support and RRT, according to international guidelines4. Where applicable recommended therapy regimens are mentioned as they will be standardized for the C-EASIE-trial protocol. Unless otherwise mentioned, local policy may not replace treatment strategy for participating patients.
L609: ANTIMICROBIAL THERAPY
L610: Broad spectrum antibiotics must be administered within 1 hour after diagnosis of sepsis.
L611: FLUID RESUSCITATION
L612: An initial fluid bolus (usually 500ml-1000ml) is considered appropriate as first treatment option5:
L613: - for hypotension (as defined by systolic blood pressure SBP < 90mmHg or mean arterial pressure MAP < 65 mm Hg)
L614: - for hypoperfusion (as defined by serum lactate ≥ 4 mmol/l)
L615: A further fluid challenge technique should be applied where fluid resuscitation is continued as long as hemodynamic factors continue to improve. Fluid resuscitation should be guided by the patients’ fluid responsiveness.
L616: This can be assessed through:
L617: - The administration of a fluid challenge
L618: - Passive leg raise (PLR) testing
L619: - Pulse pressure variation and stroke volume variation in patients who are on full mechanical ventilation (no spontaneous breaths), are ventilated with a tidal volume of ≥ 8 ml/kg and have no arrhythmias
L620: - Bedside sonographic evaluation of stroke volume, contractility and vena cava inferior
L621: Patients are fluid responsive if there is an increase of stroke volume of 15% after the patient receives 500 ml of crystalloid over 10-15 minutes or if there is an increase in stroke volume or MAP of 10% after PLR.
L622: Patients who exhibit a SVV or PPV > 10% may be hypovolemic and therefore may respond positively to a fluid challenge.
L623: Sonographic markers of fluid responsiveness are hypercontractility or VCI collapse of > 50% and VCI diameter < 2cm.
L624: Balanced crystalloids are considered the fluid of choice. Albumin derivates can be administered in addition to crystalloids in refractory shock (when patients require substantial amounts of crystalloids). Starches and gelatins should/must be avoided.
L625: HEMODYNAMIC SUPPORT
L626: Vasoactive medications
L627: Vasopressors are applied if hypotension or hypoperfusion persists during or after fluid resuscitation to maintain a mean arterial pressure of ≥ 65 mm Hg or if serum lactate ≥ 4 mmol/L persists.
L628: - Norepinephrine is the first-choice vasopressor.
L629: - Either vasopressin (with doses up to 0,03 U/min) or epinephrine may be added with the intent of raising MAP to target, or vasopressin alone may be added to decrease norepinephrine dosage.
L630: - Dobutamine infusion can be added to pre-existing vasopressor therapy in the presence of myocardial dysfunction, defined as sonographic measurements of elevated cardiac filling pressures and low cardiac output.
L631: - No low-dose dopamine infusion is recommended in our study.
L632: - Other inotropic agents may be associated along the decision of the treating physician.
L633: In patients treated with vasoactive medications, an arterial catheter must be inserted.
L634: Corticosteroids
L635: If hemodynamic stability cannot be achieved with fluid resuscitation and vasoactive medication (defined as persistent hypotension with MAP < 65 mm Hg or hypoperfusion with serum lactate ≥ 4 mmol/L), IV hydrocortisone can be considered at a dose of 200 mg per day.
L636: In our study we would recommend a restrictive strategy on a case-by-case basis in selected patients with refractory shock and no other cause found, associating hydrocortisone not earlier than a noradrenaline dose of 0.5 y or higher for persisting hypotension.
L637: Corticosteroids should be used in patients who have shock and a specific indication for corticosteroid therapy e.g. anaphylaxis, known steroid dependence (e.g. for chronic immunosuppression), known hypoadrenalism or other steroid-responsive conditions like asthma or rheumatoid arthritis.
L638: RENAL REPLACEMENT THERAPY
L639: In our study we suggest using CRRT to facilitate management of fluid balance in hemodynamically unstable septic patients. RRT should not be used in patients with sepsis and acute kidney injury for increase in creatinine or oliguria without other definitive indications for dialysis (severe electrolyte, acid-base or fluid imbalances).
L640: ## Withdrawal criteria
L641: Participants may voluntarily discontinue trial treatment and/or prematurely end their participation in the trial for any reason at any time. In such case the Investigator must make a reasonable effort to contact the participant in order to document the primary reason for this decision.
L642: The Investigator may also decide at any time during the course of the trial, to temporarily interrupt or permanently discontinue the trial treatment if it is deemed that continuation would be detrimental to, or not in the best interest of, the participant.
L643: Similarly, the Sponsor, EC or authorized regulatory authority can decide to halt or prematurely terminate the trial when new information becomes available whereby the rights, safety and well-being of trial participants can no longer be assured, when the integrity of the trial has been compromised, or when the scientific value of the trial has become obsolete and/or unjustifiable.
L644: ### Discontinuation of trial intervention
L645: If the intervention is stopped early, the reason should be recorded in the patient’s medical records and be reported on the appropriate eCRF whether it is due to either the patient’s, LAR’s or clinician’s decision.
L646: Circumstances requiring premature treatment interruption or discontinuation of the trial, include but are not limited to:
L647: The patient and/or patient’s LAR does not wish to continue with further trial intervention.
L648: Safety concerns related to IMP or unacceptable intolerability.
L649: Investigator’s decision.
L650: Other reason.
L651: The trial will be analysed on an intention-to-treat (ITT) basis and all patients who stop the randomized trial intervention will remain in the trial for follow-up unless the patient and/or LAR explicitly withdraws consent for data collection.
L652: ### Withdrawal of consent (discontinuation of trial participation)
L653: A patient’s wishes with respect to his or her data must be respected.
L654: The patient and/or LAR may withdraw consent at any time during the study. For the purposes of this trial, withdrawal is defined as:
L655: The patient would like to withdraw consent from study and is not willing to be followed up for the purposes of the trial at any further visits (i.e. only data collected prior to the withdrawal of consent can be used in the trial analysis).
L656: The details of withdrawal should be clearly documented in the patient’s medical records and in the eCRF.
L657: ### Loss to follow-up
L658: If a patient is lost to follow-up, every effort should be made to contact the patient’s primary physician (GP) to obtain information on the patient’s status. Similarly, if a patient’s care is transferred to another clinician, every effort should be made so that follow-up information be obtained.
L659: ## End of trial
L660: The end of trial is 3 months after inclusion of the last patient in the trial, which is the date of the last visit of the last patient in the trial.
L661: # TRIAL Intervention / MEDICATION
L662: ## Name and description of intervention(s)
L663: The C-EASIE trial involves the administration of licensed medicinal products, Ascorbic Acid (generic name) or Normal Saline (placebo).
L664: The intervention group will receive Vitamin C PANPHARMA 500mg/5ml solution for injection (5ml ampoules).
L665: The comparator group will receive PHYSIO STEROP 45mg/ 5 ml, a solvent for parenteral use IV (5ml ampoules).
L666: For both comparator or intervention medication, 3 ampoules will be diluted in 50ml normal saline and will be administered every 6 hours during 4 days.
L667: ## Legal status of the intervention
L668: Vitamin C is a licensed drug and is being used for the following indication: Vitamin C deficiency and methemoglobinemia in childhood. The product will be used for a new indication (sepsis) and at slightly higher doses (1.5g QID). However in most patients the maximum daily dose of 100 mg/kg described in the information leaflet will not be exceeded. This off-label use is supported by sufficient published evidence that administration of Vitamin C at the dose administered in our trial is considered safe in sepsis patients.
L669: The trial is being carried out under a Clinical Trial Authorisation (CTA). The drug is therefore only to be used by the named investigators, for the patients specified in this protocol, and within the trial.
L670: ## Summary of Product Characteristics (SmPC)
L671: A summary of product characteristics is available and can be found in Appendix 6.
L672: ## Drug storage and supply
L673: Ardena Gent NV will package, label and blind Vitamin C and Placebo ampoules. In one labelling round, Ardena Gent NV will prepare the treatment kits for the entire study period. Depending on the expiry date of the Vitamin C batch, a second labelling round is planned. A first shipment of 20 kits is foreseen at the start of the trial to each of the participating sites. Treatment kits are delivered to the pharmacies of the sites. Further distribution will be foreseen throughout the trial. Stock will be manually monitored by the team of the Investigator. When a participating site has less than 5 treatment kits available, the C-EASIE team is contacted. The C-EASIE team informs Ardena Gent NV and shipment is planned within maximum 3 working days. A multiple of 10 treatment kits is delivered, depending on the recruitment capacity of the site.
L674: Treatment kits will be stored on all sites and at Ardena Gent NV under GCP approved conditions. Treatment kits should be stored at room temperature below 25°C.
L675: ## Preparation and labelling of Investigational Medicinal Product
L676: Treatment kits will contain 52 ampoules of Vitamin C 500mg/5ml or 52 ampoules of Normal Saline 5ml 9mg/ml. The ampoules have identical sizes and will be blinded by a cap and sticker so that they look identical. For administration, bedside nurses will have to dilute 3 ampoules in 50ml of Normal Saline.
L677: Vitamin C for IV use and normal saline are both colourless and odourless.
L678: Labelling will be done according to legal requirements.
L679: ## Dosage schedules or Intervention schedule
L680: Patients will receive 1.5g of IV Vitamin C or placebo every 6 hours during 4 days. This will be administered over 15 minutes. Each treatment kit will contain 52 ampoules (48 to be administered, 4 reserve ampoules). The unused ampoules will be destroyed locally at each site after verification of drug accountability by the monitor.
L681: In order to achieve adequate serum levels we opted for IV dosing knowing that Vitamin C has limited oral absorption and the fact that predicted serum concentration of vitamin C is lower in critically ill patients due to the increased metabolic consumption of the molecule.
L682: # Safety reCorDing and REPORTING
L683: ## Definitions
L684: ### Definitions (IMPs)
L685: | Term | Definition |
L686: | --- | --- |
L687: | Adverse Event (AE) | Any untoward medical occurrence in a participant to whom a medicinal product has been administered, including occurrences which are not necessarily caused by or related to that product. |
L688: | Adverse Reaction (AR) | An untoward and unintended response in a participant to an investigational medicinal product which is related to any dose administered to that participant. The phrase "response to an investigational medicinal product" means that a causal relationship between a trial medication and an AE is at least a reasonable possibility, i.e. the relationship cannot be ruled out. All cases judged by either the reporting medically qualified professional or the Sponsor as having a reasonable suspected causal relationship to the trial medication qualify as adverse reactions. |
L689: | Serious Adverse Event (SAE) | A serious adverse event is any untoward medical occurrence that: results in death is life-threatening requires inpatient hospitalisation or prolongation of existing hospitalisation results in persistent or significant disability/incapacity consists of a congenital anomaly or birth defect Other ‘important medical events’ may also be considered serious if they jeopardise the participant or require an intervention to prevent one of the above consequences. NOTE: The term "life-threatening" in the definition of "serious" refers to an event in which the participant was at risk of death at the time of the event; it does not refer to an event which hypothetically might have caused death if it were more severe. |
L690: | Serious Adverse Reaction (SAR) | An adverse event that is both serious and, in the opinion of the reporting Investigator, believed with reasonable probability to be due to one of the trial treatments, based on the information provided. |
L691: | Suspected Unexpected Serious Adverse Reaction (SUSAR) | A serious adverse reaction, the nature and severity of which is not consistent with the information about the medicinal product in question set out: in the case of a product with a marketing authorisation, in the summary of product characteristics (SmPC) for that product in the case of any other investigational medicinal product, in the investigator’s brochure (IB) relating to the trial in question |
L692: NB: to avoid confusion or misunderstanding of the difference between the terms “serious” and “severe”, the following note of clarification is provided: “Severe” is often used to describe intensity of a specific event, which may be of relatively minor medical significance. “Seriousness” is the regulatory definition supplied above.
L693: ## Recording of safety findings in function of the available evidence
L694: ### The case of medicines investigated outside of any approved label or medical devices investigated outside of any CE marked intended use or other types of intervention that are still considered experimental (not in routine clinical use)
L695: The following safety events will be recorded:
L696: - AEs graded severe (considerable interference with the subject’s daily activities, unacceptable ((life-threatening or urgent intervention required)).
L697: - SAEs.
L698: ### General considerations for the recording of safety findings
L699: In general, the following should not be reported as AEs:
L700: - Pre-existing conditions, including those found as a result of screening (these should be reported as medical history or concomitant illness).
L701: - Pre-planned procedures, unless the condition for which the procedure was planned has worsened from the first trial-related activity after the subject has signed the informed consent.
L702: - Deterioration of the existing condition or known side-effects recorded as primary or secondary endpoints are not reported as adverse events.
L703: The following events not to be considered as SAEs are:
L704: - Pre-planned hospitalizations unless the condition for which the hospitalization was planned has worsened from the first trial-related activity after the subject has signed the informed consent.
L705: - Hospitalization as part of a standard procedure for protocol therapy administration. However, hospitalization or prolonged hospitalization for a complication of therapy administration will be reported as an SAE.
L706: - Hospitalization or prolongation of hospitalization for technical, practical, or social reasons, in absence of an AE.
L707: - Mortality or ‘serious’ outcome related to disease progression.
L708: For this trial, only Adverse Events graded as severe and Serious Adverse Events shall be collected, i.e. adverse events that  have a considerable interference with the subjects daily activities and/or are considered unacceptable (life-threatening and/or require an urgent intervention). Adverse events that are also outcomes of the trial, are also exempt from reporting.
L709: Investigators will seek information on AEs during each patient contact. All events, whether reported by the patient or noted by trial staff, will be recorded in the patient’s medical record and in the eCRF within a reasonable time after becoming aware. If available, the diagnosis should be reported on the AE form, rather than the individual signs or symptoms. If no diagnosis is available, the Investigator should record each sign and symptom as individual AEs.
L710: The following minimum information should be recorded for each AE:
L711: - AE description
L712: - start and stop date of the AE
L713: - action taken
L714: - severity
L715: - seriousness
L716: - causality assessment to the Investigational Medicinal Product (IMP) and/or study procedures
L717: - outcome
L718: - whether the event would be considered expected or unexpected
L719: In all cases AEs and/or laboratory abnormalities that are critical to the safety evaluation of the participant will be reported to the Sponsor.
L720: AEs must be evaluated by an Investigator as to:
L721: - Seriousness: whether the AE is an SAE. See above for the seriousness criteria.
L722: - Severity:
L723: - Severity must be evaluated by an Investigator according to the following definitions:
L724: - Mild – no or transient symptoms, no interference with the subject’s daily activities
L725: - Moderate – marked symptoms, moderate interference with the subject’s daily activities
L726: - Severe – considerable interference with the subject’s daily activities, unacceptable (life-threatening or urgent intervention required)
L727: - Causality:
L728: - None – An AE which is not related to the IMP or experiment
L729: - Unlikely – An AE for which an alternative explanation is more likely (e.g. concomitant medication(s), concomitant disease(s)), and/or the relationship in time suggests that a causal relationship is unlikely
L730: - Possible – An AE which might be due to the use of the IMP or the experiment. An alternative explanation is inconclusive. The relationship in time is reasonable; therefore the causal relationship cannot be ruled out.
L731: - Probable - An AE which might be due to the use of the IMP or the experiment. The relationship in time is suggestive (e.g. confirmed by dechallenge). An alternative explanation is less likely.
L732: - Definitely – An AE which is listed as a possible adverse reaction and cannot be reasonably explained by an alternative explanation. The relationship in time is very suggestive (e.g. it is confirmed by dechallenge and rechallenge).
L733: As reference Safety Information we will use the latest SmPC of VITAMIN C PANHARMA 100 mg/ml solution for injection (see Appendix 6 and any subsequent updates).
L734: This IMP reference documentation will be used for pharmacovigilance purposes and can be used to assess the expectedness of events and will be checked by the Sponsor for changes on the anniversary of the Clinical Trial Authorisation.
L735: ## Expedited reporting of AEs, SAEs and SUSARs.
L736: After informed consent has been obtained but prior to initiation of trial treatment, only adverse events caused by a study specific procedure should be reported.
L737: For this trial, after initiation of trial treatment, only severe AEs and Serious Adverse Events shall be collected. Adverse events that are also collected as outcomes will not be separately reported.
L738: All AEs graded as severe will be reported until 30 days after last trial treatment administration or until last follow-up visit (whichever occurs first).
L739: All SAEs as defined in the protocol must be reported to the Sponsor within 24 hours of the trial staff becoming aware of the event. The immediate report shall be followed by a detailed, written report. The immediate and follow-up reports shall identify subjects by Trial identification.
L740: SAE details will be reported by the Investigator to the Sponsor by completing the SAE form in the eCRF.
L741: Medical Dictionary for Regulatory Activities MedDRA coding is automatically assigned through eCRF. Review of MedRa coding is part of the Data Management Services of CTC.
L742: If an authorised Investigator from the reporting site is unavailable, initial reports without causality and expectedness assessment should be submitted to the Sponsor by a healthcare professional within 24 hours of becoming aware of the SAE, but must be followed-up by medical assessment as soon as possible thereafter.
L743: The Investigator must record follow-up information by updating the patient’s medical records and the appropriate forms in the eCRF. The worst case severity and seriousness of an event must be kept throughout the trial.
L744: SAE follow-up information should only include new (e.g. corrections or additional) information and must be reported within 24 hours of the Investigator’s first knowledge of the information. This is also the case for previously non-serious AEs which subsequently become SAEs.
L745: - All SAEs must be followed up until the outcome of the event is ‘recovered’, ‘recovered with sequelae’, ‘not recovered’ (in case of death due to another cause) or ‘death’ (due to the SAE) and until all related queries have been resolved, or until end of trial (whichever occurs first).
L746: - Non-serious AEs must be followed up until the patient’s last study visit, and until all related queries have been resolved.
L747: SAEs after the end of the trial: If the Investigator becomes aware of an SAE with suspected causal relationship to the IMP or experiment after the subject has ended the trial, the Investigator should report this SAE within the same timelines as for SAEs during the trial.
L748: Where a participant withdraws consent for further processing of data, this does not preclude the reporting of SARs and SUSARs which are required to continue being reported according to the protocol for regulatory purposes. The PIS includes a section explaining this to the participant.
L749: Justification for recording and reporting
L750: The sepsis patient population is a seriously ill group. Most adverse events may be of a serious nature with or without the trial intervention, and both intervention groups are expected to have a very high proportion of serious adverse events. It is therefore not feasible, nor meaningful to record and report all adverse events.
L751: ## Reporting requirements to EC’s and CA’s
L752: The Investigator is responsible for ensuring that all safety events are recorded in the eCRF and reported to the Sponsor in accordance with instructions provided below.
L753: The Sponsor will promptly evaluate all SAEs against medical experience to identify and expeditiously communicate possible new safety findings to Investigators, EC’s and applicable CA’s based on applicable legislation.
L754: ### Sponsor’s reporting of SUSARs
L755: After receiving the SAE report form from the Investigator, the Sponsor has to make a causality (relationship) assessment. The term SADR (Serious Adverse Drug Reaction) is to be used whenever either the Investigator or the Sponsor deems the SAE as possibly or probably related to the IMP.
L756: The Sponsor must evaluate (and document the evaluation of) the expectedness for each SADR against the Reference Safety Information (SmPC). In case the event is Unexpected (= a SUSAR) it must be reported by the Sponsor to the EC’s, CA’s (through the EudraVigilance database), the Federal agency for medicines and health products (FAMHP) and other participating Investigators within the following timelines:
L757: 7 calendar days if fatal or life-threatening event (follow-up information within an additional 8 days)
L758: 15 calendar days if non-fatal or non-life-threatening event (follow-up information as soon as possible)
L759: For reporting to the EudraVigilance database, all information related to the SUSAR should be provided by the Sponsor to the CTC of UZ Leuven as soon as possible. Contact details: CTC@uzleuven.be and tel. 016 34 19 98.
L760: ### Annual reporting
L761: The Sponsor has the obligation to, once a year throughout the clinical trial (or on request), submit a progress report to the EC’s and CA’s containing an overview of all SARs occurred during the reporting period and taking into account all new available safety information received during the reporting period.
L762: ## Responsibilities
L763: Principal Investigator (PI):
L764: Checking for AEs and ARs when participants attend for treatment / follow-up.
L765: Using medical judgement in assigning seriousness, causality and expectedness using the Reference Safety Information approved for the trial.
L766: Ensuring that all SAEs and SARs (including SUSARs) are recorded and reported to the Sponsor within 24 hours of becoming aware of the event and provide further follow-up information as soon as available.
L767: Ensuring that AEs and ARs are recorded and reported to the Sponsor in line with the requirements of the protocol.
L768: Chief Investigator (CI) / delegate or independent clinical reviewer:
L769: Clinical oversight of the safety of patients participating in the trial, including an ongoing review of the risk / benefit.
L770: Immediate review of all SUSARs.
L771: Review of specific SAEs and SARs in accordance with the trial risk assessment and protocol as detailed in the Trial Monitoring Plan.
L772: Preparing the clinical sections and final sign off of the Development Safety Update Report (DSUR).
L773: Sponsor:
L774: Central data collection and verification of AEs, ARs, SAEs, SARs and SUSARs according to the trial protocol onto a safety database.
L775: Reporting safety information to the CI, delegate or independent clinical reviewer for the ongoing assessment of the risk / benefit according to the Trial Monitoring Plan.
L776: Reporting safety information to the independent oversight committees identified for the trial (Data Monitoring Committee (DMC) and / or Trial Steering Committee (TSC)) according to the Trial Monitoring Plan.
L777: Expedited reporting of SUSARs to the Competent Authority (FAMHP in BE) and EC within required timelines.
L778: Notifying Investigators of SUSARs that occur within the trial.
L779: The unblinding of a participant for the purpose of expedited SUSAR reporting
L780: Checking for (annually) and notifying PIs of updates to the Reference Safety Information for the trial.
L781: Preparing standard tables and other relevant information for the DSUR in collaboration with the CI and ensuring timely submission to the FAMHP and REC.
L782: Trial Steering Committee (TSC):
L783: In accordance with the Trial Terms of Reference for the TSC, periodically reviewing safety data and liaising with the DMC regarding safety issues.
L784: Data Monitoring Committee (DMC):
L785: In accordance with the Trial Terms of Reference for the DMC, periodically reviewing unblinded overall safety data to determine patterns and trends of events, or to identify safety issues, which would not be apparent on an individual case basis.
L786: ## Notification of deaths
L787: All deaths (unless defined under section ‘Adverse events that do not require reporting’ that deaths should not be reported for the trial as SAE) will be reported without delay to the sponsor (irrespective of whether the death is related to disease progression, the IMP, study procedure or is an unrelated event). The sponsor will notify all deaths, as soon as possible after becoming aware, to the Central EC and the EC of the concerned site and provide additional information if requested.
L788: ## Reporting urgent safety measures
L789: If any urgent safety measures are taken, the CI/Sponsor shall immediately and in any event no later than 3 days from the date the measures are taken, give written notice to the FAMHP and the relevant EC of the measures taken and the circumstances giving rise to those measures.
L790: ## The type and duration of the follow-up of subjects after adverse events
L791: See section 9.3
L792: # STATISTICS AND DATA ANALYSIS
L793: ## Populations
L794: The full analysis set (FAS) will, in accordance with the intent-to-treat principle, include all randomised patients according to their randomised treatment. The FAS will be used for the evaluation of all efficacy and safety endpoints.
L795: Patients from the FAS with major protocol deviations will be excluded from the per protocol set (PPS). Examples might, amongst others, refer to patients with a changed DNR status post-randomisation. The PPS will be reviewed and finalized prior to database lock at a Blind Review Meeting prior to database lock where all attendees will be kept blind from randomised study treatment. The Blind Review Meeting will be attended by the Principal Investigator, Study Statistician and other relevant study personnel. All decisions taken at this meeting will be fully documented in a Blind Review Document.
L796: ## Sample size calculation
L797: The required sample size is calculated to detect with at least 80% power a difference in average post-baseline patient SOFA score (calculated over days 2 to 5), based on a constrained longitudinal data analysis model with alpha set at 0.0533. The power is calculated using an approach presented by Stroup34. In the cLDA, both the baseline and post-baseline value are modeled as dependent variables, as opposed to a (longitudinal) ANCOVA model in which the baseline value is included as a covariate. Although the baseline measure is included in the response vector in cLDA, the true baseline means are constrained to be the same for different treatment groups due to randomization, and this analysis provides an adjustment for the observed baseline difference in estimating the treatment effects. Since the randomization is performed within center, considering center as a fixed effect has no impact on the sample size. Patients who die within the time period of 5 days receive the worst outcome (highest SOFA score) starting at the day of death. Based on the cLDA model, 126 patients per group (252 patients in total) are needed to detect with at least 80% power a difference between the control and intervention group of 1 in average post-baseline SOFA score. A standard deviation of the SOFA score equal to 3.5 and a correlation between the time points equal to 0.5 is assumed. These were conservative estimates, derived from reported information in two studies16,24. 2.5%, 5%, 10% and 15% missing values are assumed on d2, d3, d4 and d5, respectively (combination of dropout and mortality). However, the sample size will be increased to 150 patients per group to anticipate a larger variability due to the imputation of one or more maximal SOFA scores for deceased patients.
L798: Given the uncertainty on the assumed variability of the modified SOFA score, the assumed correlation between the time points and the assumed dropout rate, a blinded interim analysis for sample size re-estimation35 will be performed 12 months after start of the study (or at the latest if 75% of the planned number of subjects is recruited). If the observed standard deviation, dropout rate and correlations deviate from the assumed values such that the desired power level of 80% is not guaranteed anymore, an increase of the planned sample size will be considered. If the power level is at least 80% with the observed values for the CV, the sample size will remain unaltered. Note that no interim analyses are planned to stop the study earlier for efficacy or futility, this to avoid loss of information on the secondary endpoints.
L799: ## Planned recruitment rate
L800: This trial requires the recruitment of approximately 300 patients for primary analysis. Eight sites have confirmed to participate in the trial: UZL, UZA, UZB, CHUL, GZA, ULB, CHU St Pierre BXL and AZT.
L801: Past year, approximately 1868 adult patients were hospitalized via the ED with as main diagnosis sepsis or septic shock (UZL 480, GZA 576, UZA 240, AZT 96, CHUL 32, UZB 240, ULB 24, CHU St Pierre BXL 180). These numbers were based on a retrospective analysis of 2 weeks in 2019. Minors are already excluded in these numbers. Given the time sensitive administration of study medication (within 6 hours) and the limited availability of some sites (no day and night inclusion, competing trials for septic patients), we estimated a 10% patient inclusion rate. Based on these numbers, we expect a recruitment period of 18 months to be sufficient.
L802: ## Statistical analysis plan
L803: ### Summary of baseline data and flow of patients
L804: Baseline continuous data (for full list see 7.6 Baseline and follow-up data) will be summarized using means (standard deviation) or medians (interquartile range). For categorical data, numbers and proportions will be reported (with the corresponding sample size numbers).
L805: A Flow diagram of the progress through the phases of a parallel randomized trial of two groups (consort flow diagram) will be produced.
L806: ### Primary outcome analysis
L807: The primary analysis compares the average post-baseline patient SOFA score (average over days 2-5) instead of the SOFA score of a single time point being either a fixed day or the day the maximum SOFA score has been reached for the following reasons. First, it is important to capture the full evolution during the first 5 days instead of selecting a single time point (being a fixed day or the day of discharge). Second, patients with septic shock will already have a high SOFA score at inclusion, such that a change versus the maximum value will not contain a lot of information. The average post-baseline score will be compared between both groups using a two-sided test derived from a cLDA model using a likelihood approach with alpha equal to 0.05. Deceased patients will receive the maximal SOFA score value starting at the day of death. For patients for whom the DNR status changes throughout their treatment making SOFA score calculation impossible, the SOFA score will be treated as missing. The choice of the covariance structure for the five measurements in the cLDA model will be based on the Aikake criterion. Site will be added as a fixed factor in the model. The cLDA analysis is valid under the missing at random assumption (MAR) and assumes that the probability that an observation is missing only depends the observed values of the individual, but not on the missing ones.
L808: ### Secondary outcome analysis
L809: To get a deeper insight in the potential effect on the SOFA score, time point specific comparisons (at d2, d3, d4 and d5) obtained with the cLDA model will be reported. Further, the maximal SOFA score will be compared using a two-sided unpaired t-test. For patients who are discharged, the observed maximum SOFA will be used. If there are patients with a missing SOFA score due to administrative reasons, a multiple imputation approach (20 imputed datasets) will be considered since the observed maximum can be underestimated for these patients. Values will be imputed from the cLDA model.
L810: - For the continuous secondary endpoints (e.g. daily dosage of vasopressor requirement, the daily dosage of IV fluids, lab values ,…) mortality will not explicitly be included in the outcome definition (such as for the primary outcome). Instead, the comparison of both groups will be based directly on a multivariate longitudinal model (applying the aforementioned criteria to select the covariance structure and with site added as a fixed factor).
L811: To appropriately evaluate differences in length of hospital stay and length of ICU stay, death during hospital (ICU) stay will be treated as a competing risk36, using a stratified Gray’s test for the comparison of both groups. The same approach holds for the comparison of the number of ventilation days, duration of vasopressor requirement, RRT duration and total of IV fluids administered. 28-day mortality will be compared using a stratified χ² test.
L812: ### Subgroup analysis
L813: Subgroup analyses for the primary and selected secondary outcomes will evaluate the treatment effect across the following subgroups: age groups, disease severity at baseline (sepsis vs. septic shock) and baseline SOFA (> 8 or < 8). A forest plot will display confidence intervals across subgroups. Interaction tests will be conducted to determine whether the effect of treatment varies by subgroup.
L814: ### Safety Analysis
L815: Safety endpoints are described above. These events will be analyzed univariately and as a composite endpoint. Time-to-event methods will be used for death and the composite endpoint. Each AE will be counted once for a given participant and graded by severity and relationship to sepsis/septic shock or study intervention. Adverse events leading to premature discontinuation from the study intervention and serious treatment-emergent AEs will be described as part of the primary publication of the study results.
L816: All analyses will be performed using SAS software, version 9.4 of the SAS System for Windows.
L817: ### Procedure(s) to account for missing or spurious data
L818: Strategies to maximize follow-up and prevent missing data:
L819: We will try to limit participants’ burden and inconvenience in the data collection stage by:
L820: minimizing the number of visits and assessments,
L821: collecting only the information that is needed at each visit,
L822: using user-friendly case report forms (REDCap),
L823: using direct data capture that does not require a clinic visit whenever feasible
L824: We will provide good training and on study reinforcement that emphasises the importance of complete data collection. Investigators at different sites will receive an additional compensation to the completeness of the data collection.
L825: Data collection is monitored and reported during the trial. Missing data and missed visits that could affect important outcomes will be assessed in real time by site personnel during the clinical trial. The information from these assessments will be shown at regular meetings and on the study website, creating a climate to encourage other investigators to collect more complete data. Also, identification of poorly performing sites can help identify the need for some sort of remediation, including additional training, site visits, or even site closure. Site visits should be targeted on the basis of assessments of the amount of missing data, with the goal of helping to correct the problem.
L826: The reasons for missing data will be recorded in the eCRF. In addition, a protocol deviation log will be completed by the monitor. The monitor will record procedures that didn’t take place and were necessary as per protocol. If the missing data are data that can be found in the patients’ medical record, they will follow this up with the participating site and prompt the local investigator to complete the missing data in the eCRF.
L827: Procedures to account for missing data:
L828: In the statistical analysis of the continuous outcomes, the presence of missing values is handled by using a direct likelihood approach to fit the multivariate model for longitudinal measurements. As such, the analysis is valid under the missing at random assumption (cfr. supra).
L829: If the patient’s status does not require a lab analysis, missing data occur as per protocol. In this case the best possible score will be used for the SOFA score calculation (i.e. 0 points for bilirubin, blood platelets and creatinin) in the daily follow-up. If however a lab analysis was not ordered but was required as per protocol, the SOFA score of that day will be considered as missing.
L830: ### Other statistical considerations.
L831: Changes made in the statistical plan before the database is locked will be amended. Any changes occurring during analysis of the data will be explicitly mentioned in the final report.
L832: ## Data collection for economic evaluation
L833: One of the goals of the KCE Trials programme is to improve the efficiency of the healthcare system. This protocol has been designed with a later possible economic analysis in mind. The planned economic analysis is briefly described below, together with the variables collected in this protocol for this purpose. For the sake of clarity, the economic analysis is not a part of this trial. The decision to conduct such economic analysis will depend on the effectiveness results of this trial.
L834: Background
L835: To facilitate a later cost-utility analysis, quality of life data are collected during the trial (EQ-5D-5L).
L836: From a health economic perspective, faster patient recovery will result in a significant cost reduction for both the patient, society and government.
L837: The primary outcome measure for the economic evaluation will be a cost-effectiveness analysis based on length of hospital stay and healthcare consumption. The latter will be based on outcome variables collected during the trial, such as ICU length of stay, ventilator days, need for RRT and vasopressor use and variables obtained from the IMA administrative data.
L838: Secondary a cost-utility analysis will be performed, using health related quality of life, measured by the EQ-5D-5L. This questionnaire will be filled in at baseline, on day 5, and after 28 days and 3 months post ED presentation. Information about time to return to work will be collected as well.
L839: Our expert panel agreed that on the mark of 2-3 months maximum recovery from sepsis can be expected. In order to capture potential differences between the two patient groups, the EQ-5D-5L questionnaire is scheduled at 5 days (where many patients will still be hospitalized), 28 days (where most patients will not have recovered completely) and 3 months (where patients will have obtained maximum recovery).
L840: # DATA HANDLING
L841: Data collection, handling, processing and transfer for the purpose of this Trial will be performed in compliance with applicable regulations, guidelines for clinical trials and internal procedures, as follows:
L842: All study data are collected by trained staff at each study site from source records (medical and/or nursing documentation) and entered into REDCap. Data collection includes baseline demographics, primary diagnoses, physiological parameters and pathology, interventions and documentation of outcomes and safety events.
L843: A data management plan will be provided by the CTC of UZ Leuven.
L844: ## Data collection tools and source document identification
L845: Source Data will be collected and recorded in the Trial participant’s files/medical records.
L846: Worksheets may be used for capturing some specific data in order to facilitate completion of the eCRF. Any such worksheets will become part of the Trial participant's source documentation and will be filed together with or as part of the medical records (during but also following completion of the Trial).
L847: It remains the responsibility of the Investigator to check that all data relating to the Trial, as specified in the Trial protocol, are entered into the eCRF in accordance with the instructions provided and that the forms are filled out accurately, completely and in a timely manner.
L848: eCRFs are provided by the Sponsor for each participant. The Trial data will be transcribed from the source records (i.e. participant’s medical file or Trial-specific source data worksheets) into an eCRF by Trial Staff. Transcription to the eCRF will be done as soon as possible after a participant visit and in a pseudonymized manner using a unique identifier assigned by the Sponsor.
L849: The eCRFs will be available for review at the next scheduled monitoring visit (as applicable).
L850: ## Data handling and record keeping
L851: All data relating to the Trial must be prepared and validated by the Investigator. Any eCRF entries, corrections and alterations must be made by the Investigator or other authorized Trial staff.
L852: Proper audit trails are available in REDCap to demonstrate the validity of the Trial data collected. This includes historical records of original data entries, by whom and when the data was entered, as well as detailed records of any corrections or additions made to the original data entry (i.e. who made the correction/addition, when and why), without obliterating the original data entry information.
L853: The Trial Data Manager will perform extensive consistency checks on the received data. Queries will be issued in case of inconsistencies in accordance with internal procedures. A Data Management Plan will be developed to map data flows, data validation measures that will be taken, how (interim) database lock(s) will be managed and, as applicable, the role and responsibilities of the Data Safety Monitoring Committee (DSMB).
L854: Any participant records or datasets that are transferred to the Sponsor or any partners of the Sponsor will contain the Trial-specific participant identifier only; participant names or any information which would make the participant identifiable will not be transferred. All pseudonymized data relating to the Trial must be transmitted in a secure manner to the Sponsor (see 11.3).
L855: ## Access to Data
L856: All source data will be kept at a secured location with restricted access at all times. These data must be collected and processed with adequate precautions to ensure confidentiality and compliance with applicable data protection laws and regulations and more in particular the EU General Data Protection Regulation 2016/679 (GDPR) and relevant national laws implementing the GDPR. Appropriate technical and organizational measures to protect the data against unauthorized disclosure or access, accidental or unlawful destruction, or accidental loss or alteration must be established. Trial staff whose responsibilities require access to personal data agree to keep the data confidential.
L857: The Investigator and the Participating Site(s) (as applicable) shall treat all information and data relating to the Trial disclosed to them as confidential and shall not disclose such information to any third parties or use such information for any purpose other than the objectives of the Trial as described in this protocol. The collection, processing and disclosure of personal data, such as participant health and medical information is subject to compliance with applicable laws and regulations regarding personal data protection and the processing of personal data.
L858: Transfer of the pseudonymized data will be performed via a secured method of transfer taking into account all applicable security arrangements and regulations (such as the European General Data Protection Regulation). The receiving party will be bound by contractual agreement to keep the transferred data confidential at all times and to only process the data for the purpose of the Trial. To this end, appropriate Data Transfer Agreements (DTAs) will be established.
L859: The Investigator will permit direct access to Trial data and documents for the purpose of monitoring, audits and/or inspections by authorized entities such as but not limited to: the Sponsor or its designees and competent regulatory or health authorities. As such eCRFs, source records and other Trial related documentation (e.g. the Trial Master File, pharmacy records, etc.) must be kept current, complete and accurate at all times.
L860: ## Archiving
L861: The Investigator will maintain all source documents and completed eCRF that support the data collected from each Trial participant, and will maintain a TMF containing all Trial documents as specified in ICH-GCP E6(R2) Chapter 8 entitled “Essential Documents for the Conduct of a Clinical Trial”, and as specified by applicable regulatory requirement(s).The Investigator will take appropriate measures to prevent accidental or premature destruction of these documents.
L862: # MONITORING, AUDIT & INSPECTION
L863: In accordance with ICH-GCP E6(R2) the Sponsor is responsible for monitoring the Trial to ensure compliance with GCP and current legislation, and to verify, among other requirements, that proper written informed consent has been obtained and documented, that the Trial procedures have been followed as shown in the approved protocol, and that relevant Trial data have been collected and reported in a manner that assures data integrity. To this end Source Data will be compared with the data recorded in the eCRF. Monitoring of the Trial will be performed by qualified individuals (independent from the site Trial staff) according to the monitoring plan.  The Sponsor and Investigator/Participating Site will permit direct access to the Trial data and corresponding Source Data and to any other Trial related documents or materials to verify the accuracy and completeness of the data collected. More details about the monitoring strategy will be described in the Trial specific Monitoring Plan (MP).
L864: # ETHICAL AND REGULATORY CONSIDERATIONS
L865: ## Ethics Committee (EC) review & reports
L866: Before the start of the Trial, this protocol and other related documents (e.g. ICF, advertisements, IB, etc.) will be submitted for review to the EC and to the relevant CA for Trial authorization. The Trial shall not commence until such approvals have been obtained.
L867: It is the responsibility of the CI to produce the Annual Progress Report (APR) and submit to the EC/CA within 30 days of the anniversary date on which favourable opinion to start the Trial was given, and annually until the Trial is declared ended.
L868: The CI shall notify the EC/CA of the end of the Trial. Should the Trial be ended prematurely, the CI will notify the EC/CA and include the reasons for premature termination within 15 days of the decision. The CI will submit a final report with the results, including any publications/abstracts, to the EC/CA within 1 year or within 6 months for paediatric Trials.
L869: ## Peer review
L870: Peer review was conducted by expert referees to the professional and scientific standards expected for clinical studies.
L871: The final protocol was reviewed by 2 independent experts and the principal investigators of participating sites.
L872: ## Public and Patient Involvement
L873: Patients presenting at the ED with sepsis or septic shock are very ill. Moreover, since sepsis is not a chronic disease but an acute infection with the large majority of patients having only one occurrence in life, there is no Belgian based focus group. Keeping these challenges in mind, our research group came up with a solution to enhance patient involvement in our study setting:
L874: - Patient representatives
L875: We included 2 sepsis survivors in our TSC. This way we combine experts in the field of sepsis, emergency medicine and research as well as patient representatives. Bilateral exchange of experiences and knowledge between patients and field experts is key for a patient-centred study-approach. These patients are selected based on their experience and willingness to participate. They were involved in the research design and specifically advised on feasibility of the questionnaires, study visit schedule and informed consent.
L876: ## Regulatory Compliance
L877: The Trial will be conducted in compliance with the principles outlined in the requirements for the conduct of clinical Trials in the EU as provided for in Directive 2001/20/EC or EU Regulation 536/2014, as applicable, and any subsequent amendments, as well as in compliance with ICH-GCP E6(R2) guidelines, other GxP guidelines, the most recent version of the Declaration of Helsinki,  the Belgian law of May 7th 2004 regarding experiments on the human person (as amended) or the Belgian law of May 7th 2017 on clinical Trials with medicinal products for human use, as applicable, and with the EU General Data Protection Regulation 2016/679 (GDPR), the relevant Belgian laws implementing the GDPR, the Belgian Law of August 22nd 2002 on patient rights and all other applicable legal and regulatory requirements.
L878: ## Protocol compliance
L879: The Trial must be performed in accordance with the protocol, current ICH-GCP guidelines, and applicable regulatory and country-specific requirements. GCP is an international ethical and scientific quality standard for designing, conducting, recording, and reporting studies that involve the participation of human participants. Compliance with this standard provides public assurance that the rights, safety, and well-being of Trial participants are protected, consistent with the principles that originated in the most recent version of the Declaration of Helsinki, and that the Trial data are credible, reliable and reproducible.
L880: The Investigator and Trial team acknowledge and agree that prospective, planned deviations or waivers to the protocol are not permitted under applicable regulations on clinical studies. However, should there be an accidental protocol deviation, such deviation shall be adequately documented in the source documents and on the relevant forms and reported to the CI and Sponsor. Deviations should also be reported to the EC as part of the EC’s continued review of the Trial (e.g. through the ASR, APR, etc.). Protocol deviations which are found to frequently recur, will require (immediate) action. Investigator acknowledges that such recurring protocol deviations could potentially be classified as a serious violation.
L881: ## Notification of Serious Breaches to GCP and/or the protocol
L882: It is understood that “a serious violation” is likely to affect to a significant degree:
L883: - the safety or physical or mental integrity of the Trial participants; or
L884: - the scientific validity of the Trial
L885: The Investigator is expected to take any immediate action required to protect the safety of any participant included in the Trial, even if this action represents a deviation from the protocol. In such cases, the Sponsor should be notified of this action and the EC at the Trial site should be informed according to local procedures and regulations.
L886: ## Data protection and patient confidentiality
L887: The Trial will be conducted in compliance with the requirements of the EU General Data Protection Regulation 2016/679 (GDPR), the relevant Belgian laws implementing the GDPR including the Belgian Privacy Act of 30 July 2018 on the protection of privacy in relation to the processing of personal data. Any collection, processing and disclosure of personal data, such as participant health and medical information is subject to compliance with the aforementioned personal data protection laws (cfr. Data Processing Annex (DPA) in Appendix). In case personal data is transferred outside the European Economic Area, safeguards will be taken to ensure that appropriate protection travels with the data in accordance with the GDPR. (https://ec.europa.eu/info/law/law-topic/data-protection/international-dimension-data-protection/rules-international-data-transfers_en#documents)
L888: Any personal data shall be treated as confidential at all times including during collection, handling and use or processing, and the personal data (including in any electronic format) shall be stored securely at all times and with all technical and organizational security measures that would be necessary for compliance with EU and national data protection legislation (whichever is more stringent). The Sponsor shall take appropriate measures to ensure the security of all personal data and guard against unauthorized access thereto or disclosure thereof or loss or destruction while in its custody.
L889: ## Financial and other competing interests for the chief investigator, PIs at each site and committee members for the overall trial management
L890: The chief investigator and PIs at each site declare no competing interests.
L891: At the time of writing of the protocol not all personnel has been identified. The potential financial and competing interest of additional personnel will be collected and documented.
L892: ## Indemnity
L893: The Participating Site, the Investigator and Sponsor shall have and maintain in full force and effect during the term of this Trial, and for a reasonable period following termination of the Trial, adequate insurance coverage for: (i) medical professional and/or medical malpractice liability, and (ii) general liability.
L894: For Belgian Participating Sites
L895: Art 29 of the Belgian Law relating to experiments on human persons dated May 7th, 2004 applies.
L896: Prior to the start of the Trial, the Sponsor shall enter into an insurance contract in order to adequately cover Trial participants from Belgian sites in accordance with art. 29 of the said law.
L897: ## Access to the Study Data by KCE and similar institutes in the EU
L898: This section should be read in conjunction with the research agreement, which supersedes the protocol in case of contradictory statements.
L899: A distinction is to be made by access by KCE (and similar institutes in Europe) and access by other parties.
L900: Access to Study Data by KCE is fully defined in the contract between KCE and the Sponsor and the research agreement template is publicly available on the KCE website. Link: https://kce.fgov.be/en/resources-for-investigators
L901: After the completion of the study the Sponsor will transfer the pseudonymized study data set to KCE. KCE will request approval from the competent chamber of the Information Security Committee (ISC) to have the relevant study data linked with IMA data by a trusted third party (TTP, eHealth platform) using the patient national number.
L902: The patient information and consent includes wording that the national number will be recorded on site by the investigator for later data linkage, but will not be included in trial database available to the sponsor or any other third party. The patient information and consent will also include that in case the patient is randomized, it is planned that a trusted third party (TTP, eHealth platform) will receive and use the national number to link with IMA administrative data. To this end, KCE will receive the link between the study number and the national number under pseudonymized form. KCE will never be able to use the link without authorisation of the ISC and the intervention of the TTP. This data linkage is planned to obtain a more complete data set containing costs related to health care paid by the compulsory health insurance and the patient that will be used for the analysis of effectiveness and cost-effectiveness of the intervention by KCE.
L903: KCE and Sponsor have entered into a research agreement detailing the roles and responsibilities of each party, as well as other legal aspects of this collaboration, including the right to use and access of KCE to the Study Data.
L904: ## Access to the final trial dataset by other parties
L905: Data access by other parties
L906: Only the steering group has access to the full trial dataset in order to ensure that the overall results are not disclosed by an individual trial site prior to the main publication.
L907: However, site investigators will be allowed to access the full dataset if a formal request describing their plans is approved by the steering group.
L908: After the Completion Date, the Sponsor shall use its best efforts to grant, and procures (where applicable) that any Collaborator shall grant, Access Rights to the Results to third parties on a non-exclusive basis and at fair and reasonable terms. In this respect, Sponsor (or the person appointed by it) shall enter into a data use agreement with the third party providing the terms and conditions for such access. Sponsor shall appoint a contact person that shall manage the third party access on its behalf. In the event Sponsor and the relevant third party are unable to agree on the terms and conditions for the access to the Results, Sponsor may request KCE to facilitate the discussions.
L909: # DISSEMINATION POLICY
L910: ## Dissemination policy
L911: The Declaration of Helsinki (latest version) and European and Belgian regulations require that every research Trial involving human participants be registered in a publicly accessible database before recruitment of the first participant. The CI is responsible for registering the Trial.
L912: In addition, the CI will fulfil their ethical obligation to disseminate and make the research results publicly available. As such the CI is accountable for the timelines, completeness and accuracy of the reports. Researchers, authors, Sponsors, editors and publishers must adhere to accepted guidelines for ethical reporting. Negative and inconclusive, as well as positive results must be published or otherwise made publicly available. Sources of funding, institutional affiliations and conflicts of interest must be declared in publication.
L913: ## Authorship eligibility guidelines and any intended use of professional writers
L914: It is anticipated that the results of the overall Study shall be published in a multi-centre publication, involving the data of all clinical sites participating in the Study.
L915: - A Participating Site is not allowed to publish any data or results from the Study prior to the multicentre publication, provided however that Participating Site is allowed to publish the results generated at the Participating Site if the multicentre publication has not occurred after 12 months from Study database lock.
L916: - Any publication by Participating Site will be submitted to the Sponsor for review at least thirty (30) days prior to submission or disclosure. Sponsor shall have the right to delay the projected publication for a period of up to three (3) months from the date of first submission to the Sponsor in order to enable the Sponsor to take steps to protect its intellectual property rights and know-how.
L917: Publications will be coordinated by the Investigator of Sponsor. Authorship to publications will be determined in accordance with the requirements published by the International Committee of Medical Journal Editors and in accordance with the requirements of the respective medical journal.
L918: # REFERENCES
L919: 1. 	World Health Organization. WHO Report on the burden of endemic health care-associated infection worldwide. 2017-11-21 15:11:22 2011 - Google zoeken.
L920: 2. 	Lambden S, Laterre PF, Levy MM, Francois B. The SOFA score - Development, utility and challenges of accurate assessment in clinical trials. Crit Care. 2019;23(1):1-9. doi:10.1186/s13054-019-2663-7
L921: 3. 	Singer M, Deutschman CS, Seymour C, et al. The third international consensus definitions for sepsis and septic shock (sepsis-3). JAMA - J Am Med Assoc. 2016;315(8):801-810. doi:10.1001/jama.2016.0287
L922: 4. 	Rhodes A, Evans LE, Alhazzani W, et al. Surviving Sepsis Campaign. Crit Care Med. 2017;45(3):486-552. doi:10.1097/CCM.0000000000002255
L923: 5. 	Malbrain MLNG, Van Regenmortel N, Saugel B, et al. Principles of fluid management and stewardship in septic shock: it is time to consider the four D’s and the four phases of fluid therapy. Ann Intensive Care. 2018;8(1). doi:10.1186/s13613-018-0402-x
L924: 6. 	Monnet X, Marik PE, Teboul JL. Prediction of fluid responsiveness: an update. Ann Intensive Care. 2016;6(1):111. doi:10.1186/s13613-016-0216-7
L925: 7. 	Carr AC, Rosengrave PC, Bayer S, Chambers S, Mehrtens J, Shaw GM. Hypovitaminosis C and vitamin C deficiency in critically ill patients despite recommended enteral and parenteral intakes. Crit Care. 2017;21(1). doi:10.1186/s13054-017-1891-y
L926: 8. 	Wilson JX. Mechanism of action of vitamin C in sepsis: Ascorbate modulates redox signaling in endothelium. BioFactors. 2009;35(1):5-13. doi:10.1002/biof.7
L927: 9. 	Schorah CJ, Downing C, Piripitsi A, et al. Total vitamin C, ascorbic acid, and dehydroascorbic acid concentrations in plasma of critically ill patients. Am J Clin Nutr. 1996;63(5):760-765. doi:10.1093/ajcn/63.5.760
L928: 10. 	Wilson JX. Evaluation of vitamin C for adjuvant sepsis therapy. Antioxid Redox Signal. 2013;19(17):2129-2140. doi:10.1089/ars.2013.5401
L929: 11. 	Gao YL, Lu B, Zhai JH, et al. The Parenteral Vitamin C Improves Sepsis and Sepsis-Induced Multiple Organ Dysfunction Syndrome via Preventing Cellular Immunosuppression. Mediators Inflamm. 2017;2017. doi:10.1155/2017/4024672
L930: 12. 	Fisher BJ, Kraskauskas D, Martin EJ, et al. Attenuation of Sepsis-Induced Organ Injury in Mice by Vitamin C. J Parenter Enter Nutr. 2014;38(7):825-839. doi:10.1177/0148607113497760
L931: 13. 	Khoshnam-Rad N, Khalili H. Safety of Vitamin C in sepsis: A neglected topic. Curr Opin Crit Care. 2019;25(4):329-333. doi:10.1097/MCC.0000000000000622
L932: 14. 	Fowler AA, Syed AA, Knowlson S, et al. Phase I safety trial of intravenous ascorbic acid in patients with severe sepsis. J Transl Med. 2014. doi:10.1186/1479-5876-12-32
L933: 15. 	Zabet M, Mohammadi M, Ramezani M, Khalili H. Effect of high-dose Ascorbic acid on vasopressor′s requirement in septic shock. J Res Pharm Pract. 2016. doi:10.4103/2279-042X.179569
L934: 16. 	Fowler AA, Truwit JD, Hite RD, et al. Effect of Vitamin C Infusion on Organ Failure and Biomarkers of Inflammation and Vascular Injury in Patients with Sepsis and Severe Acute Respiratory Failure: The CITRIS-ALI Randomized Clinical Trial. In: JAMA - Journal of the American Medical Association. Vol 322. American Medical Association; 2019:1261-1270. doi:10.1001/jama.2019.11825
L935: 17. 	Barabutis N, Khangoora V, Marik PE, Catravas JD. Hydrocortisone and Ascorbic Acid Synergistically Prevent and Repair Lipopolysaccharide-Induced Pulmonary Endothelial Barrier Dysfunction. Chest. 2017;152(5):954-962. doi:10.1016/j.chest.2017.07.014
L936: 18. 	Marik PE, Khangoora V, Rivera R, Hooper MH, Catravas J. Hydrocortisone, Vitamin C, and Thiamine for the Treatment of Severe Sepsis and Septic Shock: A Retrospective Before-After Study. Chest. 2017. doi:10.1016/j.chest.2016.11.036
L937: 19. 	Marik PE. Vitamin C for the treatment of sepsis: The scientific rationale. Pharmacol Ther. 2018. doi:10.1016/j.pharmthera.2018.04.007
L938: 20. 	Kim W-Y, Jo E-J, Eom JS, et al. Combined vitamin C, hydrocortisone, and thiamine therapy for patients with severe pneumonia who were admitted to the intensive care unit: Propensity score-based analysis of a before-after cohort study. J Crit Care. 2018;47:211-218. doi:10.1016/j.jcrc.2018.07.004
L939: 21. 	Sadaka F, Grady J, Organti N, et al. Ascorbic Acid, Thiamine, and Steroids in Septic Shock: Propensity Matched Analysis. J Intensive Care Med. July 2019:885066619864541. doi:10.1177/0885066619864541
L940: 22. 	Litwak JJ, Cho N, Nguyen HB, Moussavi K, Bushell T. Vitamin C, Hydrocortisone, and Thiamine for the Treatment of Severe Sepsis and Septic Shock: A Retrospective Analysis of Real-World Application. J Clin Med. 2019;8(4). doi:10.3390/jcm8040478
L941: 23. 	Shin TG, Kim Y-J, Ryoo SM, et al. Early Vitamin C and Thiamine Administration to Patients with Septic Shock in Emergency Departments: Propensity Score-Based Analysis of a Before-and-After Cohort Study. J Clin Med. 2019;8(1):102. doi:10.3390/jcm8010102
L942: 24. 	Fujii T, Luethi N, Young PJ, et al. Effect of Vitamin C, Hydrocortisone, and Thiamine vs Hydrocortisone Alone on Time Alive and Free of Vasopressor Support among Patients with Septic Shock: The VITAMINS Randomized Clinical Trial. In: JAMA - Journal of the American Medical Association. Vol 323. American Medical Association; 2020:423-431. doi:10.1001/jama.2019.22176
L943: 25. 	Long MT, Frommelt MA, Ries MP, et al. Early hydrocortisone, ascorbate and thiamine therapy for severe septic shock. Crit Care Shock. 2020;23(1):23-34. http://criticalcareshock.org/2020/02/early-hydrocortisone-ascorbate-and-thiamine-therapy-for-severe-septic-shock/. Accessed April 22, 2020.
L944: 26. 	Chang P, Liao Y, Guan J, et al. Combined treatment with hydrocortisone, vitamin C, and thiamine for sepsis and septic shock (HYVCTTSSS): A randomized controlled clinical trial. Chest. March 2020. doi:10.1016/j.chest.2020.02.065
L945: 27. 	May JM, Harrison FE. Role of Vitamin C in the Function of the Vascular Endothelium. Antioxid Redox Signal. 2013;19(17):2068-2083. doi:10.1089/ars.2013.5205
L946: 28. 	Carr AC, Shaw GM, Fowler AA, Natarajan R. Ascorbate-dependent vasopressor synthesis: A rationale for vitamin C administration in severe sepsis and septic shock? Crit Care. 2015;19(1):1-8. doi:10.1186/s13054-015-1131-2
L947: 29. 	Bornstein SR, Yoshida-Hiroi M, Sotiriou S, et al. Impaired adrenal catecholamine system function in mice with deficiency of the ascorbic acid transporter (SVCT2). FASEB J. 2003;17(13):1928-1930. doi:10.1096/fj.02-1167fje
L948: 30. 	Hodgson CL, Burrell AJC, Engeler DM, Pellegrino VA, Brodie D, Fan E. Core Outcome Measures for Research in Critically Ill Patients Receiving Extracorporeal Membrane Oxygenation for Acute Respiratory or Cardiac Failure: An International, Multidisciplinary, Modified Delphi Consensus Study. Crit Care Med. 2019;47(11):1557-1563. doi:10.1097/CCM.0000000000003954
L949: 31. 	Turnbull AE, Sepulveda KA, Dinglas VD, Chessare CM, Bingham CO, Needham DM. Core domains for clinical research in acute respiratory failure survivors: An international modified Delphi consensus study. Crit Care Med. 2017;45(6):1001-1010. doi:10.1097/CCM.0000000000002435
L950: 32. 	Öztekin Long, Nicole, M and Badre D. Pao2 Fio2 Derivation. Bone. 2008;23(1):1-7. doi:10.1097/CCM.0b013e31819cefa9.Derivation
L951: 33. 	Liang K-Y, Zeger SL. Indian Statistical Institute Longitudinal Data Analysis of Continuous and Discrete Responses for Pre-Post Designs. Indian J Stat Ser B Ser B Biostat. 1960;62(1):134-148. doi:10.2307/25053123
L952: 34. 	Stroup, W. W. Mixed model procedures to assess power, precision, and sample size in the design of experiments. Proc. Biopharmaceutical Section. Am. Stat. Assoc., Baltimore, MD 15-24 (1999).
L953: 35. 	Kieser M, Friede T. Simple procedures for blinded sample size adjustment that do not affect the type I error rate. Stat Med. 2003;22(23):3571-3581. doi:10.1002/sim.1585
L954: 36. 	Brock GN, Barnes C, Ramirez JA, Myers J. How to handle mortality when investigating length of hospital stay and time to clinical stability. BMC Med Res Methodol. 2011;11. doi:10.1186/1471-2288-11-144
L955: 37. 	Potter JE, McKinley S, Delaney A. Research participants’ opinions of delayed consent for a randomised controlled trial of glucose control in intensive care. Intensive Care Med. 2013;39(3):472-480. doi:10.1007/s00134-012-2732-8
L956: # APPENDICES
L957: # Risk ASSESSMENT OF THE TRIAL INTERVENTION(S)
L958: | Risks associated with trial interventions  A ≡ Comparable to the risk of standard medical care  B ≡ Somewhat higher than the risk of standard medical care  C ≡ Markedly higher than the risk of standard medical care | Risks associated with trial interventions  A ≡ Comparable to the risk of standard medical care  B ≡ Somewhat higher than the risk of standard medical care  C ≡ Markedly higher than the risk of standard medical care | Risks associated with trial interventions  A ≡ Comparable to the risk of standard medical care  B ≡ Somewhat higher than the risk of standard medical care  C ≡ Markedly higher than the risk of standard medical care | Risks associated with trial interventions  A ≡ Comparable to the risk of standard medical care  B ≡ Somewhat higher than the risk of standard medical care  C ≡ Markedly higher than the risk of standard medical care | Risks associated with trial interventions  A ≡ Comparable to the risk of standard medical care  B ≡ Somewhat higher than the risk of standard medical care  C ≡ Markedly higher than the risk of standard medical care |
L959: | --- | --- | --- | --- | --- |
L960: | Justification:   Phase IIIb clinical trial that involves the administration of a licensed medicinal product, Ascorbic Acid. The product will be used for a new indication (sepsis) and at slightly higher doses (1.5g QID). However in most patients the maximum daily dose of 100mg/kg described in the information leaflet will not be exceeded. This off-label use is supported by sufficient published evidence that administration of Vitamin C at the dose administered in our trial is considered safe in sepsis patients. | Justification:   Phase IIIb clinical trial that involves the administration of a licensed medicinal product, Ascorbic Acid. The product will be used for a new indication (sepsis) and at slightly higher doses (1.5g QID). However in most patients the maximum daily dose of 100mg/kg described in the information leaflet will not be exceeded. This off-label use is supported by sufficient published evidence that administration of Vitamin C at the dose administered in our trial is considered safe in sepsis patients. | Justification:   Phase IIIb clinical trial that involves the administration of a licensed medicinal product, Ascorbic Acid. The product will be used for a new indication (sepsis) and at slightly higher doses (1.5g QID). However in most patients the maximum daily dose of 100mg/kg described in the information leaflet will not be exceeded. This off-label use is supported by sufficient published evidence that administration of Vitamin C at the dose administered in our trial is considered safe in sepsis patients. | Justification:   Phase IIIb clinical trial that involves the administration of a licensed medicinal product, Ascorbic Acid. The product will be used for a new indication (sepsis) and at slightly higher doses (1.5g QID). However in most patients the maximum daily dose of 100mg/kg described in the information leaflet will not be exceeded. This off-label use is supported by sufficient published evidence that administration of Vitamin C at the dose administered in our trial is considered safe in sepsis patients. | Justification:   Phase IIIb clinical trial that involves the administration of a licensed medicinal product, Ascorbic Acid. The product will be used for a new indication (sepsis) and at slightly higher doses (1.5g QID). However in most patients the maximum daily dose of 100mg/kg described in the information leaflet will not be exceeded. This off-label use is supported by sufficient published evidence that administration of Vitamin C at the dose administered in our trial is considered safe in sepsis patients. |
L961: | What are the key risks related to therapeutic interventions you plan to monitor in this trial? | What are the key risks related to therapeutic interventions you plan to monitor in this trial? | How will these risks be minimized? | How will these risks be minimized? | How will these risks be minimized? |
L962: | IMP/Intervention | Body system/Hazard | Activity | Frequency | Comments |
L963: | Ascorbic Acid 1.5g QID | Formation of calcium oxalate crystals and acute renal failure due to kidney stones | Eligibility Criteria Kidney Function (creatinine) Electrolyte levels | Baseline Daily  Daily |  |
L964: | Processes that have been put in place to mitigate risks to participant safety:   Trial-specific adverse event reporting strategy: All SAE’s and severe AE’s will be collected for this trial which will be reviewed by an independent Data Monitoring Committee as defined by the protocol. Medically significant events as defined in the protocol will be captured on a Serious Adverse Event form.    Trial oversight committees (TSC and/or DMC), independent data review A Trial Steering Committee (TSC), Trial Management Group (TMG) and Data Monitoring Committee (DMC) are in place for this phase III trial. The DMC will meet after 50 patients have completed treatment and will review the study data and advise on the continuation of the trial. They will monitor all participating sites until all patients are recruited. The TSC will meet on average 3 times per year the first year and twice a year after that. The DMC will then meet annually to discuss the progress of the trial.    Clinical procedures Daily blood sampling during the day 1-5 are considered as standard care. Daily ABG may cause discomfort and pain to patient of regular sampling. Blood sampling will be performed by skilled staff.  Informed Consent The trial will involve critically ill patients who might be too ill or incapable to give their informed consent. A process of delayed consent, enrolling patients into the clinical trial and obtaining consent as soon as practical from either the patient or their LAR will be applied. | Processes that have been put in place to mitigate risks to participant safety:   Trial-specific adverse event reporting strategy: All SAE’s and severe AE’s will be collected for this trial which will be reviewed by an independent Data Monitoring Committee as defined by the protocol. Medically significant events as defined in the protocol will be captured on a Serious Adverse Event form.    Trial oversight committees (TSC and/or DMC), independent data review A Trial Steering Committee (TSC), Trial Management Group (TMG) and Data Monitoring Committee (DMC) are in place for this phase III trial. The DMC will meet after 50 patients have completed treatment and will review the study data and advise on the continuation of the trial. They will monitor all participating sites until all patients are recruited. The TSC will meet on average 3 times per year the first year and twice a year after that. The DMC will then meet annually to discuss the progress of the trial.    Clinical procedures Daily blood sampling during the day 1-5 are considered as standard care. Daily ABG may cause discomfort and pain to patient of regular sampling. Blood sampling will be performed by skilled staff.  Informed Consent The trial will involve critically ill patients who might be too ill or incapable to give their informed consent. A process of delayed consent, enrolling patients into the clinical trial and obtaining consent as soon as practical from either the patient or their LAR will be applied. | Processes that have been put in place to mitigate risks to participant safety:   Trial-specific adverse event reporting strategy: All SAE’s and severe AE’s will be collected for this trial which will be reviewed by an independent Data Monitoring Committee as defined by the protocol. Medically significant events as defined in the protocol will be captured on a Serious Adverse Event form.    Trial oversight committees (TSC and/or DMC), independent data review A Trial Steering Committee (TSC), Trial Management Group (TMG) and Data Monitoring Committee (DMC) are in place for this phase III trial. The DMC will meet after 50 patients have completed treatment and will review the study data and advise on the continuation of the trial. They will monitor all participating sites until all patients are recruited. The TSC will meet on average 3 times per year the first year and twice a year after that. The DMC will then meet annually to discuss the progress of the trial.    Clinical procedures Daily blood sampling during the day 1-5 are considered as standard care. Daily ABG may cause discomfort and pain to patient of regular sampling. Blood sampling will be performed by skilled staff.  Informed Consent The trial will involve critically ill patients who might be too ill or incapable to give their informed consent. A process of delayed consent, enrolling patients into the clinical trial and obtaining consent as soon as practical from either the patient or their LAR will be applied. | Processes that have been put in place to mitigate risks to participant safety:   Trial-specific adverse event reporting strategy: All SAE’s and severe AE’s will be collected for this trial which will be reviewed by an independent Data Monitoring Committee as defined by the protocol. Medically significant events as defined in the protocol will be captured on a Serious Adverse Event form.    Trial oversight committees (TSC and/or DMC), independent data review A Trial Steering Committee (TSC), Trial Management Group (TMG) and Data Monitoring Committee (DMC) are in place for this phase III trial. The DMC will meet after 50 patients have completed treatment and will review the study data and advise on the continuation of the trial. They will monitor all participating sites until all patients are recruited. The TSC will meet on average 3 times per year the first year and twice a year after that. The DMC will then meet annually to discuss the progress of the trial.    Clinical procedures Daily blood sampling during the day 1-5 are considered as standard care. Daily ABG may cause discomfort and pain to patient of regular sampling. Blood sampling will be performed by skilled staff.  Informed Consent The trial will involve critically ill patients who might be too ill or incapable to give their informed consent. A process of delayed consent, enrolling patients into the clinical trial and obtaining consent as soon as practical from either the patient or their LAR will be applied. | Processes that have been put in place to mitigate risks to participant safety:   Trial-specific adverse event reporting strategy: All SAE’s and severe AE’s will be collected for this trial which will be reviewed by an independent Data Monitoring Committee as defined by the protocol. Medically significant events as defined in the protocol will be captured on a Serious Adverse Event form.    Trial oversight committees (TSC and/or DMC), independent data review A Trial Steering Committee (TSC), Trial Management Group (TMG) and Data Monitoring Committee (DMC) are in place for this phase III trial. The DMC will meet after 50 patients have completed treatment and will review the study data and advise on the continuation of the trial. They will monitor all participating sites until all patients are recruited. The TSC will meet on average 3 times per year the first year and twice a year after that. The DMC will then meet annually to discuss the progress of the trial.    Clinical procedures Daily blood sampling during the day 1-5 are considered as standard care. Daily ABG may cause discomfort and pain to patient of regular sampling. Blood sampling will be performed by skilled staff.  Informed Consent The trial will involve critically ill patients who might be too ill or incapable to give their informed consent. A process of delayed consent, enrolling patients into the clinical trial and obtaining consent as soon as practical from either the patient or their LAR will be applied. |
L965: | Processes that have been simplified based on the risk adapted approach.   Harmonization of practices of all participating sites.  As this trial is multi-centric, including 8 different hospitals and multiple departments within each hospital, harmonization of practices will be challenging. We plan to tackle this by including a pre-trial training for each participating site. Furthermore, we plan regular TMG meetings as well as trial site monitoring.  Finally, we have foreseen a low patient inclusion rate to compensate for late Vitamin C administration (not within 6 hours) and patients admitted during the night or in the weekend (difficult dissemination of the study protocol, no study nurses available …).   Harmonization of multiple services involved. The patient will transfer from ED, through ICU, potentially to the ward during treatment period of the trial. This implies that many different people will be involved and need to be trained. Administration of medication will be simplified through the implementation of treatment kits that stay with the patient at all times and also include all the necessary trial information. Dedicated and trained study nurses will conduct daily patients visits and be able to inform and help staff of these different services.  Logistics of early administration. Since Vitamin C has to be administered within the 6 hours post ED presentation we evaluated every potential bottle neck during this process.  Patient identification will happen at ED triage. Patients with suspected infection and NEWS ≥ 5 are flagged. The NEWS parameters are all vital signs standardly taken at triage. Triage nurses will receive a pre-trial training.  Eligibility check. After an initial check, eligibility will be confirmed through REDCap. By logging on to the platform, the investigator can easily navigate through a checklist and perform a second eligibility check after which randomization will take place.    Delayed informed consent can be a solution in cases where the patient is critically ill and no LAR is available  And finally pre made treatment kits will be available at every site. They will be allocated to the patient once randomized.   Blinding of study medication. We opted to blind ampoules instead of premade sterile solutions to overcome storage and stability issues. Treatment kits will be available for every participating center and stored in ED. | Processes that have been simplified based on the risk adapted approach.   Harmonization of practices of all participating sites.  As this trial is multi-centric, including 8 different hospitals and multiple departments within each hospital, harmonization of practices will be challenging. We plan to tackle this by including a pre-trial training for each participating site. Furthermore, we plan regular TMG meetings as well as trial site monitoring.  Finally, we have foreseen a low patient inclusion rate to compensate for late Vitamin C administration (not within 6 hours) and patients admitted during the night or in the weekend (difficult dissemination of the study protocol, no study nurses available …).   Harmonization of multiple services involved. The patient will transfer from ED, through ICU, potentially to the ward during treatment period of the trial. This implies that many different people will be involved and need to be trained. Administration of medication will be simplified through the implementation of treatment kits that stay with the patient at all times and also include all the necessary trial information. Dedicated and trained study nurses will conduct daily patients visits and be able to inform and help staff of these different services.  Logistics of early administration. Since Vitamin C has to be administered within the 6 hours post ED presentation we evaluated every potential bottle neck during this process.  Patient identification will happen at ED triage. Patients with suspected infection and NEWS ≥ 5 are flagged. The NEWS parameters are all vital signs standardly taken at triage. Triage nurses will receive a pre-trial training.  Eligibility check. After an initial check, eligibility will be confirmed through REDCap. By logging on to the platform, the investigator can easily navigate through a checklist and perform a second eligibility check after which randomization will take place.    Delayed informed consent can be a solution in cases where the patient is critically ill and no LAR is available  And finally pre made treatment kits will be available at every site. They will be allocated to the patient once randomized.   Blinding of study medication. We opted to blind ampoules instead of premade sterile solutions to overcome storage and stability issues. Treatment kits will be available for every participating center and stored in ED. | Processes that have been simplified based on the risk adapted approach.   Harmonization of practices of all participating sites.  As this trial is multi-centric, including 8 different hospitals and multiple departments within each hospital, harmonization of practices will be challenging. We plan to tackle this by including a pre-trial training for each participating site. Furthermore, we plan regular TMG meetings as well as trial site monitoring.  Finally, we have foreseen a low patient inclusion rate to compensate for late Vitamin C administration (not within 6 hours) and patients admitted during the night or in the weekend (difficult dissemination of the study protocol, no study nurses available …).   Harmonization of multiple services involved. The patient will transfer from ED, through ICU, potentially to the ward during treatment period of the trial. This implies that many different people will be involved and need to be trained. Administration of medication will be simplified through the implementation of treatment kits that stay with the patient at all times and also include all the necessary trial information. Dedicated and trained study nurses will conduct daily patients visits and be able to inform and help staff of these different services.  Logistics of early administration. Since Vitamin C has to be administered within the 6 hours post ED presentation we evaluated every potential bottle neck during this process.  Patient identification will happen at ED triage. Patients with suspected infection and NEWS ≥ 5 are flagged. The NEWS parameters are all vital signs standardly taken at triage. Triage nurses will receive a pre-trial training.  Eligibility check. After an initial check, eligibility will be confirmed through REDCap. By logging on to the platform, the investigator can easily navigate through a checklist and perform a second eligibility check after which randomization will take place.    Delayed informed consent can be a solution in cases where the patient is critically ill and no LAR is available  And finally pre made treatment kits will be available at every site. They will be allocated to the patient once randomized.   Blinding of study medication. We opted to blind ampoules instead of premade sterile solutions to overcome storage and stability issues. Treatment kits will be available for every participating center and stored in ED. | Processes that have been simplified based on the risk adapted approach.   Harmonization of practices of all participating sites.  As this trial is multi-centric, including 8 different hospitals and multiple departments within each hospital, harmonization of practices will be challenging. We plan to tackle this by including a pre-trial training for each participating site. Furthermore, we plan regular TMG meetings as well as trial site monitoring.  Finally, we have foreseen a low patient inclusion rate to compensate for late Vitamin C administration (not within 6 hours) and patients admitted during the night or in the weekend (difficult dissemination of the study protocol, no study nurses available …).   Harmonization of multiple services involved. The patient will transfer from ED, through ICU, potentially to the ward during treatment period of the trial. This implies that many different people will be involved and need to be trained. Administration of medication will be simplified through the implementation of treatment kits that stay with the patient at all times and also include all the necessary trial information. Dedicated and trained study nurses will conduct daily patients visits and be able to inform and help staff of these different services.  Logistics of early administration. Since Vitamin C has to be administered within the 6 hours post ED presentation we evaluated every potential bottle neck during this process.  Patient identification will happen at ED triage. Patients with suspected infection and NEWS ≥ 5 are flagged. The NEWS parameters are all vital signs standardly taken at triage. Triage nurses will receive a pre-trial training.  Eligibility check. After an initial check, eligibility will be confirmed through REDCap. By logging on to the platform, the investigator can easily navigate through a checklist and perform a second eligibility check after which randomization will take place.    Delayed informed consent can be a solution in cases where the patient is critically ill and no LAR is available  And finally pre made treatment kits will be available at every site. They will be allocated to the patient once randomized.   Blinding of study medication. We opted to blind ampoules instead of premade sterile solutions to overcome storage and stability issues. Treatment kits will be available for every participating center and stored in ED. | Processes that have been simplified based on the risk adapted approach.   Harmonization of practices of all participating sites.  As this trial is multi-centric, including 8 different hospitals and multiple departments within each hospital, harmonization of practices will be challenging. We plan to tackle this by including a pre-trial training for each participating site. Furthermore, we plan regular TMG meetings as well as trial site monitoring.  Finally, we have foreseen a low patient inclusion rate to compensate for late Vitamin C administration (not within 6 hours) and patients admitted during the night or in the weekend (difficult dissemination of the study protocol, no study nurses available …).   Harmonization of multiple services involved. The patient will transfer from ED, through ICU, potentially to the ward during treatment period of the trial. This implies that many different people will be involved and need to be trained. Administration of medication will be simplified through the implementation of treatment kits that stay with the patient at all times and also include all the necessary trial information. Dedicated and trained study nurses will conduct daily patients visits and be able to inform and help staff of these different services.  Logistics of early administration. Since Vitamin C has to be administered within the 6 hours post ED presentation we evaluated every potential bottle neck during this process.  Patient identification will happen at ED triage. Patients with suspected infection and NEWS ≥ 5 are flagged. The NEWS parameters are all vital signs standardly taken at triage. Triage nurses will receive a pre-trial training.  Eligibility check. After an initial check, eligibility will be confirmed through REDCap. By logging on to the platform, the investigator can easily navigate through a checklist and perform a second eligibility check after which randomization will take place.    Delayed informed consent can be a solution in cases where the patient is critically ill and no LAR is available  And finally pre made treatment kits will be available at every site. They will be allocated to the patient once randomized.   Blinding of study medication. We opted to blind ampoules instead of premade sterile solutions to overcome storage and stability issues. Treatment kits will be available for every participating center and stored in ED. |
L966: # Authorisation of participating sites
L967: ## Required documentation
L968: Before the clinical phase of the trial commences all documents as required by GCP should be generated and should be on file. We refer to section 8.2 of the guideline of GCP (https://database.ich.org/sites/default/files/E6_R2_Addendum.pdf).
L969: ## Procedure for initiating/opening a new site
L970: Sites will be authorized to start the study after the initiation visit and when all essential documents as required by GCP and sponsor’s procedures are confirmed and available.
L971: ## Principal Investigator responsibilities
L972: The PI’s legal responsibilities will be listed in the Clinical Study Agreement. Their attendance at the initiation meeting is required. They are responsible for training of new members of the trial team in the protocol and its procedures, ensuring that the ISF is accurately maintained. They will watch over dissemination of important safety or trial related information to all stakeholders within their site as well safety reporting within the timelines.
L973: # Safety Reporting Flow Chart
L974: |  | WHAT | HOW | TO | TIMELINES |
L975: | --- | --- | --- | --- | --- |
L976: | Investigator | Severe AE | AE form in eCRF | sponsor | 30 days after last trial treatment administration or until last follow-up visit (whichever occurs first) |
L977: | Investigator | SAE | SAE form in eCRF | sponsor | Immediately (within 24 hours of becoming aware of the event) Exceptions: as defined in protocol |
L978: | Investigator | death | SAE form in eCRF | sponsor | asap |
L979: | Sponsor | SUSAR | CIOMS form EC: according to EC process CA: EudraVigilance | EC CA  PI’s of participating sites | asap, but no later then 7 calendar days (in case of fatal or life-threatening SUSAR)  15 calendar days                               (other SUSAR) |
L980: | Sponsor | death | SAE form + narrative | EC | asap |
L981: | Sponsor | Annual Progress/ Safety Report | DSUR or APR/ASR template | EC CA | annually |
L982: # Amendment History
L983: | Amendment No. | Protocol version no. | Date issued | Author(s) of changes | Details of changes made |
L984: | --- | --- | --- | --- | --- |
L985: | 1 | 2.0 |  | Stefanie Vandervelden & Lina Wauters | P 19-20 Update on procedure screening log and screen failure P 21 Trial randomisation through randomize.net instead of REDCap P 22  Baseline data. Formulation of mandatory tests and waving of tests changed P 23 Additional info about pregnancy testing P 25 Trial procedures. Interpretation of concomitant medication adjusted (more in detail explanation provided). |
L986: | 2 | 3.0 | 12-1-2022 | Stefanie Vandervelden, Lina Wauters & Steffen Fieuws | P 6 update of contact details co-chief investigator P7 & 15 change of day 1-5 after patient inclusion to day 2-5 after patient inclusion; this to avoid confusion P 9 Paul Marik was removed from the TSC (member of DSMB) as well as Nadine Huenen Stocquart (no response) P 17 clarification concerning missing values in the endpoints P 34-37 clarification of the statistical analysis plan: Per protocol analysis Dropout rate Handling of missing values |
L987: List details of all protocol amendments here whenever a new version of the protocol is produced. The format of this table can be adapted if needed.
L988: Protocol amendments must be submitted to the Sponsor for approval prior to submission to the EC committee or FAMHP.
L989: # Rationale BEHIND INCLUSION CRITERIA
L990: In previous literature, many scoring systems were proposed to detect this population. Both SIRS and qSOFA are mentioned in the official surviving sepsis campaign guidelines, but recent studies conclude they have lower diagnostic accuracy, sensitivity and specificity than newer risk-stratification tools in predicting mortality or ICU transfer of critically ill patients (both in septic and non-septic populations). SIRS criteria are oversensitive and lack specificity in identifying sepsis, with almost half of ward patients developing signs of SIRS at some point during their hospital stay and the need for two or more SIRS criteria to define sepsis were not present in 12% of ICU-admitted septic patients. On the other hand, qSOFA is a retrospectively developed screening tool with mortality as primary outcome. This has not been compared by the authors with other well-known and equally performant risk-stratification tools and has not been prospectively validated upon our trial onset. Multiple trials comparing qSOFA with other scores showed it is more specific than SIRS but its criteria indicate actually existing decompensation rather than predicting future deterioration. The lack of sensitivity (54%) limits the applicability of qSOFA compared with physician judgment for the disposition of initially stable patients. A study of 30,677 patients with suspected infection in the ED or general ward area supports this hypothesis, finding that the National Early Warning Score (NEWS) was superior to qSOFA in predicting adverse outcomes, and that both systems were superior to the use of SIRS criteria. The NEWS is validated to identify acutely ill patients in the early stage of their illness (including sepsis) and is endorsed by different emergency health care societies. The NEWS was shown to be as good at discriminating risk of serious clinical deterioration and acute mortality as the best existing systems and better than most. (Smith, 2013)
L991: Overlooking all available literature and defining our selection criteria of acute illness in septic patients with high risk for deterioration, we selected the NEWS as our screening tool in this trial.
L992: NEWS is based on a simple aggregate scoring system in which a score is allocated to physiological measurements, already recorded in routine practice, when patients present to, or are being monitored in hospital. Six simple physiological parameters form the basis of the scoring system: respiration rate, oxygen saturation, systolic blood pressure, pulse rate, level of consciousness or new confusion and temperature.
L993: A score is allocated to each parameter as they are measured, with the magnitude of the score reflecting how extremely the parameter varies from the norm. The score is then aggregated. The score is uplifted by 2 points for people requiring supplemental oxygen to maintain their recommended oxygen saturation.
L994: Definition of new confusion: the patient has new-onset confusion, disorientation and/or agitation, where previously their mental state was normal – this may be subtle. The patient may respond to questions coherently, but there is some confusion, disorientation and/or agitation. This would score 3 or 4 on the GCS (rather than the normal 5 for verbal response), and scores 3 on the NEWS system.
L995: Defining suspected infection
L996: In accordance with the Third International Consensus Definitions for Sepsis and Septic Shock (Sepsis-3), a suspected infection was defined as the combination of antibiotics and body fluid cultures within a specific time window (Seymour, 2016). If the antibiotic was given first, the culture sampling had to be obtained within 24 h. If the culture sampling was done first, the antibiotic had to be ordered within 72 h. The onset of infection was defined as the time at which the first of these two events occurred. We excluded all antibiotic doses administered as a single dose or as a prophylactic treatment. We excluded antibiotics administered without an accompanying body fluid culture according to the timeframe. We included fluid cultures form any clinical human body site or indwelling device. Culture types included bacterial, fungal, viral and parasitic.
L997: We will include patients with suspected infection and elevated NEWS ≥ 5.
L998: # SmPC
L999: Name of the medicinal product
L1000: VITAMIN C PANPHARMA 100 mg/ml solution for injection Active ingredient: Ascorbic Acid
L1001: QUALITATIVE AND QUANTITATIVE COMPOSITION
L1002: 1 ml solution for injection contains 100 mg Ascorbic Acid.
L1003: Other excipients: For the full list of excipients, see section 6.1.
L1004: PHARMACEUTICAL FORM
L1005: Solution for injection
L1006: CLINICAL PARTICULARS
L1007: 4.1 Therapeutic indications
L1008: Methemoglobinemia in childhood.
L1009: Vitamin C substitute in parenteral nutrition.
L1010: 4.2 Posology and method of administration
L1011: Posology:
L1012: Vitamin C substitute in parenteral nutrition:
L1013: Prophylaxis of vitamin C deficiency in long-term parenteral nutrition:
L1014: Adults 100 - 500 mg Ascorbic Acid i.v. per day (equivalent to 1 - 5 ml VITAMIN C PANPHARMA per day).
L1015: Children 5 - 7 mg Ascorbic Acid i.v./kg body weight per day.
L1016: Methemoglobinemia in childhood:
L1017: A single time dose of 500 - 1000 mg ascorbic acid (equivalent to 1 - 2 ampoules VITAMIN C PANPHARMA) is injected intravenously. Administration of this dose can be repeated, if required. The maximum dose of 100 mg/kg body weight/day should not be exceeded.
L1018: Posology and method of administration
L1019: The dose is administered slowly intravenously. Duration of administration is subject to the clinical picture and the lab parameters.
L1020: 4.3 Contraindications
L1021: VITAMIN C PANPHARMA must not be administered in case of hypersensitivity to Ascorbic Acid.
L1022: VITAMIN C PANPHARMA can only be administered after consulting a doctor.
L1023: - in oxalate urolithiasis
L1024: - in iron storage diseases (thalassaemia, haemochromatosis, sideroblastic anaemia).
L1025: 4.4 Special warnings and precautions for use
L1026: Intravenous injections in high doses of VITAMIN C PANPHARMA can result in the formation of calcium oxalate crystals and in acute renal failure due to kidney stones. This has been observed at doses as low as 1,5 – 2,5 g. Patients with susceptibility to renal calculi are recommended not to exceed a daily vitamin C dose of 100 to 200 mg. Patients with extreme or terminal renal insufficiency (dialysis patients) should not be given more than 50 -100 mg per day.
L1027: In patients with erythrocyte glucose-6-phosphate dehydrogenase deficiency who were administered high vitamin C doses (4 g per day) partly serious haemolyses have been observed in single cases. Therefore, exceeding the given dosing recommendations must be avoided.
L1028: One ampoule contains 64,4 mg sodium. This needs to be taken in consideration for patients under sodium controlled diet.
L1029: 4.5 Interaction with other medicinal products and other forms of interaction
L1030: Ascorbic Acid has a strong redox potential. Therefore, the chemical compatibility for concomitant administration with other medicinal products must be checked for each individual case.
L1031: 4.6 Pregnancy and lactation
L1032: It is not advisable to exceed the given dosage during pregnancy and lactation. Ascorbic acid is secreted into breast milk and crosses the placental barrier.
L1033: 4.7 Effects on ability to drive and use machines
L1034: Not known.
L1035: 4.8 Undesirable effects
L1036: The following scale of frequency has been established in the evaluation of undesirable effects:
L1037: Very common (≥ 10%)
L1038: Common (≥ 1% - < 10%)
L1039: Uncommon (≥ 0.1% - <1%)
L1040: Rare (≥ 0.01% - <0.1%)
L1041: Very rare (< 0.01% or unknown)
L1042: Respiratory and skin hypersensitivity reactions were reported very rarely.
L1043: Reporting of suspected adverse reactions
L1044: Reporting suspected adverse reactions after authorization of the medicinal product is important. It allows continued monitoring of the benefit/risk balance of the medicinal product. Healthcare professionals are asked to report any suspected adverse reactions to Bundesinstitut für Arzneimittel und Medizinprodukte, Abt. Pharmakovigilanz, Kurt-Georg-Kiesinger-Allee 3, D-53175 Bonn,
L1045: Website: www.bfarm.de.
L1046: 4.9 Overdose
L1047: See section "Special warnings and precautions for use” regarding the risk of renal calculi and haemolyses.
L1048: PHARMACOLOGICAL PROPERTIES
L1049: 5.1 Pharmacodynamic properties
L1050: Pharmacotherapeutic group: Ascorbic Acid (Vitamin C)
L1051: ATC Code: A11GA01
L1052: Ascorbic Acid is an essential active substance for humans. Ascorbic Acid and dehydroascorbic acid constitute an important redox system of great physiological significance.
L1053: Vitamin C acts as a cofactor in numerous enzyme systems due to its redox potential (collagen formation, catecholamine synthesis, hydroxylation of steroids, tyrosine and exogenous substances, biosynthesis of carnitine, regeneration of tetrahydrofolic acid and alpha-amidation of peptides, e.g. ACTH and gastrin). Moreover, a deficiency of vitamin C affects immune defense reactions, particularly chemotaxis, complement activation and interferon production. The molecular biological functions of vitamin C have not yet been fully explained.
L1054: Ascorbic acid improves the resorption of iron salts by reducing ferric ions and by forming iron chelates. It blocks the chain reactions in aqueous body compartments triggered by oxygen radicals. The antioxidative functions produce biochemical interactions in close relation to those of vitamin E, vitamin A and carotenoids. As yet it has not been proven entirely that ascorbic acid causes a reduction of potentially carcinogenic substances in the gastrointestinal tract.
L1055: 5.2 Pharmacokinetic properties
L1056: Ascorbic acid is absorbed in the proximal small intestine in a dose-dependent manner. Bioavailability drops with increasing dosage to 60 - 75% after 1 g, to approx. 40% after 3 g and approx. 16% after 12 g. The portion which is not absorbed is broken down by the large intestinal flora into CO2 and organic acids.
L1057: The maximal metabolic turnover of 40 to 50 mg/day in healthy adults is reached at plasma concentrations of 0.8 to 1.0 mg/dl. The total daily turnover is about 1 mg/kg body weight. Brief plasma concentrations of up to 4.2 mg/dl are achieved about three hours after applying extremely high oral doses.
L1058: Under these circumstances ascorbic acid is eliminated unchanged in the urine by up to 80%. The half-life is 2.9 hours on average. Renal elimination ensues via glomerular filtration and subsequent reabsorption in the proximal tubule. The upper limits for healthy adults are 1.34 ± 0.21 mg ascorbic acid/dl plasma in men and 1.46 ± 0.22 mg in women, respectively.
L1059: The total body content of ascorbic acid is at least 1.5 g following a high dose of about 180 mg daily.
L1060: Ascorbic acid is concentrated in the pituitary gland, adrenal glands, lenses of the eye and white blood cells.
L1061: 5.3 Preclinical safety data
L1062: Acute toxicity
L1063: See section 4.9 (Overdose)
L1064: Chronic/subchronic toxicity
L1065: Subchronic and chronic tests in rats did not show any evidence of substance-related effects.
L1066: Mutagenic and tumorigenic potential
L1067: Long-term studies in mice did not come up with any evidence of tumorigenic potential.
L1068: Cell culture and animal tests did not show any evidence of a mutagenic effect within the therapeutic dosage range.
L1069: Reproductive toxicity
L1070: Tests in two animal species with daily doses of up to 1000 mg/kg body weight did not show any foetotoxic effects.
L1071: Ascorbic acid is secreted into breast milk and crosses the placental barrier by means of simple diffusion.
L1072: 5.4 Other information
L1073: After administering doses in the gram range, the ascorbic acid concentration in the urine can be elevated to such a degree that the measurement of various clinical-chemical parameters (glucose, uric acid, creatinine, inorganic phosphate) is impaired. Likewise, gram doses can lead to false-negative results in the attempted detection of occult blood in the stools.
L1074: In general, chemical detection methods which are based on color reactions can be affected.
L1075: Vitamin sources and meeting vitamin needs
L1076: The required Vitamin C nutrient density can only be found in vegetables and fruits. Due to its enhanced oxidizability and solubility there are considerable vitamin losses during cooking (green vegetables up to 60%, potatoes up to 25%). Ascorbic acid in fruits is relatively stable due to the acid pH range. In leafy vegetables there is an enzymatic degradation by peroxidase starting immediately after the harvest (at room temperature more than 50% within 48 hours) that can be prevented by blanching, e.g. when preserving vegetables. The vitamin C content of cow's milk does not protect nursed infants from a vitamin C deficiency disease.
L1077: Deficiency symptoms
L1078: The clinical manifest vitamin C deficiency syndrome (scurvy or Moeller Barlow disease) develops slowly in the course of several months from the latent vitamin C deficiency condition. General diseases such as measles, epidemic hepatitis, severe traumas, malabsorption syndrome or long-term administration of various medicinal drugs (such as salicylate and tetracycline) can accelerate this process considerably.
L1079: Unspecific early symptoms are reduced physical fitness and objective psychometric functional disorders such as increased exhaustion or irritability. Later on there is increased capillary fragility with petechiae, microscopic hematuria, decreased infection resistance (mainly caused by reduced phagocytosis), accompanied by gingivitis (after tooth eruption), and finally extensive mucous membrane and skin bleeding (ecchymosis and suggillation), that first appear at the mucous membrane on the underside of the tongue and the gingival margin. A frequent accompanying syndrome is a hypochrome microcytic, often iron-refractory anemia.
L1080: At the same time, wound-healing is retarded and connective tissue scarring is impeded. In nursed infants there are also extremely painful subperiosteal haematoma and haemorrhages in the growth zones of the long tubular bones (M. Moeller-Barlow). Vitamin C deficiency can be fatal in adults as well as in nursed infants. Adequate treatment with ascorbic acid usually results in full recovery without long-term effects even in severe cases.
L1081: The etiology of the changes needs to be analyzed objectively by providing evidence of a greatly reduced ascorbic acid concentration in the blood plasma (less than 0.1 mg/dl or 6 μmol/l respectively) and in the white blood cells (less than 5 mg/dl or 280 μmol/l respectively). The vitamin C concentration in the blood plasma is an indicator how the vitamin C requirement is met.
L1082: Only in rare cases the minimum vitamin requirement (0.5 mg/dl in men, 0.55 mg/dl in women) is not met in healthy individuals in Germany. This also applies to pregnant and breast-feeding women. During breast-feeding over several months, however, the ascorbic acid concentration in plasma and milk often decreases. The same applies to preserved breast milk.
L1083: The increased vitamin C requirement of heavy smokers is usually met in young and median age adults. Risk groups include elderly patients above 65 years of age (men more frequently than women), persons with high alcohol consumption, smokers, pregnant and breast-feeding women as well as individuals with unbalanced diet. Long-term administration of medicinal drugs (mainly salicylates, tetracyclines and corticosteroids) can deplete the Vitamin C reserves.
L1084: Acute infections, severe liver parenchymal diseases, severe traumas and hemodialysis may result in a marked decrease of the vitamin C level in blood plasma and leukocytes. Lower vitamin C concentrations in plasma and leukocytes can also be the result of chronic infections, severe malabsorption syndromes and in the terminal stages of a tumor progression.
L1085: PHARMACEUTICAL PARTICULARS
L1086: 6.1 List of excipients
L1087: Sodium hydrogen carbonate, water for injection
L1088: 6.2 Incompatibilities
L1089: Ascorbic acid has a great oxidation reduction potential. Therefore, the chemical compatibility for concomitant administration with other medicinal products must be checked for each individual case.
L1090: 6.3 Shelf life
L1091: Shelf life is 24 months. Do not use this medicinal product after shelf life has expired.
L1092: 6.4 Special precautions for storage
L1093: Store the ampoules in their outer packaging to protect the contents from light.
L1094: Do not store above 25°C.
L1095: 6.5 Nature and contents of container
L1096: Original pack with 10 ampoules of 5 ml solution for injection (N2)
L1097: Hospital pack-size with 100 (10 x 10) ampoules of 5 ml solution for injection.
L1098: 6.6 Special precautions for disposal
L1099: No specific requirements.
L1100: MARKETING AUTHORISATION HOLDER
L1101: PANPHARMA GmbH
L1102: Bunsenstrasse 4
L1103: 22946 Trittau
L1104: MARKETING AUTHORISATION NUMBER
L1105: 6209036.00.00
L1106: DATE OF FIRST AUTHORISATION/RENEWAL OF THE AUTHORISATION
L1107: 19 March 2003
L1108: DATE OF REVISION OF THE TEXT
L1109: December 2019
L1110: GENERAL CLASSIFICATION FOR SUPPLY
L1111: Medicinal product not subject to medical prescription
L1112: # 13054_2025_5383_MOESM2_ESM
L1113: Standard Operating Procedure for medication handling
L1114: | S-number:  Title protocol:  Chief Investigator: |
L1115: | --- |
L1116: Flow of study medication
L1117: - Delivery of study medication by Ardena Gent NV to pharmacy
L1118: - Delivery of study medication by pharmacy to on-site temperature controlled room
L1119: - Storage in temperature controlled room
L1120: - Assignment of treatment kit to patient
L1121: - Administration of study medication
L1122: - Treatment kit sent back to study team
L1123: - Destruction of unused ampoules
L1124: - Delivery of study medication by Ardena Gent NV
L1125: Ardena Gent NV will deliver the treatment kits to the pharmacy of each site. The site provides the contact details, opening hours and address of the pharmacy. A first delivery is foreseen including 20 kits. It is the responsibility of the site to request a new delivery to the Sponsor when stock is running low (less than 5 kits). The Sponsor and site agree on a delivery date (approximately 5 days after first notification).
L1126: - Delivery of study medication by pharmacy to on-site temperature controlled room
L1127: Every delivery includes a temperature logger of Ardena (monitors the temperature during transport) and a shipment form. The study team/pharmacist that receives the study medication needs to complete the shipment form, sign and date it and send a digital copy back to Ardena. A few days later the study team will receive a signed copy from Ardena as well as the temperature log of the shipment. Provide  these documents to the study team for filing in the Investigator Site File to ensure drug accountability.
L1128: A few screenshots from the shipment form:
L1129: - Check whether the identification of the shipped study medication is correct (compare left column with packaging material).
L1130: - Check whether your site has received the correct treatment kit IDs and whether the total number of treatment kits is correct.
L1131: - Sign and date the form, and e-mail it to Ardena (Annelies.Paridaens@ardena.com).
L1132: - Storage in a temperature controlled room
L1133: Treatment kits needs to be stored at room temperature (between 15 and 25°C). Always store the medication ampoules in the white packaging box to protect the ampoules from light. Extra labels will be provided by the Sponsor team during the Site Initiation Visit. As per GCP guidelines it is necessary that the storage room has limited access and has room temperature monitoring at all times. How to monitor the temperature?
L1134: If the room has air conditioning, the technical service of the study site should be able to monitor the temperature of the site. This temperature log needs to be printed out  biweekly and filed in the Investigator Site File.
L1135: If the room is not air conditioned, a temperature logger should be installed in the room. If needed, the Sponsor will provide a logger. The temperature log needs to be printed out  biweekly and  filed in the Investigator Site File.
L1136: What to do in case of a temperature  excursion?
L1137: - Relocate the medication as soon as possible to a room with a lower temperature (for example the hospital pharmacy).
L1138: - Place the medication in quarantine. Do not include new patients!
L1139: - Check the degree and the duration of the temperature excursion on the temperature logger.
L1140: - Inform the Sponsor as soon as possible by e-mailing ceasie@uzleuven.be and file all communication in the Investigator Site File.
L1141: - Based on stability information, the Sponsor will decide whether the medication can still be used or needs to be destroyed. File this communication in the Investigator Site File.
L1142: - Assignment of treatment kit to patient
L1143: - Treatment kit
L1144: Treatment kits contain 52 ampoules of Vitamin C 500 mg/5 ml or 52 ampoules of Normal Saline 5 ml 9 mg/ml. The ampoules have identical sizes and are blinded by a cap and sticker for an identical look.
L1145: - Assignment of treatment kit
L1146: After the informed consent form is signed and the patient is screened (please complete screening log  see online training manual), the patient is randomized through www.randomize.net. Please do not forget to:
L1147: - Complete the subject identification log (see online training manual).
L1148: - Store the confirmation e-mail from www.randomize.net in the Investigator Site File.
L1149: - Write down the kit number and patient number in the electronic patient file.
L1150: - Administration of study medication
L1151: - Administration
L1152: Patients need to receive 1.5 g of IV Vitamin C or placebo every 6 hours during 4 days. Study treatment should be initiated within 6 hours after ED presentation. To ensure that no administration of study treatment is missed, it is recommended that the Investigator prescribes all 16 doses at once (if possible).
L1153: Right before each administration, 3 ampoules of study medication need to be dissolved in 50 ml of NaCl 0.9%. The infusion bag needs to run through in 15 minutes. The infusion bags (50 ml) need to be provided by the study site (foreseen in the study budget, should not be charged to the patient). The Sponsor recommends that all infusion bags are added to the treatment kit prior to transport to the ward or ICU. The treatment kit always stays with the patient, and therefore moves from ward to ward.
L1154: In total, if the patient is not discharged before day 5, 48 ampoules need to be administered. The treatment kit contains 4 spare ampoules. All UNUSED ampoules need to be stored in the treatment kit to ensure drug accountability. All USED ampoules need to be thrown away for safety and hygiene purposes. After administration of all 16 doses, or in the event study treatment is stopped earlier, the treatment kit needs to be send back to the study team.
L1155: Nurses who administer the study medication DO NOT need to be logged in the Delegation of Responsibilities Log!
L1156: - Administration instructions
L1157: To ensure correct study medication administration, the Sponsor provides a ‘treatment kit information leaflet’. It is the responsibility of the study team to add this document to the treatment kit so that bedside nurses and physicians on the ward are well informed of the study.
L1158: - Registration
L1159: For each administration, the bedside nurse needs to complete the Drug Accountability Log. The Drug Accountability Log needs to be sent back to the study team together with the treatment kit after the last administration. It is the responsibility of the study team to add this document to the treatment kit so that logging is performed correctly.
L1160: - Treatment kit sent back to study team
L1161: Used treatment kits and the accompanying Drug Accountability Logs need to be sent back to the study team. It is the responsibility of the study team to crosscheck the Drug Accountability Log, the number of unused vials and the medication registered in the electronic patient file. The medication balance section should then be completed by the study team. If the number of unused vials does not match the Drug Accountability Log and no logical explanation can be found (for example: broken ampoule reported by bedside nurse), this is considered as a protocol deviation and the Protocol Deviation Log needs to be completed.
L1162: - Destruction of unused ampoules
L1163: After the CTC trial monitor has visited the site and has checked the drug accountability, used treatment kits can be destroyed. Unused ampoules can be sent to your local pharmacy for destruction. Please file all documentation of destruction in the Investigator Site File. The study site receives budget from the Sponsor for maximum two destructions throughout the trial.
L1164: # 13054_2025_5383_MOESM3_ESM
L1165: Supplement 2: Statistical analysis primary outcome (cLDA model) and secondary outcomes
L1166: The constrained longitudinal data analysis model (cLDA) 1 is a linear model wherein both the baseline and post-baseline values (d2-d5) are modelled as dependent variables, as opposed to a (longitudinal) ANCOVA model in which the baseline value is included as a covariate. Although the baseline measure is included in the response vector in cLDA, the true baseline means are constrained to be the same for both treatment groups due to randomization, and this analysis provides an adjustment for the observed baseline difference in estimating the treatment effects. The effect of Vitamin C is allowed to be specific at each of the four post-baseline days, and the primary analysis refers to the average of the four intervention effects.
L1167: The choice of the covariance structure for the five measurements in the cLDA model was based on the Aikake criterion. Center was added as a fixed factor in the model. The cLDA analysis is valid under the missing at random assumption (MAR) and assumes that the probability that an observation is missing depends only on observed values of the individual, but not on the missing ones. Missing values can occur to discharge or dropout. Patients who died within the first 5 days received the maximum SOFA score of 24 starting at the day of death. An inverse hyperbolic sign transformation was applied to handle the (right-) skewed distribution of the SOFA scores. This transformation refers to a natural logarithm after adding a value (such that zero values for the SOFA score can be dealt with. Results were presented after back transformation to the original scale. As such, the estimate for the treatment effect refers to a ratio instead of a difference.
L1168: Two subgroup analyses were planned in the FAS, verifying if the effect of Vitamin C depended on baseline SOFA and on the baseline NEWS score. For the baseline SOFA score, subgroups were defined as SOFA <6 vs SOFA >=6. In the cLDA analysis on both subgroups combined, the interaction between subgroup and effect of vitamin C was tested. The baseline NEWS score was not dichotomised. Instead, the baseline NEWS score was evaluated as a continuous moderator by including the main effect of the baseline NEWS score and the interaction between the baseline NEWS score and the effect of vitamin C in the cLDA model, allowing non-linearity for the relation of the baseline NEWS score (using restricted cubic splines with 4 knots). A similar unplanned exploratory analysis was performed treating the baseline SOFA score as a continuous moderator and visualizing the change of the effect of vitamin C as function of the baseline SOFA.
L1169: A linear model, additionally correcting for center, was used to compare the maximal SOFA score between both groups. For patients who were discharged, the observed maximum SOFA was used. A multiple imputation approach (20 imputed datasets) was used to handle the presence of missing values not due to death or discharge (since the observed maximum can be an underestimation for these patients). Multivariate imputation was performed for the daily SOFA scores (d1-d5) using in each treatment arm separately the fully conditional specification (FCS) approach2 based on linear models with as regressors the SOFA scores on the other days. The imputation and the analysis model used the transformed SOFA scores.
L1170: Event rates for death were estimated using Kaplan- Meier methodology.  The comparison at 28 days was based on a Z-test after log-log transformation of the survival estimates.
L1171: To evaluate differences in length of hospital stay and length of ICU stay, death during hospital (ICU) stay was treated as a competing risk, using a stratified Gray’s test for the comparison of both groups.
L1172: A generalised linear mixed model (i.e. a logistic regression model with a random effect of patient) with group and time as fixed effects (and their interaction), and correcting for center as fixed effect, was used to compare the daily (d2-d5) predicted probability of mechanical ventilation.  An odds ratio was reported for the comparison of the ‘mean probability’ over d2-d5.  Mechanical ventilation was put on zero when a patient was discharged (from the day of discharge on). For a deceased patient, the information was considered missing from the day after death on. The same modelling approach was used for vasopressor requirement, need of steroids and renal replacement therapy. Note that the estimates from these random-effects models refer to the predicted probability and the predicted effect for the average patient.
L1173: The QOL scores were compared between both groups using a multivariate normal model for longitudinal measurements, with the Aikake criterion to select the covariance matrix. Center was added as a fixed effect in the model. Note that the model was fit on information from baseline, day 5 (or day of discharge if discharge before day 5), day 28 and month 3. For lost-to-FU and deceased patients, the score was put on missing. Comparisons referred to the three specific timepoints after baseline.
L1174: References:
L1175: - Liang, K. Y. and Zeger, S. (2000). Longitudinal data analysis of continuous and discrete responses for pre-post designs. The Indian Journal of Statistics, Series B 62, 134–148
L1176: - Van Buuren, S. (2007), “Multiple Imputation of Discrete and Continuous Data by Fully Conditional Specification,” Statistical Methods in Medical Research, 16, 219–242.
L1177: # 13054_2025_5383_MOESM4_ESM
L1178: | Supplement 3. Baseline characteristics |
L1179: | --- |
L1180: | FAS |
L1181: | --- |
L1182: | Summary | Statistic | Vit-C | Placebo | Total |  |
L1183: | --- | --- | --- | --- | --- | --- |
L1184: | Total Number of Patients | N | 147 | 145 | 292 |  |
L1185: |  |  |  |  |  |  |
L1186: | Study Site |  |  |  |  |  |
L1187: | AZ Turnhout (1749) | n/N (%) | 55/147 (37.41%) | 58/145 (40.00%) | 113/292 (38.70%) |  |
L1188: | CHU Liège (1770) | n/N (%) | 7/147 (4.76%) | 6/145 (4.14%) | 13/292 (4.45%) |  |
L1189: | CHU St. Pierre (1758) | n/N (%) | 21/147 (14.29%) | 21/145 (14.48%) | 42/292 (14.38%) |  |
L1190: | GZA | n/N (%) | 18/147 (12.24%) | 16/145 (11.03%) | 34/292 (11.64%) |  |
L1191: | ULB Erasme (1767) | n/N (%) | 2/147 (1.36%) | 1/145 (0.69%) | 3/292 (1.03%) |  |
L1192: | UZ Brussel | n/N (%) | 19/147 (12.93%) | 17/145 (11.72%) | 36/292 (12.33%) |  |
L1193: | UZ Leuven | n/N (%) | 8/147 (5.44%) | 7/145 (4.83%) | 15/292 (5.14%) |  |
L1194: | UZA | n/N (%) | 17/147 (11.56%) | 19/145 (13.10%) | 36/292 (12.33%) |  |
L1195: |  |  |  |  |  |  |
L1196: | Female | n/N (%) | 50/147 (34.01%) | 53/145 (36.55%) | 103/292 (35.27%) |  |
L1197: | Age [y] | [n] Mean (SD) | [147] 64.7 (16.2) | [145] 67.0 (13.9) | [292] 65.8 (15.1) |  |
L1198: |  | Median (Q1; Q3) | 68.0 (58.0; 75.0) | 71.0 (61.0; 77.0) | 69.0 (60.0; 76.0) |  |
L1199: |  | Range | (20.0; 93.0) | (20.0; 91.0) | (20.0; 93.0) |  |
L1200: | Weight [kg] at Baseline | [n] Mean (SD) | [147] 78.2 (21.2) | [144] 78.9 (17.2) | [291] 78.6 (19.3) |  |
L1201: |  | Median (Q1; Q3) | 75.0 (62.0; 89.0) | 77.0 (67.5; 89.5) | 76.1 (65.0; 89.0) |  |
L1202: |  | Range | (45.0; 160.0) | (47.0; 144.0) | (45.0; 160.0) |  |
L1203: | NEWS Score at Hospital Admission | [n] Mean (SD) | [147] 8.6 (2.7) | [145] 8.4 (2.7) | [292] 8.5 (2.7) |  |
L1204: |  | Median (Q1; Q3) | 8.0 (7.0; 10.0) | 8.0 (6.0; 10.0) | 8.0 (6.0; 10.0) |  |
L1205: |  | Range | (5.0; 18.0) | (5.0; 18.0) | (5.0; 18.0) |  |
L1206: | Sepsis Etiology |  |  |  |  |  |
L1207: | Respiratory | n/N (%) | 68/147 (46.26%) | 77/145 (53.10%) | 145/292 (49.66%) |  |
L1208: | Gastro-intestinal | n/N (%) | 11/147 (7.48%) | 12/145 (8.28%) | 23/292 (7.88%) |  |
L1209: | Urinary | n/N (%) | 28/147 (19.05%) | 34/145 (23.45%) | 62/292 (21.23%) |  |
L1210: | Skin or soft tissue | n/N (%) | 17/147 (11.56%) | 10/145 (6.90%) | 27/292 (9.25%) |  |
L1211: | Catheter | n/N (%) | 2/147 (1.36%) | 1/145 (0.69%) | 3/292 (1.03%) |  |
L1212: | Other | n/N (%) | 21/147 (14.29%) | 11/145 (7.59%) | 32/292 (10.96%) |  |
L1213: | Respiratory rate | [n] Mean (SD) | [139] 25.9 (8.1) | [138] 27.1 (9.6) | [277] 26.5 (8.9) | [277] 26.5 (8.9) |
L1214: |  | Median (Q1; Q3) | 25.0 (21.0; 30.0) | 26.0 (21.0; 31.0) | 25.0 (21.0; 30.0) | 25.0 (21.0; 30.0) |
L1215: |  | Range | (9.0; 50.0) | (12.0; 82.0) | (9.0; 82.0) | (9.0; 82.0) |
L1216: | Oxygen Saturation [%] | [n] Mean (SD) | [146] 91.2 (9.4) | [145] 92.0 (5.7) | [291] 91.6 (7.8) | [291] 91.6 (7.8) |
L1217: |  | Median (Q1; Q3) | 93.0 (89.0; 96.0) | 93.0 (89.0; 96.0) | 93.0 (89.0; 96.0) | 93.0 (89.0; 96.0) |
L1218: |  | Range | (21.0; 100.0) | (70.0; 100.0) | (21.0; 100.0) | (21.0; 100.0) |
L1219: | FiO2 [%] | [n] Mean (SD) | [147] 36.1 (21.5) | [145] 33.6 (19.7) | [292] 34.8 (20.6) | [292] 34.8 (20.6) |
L1220: |  | Median (Q1; Q3) | 29.0 (21.0; 41.0) | 25.0 (21.0; 37.0) | 26.0 (21.0; 40.0) | 26.0 (21.0; 40.0) |
L1221: |  | Range | (21.0; 100.0) | (21.0; 100.0) | (21.0; 100.0) | (21.0; 100.0) |
L1222: | PaO2 [mmHg] | [n] Mean (SD) | [126] 74.8 (50.8) | [120] 72.9 (26.0) | [246] 73.9 (40.6) | [246] 73.9 (40.6) |
L1223: |  | Median (Q1; Q3) | 68.2 (58.0; 82.0) | 68.2 (57.8; 82.1) | 68.2 (58.0; 82.0) | 68.2 (58.0; 82.0) |
L1224: |  | Range | (22.0; 588.0) | (7.3; 184.5) | (7.3; 588.0) | (7.3; 588.0) |
L1225: | PaO2/FiO2 [mmHg] | [n] Mean (SD) | [126] 241.0 (127.6) | [120] 245.5 (107.9) | [246] 243.2 (118.2) | [246] 243.2 (118.2) |
L1226: |  | Median (Q1; Q3) | 237.5 (143.0; 317.0) | 257.5 (157.0; 317.5) | 247.0 (155.0; 317.0) | 247.0 (155.0; 317.0) |
L1227: |  | Range | (45.0; 840.0) | (20.0; 497.0) | (20.0; 840.0) | (20.0; 840.0) |
L1228: | PaO2/FiO2 |  |  |  |  |  |
L1229: | >=400 | n/N (%) | 8/126 (6.35%) | 10/120 (8.33%) | 18/246 (7.32%) | 18/246 (7.32%) |
L1230: | 300-399 | n/N (%) | 30/126 (23.81%) | 31/120 (25.83%) | 61/246 (24.80%) | 61/246 (24.80%) |
L1231: | 200-299 | n/N (%) | 38/126 (30.16%) | 41/120 (34.17%) | 79/246 (32.11%) | 79/246 (32.11%) |
L1232: | <=199 and NOT mechanically ventilated | n/N (%) | 33/126 (26.19%) | 24/120 (20.00%) | 57/246 (23.17%) | 57/246 (23.17%) |
L1233: | 100-199 and mechanically ventilated | n/N (%) | 9/126 (7.14%) | 8/120 (6.67%) | 17/246 (6.91%) | 17/246 (6.91%) |
L1234: | < 100 and mechanically ventilated | n/N (%) | 8/126 (6.35%) | 6/120 (5.00%) | 14/246 (5.69%) | 14/246 (5.69%) |
L1235: |  |  |  |  |  |  |
L1236: | Mechanical ventilation | n/N (%) | 24/147 (16.33%) | 22/145 (15.17%) | 46/292 (15.75%) | 46/292 (15.75%) |
L1237: | Glasgow Coma Scale |  |  |  |  |  |
L1238: | 15 | n/N (%) | 102/147 (69.39%) | 111/145 (76.55%) | 213/292 (72.95%) | 213/292 (72.95%) |
L1239: | 13-14 | n/N (%) | 24/147 (16.33%) | 18/145 (12.41%) | 42/292 (14.38%) | 42/292 (14.38%) |
L1240: | 10-12 | n/N (%) | 12/147 (8.16%) | 6/145 (4.14%) | 18/292 (6.16%) | 18/292 (6.16%) |
L1241: | 6-9 | n/N (%) | 1/147 (0.68%) | 6/145 (4.14%) | 7/292 (2.40%) | 7/292 (2.40%) |
L1242: | < 6 | n/N (%) | 8/147 (5.44%) | 4/145 (2.76%) | 12/292 (4.11%) | 12/292 (4.11%) |
L1243: | Systolic Blood Pressure [mmHg] | [n] Mean (SD) | [147] 104.0 (29.4) | [145] 105.9 (33.1) | [292] 104.9 (31.3) | [292] 104.9 (31.3) |
L1244: |  | Median (Q1; Q3) | 99.0 (82.0; 119.0) | 100.0 (81.0; 123.0) | 99.0 (81.5; 121.0) | 99.0 (81.5; 121.0) |
L1245: |  | Range | (48.0; 211.0) | (51.0; 230.0) | (48.0; 230.0) | (48.0; 230.0) |
L1246: | Diastolic Blood Pressure [mmHg] | [n] Mean (SD) | [147] 59.0 (19.3) | [145] 60.8 (18.5) | [292] 59.9 (18.9) | [292] 59.9 (18.9) |
L1247: |  | Median (Q1; Q3) | 57.0 (45.0; 72.0) | 58.0 (48.0; 73.0) | 57.5 (47.0; 72.5) | 57.5 (47.0; 72.5) |
L1248: |  | Range | (20.0; 154.0) | (24.0; 133.0) | (20.0; 154.0) | (20.0; 154.0) |
L1249: | Mean Arterial Pressure [mmHg] | [n] Mean (SD) | [147] 74.4 (21.3) | [145] 76.2 (22.0) | [292] 75.3 (21.6) | [292] 75.3 (21.6) |
L1250: |  | Median (Q1; Q3) | 71.0 (58.0; 87.0) | 70.0 (60.0; 88.0) | 71.0 (59.0; 88.0) | 71.0 (59.0; 88.0) |
L1251: |  | Range | (30.0; 163.0) | (40.0; 153.0) | (30.0; 163.0) | (30.0; 163.0) |
L1252: | Mean Arterial Pressure |  |  |  |  |  |
L1253: | >=70 mmHg | n/N (%) | 81/147 (55.10%) | 72/145 (49.66%) | 153/292 (52.40%) | 153/292 (52.40%) |
L1254: | < 70 mmHg | n/N (%) | 66/147 (44.90%) | 73/145 (50.34%) | 139/292 (47.60%) | 139/292 (47.60%) |
L1255: |  |  |  |  |  |  |
L1256: | Heart Rate [/min] | [n] Mean (SD) | [146] 113.1 (24.6) | [145] 111.4 (24.8) | [291] 112.2 (24.7) | [291] 112.2 (24.7) |
L1257: |  | Median (Q1; Q3) | 113.0 (99.0; 128.0) | 113.0 (98.0; 122.0) | 113.0 (98.0; 126.0) | 113.0 (98.0; 126.0) |
L1258: |  | Range | (50.0; 205.0) | (48.0; 204.0) | (48.0; 205.0) | (48.0; 205.0) |
L1259: | Administration of Vasoactive Agents Required | n/N (%) | 41/147 (27.89%) | 37/145 (25.52%) | 78/292 (26.71%) | 78/292 (26.71%) |
L1260: | Dose of Vasoactive Agent |  |  |  |  |  |
L1261: | Dopa>5, epi<=0.1 or norepi<=0.1 | n/N (%) | 17/41 (41.46%) | 14/37 (37.84%) | 31/78 (39.74%) | 31/78 (39.74%) |
L1262: | Dopa>15, epi>0.1 or norepi>0.1 | n/N (%) | 24/41 (58.54%) | 23/37 (62.16%) | 47/78 (60.26%) | 47/78 (60.26%) |
L1263: |  |  |  |  |  |  |
L1264: | Platelets [109/L] | [n] Mean (SD) | [146] 233.2 (129.7) | [145] 244.9 (124.1) | [291] 239.0 (126.8) | [291] 239.0 (126.8) |
L1265: |  | Median (Q1; Q3) | 214.0 (164.0; 280.0) | 225.0 (168.0; 316.0) | 220.0 (166.0; 298.0) | 220.0 (166.0; 298.0) |
L1266: |  | Range | (15.0; 887.0) | (7.0; 728.0) | (7.0; 887.0) | (7.0; 887.0) |
L1267: | Platelets [109/L] |  |  |  |  |  |
L1268: | >= 150 | n/N (%) | 114/147 (77.55%) | 116/145 (80.00%) | 230/292 (78.77%) | 230/292 (78.77%) |
L1269: | 100 - 149 | n/N (%) | 15/147 (10.20%) | 17/145 (11.72%) | 32/292 (10.96%) | 32/292 (10.96%) |
L1270: | 50 – 99 | n/N (%) | 11/147 (7.48%) | 6/145 (4.14%) | 17/292 (5.82%) | 17/292 (5.82%) |
L1271: | 20 – 49 | n/N (%) | 5/147 (3.40%) | 5/145 (3.45%) | 10/292 (3.42%) | 10/292 (3.42%) |
L1272: | < 20 | n/N (%) | 2/147 (1.36%) | 1/145 (0.69%) | 3/292 (1.03%) | 3/292 (1.03%) |
L1273: | Summary | Statistic | Vit-C | Placebo | Total |
L1274: | --- | --- | --- | --- | --- |
L1275: | Bilirubin [mg/dL] | [n] Mean (SD) | [140] 1.1 (1.1) | [142] 1.2 (1.2) | [282] 1.1 (1.1) |
L1276: |  | Median (Q1; Q3) | 0.7 (0.5; 1.1) | 0.9 (0.5; 1.4) | 0.8 (0.5; 1.2) |
L1277: |  | Range | (0.2; 10.0) | (0.2; 9.5) | (0.2; 10.0) |
L1278: | Bilirubin [mg/dL] |  |  |  |  |
L1279: | < 1.2 | n/N (%) | 114/147 (77.55%) | 95/145 (65.52%) | 209/292 (71.58%) |
L1280: | 1.2 – 1.9 | n/N (%) | 15/147 (10.20%) | 37/145 (25.52%) | 52/292 (17.81%) |
L1281: | 2.0 – 5.9 | n/N (%) | 16/147 (10.88%) | 11/145 (7.59%) | 27/292 (9.25%) |
L1282: | 6.0 – 11.9 | n/N (%) | 2/147 (1.36%) | 2/145 (1.38%) | 4/292 (1.37%) |
L1283: | Creatinine [mg/dL] | [n] Mean (SD) | [147] 1.39 (0.87) | [145] 1.93 (1.59) | [292] 1.66 (1.30) |
L1284: |  | Median (Q1; Q3) | 1.12 (0.83; 1.65) | 1.36 (0.96; 2.40) | 1.23 (0.89; 1.92) |
L1285: |  | Range | (0.42; 5.42) | (0.48; 9.32) | (0.42; 9.32) |
L1286: | Creatinine [mg/dL] |  |  |  |  |
L1287: | < 1.2 | n/N (%) | 82/147 (55.78%) | 59/145 (40.69%) | 141/292 (48.29%) |
L1288: | 1.2 – 1.9 | n/N (%) | 40/147 (27.21%) | 42/145 (28.97%) | 82/292 (28.08%) |
L1289: | 2.0 – 3.4 | n/N (%) | 20/147 (13.61%) | 28/145 (19.31%) | 48/292 (16.44%) |
L1290: | 3.5 – 4.9 or UOP < 500 mL/day | n/N (%) | 3/147 (2.04%) | 8/145 (5.52%) | 11/292 (3.77%) |
L1291: | >= 5 or UOP < 200 mL/day | n/N (%) | 2/147 (1.36%) | 8/145 (5.52%) | 10/292 (3.42%) |
L1292: | WBC [109/L] | [n] Mean (SD) | [97] 13.18 (9.01) | [98] 11.55 (7.74) | [195] 12.36 (8.41) |
L1293: |  | Median (Q1; Q3) | 12.80 (7.60; 17.30) | 10.92 (5.80; 14.99) | 11.60 (6.60; 16.90) |
L1294: |  | Range | (0.12; 67.30) | (0.19; 38.50) | (0.12; 67.30) |
L1295: | CRP [mg/dL] | [n] Mean (SD) | [147] 191.88 (138.24) | [144] 192.19 (144.05) | [291] 192.03 (140.90) |
L1296: |  | Median (Q1; Q3) | 150.80 (86.80; 293.20) | 160.20 (80.00; 275.70) | 157.30 (81.00; 284.20) |
L1297: |  | Range | (3.00; 554.80) | (0.60; 633.10) | (0.60; 633.10) |
L1298: | Potassium [mmol/L] | [n] Mean (SD) | [147] 4.13 (0.72) | [144] 4.31 (0.78) | [291] 4.22 (0.76) |
L1299: |  | Median (Q1; Q3) | 4.01 (3.60; 4.46) | 4.13 (3.80; 4.70) | 4.10 (3.70; 4.56) |
L1300: |  | Range | (2.80; 7.00) | (3.00; 6.96) | (2.80; 7.00) |
L1301: | Sodium [mmol/L] | [n] Mean (SD) | [147] 135.80 (4.80) | [144] 136.61 (5.06) | [291] 136.20 (4.94) |
L1302: |  | Median (Q1; Q3) | 137.00 (133.00; 139.00) | 136.95 (134.00; 140.00) | 137.00 (133.00; 139.00) |
L1303: |  | Range | (113.00; 146.30) | (124.00; 160.00) | (113.00; 160.00) |
L1304: | Summary | Statistic | Vit-C | Placebo | Total |
L1305: | --- | --- | --- | --- | --- |
L1306: | Procalcitonin | [n] Mean (SD) | [140] 11.9 (19.5) | [133] 19.8 (31.7) | [273] 15.8 (26.4) |
L1307: |  | Median (Q1; Q3) | 3.2 (0.6; 13.5) | 4.0 (0.8; 22.4) | 3.4 (0.7; 16.7) |
L1308: |  | Range | (0.0; 100.0) | (0.0; 130.0) | (0.0; 130.0) |
L1309: | Lactate [mmol/L] | [n] Mean (SD) | [134] 2.7 (2.6) | [131] 2.8 (2.1) | [265] 2.8 (2.3) |
L1310: |  | Median (Q1; Q3) | 1.9 (1.2; 3.2) | 2.2 (1.3; 3.8) | 1.9 (1.2; 3.5) |
L1311: |  | Range | (0.4; 20.0) | (0.4; 13.0) | (0.4; 20.0) |
L1312: | SOFA Score | [n] Mean (SD) | [147] 4.9 (3.5) | [145] 5.0 (3.2) | [292] 4.9 (3.4) |
L1313: |  | Median (Q1; Q3) | 4.0 (2.0; 7.0) | 4.0 (3.0; 7.0) | 4.0 (2.0; 7.0) |
L1314: |  | Range | (0.0; 17.0) | (0.0; 16.0) | (0.0; 17.0) |
L1315: | IV Fluids Administered | n/N (%) | 144/147 (97.96%) | 143/145 (98.62%) | 287/292 (98.29%) |
L1316: | Administration of Corticosteroids Required | n/N (%) | 39/147 (26.53%) | 30/145 (20.69%) | 69/292 (23.63%) |
L1317: | Time from Hospital Admission to First Study Drug [h] | [n] Mean (SD) | [147] 3.8 (1.3) | [145] 3.7 (1.5) | [292] 3.7 (1.4) |
L1318: |  | Median (Q1; Q3) | 3.8 (2.7; 4.7) | 3.2 (2.5; 5.0) | 3.5 (2.7; 4.8) |
L1319: |  | Range | (0.9; 6.9) | (0.8; 9.4) | (0.8; 9.4) |
L1320: | Renal replacement therapy | n/N (%) | 3/147 (2.04%) | 3/145 (2.07%) | 6/292 (2.05%) |
L1321: | Septic shock | n/N (%) | 35/142 (24.65%) | 49/141 (34.75%) | 84/283 (29.68%) |
L1322: |  |  |  |  |  |
L1323: # 13054_2025_5383_MOESM5_ESM
L1324: Table 3. Secondary Outcomes
L1325: (A) Intention-to-treat analysis (FAS)
L1326: |  | Statistics (95% CI) | Vitamin C (N=147) | Control (N=145) | Treatment Effect | P-value |
L1327: | --- | --- | --- | --- | --- | --- |
L1328: | Maximum SOFA | Mean | 5.45 (4.3; 6.6) | 5.93 (4.73;7.12) | -0.48 (-1.69;0.74) | 0.442 |
L1329: | 28-day mortalitya | % | 12.0 (7.6;18.5) | 7.9 (4.5;13.9) | 4.0 (-3.0;11.0) | 0.267 |
L1330: | Length of hospital stayb, d | Median | 10 (9; 13) | 11 (8;13) | 0.971 (0.765;1.233) | 0.706 |
L1331: | Length of ICU  stayb, d | Median | 5 (4;8) | 5 (4;7) | 1.041 (0.739;1.467) | 0.634 |
L1332: | Mechanical ventilationc | % | 6.1 (3.7;10) | 7 (4.3;11.4) | 0.862 (0.41;1.82)f | 0.696 |
L1333: | Vasopressor requirementc | % | 6.0 (3.6;9.7) | 4.7 (2.7;8.0) | 1.276 (0.60;2.74)f | 0.530 |
L1334: | RRTc | % | 1.2 (0.6;2.7) | 2.2 (1.1;4.2) | 0.548 (0.19;1.56)f | 0.258 |
L1335: | Need of steroidsc | % | 14.9 (9.4;22.9) | 11.4 (6.9;18.3) | 1.356 (0.64;2.89)f | 0.430 |
L1336: | QoL (EQ index)d | QoL (EQ index)d |  |  |  |  |
L1337: | Day 5 | Mean | 0.55 (0.47;0.62) | 0.57 (0.50;0.64) | -0.02 (-0.13;0.08) | 0.655 |
L1338: | Day 28 | Mean | 0.75 (0.69) | 0.71 (0.65;0.77) | 0.04 (-0.04;0.13) | 0.312 |
L1339: | Month 3 | Mean | 0.81 (1.78;2.14) | 0.81 (1.80;2.18) | 0.00 (-0.06;0.07) | 0.951 |
L1340: | Return to work or daily activitiese | Return to work or daily activitiese |  |  | 0.936 (0.623,1.407) | 0.742 |
L1341: | Day 28 | % | 19.5 (12.9; 27.1) | 21.7 (14.7;29.7) |  |  |
L1342: | Day 60 | % | 31.4 (23.2; 39.8) | 31.4 (23.1;40.0) |  |  |
L1343: | Day 90 | % | 38.1 (29.4;46.8) | 40.6 (31.4;49.6) |  |  |
L1344: (B) Per-protocol analysis (PPS)
L1345: |  | Statistics (95% CI) | Vitamin C (N=147) | Control (N=145) | Treatment Effect | P-value |
L1346: | --- | --- | --- | --- | --- | --- |
L1347: | Maximum SOFA | Mean | 5.44 (4.25;6.63) | 5.82 (4.56;7.07) | -0.37 (-1.67;0.92) | 0.569 |
L1348: | 28-day mortalitya | % | 12.6 (8.0; 19.5) | 8.1 (4.4;14.5) | 4.5 (-2.9;11.9) | 0.244 |
L1349: | Length of hospital stayb, d | Median | 10 (8;12) | 10 (8;13) | 0.955 (0.743;1.228) | 0.696 |
L1350: | Length of ICU stayb, d | Median | 5 (4;7) | 5 (4;7) | 1.045 (0.732;1.491) | 0.620 |
L1351: | Mechanical ventilationc | % | 5.8 (3.3;9.8) | 7.1 (4.1;12.0) | 0.805 (0.36;1.78)f | 0.592 |
L1352: | Vasopressor requirementc | % | 5.8 (3.4;9.7) | 4.9 (2.7;8.6) | 1.205 (0.53;2.72)f | 0.654 |
L1353: | RRTc | % | 0.7 (0.2;2.0) | 2.4 (1.2;4.7) | 0.279 (0.08;1.0)f | 0.050 |
L1354: | Need of steroidsc | % | 16.5 (10.3;25.4) | 11.0 (6.4;18.3) | 1.590 (0.72;3.52)f | 0.253 |
L1355: | QoL (EQ index)d | QoL (EQ index)d |  |  |  |  |
L1356: | Day 5 | Mean | 0.55 (0.47;0.62) | 0.56 (0.48;0.64) | -0.01 (-0.12;0.09) | 0.811 |
L1357: | Day 28 | Mean | 0.76 (0.70;0.82) | 0.69 (0.63;0.75) | 0.07 (-0.02;0.16) | 0.108 |
L1358: | Month 3 | Mean | 0.82 (0.77;0.86) | 0.81 (0.76;0.86) | 0.01 (-0.06;0.07) | 0.858 |
L1359: | Return to work or daily activitiese | Return to work or daily activitiese |  |  | 0.931 (0.607,1.426) | 0.732 |
L1360: | Day 28 | % | 19.5 (12.7;27.3) | 21.9 (14.5;30.3) |  |  |
L1361: | Day 60 | % | 31.9 (23.5;40.6) | 30.6 (22.0;39.6) |  |  |
L1362: | Day 90 | % | 37.2 (28.3;46.0) | 39.7 (30.2;49.1) |  |  |
L1363: a Event rates were estimated using Kaplan Meier methodology. The comparison at 28 days is based on a Z-test after log-log transformation of the survival rates.
L1364: b Event rates were estimated as a cumulative incidence function, taking into account the competing risk of in-hospital or ICU death. The treatment effect refers to a hazard ratio from a Fine&Gray model.
L1365: c The percentage refers to the average over D2-D5 obtained from a generalized linear mixed model.
L1366: d EQ-5D index calculated using the Belgian EQ-5D-5L value set. Estimates of mean EQ-5D Index and VAS obtained from a linear model for longitudinal measurements correcting for study site (Bouckaert et al. PharmacoEconomics - Open (2022) 6:823–836)
L1367: e Comparison refers to the time until return, percentages are derived from a cumulative incidence function, treating death without return as competing risk. The treatment effect refers to a hazard ratio from a Fine&Gray model.
L1368: f The treatment effect refers to an odds ratio.
L1369: Abbreviations: SOFA, Sequential Organ Failure Assessment, ICU, Intensive Care Unit, RRT, Renal Replacement Therapy, Qol, Quality of Life
L1370: # 13054_2025_5383_MOESM6_ESM
L1371: Project Title: C-EASIE trial: Vitamin C - Early Administration in Sepsis In ED
L1372: Date: 23 November 2023
L1373: Version: Final Version 1.0
L1374: # Purpose
L1375: This document provides details for the statistical evaluation of the primary and secondary endpoints of the c-easie trial.
L1376: # Description of the Study
L1377: A total of 300 patients were to be randomized in a 1:1 ratio to either Placebo or Intervention.  Randomization was stratified by study site.
L1378: # Study Objectives and Endpoints
L1379: ## Study Objective
L1380: The objective of the c-easie trial is to evaluate the clinical efficacy of early administration of Vitamin C in addition to the standard of care in patients hospitalized with sepsis or septic shock.
L1381: ## Study Endpoints
L1382: ### Primary Outcome
L1383: ### Average post-baseline patient SOFA score (on day 2-5 after patient inclusion).
L1384: ### Secondary Outcomes
L1385: ### The following secondary outcomes will be of interest:
L1386: - Day-specific SOFA score (day 2-5)
L1387: - Maximum SOFA score (day 2-5)
L1388: - 28-day mortality
L1389: - Length of hospital stay
L1390: - Length of ICU stay
L1391: - Vasopressor requirement: total duration and dosage
L1392: - RRT duration and need
L1393: - Ventilator days
L1394: - Total dose of steroids given
L1395: - Lab values:
L1396: - Creatinine, CRP on d2-d5
L1397: - Procalcitonin on d4
L1398: - Quality of life (EQ-5D-5L)
L1399: - Time to return to work (if applicable)
L1400: # Sequence of Planned Analyses
L1401: ## Interim Analyses
L1402: No formal interim analyses to check for early efficacy or futility have been planned.
L1403: A blinded interim analysis for sample size recalculation was planned after 12 months (or at the latest if 75% of the planned number of subjects is recruited) to monitor the assumed variability of the SOFA score (see infra), the assumed correlation between the time points and the assumed dropout rate. If the observed standard deviation, dropout rate and correlations deviate from the assumed values such that the desired power level of 80% is not guaranteed anymore, an increase of the planned sample size will be considered. If the power level is at least 80% with the observed values, the sample size will remain unaltered.
L1404: A review of the safety data is performed by a Data Safety Monitoring Board (DSMB).
L1405: ## Early Termination
L1406: Early termination of the study is possible if recommended by the DSMB to stop due to safety concerns.
L1407: ## Final Analysis and Reporting
L1408: Upon final database lock, statistical analyses of the data will be performed according to the methods described in this document.
L1409: The analysis populations and analysis plan will be finalised at a Blinded Review Meeting prior to database lock. The Blind Review Meeting will be attended by the Principal Investigator, Study Statistician, and other relevant study personnel. Attendees will be kept blind from randomised study treatment. All decisions taken at this meeting will be fully documented in a Blind Review Document that will be dated and signed prior to final database lock.
L1410: The agenda of the Blind Review Meeting will include (but not necessarily be limited to) the following:
L1411: - Definition of Per Protocol Set
L1412: - Definition of Subgroup analysis
L1413: - Pooling of Study Sites
L1414: # Sample Size Determination
L1415: The required sample size is calculated to detect with at least 80% power a difference in average post-baseline patient SOFA score (calculated over days 2 to 5), based on a constrained longitudinal data analysis model with alpha set at 0.05 (Liang and Zeger, 2000). The power is calculated using an approach presented by Stroup (Stroup, 1999) . In the cLDA, both the baseline and post-baseline value are modelled as dependent variables, as opposed to a (longitudinal) ANCOVA model in which the baseline value is included as a covariate. Although the baseline measure is included in the response vector in cLDA, the true baseline means are constrained to be the same for different treatment groups due to randomization, and this analysis provides an adjustment for the observed baseline difference in estimating the treatment effects. Since the randomization is performed within center, considering center as an effect in the analysis has no impact on the sample size. Patients who die within the time period of 5 days receive the worst outcome (highest SOFA score) starting at the day of death. Based on the cLDA model, 126 patients per group (252 patients in total) are needed to detect with at least 80% power a difference between the control and intervention group of 1 in average post- baseline SOFA score. A standard deviation of the SOFA scores equal to 3.5 and a correlation between the time points equal to 0.5 was assumed. These were conservative estimates, derived from reported information in two studies (Fowler et al, 2019; Fujii et al. 2020). 2.5%, 5%, 10% and 15% missing values are assumed on d2, d3, d4 and d5, respectively (combination of dropout and mortality). However, the sample size will be increased to 150 patients per group to anticipate a larger variability due to the imputation of one or more maximal SOFA scores for deceased patients.
L1416: # Analysis Populations
L1417: The following analysis sets will be of interest:
L1418: ## Full Analysis Set (FAS)
L1419: The FAS will include all randomized patients according to their randomized treatment.  However, some randomized patients will be excluded from the FAS, as decided during the Blind Review Meeting(s). A list of these patients can be found in the report of this meeting.
L1420: The FAS will be used for the evaluation of all efficacy and safety endpoints.
L1421: ## Safety Set (SS)
L1422: No separate Safety Set will be defined.
L1423: The FAS will be used for the evaluation of all safety parameters.
L1424: ## Per Protocol Set (PPS)
L1425: The Per Protocol Set will be reviewed and finalized prior to database lock at the Blind Review Meeting.
L1426: As decided during the Blind Review Meetings (September 25, 2023, and October 23, 2023) patients from the FAS with the following protocol deviations will be excluded from the per protocol set (PPS):
L1427: - Patients with 7 hours or more between hospital admission and first administration of study medication.
L1428: - Two or more successive doses missed due to other reasons than early discharge or death. If exact timing of missed doses is not available, patients with two doses missing on the same day.
L1429: - All planned doses missing on the first day (note that depending on the hour of randomisation, the number of planned doses might can be one).
L1430: The PPS will be used for the evaluation of all efficacy endpoints.
L1431: # General Issues for Statistical Analysis
L1432: ## Analysis Software
L1433: All analyses will be performed using SAS software, version 9.4 of the SAS System for Windows. Copyright © 2002 SAS Institute Inc. SAS and all other SAS Institute Inc. product or service names are registered trademarks or trademarks of SAS Institute Inc., Cary, NC, USA
L1434: ## Summary Statistics
L1435: Continuous variables will be summarized by treatment group by the number of non-missing data points, mean, standard deviation, median and interquartile range.
L1436: Categorical and ordinal variables will be summarized by treatment group by observed frequencies and percentages relative to the total number of non-missing items.
L1437: All summary statistics will be presented by treatment group and, where relevant, overall.
L1438: Day 1 is defined as the day of randomization.
L1439: ## Centre Effect
L1440: All statistical analyses of the outcomes of interest will be adjusted for study site. When applying the adjustment, the small site ULB Erasme (3 patients in the FAS) will be combined with UZ Brussels (Jette), as decided during the Blind review meeting (September 25, 2023).
L1441: # Methods for Missing Data
L1442: In the statistical analyses of the longitudinally measured outcomes the presence of missing values is handled using a direct likelihood approach to fit the multivariate models. As such, the analysis is valid under the missing at random assumption (MAR).
L1443: Handling missing data for the SOFA score
L1444: In some settings, the following rules for single imputation will be used to handle missing SOFA scores or missing components for the calculation of the SOFA score.
L1445: - Patients who die within the time period of 5 days receive the worst outcome (highest SOFA score being equal to 24) starting at the day of death (even if a SOFA score is available at the day of death).
L1446: - SOFA scores are considered missing after the day of discharge
L1447: - If the patient’s status does not require a lab analysis (due to good condition of the patient), missing data occur as per protocol. In this case the best possible score will be used for the SOFA score calculation (i.e. 0 points for bilirubin, blood platelets and creatinine) in the daily follow-up.
L1448: - If however a lab analysis was not ordered but was required as per protocol, the SOFA score of that day will be considered as missing.
L1449: - If a lab analysis was required, but one of the three lab values needed in the SOFA score was missing, the previous lab value was used for the calculation of the SOFA score. This was deemed appropriate, since it can be assumed that the specific lab parameter was not ordered that day because the function was considered stable. In rare cases where this happened at d1, the value of d2 will be used for the calculation of the SOFA score.
L1450: Frequency tables will be reported for the various settings where above imputation rules were applied.
L1451: For the analysis of the maximal SOFA score a multiple imputation approach will be used (cfr infra for details of the imputation model).
L1452: # Data Transformations
L1453: An inverse hyperbolic sign transformation will be applied in the analysis of the (maximal) SOFA to obtain a more symmetric distribution of the model residuals. Analyses on untransformed scores will be reported as sensitivity analyses.
L1454: # Multicenter Study
L1455: All analyses will be adjusted for study site if feasible. No adjustment will be considered for binary outcomes (or time-to-event outcomes) when a low number of events yields computational problems.
L1456: # Stratification Factors
L1457: Randomization was stratified for study site.  Therefore, all models that are used for the estimation of treatment effects will be adjusted for study site.
L1458: # Multiple Comparisons
L1459: Since only 1 primary endpoint is defined, no adjustment of the significance level is required.
L1460: For secondary efficacy endpoints, due to the exploratory nature of the efficacy analyses, no adjustment for multiple comparisons will be made.
L1461: # Planned Subgroups, Interactions and Covariates
L1462: Moderator analyses will be performed for the primary outcome.
L1463: It will be verified if the treatment effect depends on the following baseline variables:
L1464: - baseline SOFA
L1465: - baseline NEWS score
L1466: For the baseline SOFA score, subgroups will be defined (<6 vs >=6). Appropriate summary statistics per treatment arm and estimated treatment effects will be presented for each subgroup.  In addition, the interaction between the above subgroups and treatment effect will be tested to assess whether the treatment effect differs according to subgroup.
L1467: The baseline NEWS score will be evaluated as a continuous moderator by including the main effect of the baseline NEWS score and the intera

[output truncated at 250000 chars]

