L1: The effect of combined resistance exercise training and vitamin D 3  supplementation on musculoskeletal health and function in older adults: a systematic review and meta-analysis
L2: BMJ Open (2017)
L3: Anneka Elizabeth Antoniak, Carolyn A Greig
L4: 1 
L5:  School of Sport, Exercise and Rehabilitation Sciences, University of Birmingham ,  Birmingham ,  UK
L6: 2 
L7:  MRC-Arthritis Research UK Centre for Musculoskeletal Ageing Research ,  Birmingham ,  UK
L8: Objectives
L9: In older adults, there is a blunted responsiveness to resistance training and reduced muscle hypertrophy compared with younger adults. There is evidence that both exercise training and vitamin D supplementation may benefit musculoskeletal health in older adults, and it is plausible that in combination their effects may be additive. The aim of this systematic review was to evaluate the effectiveness of combined resistance exercise training and vitamin D 3  supplementation on musculoskeletal health in older adults.
L10: Data sources
L11: A comprehensive search of electronic databases, including Science Direct, Medline, PubMed, Google Scholar and Cochrane Central Register of Controlled Trials (Cochrane CENTRAL accessed by Wiley Science) was conducted. Eligible studies were randomised controlled trials including men and women (aged ≥65 years or mean age ≥65 years); enlisting resistance exercise training and vitamin D 3  supplementation; including outcomes of muscle strength, function, muscle power, body composition, serum vitamin D/calcium status or quality of life comparing results with a control group. The review was informed by a preregistered protocol ( http://www.crd.york.ac.uk/PROSPERO/display_record.asp?ID=CRD42015020157 ).
L12: Results
L13: Seven studies including a total of 792 participants were identified. Studies were categorised into two groups; group 1 compared vitamin D 3  supplementation and exercise training versus exercise alone (describing the additive effect of vitamin D 3  supplementation when combined with resistance exercise training) and group 2 compared vitamin D 3  supplementation and exercise training versus vitamin D 3  supplementation alone (describing the additive effect of resistance exercise training when combined with vitamin D 3  supplementation).
L14: Meta-analyses for group 1 found muscle strength of the lower limb to be significantly improved within the intervention group (0.98, 95% CI 0.73 to 1.24, p<0.001); all other outcomes showed small but non-significant positive effects for the intervention group. The short physical performance battery (SPPB), timed up and go (TUG), muscle strength of the lower limb and femoral neck bone mineral density showed significantly greater improvements in the intervention group for group 2 comparisons.
L15: Conclusions
L16: This review provides tentative support for the additive effect of resistance exercise and vitamin D 3  supplementation for the improvement of muscle strength in older adults. For other functional variables, such as SPPB and TUG, no additional benefit beyond exercise was shown. Further evidence is required to draw firm conclusions or make explicit recommendations regarding combined exercise and vitamin D 3  supplementation.
L17: Geriatric Medicine; Research; Research; 1506; 1698
L18: Physiology; GERIATRIC MEDICINE; NUTRITION & DIETETICS; Bone diseases; Musculoskeletal disorders; SPORTS MEDICINE
L19: Introduction
L20: Sarcopenia, originally defined as the age-related loss of muscle mass, 1  now also encompasses low muscle strength and/or muscle function. 2  The efficacy of resistance training in preventing or alleviating age-related musculoskeletal loss is well established; cited as the most promising intervention for improving symptoms of sarcopenia. 3
L21: Clear evidence exists demonstrating an association between resistance exercise training (RET) and muscle hypertrophy, which is maintained in older age. 3–5  However, in older adults there is a blunted responsiveness to RET in comparison with younger adults; a blunted muscle protein synthetic rate in response to a single bout of resistance exercise has been reported, 6  and others demonstrate a reduction in muscle hypertrophy in comparison to younger adults. 7–10  This ‘anabolic resistance’ may be due to changes in gene expression and anabolic signalling; an attenuated anabolic hormone response to resistance exercise is observed in comparison to younger adults. 11
L22: Losses in muscle strength are associated with losses in functional ability, independence and increases in frailty, falls and disability in older adults 12–15 ; therefore, there may be merit associated with a combination of interventions to boost responsiveness of older muscle to resistance exercise and combat anabolic resistance.
L23: Vitamin D 3  supplementation in humans has been shown to positively influence musculoskeletal health in older adults: increases in relative number and cross-sectional area (CSA) of muscle fibres (type II in particular) has been reported, 16–18  and muscle strength increased and fall rates decreased after treatment with vitamin D 3 . 17  Vitamin D receptor concentration significantly increased with vitamin D 3  supplementation 18 ; conversely, supplementation conferred no benefits on strength, functioning and balance. 19–21  Moreover, a systematic review examining the effects of vitamin D 3  supplementation in vitamin D replete adults aged over 18 years found no significant effect on grip or proximal lower limb muscle strength; however, pooled data including vitamin D deficient participants (serum 25(OH)D <25 nmol/L) demonstrated a large effect on hip muscle strength. 22
L24: There is conflicting evidence surrounding the efficacy of vitamin D 3  supplementation alone or in combination with exercise on musculoskeletal health, with no clear consensus regarding the management or prevention of sarcopenia. Although epidemiological data suggest a relationship between vitamin D 3  and muscle weakness, 23  this association is not well understood, and evidence in published literature is lacking and contradictory. Considering the beneficial effects of both RET and vitamin D 3  on muscle tissue, it is plausible an additive effect would exist if combined, optimising the potential for healthy ageing muscle. 24  Thus, the aim of this study was to assess the combined effect of RET and vitamin D 3  supplementation on musculoskeletal health in older adults.
L25: Materials and methods
L26: A systematic review of peer-reviewed literature relating to the effect of RET and vitamin D 3  supplementation on musculoskeletal health in older adults was conducted in accordance with a study protocol registered on the PROSPERO database (record number CRD42015020157). The protocol was informed by the Cochrane Handbook for Systematic Reviews of Interventions, 25  and reporting conformed to the Preferred Reporting Items for Systematic Reviews and Meta-analysis statement. 26
L27: Eligibility criteria
L28: Randomised controlled trials were sought for this study. Journal studies included: (1) male and/or female participants (aged ≥65 years or mean age ≥65 years), (2) enlisted RET and vitamin D 3  supplementation (studies using vitamin D 3  and calcium supplementation were included), (3) included measures of muscle strength, function, muscle power, body composition, serum vitamin D/calcium status or quality of life, (4) compared results with a control group (sedentary/usual care/no vitamin D 3  supplementation). Articles were excluded if participants were supplemented with additional protein or any supplement/medication with a known anabolic effect on muscle tissue.
L29: Search methods for identification of studies
L30: Articles published before March 2016 were included. A computerised search of Science Direct, Medline, PubMed, Google Scholar and Cochrane Central Register of Controlled Trials (Cochrane CENTRAL accessed by Wiley Science) databases was conducted.  Table 1  shows the Medline search strategy, devised by AEA and LH.
L31: Table 1 Example Ovid Medline search, to be adapted for other databases
L32: Data items and collection
L33: Data were extracted independently by two reviewers (AEA and ASA) using a standardised data extraction sheet; any disagreements were discussed and resolved with a third person (CAG). The inter-rater reliability assessed using Cohen’s Kappa, was found to be excellent (86% agreement). 27  Data items including general information, participant characteristics and details of the intervention were extracted. For key outcomes, the definition used by the authors, methodology, results, mean differences and the presence/absence of statistical significance were reported.
L34: Risk of bias analysis
L35: Two reviewers (AEA and CAG) independently assessed the validity of included studies, with provisions for moderation from a third reviewer. The Cochrane Collaboration’s tool for assessing risk of bias was used, as described in the Cochrane Handbook for Systematic Reviews of Interventions 25  ; the use of scales for assessment is explicitly discouraged. 28 29  Prespecified consensus points were devised and agreed by reviewers to ensure consistency. It was acknowledged that by nature of design, blinding of participants and personnel would be difficult in certain studies; therefore, grading was based on the likelihood that outcome measures were influenced by the potential lack of blinding. 25
L36: Grading the quality of evidence
L37: The Grading of Recommendation, Assessment, Development, and Evaluation (GRADE) handbook 30  was used to evaluate the quality of evidence of outcomes assessed within the meta-analyses. The GRADE approach uses systematically produced questions to reach conclusions on degree of confidence in the estimate of the effect. GRADE assesses patient important outcomes across five areas: risk of bias, inconsistency, indirectness, imprecision and publication bias and grades outcomes as demonstrating high, moderate, low or very low quality of evidence.
L38: Results
L39: Study selection
L40: Seven studies were included within the review: Agergaard  et al 
L41:  31 , Bunout  et al 
L42:  32 , Drey  et al 
L43:  33 , Gianoudis  et al 
L44:  34 , Jessup  et al 
L45:  35 , Uusi-Rasi  et al 
L46:  21  and Verschueren  et al 
L47:  36 ; the study flow diagram is presented in  figure 1 .
L48: Figure 1 Study flow chart.
L49: On reading full-text articles, it became clear that there were two separate groups of interventions; group 1, in which all participants took part in RET and the intervention arm was supplemented with vitamin D 3  (describing the additive effect of vitamin D 3  supplementation when combined with resistance exercise training), group 2 in which all participants were supplemented with vitamin D 3  and the intervention arm took part in RET (describing the additive effect of resistance exercise training when combined with vitamin D 3  supplementation); and studies using a combination of the two interventions ( table 2 ).
L50: Table 2 Study demographics
L51: Study demographics
L52: Seven eligible studies included a total of 792 participants of mean age 72.8 years ( table 2 ). Of these, one included only males 31  and three included only females. 21 35 36  All studies included healthy participants living independently, except for two studies 35 ; included participants living within a retirement community and 36  included institutionalised participants living in nursing homes, service flats or cloistered communities.
L53: Interventions
L54: Studies assigned to group 1 included: Agergaard  et al 
L55:  31 , Bunout  et al 
L56:  32  and Uusi-Rasi  et al 
L57:  21 . In group 1, all participants took part in RET; incorporating a warm-up and strengthening exercises using commercial weight machines 21 31  or Thera-bands. 31  Two studies included balance challenging aspects. 21 32  All studies included supervised, progressive exercise sessions; progression was monitored by a five rep max test, 31  Borg scale 32  or metabolic equivalents (METs). 21  Total number of sessions delivered ranged from 36 31  to 156, 21  over a duration of 16 weeks 31  to 24 months. 21  All administered a vitamin D 3  supplement, orally in tablet form; doses ranged from 400 IU/day 32  to 1920 IU/day 31  ; in two studies participants were supplemented with 800 mg calcium per day 31 32  and one study supplemented the control group with a placebo. 21
L58: Six studies assigned to group 2 included: Bunout  et al 
L59:  32 , Drey  et al 
L60:  33 , Gianoudis  et al 
L61:  34 , Jessup  et al 
L62:  35 , Uusi-Rasi  et al 
L63:  21  and Verschueren  et al 
L64:  36 . Within group 2, all participants took a vitamin D 3  supplement, orally in tablet form. Doses ranged from 400 IU/day 32 35  to 2000 IU/day 33 ; one study monitored serum 25(OH)D at baseline to determine supplement dosage. 33  In four studies, 32 34–36  all participants were supplemented with calcium; doses ranged from 700 mg/day 34  to 1000 mg/day 35 36 . The intervention group took part in RET. Studies used machine weights and pulleys, 21 33–35  Thera-bands, 32  weighted vests 35  and whole body vibration machines 36  for resistance. Five studies included balance challenging aspects. 21 32–35  All studies employed supervised, progressive exercise sessions monitored via a Borg scale, 32–34  addition of weights to weighted vests, 35  estimation of METs or individual ability. 36  Total number of sessions delivered ranged from 24 33  to 156, 21  over a duration of 12 weeks 33  to 24 months. 21  Note that two studies included comparators which allowed allocation to both groups. 21 32
L65: Outcome measures
L66: All outcomes are listed in  table 3 . Group 1 studies had few outcomes in common; however, all measured muscle strength 21 31 32 ; isometric knee extensor strength was measured using a strain gauge 21 31  and isometric quadriceps strength was measured using a quadriceps table. 32  Hand grip strength was measured using a hand grip dynamometer. 32  MRI was used to measure the CSA of the quadriceps, 31  while 32  analysed fat and lean mass using dual-energy X-ray absorptiometry (DXA). Two studies measured timed up and go (TUG), femoral neck and spine bone mineral density (BMD). 21 32  One study analysed fibre type and muscle quality. 31
L67: Group 2 studies 21 32 34 36  assessed lower limb strength 32 35  and measured grip strength. Muscle power was measured as sit-to-stand transfer power 33  and the stair climb test. 34  The short physical performance battery (SPPB) was assessed by, 32 34  and the TUG by. 21 32 34  BMD of the femoral neck 21 32 34–36  and spine 21 32 34 35  were measured using DXA. Lean mass was measured using DXA 32–34  and X-ray CT. 36  Balance was assessed via the Romberg ratio, 32  four-square step test, 34  an AccuSway platform 35  and backwards walking. 21  Other outcomes included endurance (12 min walk 32 ), the 30 s sit-to-stand test, 34  normal walking speed and the 5-time chair stand test. 21
L68: Table 3 Summary of included study outcome measures and significant results
L69: Risk of bias within studies
L70: The risk of bias analyses are displayed in  table 4 . For all studies, a high proportion of components were assigned an unclear risk of bias due to insufficient information and the unknown effect on study outcome measures. Many studies reported insufficient information on concealment and blinding procedures, or whether procedures were in place in the event of unblinding. In total, six studies were judged to have an unclear risk of bias. 21 31–33 35 36  Component 1 was assessed as having a low risk of bias for all studies. One study was assessed as having an overall high risk of bias 34  due to component 5, as no data were entered into the analyses for participants with missing data.
L71: Table 4 Summary of risk of bias analysis for each included study
L72: GRADE analysis
L73: The GRADE summary of findings for groups 1 and 2 are shown in  tables 5 and 6 .
L74: Table 5 GRADE analysis of group 1 measurement outcomes included in the quantitative synthesis
L75: Within group 1, all studies were evaluated as moderate quality of evidence; no serious risk of bias was detected. Due to the nature of the studies included within this review, no serious indirectness was detected; all outcomes were measured directly without the use of a surrogate. Publication bias was not detected, and due to the number of studies included, it was not possible to produce funnel plots for any outcomes. Although publication bias was ‘not detected’, it is difficult to conclude that there was a complete absence of bias since studies with significant results are more likely to be published than those reporting null or non-significant results. 25  Published, peer-reviewed articles were included in this review, since the Cochrane Handbook for Systematic Reviews of Interventions further suggests that the inclusion of unpublished studies may introduce additional bias, as these studies have not been strengthened by the peer-review process and may be of lower methodological quality. 25  Reasons for downgrading the quality of evidence included serious inconsistency due to substantial heterogeneity, and serious imprecision due to CIs crossing the line of no effect.
L76: Within group 2 studies, five outcomes were graded as high-to-moderate quality of evidence (SPPB, TUG, muscle strength of the lower limb, hand grip strength and BMD of the femoral neck). Remaining outcomes were graded as low or very low quality, meaning that one could have little or very little confidence in the effect estimate. Common reasons for downgrading outcomes included a combination of serious risk of bias (due to the inclusion of study 34 ), serious imprecision or serious inconsistency.
L77: Table 6 GRADE analysis of group 2 measurement outcomes included in the quantitative synthesis
L78: Results of individual studies and synthesis of results
L79: Results of the two groups of studies are reported separately. Qualitative syntheses were conducted for studies with similar interventions and outcomes measures using RevMan V.5.3 software. Study outcomes reporting results in the same units were pooled using a fixed-effect meta-analysis. Effect sizes are expressed as percentage mean differences or standardised mean differences (when outcomes were measured using different methods), with 95% CIs. Higher weighting was assigned to studies with smaller SD and a larger sample size. 25  Analyses were completed from extracted data, where necessary data were estimated from statistics or figures, or requested from the authors of the article. Heterogeneity was assessed via Χ 2  test ( figures 2–14  and  tables 5 and 6 ). One article 36  was not included in any of the quantitative analyses, since the exercise intervention modality was considered to be too dissimilar to compare with the other included articles. Within each group, there were outcomes unsuitable for quantitative synthesis, due to a lack of studies with common outcomes or aspects of studies too dissimilar for comparison; therefore, a narrative analysis was used.
L80: Figure 2 Group 1 analysis of muscle strength of the lower limb.
L81: Figure 3 Group 1 analysis of the TUG test.
L82: Figure 4 Group 1 analysis of BMD of the femoral neck.
L83: Figure 5 Group 1 analysis of BMD of the spine.
L84: Figure 6 Group 2 analysis of the SPPB test.
L85: Figure 7 Group 2 analysis of the timed up and go test.
L86: Figure 8 Group 2 analysis of the muscle strength of the lower limb.
L87: Figure 9 Group 2 analysis of hand grip strength.
L88: Figure 10 Group 2 analysis of total body weight.
L89: Figure 11 Group 2 analysis of lean mass.
L90: Figure 12 Group 2 analysis of fat mass.
L91: Figure 13 Group 2 analysis of bone mineral density of the femoral neck.
L92: Figure 14 Group 2 analysis of bone mineral density of the spine.
L93: Quantitative synthesis
L94: Outcomes compared for group 1 included muscle strength of the lower limb, TUG and BMD of the femoral neck and spine ( figures 2–5 ). Only muscle strength of the lower limb was found to be significant, with a large effect size in favour of the intervention group ( figure 2 ; 0.98, 95% CI 0.73, to 1.24, p<0.00001).
L95: Group 2 comparisons included the SPPB ( figure 6 ), TUG ( figure 7 ), muscle strength of the lower limb ( figure 8 ), hand grip strength ( figure 9 ), weight ( figure 10 ), lean mass ( figure 11 ), fat mass ( figure 12 ), BMD of the femoral neck ( figure 13 ) and spine ( figure 14 ). Of these outcomes, hand grip strength, weight, lean mass, fat mass and the BMD of the spine were found to be non-significant. However, SPPB score was more improved in the intervention group (1.09, 95% CI 0.15 to 2.03, p=0.02), with a significant and large effect. Similarly, TUG was significantly reduced within the intervention group (−1.57, 95% CI −2.50 to –0.64, p=0.0010). The results of the quantitative analysis also supported the combined intervention for muscle strength of the lower limb (2.69, 95% CI 0.95 to 4.42, p=0.002), and BMD of the femoral neck (0.04, 95% CI 0.01 to 0.06, p=0.002).
L96: Qualitative synthesis
L97: Referring to the narrative synthesis guidelines provided by the Cochrane Consumers and Communication Review Group, 37  it was appropriate to apply two steps listed; developing a preliminary synthesis and exploring the relationships within and between studies. To develop a primary synthesis, results were systematically tabulated to identify patterns across studies ( tables 7–9 ). Exploring the relationships between and within studies for group 1, the control group in study 31  demonstrated a significant percentage increase in CSA of the quadriceps from baseline in comparison with the intervention group (+8.46% vs +4.94%, p<0.05).
L98: Table 7 Narrative analysis summary of findings for group 1 secondary outcome measures
L99: Table 8 Narrative analysis summary of findings for group 2 primary outcome measures
L100: Table 9 Narrative analysis summary of findings for group 2 secondary outcomes
L101: Comparing primary outcomes for group 2, the percentage increase in isometric knee extensor strength for study 36  was greater in the intervention group (+3.01% vs +0.11%), although not statistically significant. Muscle power was compared in studies 33  and expressed as sit-to-stand transfer power and functional stair climbing muscle power, respectively 34 . Both studies reported a significant percentage increase in muscle power within the intervention groups, and smaller, non-significant increases within the control groups (sit-to-stand transfer power intervention group +8.00% vs +2.61%, p=0.017; functional stair climbing muscle power intervention group +10.51% vs +7.32%, p<0.05).
L102: The 30 s sit-to-stand test showed significant favourable results for the combined intervention of exercise and vitamin D 3  (+10.40% vs +6.20%, p<0.05). Within study, 21  normal walking speed declined in both groups and the 5-time chair stand time was improved non-significantly in both groups. The 12 min walk test in study 32  was further improved within the control group, although this did not achieve statistical significance. The four-square step test, body sway and backward walking were significantly more improved in the intervention groups. Only Romberg ratio showed the greatest improvement within the control group; Romberg ratio was decreased in comparison with the intervention group, although the results were non-significant (+2.8% vs −0.60%).
L103: For group 2 secondary outcomes, small and non-significant gains in appendicular lean mass were demonstrated in the intervention group of study. 33  In study, 36  muscle mass of the upper limb decreased non-significantly in both the intervention and control groups, although to a lesser extent in the intervention group. BMD of the femoral neck was gained in both groups, although by a higher percentage in the control group; both trends were non-significant.
L104: In summary, meta-analyses for group 1 found muscle strength of the lower limb to be significantly improved within the intervention group (0.98, 95% CI 0.73 to 1.24, p<0.001). All other outcomes showed small but non-significant positive effects for the intervention group. The SPPB, TUG, muscle strength of the lower limb and femoral neck BMD all showed significantly greater improvements in the intervention group for group 2 comparisons.
L105: The narrative analysis revealed significant differences in body composition, muscle power, muscle function and balance. A significant percentage increase in quadriceps CSA was observed in the control group of study. 31  The combined intervention of RET and vitamin D 3  supplementation resulted in a greater percentage increase in muscle strength and power, and a greater improvement in the 30 s sit-to-stand test, the four-square step test, body sway and backward walking. However, vitamin D 3  supplementation alone resulted in a greater improvement in the 12 min walk test and Romberg ratio.
L106: Discussion
L107: The aim of this systematic review was to assess the combined effect of RET and vitamin D 3  supplementation on musculoskeletal health in older adults. Only seven studies were eligible for inclusion, with a total of 792 participants, highlighting the lack of available literature on the topic. Studies were categorised into two groups: studies in which all participants took part in RET and the intervention group was supplemented with vitamin D 3 , or studies in which all participants were supplemented with vitamin D 3  and the intervention group took part in RET. Two studies were categorised into both group 1 and group 2.
L108: Quantitative analysis
L109: Data analysis conducted for this review included meta-analyses and narrative reviews. Meta-analyses for group 1 included muscle strength of the lower limb, TUG and BMD of both the femoral neck and spine. Evidence of additional benefit was shown for all outcomes within the intervention group; however, the effect size was small and non-significant for TUG and BMD of the femoral neck and spine. Muscle strength of the lower limb was the only significant outcome of group 1, with a large effect size observed within the intervention group (0.98, 95% CI 0.73, to 1.24, p<0.00001). Although numerous studies have demonstrated the beneficial effect of RET on muscle strength in older adults, 3–5  this result provides evidence that vitamin D 3  supplementation may enhance these effects in older adults. Skeletal muscle myopathies associated with vitamin D deficiency are well documented, 38  and symptoms of significant muscle weakness are reversed with treatment of the deficiency. 39  A systematic review and meta-analysis reported a gain in lower extremity strength with vitamin D supplementation only in vitamin D deficient older adults; no effect was observed in replete adults. 22  Similarly, no effect of vitamin D 3  supplementation on isometric quadriceps strength was demonstrated after 6 months in vitamin D replete older adults. 40  Interestingly, although the studies included within group 1 21 31 32  did not specify serum 25(OH)D levels as inclusion/exclusion criteria, baseline and postintervention serum 25(OH)D were within the ‘sufficient’ range (>30 nmol/L). A greater increase of muscle strength in replete older adults represents a novel finding of this review. Preliminary support for combined vitamin D supplementation and RET was demonstrated in a 3-month longitudinal study examining the effect of serum 25(OH)D and exercise training on functional performance in older men and women aged 65 years and over. No significant improvements in function were reported in participants with lower serum 25(OH)D (<47.5 nmol/L); however, higher serum 25(OH)D (>67.5 nmol/L) was associated with greatest improvements in functionality and muscle strength. 41
L110: This finding must be considered within the context of the risk of bias and GRADE analyses. The risk of bias analysis showed an overall unclear risk of bias for the included studies, and the GRADE analysis concluded that the evidenced was of moderate quality; however, serious inconsistency due to moderate heterogeneity (I 2 =70%) was detected. This heterogeneity may have been due to the differing duration of interventions (12 weeks to 24 months), differences between measurement methodologies, differences between exercise regimens (although all adopted progressive RET), doses of vitamin D 3  (400–1920 IU/day) or may indicate that these studies were unsuitable for comparison.
L111: Significant effects for the SPPB, TUG, muscle strength of the lower limb and the BMD of the femoral neck were observed within the intervention groups of group 2 studies; unsurprisingly, RET was found to have a positive influence. In a recent systematic review and meta-analysis, exercise significantly increased SPPB score and decreased TUG time, with large effect sizes (1.87 and −2.47 , respectively 42 ); similar results are reported within this review. Vitamin D is a regulator of BMD, proliferating calcium and phosphate absorption in the intestine and acting directly on bone cells. 43  Vitamin D has previously been shown to influence BMD, fracture rate and risk 44 ; studies of patients who have sustained a hip fracture typically demonstrated low serum vitamin D (≤30.0 nmol/L 45 ). Supplementation of vitamin D and calcium has been shown to significantly decrease the rate of bone loss in the hip and spine. 46  GRADE analyses for these outcomes concluded the quality of evidence to be high (SPPB and TUG) or moderate (muscle strength of the lower limb and BMD of the femoral neck).
L112: Closer examination of the control groups within significant outcomes for group 2 was undertaken to evaluate the effect of vitamin D 3  supplementation alone. Intriguingly, although the intervention groups (RET and vitamin D 3  supplementation) showed evidence of benefit in number of outcomes, the control groups (vitamin D 3  supplementation alone) showed mixed, or even negative impacts on the same outcomes. SPPB score was decreased postintervention compared with baseline by 0.30% and 0.50% in the control groups of studies 32  and 33 , respectively. Muscle strength of the lower limb and BMD of the femoral neck showed mixed results for the intervention groups, with some studies reporting small increases and others reporting small losses (non-significant). Previous reports of the effect of vitamin D supplementation on muscle strength and physical functioning are mixed; the InCHIANTI study of people aged 65 years or over reported a significant association between serum 25(OH)D<25 nmol/L and SPPB score. 47  Similarly, a large prospective cohort of older adults aged 65 years or over found those with low (<25 nmol/L) 25(OH)D were significantly more likely to experience losses in grip strength and higher rates of appendicular lean mass loss compared with those with higher (>50 nmol/L) 25(OH)D. 23  Conversely, another large, prospective study found no association between serum 25(OH)D, walking speed and time for repeated chair stands. 48  The TUG test time increased in all groups of study, 32  and was significantly increased in the vitamin D without exercise group in study (p=0.01). 21  Again, participants included in studies 32  and 21  had sufficient serum 25(OH)D levels, indicating that supplementation in replete older adults may not confer additional benefits to neuromuscular function unless combined with exercise.
L113: Narrative analysis
L114: Studies in group 1 21 31 32  had few body composition outcomes in common, therefore, a narrative analysis was conducted. The CSA of the quadriceps was analysed within study, 31  and results showed that although the intervention group did experience a +4.94%, increase from baseline, the control group (not supplemented with vitamin D 3 ) actually showed a significantly higher increase in quadriceps CSA (+8.46%, p<0.05).
L115: These results do not provide evidence for the additive effects of combined exercise training and vitamin D 3 . Other study groups have reported changes in muscle CSA consequent to RET, which are both smaller 8 49  and comparable 50  to those reported in study. 31  Interestingly, study 31  also assessed ‘muscle quality’ (muscle strength/CSA), although non-significant, the intervention group improved their muscle quality to a greater degree than the control group (+9.61% vs +0.66% change from baseline), indicating an increased functionality of the muscle to produce force; conceptually more relevant in combatting the effects of sarcopenia than muscle size and strength alone. 51
L116: Results of the narrative analysis for group 2 showed that the combined intervention of RET and vitamin D 3  supplementation was significantly more beneficial than vitamin D 3  supplementation alone for sit-to-stand transfer power, functional stair climbing muscle power, 30 s sit-to-stand, 5-time chair stand, the four-square step test, body sway and backward walking. Only body sway was negatively affected by vitamin D 3  supplementation, although the within-group change was non-significant. Other outcomes of interest included normal walking speed, which deteriorated in both groups, the distance walked in 12 min and Romberg ratio, in which the control groups made the most improvement, although not significantly.
L117: Limitations
L118: Few published studies were eligible for inclusion within this review, although this serves to highlight the knowledge gap with respect to this topic. The inclusion of a high-risk study was deemed necessary due to the lack of available literature, although this had a negative effect on the perceived quality of evidence for the outcomes in which it was reported. Generally, outcome measure data could be graded as representing moderate quality, although there were several outcome measures graded as low or very low quality, due to the high variability of participant numbers, duration of interventions, exercise methodologies or differing vitamin D 3  doses and period of supplementation employed within the studies. Furthermore, data produced from meta-analyses including study 21  may have been skewed due to the high weighting assigned for this study as a result of the large number of participants recruited.
L119: Of the individual studies included within this review, none reported inclusion/exclusion criterion for vitamin D status, and although at baseline serum vitamin D was not significantly different between the groups in five studies, 21 31–33 36  two studies reported no data for serum vitamin D preintervention or postintervention. 34 35  Additionally, analysis methods used within five studies included did not account for confounding factors, 31–34 36  and participants were not stratified on the basis of any characteristics in three studies, 21 31 35  although these were single-sex studies. Unfortunately, several outcome measures were unsuitable for inclusion within the qualitative analysis due to differing measurement methodologies used or too few outcome measures in common. A recent systematic review and meta-analysis investigating the effects of vitamin D on neuromuscular remodelling following exercise or injury similarly found few eligible studies and high levels of heterogeneity due to methodological differences, resulting in the authors to suggest more high-quality evidence is needed to reach a result that is conclusive. 52
L120: Conclusion
L121: This review provides tentative support for the additive effect of combined RET and vitamin D 3  supplementation for the improvement of muscle strength in older adults. For other aspects of musculoskeletal function, such as SPPB and TUG, no additional benefit beyond that gained from exercise training was found. This review showed no evidence of benefit of vitamin D 3  supplementation alone, however, few studies were identified during the literature search, highlighting that further evidence is required to draw any firm conclusions or make explicit recommendations regarding vitamin D 3  supplementation for musculoskeletal health and function in older adults.
L122: Our recommendations to enable future studies to definitively answer questions regarding the additive effects of the combined vitamin D 3  supplementation and RET include common outcomes relevant to the condition studied, for example, the SPPB, 400 m walk and gait speed are recommended to assess physical performance, 53  which would allow for a more detailed assessment of results. Additionally, exercise interventions of similar durations would allow for a more accurate comparison between studies; it has been suggested that interventions with older adults should be of a minimum duration of 3 months to obtain significant differences in relevant outcomes. 53  Reporting of confounding factors would allow for adjustment of results via the use of covariates, for example, objective measures of physical activity using accelerometers, baseline serum vitamin D 3  status and participant characteristics, which may bias the participant pool. Separate analysis of male and female participants, or the addition of sex as a covariate in any analysis models would help to address sex-related differences in performance. Regarding study design, four-armed RCT studies are best placed to answer combined effects research questions, that is, exercise intervention, vitamin D intervention, both exercise and vitamin D, neither exercise nor vitamin D (true control). A true control group was lacking from a number of the included studies within this review.
L123: Supplementary Material
L124: Reviewer comments
L125: Author's manuscript
L126: 1. Rosenberg IH 
L127:  Summary comments .  Am J Clin Nutr 
L128:  1989 ; 50 : 1231 – 3 .
L129: 2. Cruz-Jentoft AJ ,  Baeyens JP ,  Bauer JM ,  et al 
L130:  Sarcopenia: European consensus on definition and diagnosis: report of the European Working Group on Sarcopenia in Older People .  Age Ageing 
L131:  2010 ; 39 : 412 – 23 . 10.1093/ageing/afq034 
L132:  20392703
L133: 3. Kosek DJ ,  Kim JS ,  Petrella JK ,  et al 
L134:  Efficacy of 3 days/wk resistance training on myofiber hypertrophy and myogenic mechanisms in young vs. older adults .  J Appl Physiol 
L135:  2006 ; 101 : 531 – 44 . 10.1152/japplphysiol.01474.2005 
L136:  16614355
L137: 4. Henwood TR ,  Taaffe DR 
L138:  Improved physical performance in older adults undertaking a short-term programme of high-velocity resistance training .  Gerontology 
L139:  2005 ; 51 : 108 – 15 . 10.1159/000082195 
L140:  15711077
L141: 5. Stewart VH ,  Saunders DH ,  Greig CA 
L142:  Responsiveness of muscle size and strength to physical training in very elderly people: a systematic review .  Scand J Med Sci Sports 
L143:  2014 ; 24 : e1 – e10 . 10.1111/sms.12123 
L144:  24151875
L145: 6. Kumar V ,  Selby A ,  Rankin D ,  et al 
L146:  Age-related differences in the dose-response relationship of muscle protein synthesis to resistance exercise in young and old men .  J Physiol 
L147:  2009 ; 587 : 211 – 7 . 10.1113/jphysiol.2008.164483 
L148:  19001042
L149: 7. Greig CA ,  Gray C ,  Rankin D ,  et al 
L150:  Blunting of adaptive responses to resistance exercise training in women over 75y .  Exp Gerontol 
L151:  2011 ; 46 : 884 – 90 . 10.1016/j.exger.2011.07.010 
L152:  21821111
L153: 8. Häkkinen K ,  Kallinen M ,  Izquierdo M ,  et al 
L154:  Changes in agonist-antagonist EMG, muscle CSA, and force during strength training in middle-aged and older people .  J Appl Physiol 
L155:  1998 ; 84 : 1341 – 9 . 9516202
L156: 9. Raue U ,  Slivka D ,  Minchev K ,  et al 
L157:  Improvements in whole muscle and myocellular function are limited with high-intensity resistance training in octogenarian women .  J Appl Physiol 
L158:  2009 ; 106 : 1611 – 7 . 10.1152/japplphysiol.91587.2008 
L159:  19246651
L160: 10. Welle S ,  Totterman S ,  Thornton C 
L161:  Effect of age on muscle hypertrophy induced by resistance training .  J Gerontol A Biol Sci Med Sci 
L162:  1996 ; 51 : M270 – 5 . 10.1093/gerona/51A.6.M270 
L163:  8914498
L164: 11. Hameed M ,  Orrell RW ,  Cobbold M ,  et al 
L165:  Expression of IGF-I splice variants in young and old human skeletal muscle after high resistance exercise .  J Physiol 
L166:  2003 ; 547 : 247 – 54 . 10.1113/jphysiol.2002.032136 
L167:  12562960
L168: 12. Roubenoff R 
L169:  Sarcopenia: a Major modifiable cause of frailty in the Elderly .  J Nutr Health Aging 
L170:  1999 ; 4 : 140 – 2 .
L171: 13. Janssen I ,  Heymsfield SB ,  Ross R 
L172:  Low relative skeletal muscle mass (sarcopenia) in older persons is associated with functional impairment and physical disability .  J Am Geriatr Soc 
L173:  2002 ; 50 : 889 – 96 . 10.1046/j.1532-5415.2002.50216.x 
L174:  12028177
L175: 14. Visser M ,  Kritchevsky SB ,  Goodpaster BH ,  et al 
L176:  Leg muscle mass and composition in relation to lower extremity performance in men and women aged 70 to 79: the health, aging and body composition study .  J Am Geriatr Soc 
L177:  2002 ; 50 : 897 – 904 . 10.1046/j.1532-5415.2002.50217.x 
L178:  12028178
L179: 15. Landi F ,  Liperoti R ,  Russo A ,  et al 
L180:  Sarcopenia as a risk factor for falls in elderly individuals: results from the ilSIRENTE study .  Clin Nutr 
L181:  2012 ; 31 : 652 – 8 . 10.1016/j.clnu.2012.02.007 
L182:  22414775
L183: 16. Sørensen OH ,  Lund B ,  Saltin B ,  et al 
L184:  Myopathy in bone loss of ageing: improvement by treatment with 1 alpha-hydroxycholecalciferol and calcium .  Clin Sci 
L185:  1979 ; 56 : 157 – 61 . 10.1042/cs0560157 
L186:  477197
L187: 17. Sato Y ,  Iwamoto J ,  Kanoko T ,  et al 
L188:  Low-dose vitamin D prevents muscular atrophy and reduces falls and hip fractures in women after stroke: a randomized controlled trial .  Cerebrovasc Dis 
L189:  2005 ; 20 : 187 – 92 . 10.1159/000087203 
L190:  16088114
L191: 18. Ceglia L ,  Niramitmahapanya S ,  da Silva Morais M ,  et al 
L192:  A randomized study on the effect of vitamin D₃ supplementation on skeletal muscle morphology and vitamin D receptor concentration in older women .  J Clin Endocrinol Metab 
L193:  2013 ; 98 : E1927 – E1935 . 10.1210/jc.2013-2820 
L194:  24108316
L195: 19. Latham NK ,  Anderson CS ,  Lee A ,  et al 
L196:  A randomized, controlled trial of quadriceps resistance exercise and vitamin D in frail older people: the Frailty Interventions Trial in Elderly subjects (FITNESS) .  J Am Geriatr Soc 
L197:  2003 ; 51 : 291 – 9 . 10.1046/j.1532-5415.2003.51101.x 
L198:  12588571
L199: 20. Lips P ,  Binkley N ,  Pfeifer M ,  et al 
L200:  Once-weekly dose of 8400 IU vitamin D(3) compared with placebo: effects on neuromuscular function and tolerability in older adults with vitamin D insufficiency .  Am J Clin Nutr 
L201:  2010 ; 91 : 985 – 91 . 10.3945/ajcn.2009.28113 
L202:  20130093
L203: 21. Uusi-Rasi K ,  Patil R ,  Karinkanta S ,  et al 
L204:  Exercise and vitamin D in fall prevention among older women: a randomized clinical trial .  JAMA Intern Med 
L205:  2015 ; 175 : 703 – 11 . 10.1001/jamainternmed.2015.0225 
L206:  25799402
L207: 22. Stockton KA ,  Mengersen K ,  Paratz JD ,  et al 
L208:  Effect of vitamin D supplementation on muscle strength: a systematic review and meta-analysis .  Osteoporos Int 
L209:  2011 ; 22 : 859 – 71 . 10.1007/s00198-010-1407-y 
L210:  20924748
L211: 23. Visser M ,  Deeg DJ ,  Lips P 
L212:  Longitudinal Aging Study Amsterdam .  Low vitamin D and high parathyroid hormone levels as determinants of loss of muscle strength and muscle mass (sarcopenia): the Longitudinal Aging Study Amsterdam .  J Clin Endocrinol Metab 
L213:  2003 ; 88 : 5766 – 72 . 10.1210/jc.2003-030604 
L214:  14671166
L215: 24. Robinson S ,  Cooper C ,  Aihie Sayer A 
L216:  Nutrition and sarcopenia: a review of the evidence and implications for preventive strategies .  J Aging Res 
L217:  2012 ; 2012 : 1 – 6 . 10.1155/2012/510801
L218: 25. Higgins JPT ,  Green S ,  Cochrane Handbook for Systematic Reviews of Interventions Version 5.1.0 [updated March 2011 :  The Cochrane Collarboration ,  2011 .
L219: 26. Moher D ,  Liberati A ,  Tetzlaff J ,  et al 
L220:  Preferred reporting items for systematic reviews and meta-analyses: the PRISMA statement .  Ann Intern Med 
L221:  2009 ; 151 : 264 – 9 . 10.7326/0003-4819-151-4-200908180-00135 
L222:  19622511
L223: 27. Hsu LM ,  Field R 
L224:  Interrater Agreement measures: comments o n  Kappa  n  , Cohe n 's Kappa, Scott's π, and Aicki n 's α .  Understanding Statistics 
L225:  2003 ; 2 : 205 – 19 . 10.1207/S15328031US0203_03
L226: 28. Moher D ,  Olkin I 
L227:  Meta-analysis of randomized controlled trials. A concern for standards; .  JAMA 
L228:  1995 ; 274 : 1962 – 4 . 8568993
L229: 29. Moher D ,  Altman D ,  Liberati A ,  et al 
L230:  PRISMA (Preferred Reporting items for systematic reviews and Meta-Analyses) .  The Cochrane Collaboration Methods Groups Newsletter 
L231:  1996 ; 6 .
L232: 30. Schünemann H ,  Brozek J ,  Oxman A 
L233:  GRADE handbook for grading quality of evidence and strength of recommendation. version 3.2 [updated March 2009 :  The GRADE Working Group ,  2009 
L234:  www cc-ims net/gradepro .
L235: 31. Agergaard J ,  Trøstrup J ,  Uth J ,  et al 
L236:  Does vitamin-D intake during resistance training improve the skeletal muscle hypertrophic and strength response in young and elderly men? – a randomized controlled trial .  Nutr Metab 
L237:  2015 ; 12 : 1 – 14 . 10.1186/s12986-015-0029-y
L238: 32. Bunout D ,  Barrera G ,  Leiva L ,  et al 
L239:  Effects of vitamin D supplementation and exercise training on physical performance in chilean vitamin D deficient elderly subjects .  Exp Gerontol 
L240:  2006 ; 41 : 746 – 52 . 10.1016/j.exger.2006.05.001 
L241:  16797903
L242: 33. Drey M ,  Zech A ,  Freiberger E ,  et al 
L243:  Effects of strength training versus power training on physical performance in prefrail community-dwelling older adults .  Gerontology 
L244:  2012 ; 58 : 197 – 204 . 10.1159/000332207 
L245:  22056537
L246: 34. Gianoudis J ,  Bailey CA ,  Ebeling PR ,  et al 
L247:  Effects of a targeted multimodal exercise program incorporating high-speed power training on falls and fracture risk factors in older adults: a community-based randomized controlled trial .  J Bone Miner Res 
L248:  2014 ; 29 : 182 – 91 . 10.1002/jbmr.2014 
L249:  23775701
L250: 35. Jessup JV ,  Horne C ,  Vishen RK ,  et al 
L251:  Effects of exercise on bone density, balance, and self-efficacy in older women .  Biol Res Nurs 
L252:  2003 ; 4 : 171 – 80 . 10.1177/1099800402239628 
L253:  12585781
L254: 36. Verschueren SM ,  Bogaerts A ,  Delecluse C ,  et al 
L255:  The effects of whole-body vibration training and vitamin D supplementation on muscle strength, muscle mass, and bone density in institutionalized elderly women: a 6-month randomized, controlled trial .  J Bone Miner Res 
L256:  2011 ; 26 : 42 – 9 . 10.1002/jbmr.181 
L257:  20648661
L258: 37. Ryan. R 
L259:  Cochrane Consumers and Communication Review Group: data synthesis and analysis’ :  Consumers and Communication Review Group ,  2013 
L260:  http://cccrg.cochrane.org  ( accessed Jul 2016 ).
L261: 38. Smith R ,  Stern G ,  Myopathy SG 
L262:  Myopathy, osteomalacia and hyperparathyroidism .  Brain 
L263:  1967 ; 90 : 593 – 602 . 10.1093/brain/90.3.593 
L264:  6058144
L265: 39. Glerup H ,  Mikkelsen K ,  Poulsen L ,  et al 
L266:  Commonly recommended daily intake of vitamin D is not sufficient if sunlight exposure is limited .  J Intern Med 
L267:  2000 ; 247 : 260 – 8 . 10.1046/j.1365-2796.2000.00595.x 
L268:  10692090
L269: 40. Grady D ,  Halloran B ,  Cummings S ,  et al 
L270:  1,25-Dihydroxyvitamin D3 and muscle strength in the elderly: a randomized controlled trial .  J Clin Endocrinol Metab 
L271:  1991 ; 73 : 1111 – 7 . 10.1210/jcem-73-5-1111 
L272:  1939527
L273: 41. Okuno J ,  Tomura S ,  Fukasaku T ,  et al 
L274:  Examination of effects of alfacalcidol vitamin D supplement and renal function on improvement in the physical fitness of pre-frail elderly persons attending a nursing care prevention class .  Nihon Ronen Igakkai Zasshi 
L275:  2011 ; 48 : 691 – 8 . 10.3143/geriatrics.48.691 
L276:  22322042
L277: 42. Giné-Garriga M ,  Roqué-Fíguls M ,  Coll-Planas L ,  et al 
L278:  Physical exercise interventions for improving performance-based measures of physical function in community-dwelling, frail older adults: a systematic review and meta-analysis .  Arch Phys Med Rehabil 
L279:  2014 ; 95 : e3 : 753 – 69 . 10.1016/j.apmr.2013.11.007
L280: 43. Lips P ,  Hosking D ,  Lippuner K ,  et al 
L281:  The prevalence of vitamin D inadequacy amongst women with osteoporosis: an international epidemiological investigation .  J Intern Med 
L282:  2006 ; 260 : 245 – 54 . 10.1111/j.1365-2796.2006.01685.x 
L283:  16918822
L284: 44. Brincat M ,  Gambin J ,  Brincat M ,  et al 
L285:  The role of vitamin D in osteoporosis .  Maturitas 
L286:  2015 ; 80 : 329 – 32 . 10.1016/j.maturitas.2014.12.018 
L287:  25660912
L288: 45. LeBoff MS ,  Kohlmeier L ,  Hurwitz S ,  et al 
L289:  Occult vitamin D deficiency in postmenopausal US women with acute hip fracture .  JAMA 
L290:  1999 ; 281 : 1505 – 11 . 10.1001/jama.281.16.1505 
L291:  10227320
L292: 46. Tang BMP ,  Eslick GD ,  Nowson C ,  et al 
L293:  Use of calcium or calcium in combination with vitamin D supplementation to prevent fractures and bone loss in people aged 50 years and older: a meta-analysis .  The Lancet 
L294:  2007 ; 370 : 657 – 66 . 10.1016/S0140-6736(07)61342-7
L295: 47. Houston DK ,  Cesari M ,  Ferrucci L ,  et al 
L296:  Association between vitamin D status and physical performance: the InCHIANTI study .  J Gerontol A Biol Sci Med Sci 
L297:  2007 ; 62 : 440 – 6 . 10.1093/gerona/62.4.440 
L298:  17452740
L299: 48. Verreault R ,  Semba RD ,  Volpato S ,  et al 
L300:  Low serum vitamin d does not predict new disability or loss of muscle strength in older women .  J Am Geriatr Soc 
L301:  2002 ; 50 : 912 – 7 . 10.1046/j.1532-5415.2002.50219.x 
L302:  12028180
L303: 49. Trappe S ,  Williamson D ,  Godard M 
L304:  Maintenance of whole muscle strength and size following resistance training in older men .  J Gerontol A Biol Sci Med Sci 
L305:  2002 ; 57 : B138 – B143 . 10.1093/gerona/57.4.B138 
L306:  11909878
L307: 50. Ferri A ,  Scaglioni G ,  Pousson M ,  et al 
L308:  Strength and power changes of the human plantar flexors and knee extensors in response to resistance training in old age .  Acta Physiol Scand 
L309:  2003 ; 177 : 69 – 78 . 10.1046/j.1365-201X.2003.01050.x 
L310:  12492780
L311: 51. Fragala MS ,  Kenny AM ,  Kuchel GA 
L312:  Muscle quality in aging: a multi-dimensional approach to muscle functioning with applications for treatment .  Sports Med 
L313:  2015 ; 45 : 641 – 58 . 10.1007/s40279-015-0305-z 
L314:  25655372
L315: 52. Minshull C ,  Biant LC ,  Ralston SH ,  et al 
L316:  A Systematic Review of the Role of Vitamin D on Neuromuscular Remodelling Following Exercise and Injury .  Calcif Tissue Int 
L317:  2016 ; 98 : 426 – 37 . 10.1007/s00223-015-0099-x 
L318:  26686693
L319: 53. Cruz-Jentoft AJ ,  Landi F ,  Schneider SM ,  et al 
L320:  Prevalence of and interventions for Sarcopenia in ageing adults: a systematic review. Report of the International Sarcopenia Initiative (EWGSOP and IWGS) .  Age Ageing 
L321:  2014 ; 43 : 748 – 59 . 10.1093/ageing/afu115 
L322:  25241753
L323: We thank Lynn Harris for her help formulating the search strategy, Asma Alrushud for her help with data extraction and the National Osteoporosis Society for supporting Anneka Antoniak.
L324: **BMJ Open**
L325: **The effect of combined resistance exercise training and**
L326: **vitamin D3 supplementation on musculoskeletal health and**
L327: **function in older adults: A systematic review and meta-**
L328: |For|or analysis|
L329: |---|---|
L330: |<br>Journal:|<br>_BMJ Open_|
L331: |<br>Manuscript ID|<br>  bmjopen-2016-014619|
L332: |<br>Article Type:|<br>  Research|
L333: |<br>Date Submitted by the Author:|<br>     07-Oct-2016|
L334: |<br>Complete List of Authors:|** er r**<br>    Antoniak, Anneka; University of Birmingham, School of Sports, Exericse<br>and Rehabilitation Sciences<br>Greig, Carolyn; School of Sport, Exercise and Rehabilitation Sciences,<br>University of Birmingham, Edgbaston, Birmingham, B15 2TT, UK;  MRC-<br>Arthritis Research UK Centre for Musculoskeletal Ageing Research|
L335: |<br><b>Primary Subject<br>Heading</b>:|<br>Geriatric medicine|
L336: |<br>Secondary Subject Heading:|<br>   Nutrition and metabolism, Sports and exercise medicine|
L337: |<br>Keywords:|**  iew**<br>Physiology < BASIC SCIENCES, GERIATRIC MEDICINE, NUTRITION &<br>DIETETICS, Bone diseases < ORTHOPAEDIC & TRAUMA SURGERY,<br>Musculoskeletal disorders < ORTHOPAEDIC & TRAUMA SURGERY, SPORTS<br>MEDICINE|
L338: |<br>|<br>|
L339: **For peer review only - http://bmjopen.bmj.com/site/about/guidelines.xhtml**
L340: **Page 1 of 34**
L341: 1
L342: 2
L343: 3
L344: 4
L345: 5
L346: 6
L347: 7
L348: 8
L349: 9
L350: 10
L351: 11
L352: 12
L353: 13
L354: 14
L355: 15
L356: 16
L357: 17
L358: 18
L359: 19
L360: 20
L361: 21
L362: 22
L363: 23
L364: 24
L365: 25
L366: 26
L367: 27
L368: 28
L369: 29
L370: 30
L371: 31
L372: 32
L373: 33
L374: 34
L375: 35
L376: 36
L377: 37
L378: 38
L379: 39
L380: 40
L381: 41
L382: 42
L383: 43
L384: 44
L385: 45
L386: 46
L387: 47
L388: 48
L389: 49
L390: 50
L391: 51
L392: 52
L393: 53
L394: 54
L395: 55
L396: 56
L397: 57
L398: 58
L399: 59
L400: 60
L401: **BMJ Open**
L402: ### **The effect of combined resistance exercise training and vitamin D3** **supplementation on musculoskeletal health and function in older adults: A** **systematic review and meta-analysis**
L403: **AUTHORS**
L404: Anneka E Antoniak [1] and Carolyn A Greig [1,2]
L405: 1School of Sport, Exercise and Rehabilitation Sciences, 2MRC-Arthritis Research UK Centre
L406: for Musculoskeletal Ageing and Health, University of Birmingham, Edgbaston, Birmingham,
L407: B15 2TT, UK
L408: **Corresponding author**
L409: Anneka E Antoniak
L410: School of Sport, Exercise and Rehabilitation Sciences, University of Birmingham, Edgbaston,
L411: Birmingham, B15 2TT, UK
L412: Email: aea423@bham.ac.uk
L413: Telephone number: +44 121 371 3234
L414: **Keywords:** Vitamin D, exercise, older adults, randomised controlled trial, systematic review
L415: **Word count:** 4227
L416: Number of figures: 14
L417: Number of tables: 9
L418: Number of references: 52
L419: Number of supplementary files: 9
L420: 1
L421: **For peer review only - http://bmjopen.bmj.com/site/about/guidelines.xhtml**
L422: **Page 2 of 34**
L423: 1
L424: 2
L425: 3
L426: 4
L427: 5
L428: 6
L429: 7
L430: 8
L431: 9
L432: 10
L433: 11
L434: 12
L435: 13
L436: 14
L437: 15
L438: 16
L439: 17
L440: 18
L441: 19
L442: 20
L443: 21
L444: 22
L445: 23
L446: 24
L447: 25
L448: 26
L449: 27
L450: 28
L451: 29
L452: 30
L453: 31
L454: 32
L455: 33
L456: 34
L457: 35
L458: 36
L459: 37
L460: 38
L461: 39
L462: 40
L463: 41
L464: 42
L465: 43
L466: 44
L467: 45
L468: 46
L469: 47
L470: 48
L471: 49
L472: 50
L473: 51
L474: 52
L475: 53
L476: 54
L477: 55
L478: 56
L479: 57
L480: 58
L481: 59
L482: 60
L483: **BMJ Open**
L484: **ABSTRACT**
L485: **Objectives**
L486: In older adults there is a blunted responsiveness to resistance training and reduced muscle hypertrophy
L487: compared with younger adults. There is evidence that both exercise training and vitamin D supplementation
L488: may benefit musculoskeletal health in older adults, and it is plausible that in combination their effects may be
L489: additive. The aim of this systematic review was to evaluate the effectiveness of combined resistance exercise
L490: training and vitamin D3 supplementation on musculoskeletal health in older adults.
L491: **Data sources**
L492: A comprehensive search of electronic databases, including Science Direct, MedLine, PubMed, Google Scholar
L493: and Cochrane Central Register of Controlled Trials (Cochrane CENTRAL accessed by Wiley Science) **.**
L494: **Results**
L495: 7 studies were included, with a total of 792 participants aged 65 years or over (or mean age ≥65 years). Studies
L496: were categorized into two groups; group 1 compared vitamin D3 supplementation and exercise training versus
L497: exercise alone, group 2 compared vitamin D3 supplementation and exercise training versus vitamin D3
L498: supplementation alone. Meta-analyses for group 1 found muscle strength of the lower limb to be significantly
L499: improved within the intervention group (0.98, 95% CI 0.73, 1.24, _p_ <0.001); all other outcomes showed small
L500: but non-significant positive effects for the intervention group. The SPPB, TUG, muscle strength of the lower
L501: limb and hip BMD all showed significantly greater improvements in the intervention group for group 2
L502: comparisons.
L503: **Conclusions**
L504: This review provides tentative support for the additive effect of resistance exercise and vitamin D3
L505: supplementation for the improvement of muscle strength in older adults. For other aspects of musculoskeletal
L506: function, such as SPPB and TUG, no additional benefit beyond exercise was shown. Further evidence is
L507: required to draw firm conclusions or make explicit recommendations regarding combined exercise and vitamin
L508: D3 supplementation.
L509: **Strengths and Limitations of this study**
L510:   - To the best of our knowledge this study represents the first review evaluating the combined effects of
L511: vitamin D3 supplementation and exercise in older adults
L512:   - Generally, outcome measure data could be graded as representing moderate quality
L513:   - Only seven studies were found to be eligible for inclusion, highlighting the lack of literature available
L514: on the topic
L515:   - The inclusion of one high risk study was deemed necessary due to the lack of eligible studies
L516: 2
L517: **For peer review only - http://bmjopen.bmj.com/site/about/guidelines.xhtml**
L518: **Page 3 of 34**
L519: 1
L520: 2
L521: 3
L522: 4
L523: 5
L524: 6
L525: 7
L526: 8
L527: 9
L528: 10
L529: 11
L530: 12
L531: 13
L532: 14
L533: 15
L534: 16
L535: 17
L536: 18
L537: 19
L538: 20
L539: 21
L540: 22
L541: 23
L542: 24
L543: 25
L544: 26
L545: 27
L546: 28
L547: 29
L548: 30
L549: 31
L550: 32
L551: 33
L552: 34
L553: 35
L554: 36
L555: 37
L556: 38
L557: 39
L558: 40
L559: 41
L560: 42
L561: 43
L562: 44
L563: 45
L564: 46
L565: 47
L566: 48
L567: 49
L568: 50
L569: 51
L570: 52
L571: 53
L572: 54
L573: 55
L574: 56
L575: 57
L576: 58
L577: 59
L578: 60
L579: **BMJ Open**
L580: **INTRODUCTION**
L581: Sarcopenia, originally defined as the age related loss of muscle mass[1], now also encompasses low muscle
L582: strength and/or muscle function[2]. The efficacy of resistance training in preventing or alleviating age-related
L583: musculoskeletal loss is well established; cited as the most promising intervention for improving symptoms of
L584: sarcopenia[3].
L585: Clear evidence exists demonstrating an association between resistance exercise training (RET) and muscle
L586: hypertrophy, which is maintained in older age[3-5]. However, in older adults there is a blunted responsiveness
L587: to RET in comparison with younger adults; a blunted muscle protein synthetic rate in response to a single bout
L588: of resistance exercise has been reported[6], and others demonstrate a reduction in muscle hypertrophy in
L589: comparison to younger adults[7-10]. This ’anabolic resistance’ may be due to changes in gene expression and
L590: anabolic signalling; an attenuated anabolic hormone response to resistance exercise is observed in comparison
L591: to younger adults[11].
L592: Losses in muscle strength are associated with losses in functional ability, independence and increases in frailty,
L593: falls, and disability in older adults [12-15]; therefore, there may be merit associated with a combination of
L594: interventions to boost responsiveness of older muscle to resistance exercise and combat anabolic resistance.
L595: Vitamin D3 supplementation in humans has been shown to positively influence musculoskeletal health in older
L596: adults: increases in relative number and cross-sectional area (CSA) of muscle fibres (type II in particular) has
L597: been reported[16-18], and muscle strength increased and fall rates decreased after treatment with vitamin
L598: D3[17]. Vitamin D receptor (VDR) concentration significantly increased with vitamin D3 supplementation[18];
L599: conversely, supplementation conferred no benefits on strength, functioning and balance[19-21]. Moreover, a
L600: systematic review examining the effects of vitamin D3 supplementation in vitamin D replete adults aged over
L601: 18 years found no significant effect on grip or proximal lower limb muscle strength; however, pooled data
L602: including vitamin D deficient participants (serum 25(OH)D <25 nmol.l [-1] ) demonstrated a large effect on hip
L603: muscle strength[22].
L604: There is conflicting evidence surrounding the efficacy of vitamin D3 supplementation alone or in combination
L605: with exercise on musculoskeletal health, with no clear consensus regarding the management or prevention of
L606: sarcopenia. Although epidemiological data suggest a relationship between vitamin D3 and muscle
L607: weakness[23], this association is not well understood, and evidence in published literature is lacking and
L608: contradictory. Considering the beneficial effects of both RET and vitamin D3 on muscle tissue, it is plausible an
L609: additive effect would exist if combined, optimizing the potential for healthy ageing muscle[24]. Thus, the aim
L610: of this study was to assess the combined effect of RET and vitamin D3 supplementation on musculoskeletal
L611: health in older adults.
L612: 3
L613: **For peer review only - http://bmjopen.bmj.com/site/about/guidelines.xhtml**
L614: **Page 4 of 34**
L615: 1
L616: 2
L617: 3
L618: 4
L619: 5
L620: 6
L621: 7
L622: 8
L623: 9
L624: 10
L625: 11
L626: 12
L627: 13
L628: 14
L629: 15
L630: 16
L631: 17
L632: 18
L633: 19
L634: 20
L635: 21
L636: 22
L637: 23
L638: 24
L639: 25
L640: 26
L641: 27
L642: 28
L643: 29
L644: 30
L645: 31
L646: 32
L647: 33
L648: 34
L649: 35
L650: 36
L651: 37
L652: 38
L653: 39
L654: 40
L655: 41
L656: 42
L657: 43
L658: 44
L659: 45
L660: 46
L661: 47
L662: 48
L663: 49
L664: 50
L665: 51
L666: 52
L667: 53
L668: 54
L669: 55
L670: 56
L671: 57
L672: 58
L673: 59
L674: 60
L675: **BMJ Open**
L676: **MATERIALS AND METHODS**
L677: A systematic review of peer-reviewed literature relating to the effect of RET and vitamin D3 supplementation
L678: on musculoskeletal health in older adults was conducted in accordance with a study protocol registered on the
L679: PROSPERO database (record number CRD42015020157). The protocol was informed by the Cochrane
L680: Handbook for Systematic Reviews of Interventions[25], and reporting conformed to the Preferred Reporting
L681: Items for Systematic Reviews and Meta-analysis (PRISMA) statement[26].
L682: **Eligibility Criteria**
L683: Randomized controlled trials were sought for this study. Journal studies included: (1) male and/or female
L684: participants (aged ≥65 years or mean age ≥ 65 years) (2) enlisted RET and vitamin D3 supplementation (studies
L685: utilising vitamin D3 and calcium supplementation were included) (3) included measures of muscle strength,
L686: function, muscle power, body composition, serum vitamin D/calcium status or quality of life (4) compared
L687: results with a control group (sedentary/usual care/no vitamin D3 supplementation). Articles were excluded if
L688: participants were supplemented with additional protein or any supplement/medication with a known anabolic
L689: effect on muscle tissue.
L690: **Search methods for identification of studies**
L691: Articles published before March 2016 were included. A computerised search of Science Direct, MedLine,
L692: PubMed, Google Scholar and Cochrane Central Register of Controlled Trials (Cochrane CENTRAL accessed by
L693: Wiley Science) databases was conducted. Table 1 shows the Medline search strategy, devised by AEA and LH.
L694: **Data items and collection**
L695: Data were extracted independently by 2 reviewers (AEA and ASA) using a standardised data extraction sheet;
L696: any disagreements were discussed and resolved with a third person (CAG). The inter-rater reliability was
L697: assessed using Cohen’s Kappa[27]. Data items including general information, participant characteristics and
L698: details of the intervention were extracted. For key outcomes the definition used by the authors, methodology,
L699: results, mean differences and the presence/absence of statistical significance were reported.
L700: 4
L701: **For peer review only - http://bmjopen.bmj.com/site/about/guidelines.xhtml**
L702: **Page 5 of 34**
L703: 1
L704: 2
L705: 3
L706: 4
L707: 5
L708: 6
L709: 7
L710: 8
L711: 9
L712: 10
L713: 11
L714: 12
L715: 13
L716: 14
L717: 15
L718: 16
L719: 17
L720: 18
L721: 19
L722: 20
L723: 21
L724: 22
L725: 23
L726: 24
L727: 25
L728: 26
L729: 27
L730: 28
L731: 29
L732: 30
L733: 31
L734: 32
L735: 33
L736: 34
L737: 35
L738: 36
L739: 37
L740: 38
L741: 39
L742: 40
L743: 41
L744: 42
L745: 43
L746: 44
L747: 45
L748: 46
L749: 47
L750: 48
L751: 49
L752: 50
L753: 51
L754: 52
L755: 53
L756: 54
L757: 55
L758: 56
L759: 57
L760: 58
L761: 59
L762: 60
L763: **BMJ Open**
L764: **Risk of bias analysis**
L765: 2 reviewers (AEA and CAG) independently assessed the validity of included studies, with provisions for
L766: moderation from a third reviewer. The Cochrane Collaboration’s tool for assessing risk of bias was utilised, as
L767: described in the Cochrane Handbook for Systematic Reviews of Interventions[25]; the use of scales for
L768: assessment is explicitly discouraged[28,29]. Pre-specified consensus points were devised and agreed by
L769: reviewers to ensure consistency. It was acknowledged that by nature of design, blinding of participants and
L770: personnel would be difficult in certain studies; therefore grading was based on the likelihood that outcome
L771: measures were influenced by the potential lack of blinding[25].
L772: **Grading the quality of evidence**
L773: The Grading of Recommendation, Assessment, Development, and Evaluation (GRADE) handbook[30] was used
L774: to evaluate the quality of evidence of outcomes assessed within the meta-analyses. The GRADE approach
L775: utilises systematically produced questions to reach conclusions on degree of confidence in the estimate of the
L776: effect. GRADE assesses patient important outcomes across five areas; risk of bias, inconsistency, indirectness,
L777: imprecision and publication bias, and grades outcomes as demonstrating high, moderate, low or very low
L778: quality of evidence.
L779: **RESULTS**
L780: **Study selection:**
L781: 7 studies were included within the review; Agergaard et al., 2015[31], Bunout et al., 2006[32], Drey et al.,
L782: 2011[33], Gianoudis et al., 2014[34], Jessup et al., 2003[35], Uusi-Rasi et al., 2015[21], and Verschueren et al.,
L783: 2011[36]; the study flow diagram is presented in Figure 1.
L784: 5
L785: **For peer review only - http://bmjopen.bmj.com/site/about/guidelines.xhtml**
L786: **Page 6 of 34**
L787: 1
L788: 2
L789: 3
L790: 4
L791: 5
L792: 6
L793: 7
L794: 8
L795: 9
L796: 10
L797: 11
L798: 12
L799: 13
L800: 14
L801: 15
L802: 16
L803: 17
L804: 18
L805: 19
L806: 20
L807: 21
L808: 22
L809: 23
L810: 24
L811: 25
L812: 26
L813: 27
L814: 28
L815: 29
L816: 30
L817: 31
L818: 32
L819: 33
L820: 34
L821: 35
L822: 36
L823: 37
L824: 38
L825: 39
L826: 40
L827: 41
L828: 42
L829: 43
L830: 44
L831: 45
L832: 46
L833: 47
L834: 48
L835: 49
L836: 50
L837: 51
L838: 52
L839: 53
L840: 54
L841: 55
L842: 56
L843: 57
L844: 58
L845: 59
L846: 60
L847: **BMJ Open**
L848: Figure 1: Study flow chart
L849: Upon reading full text articles, it became clear that there were 2 separate groups of interventions; studies in
L850: which all participants took part in RET and the intervention arm was supplemented with vitamin D3; studies in
L851: which all participants were supplemented with vitamin D3 and the intervention arm took part in RET; and
L852: studies using a combination of the 2 interventions (Table 2).
L853: 6
L854: **For peer review only - http://bmjopen.bmj.com/site/about/guidelines.xhtml**
L855: **Page 7 of 34**
L856: 1
L857: 2
L858: 3
L859: 4
L860: 5
L861: 6
L862: 7
L863: 8
L864: 9
L865: 10
L866: 11
L867: 12
L868: 13
L869: 14
L870: 15
L871: 16
L872: 17
L873: 18
L874: 19
L875: 20
L876: 21
L877: 22
L878: 23
L879: 24
L880: 25
L881: 26
L882: 27
L883: 28
L884: 29
L885: 30
L886: 31
L887: 32
L888: 33
L889: 34
L890: 35
L891: 36
L892: 37
L893: 38
L894: 39
L895: 40
L896: 41
L897: 42
L898: 43
L899: 44
L900: 45
L901: 46
L902: 47
L903: 48
L904: 49
L905: 50
L906: 51
L907: 52
L908: 53
L909: 54
L910: 55
L911: 56
L912: 57
L913: 58
L914: 59
L915: 60
L916: **BMJ Open**
L917: Table 2: Study demographics
L918: |Exercise Vitamin D3<br>Author, year N Mean age (y) Study design Duration<br>protocol protocol|Col2|Col3|Col4|Col5|Col6|Col7|Col8|
L919: |---|---|---|---|---|---|---|---|
L920: |**_Group 1: All participants exercised, intervention group received vitamin D supplementation_** <br>|**_Group 1: All participants exercised, intervention group received vitamin D supplementation_** <br>|**_Group 1: All participants exercised, intervention group received vitamin D supplementation_** <br>|**_Group 1: All participants exercised, intervention group received vitamin D supplementation_** <br>|**_Group 1: All participants exercised, intervention group received vitamin D supplementation_** <br>|**_Group 1: All participants exercised, intervention group received vitamin D supplementation_** <br>|**_Group 1: All participants exercised, intervention group received vitamin D supplementation_** <br>|**_Group 1: All participants exercised, intervention group received vitamin D supplementation_** <br>|
L921: |<br>**Agergaard et al.,**<br>**(2015)**|<br>17|<br>66.9|<br>RCT|<br>RET<br>3x per week|<br>1920 IU D3 + 800mg<br>Ca/day<br>Or<br>800mg Ca/day|<br>16 weeks||
L922: |<br>**_Group 2: All participants received vitamin D supplementation, intervention group exercised_**|<br>**_Group 2: All participants received vitamin D supplementation, intervention group exercised_**|<br>**_Group 2: All participants received vitamin D supplementation, intervention group exercised_**|<br>**_Group 2: All participants received vitamin D supplementation, intervention group exercised_**|<br>**_Group 2: All participants received vitamin D supplementation, intervention group exercised_**|<br>**_Group 2: All participants received vitamin D supplementation, intervention group exercised_**|<br>**_Group 2: All participants received vitamin D supplementation, intervention group exercised_**|<br>**_Group 2: All participants received vitamin D supplementation, intervention group exercised_**|
L923: |<br>**Drey et al., (2011)**<br> <br>|**o**<br>42|<br>77|<br>RCT|<br>RET<br>2x 60 mins<br>per week|<br>>20 ng/ml = 1000<br>IU D3/day<br><20 ng/ml = 2000<br>IU D3/day|<br>12 weeks|<br>12 weeks|
L924: |<br>**Gianoudis et al.,**<br>**(2014)**|<br>150|<br>67|<br>RCT|<br> <br>HV-PRT<br>3x per week|<br>1000 IU D3 &<br>700mg Ca/day|<br>12 months|<br>12 months|
L925: |<br>**Jessup et al.,**<br>**(2003)**|<br>18|<br>69|<br> <br>RCT<br>Parallel|<br> <br>RET<br>3x 60-90 mins<br>per week|<br>400 IU D3 & 1000<br>mg Ca/day|<br>32 weeks|<br>32 weeks|
L926: |<br>**Verschueren et al.,**<br>**(2011)**|<br>103|<br>79|** re**<br>RCT|<br> <br>WBV<br>3x per week|<br>High-dose = 1600 IU<br>Conventional dose<br>= 800 IU D3/day|<br> <br>6 months|<br> <br>6 months|
L927: |<br>**_Assigned to Group 1 & 2: Participants took part in a combination of exercise and vitamin D interventions_**|<br>**_Assigned to Group 1 & 2: Participants took part in a combination of exercise and vitamin D interventions_**|<br>**_Assigned to Group 1 & 2: Participants took part in a combination of exercise and vitamin D interventions_**|<br>**_Assigned to Group 1 & 2: Participants took part in a combination of exercise and vitamin D interventions_**|<br>**_Assigned to Group 1 & 2: Participants took part in a combination of exercise and vitamin D interventions_**|<br>**_Assigned to Group 1 & 2: Participants took part in a combination of exercise and vitamin D interventions_**|<br>**_Assigned to Group 1 & 2: Participants took part in a combination of exercise and vitamin D interventions_**|<br>**_Assigned to Group 1 & 2: Participants took part in a combination of exercise and vitamin D interventions_**|
L928: |<br>**Bunout et al.,**<br>**(2006)**|<br>92|<br>77|<br>RCT|** ie**<br>RET<br>2x 1.5h per<br>week|<br>400 IU D3 + 800mg<br>Ca/day<br>Or<br>800mg Ca/day|<br>9 months|<br>9 months|
L929: |<br>**Uusi-Rasi et al.,**<br>**(2015) **|<br>370|<br>74|<br>RCT|<br> <br> <br>RET 2x/week<br>for 12 months<br>1x/week for<br>next 12<br>months|**  onl**<br>800 IU D3/day|<br>2 years|<br>2 years|
L930: *RCT: Randomized Controlled Trial, RET: Resistance Exercise Training, IU: International Units, Ca: Calcium
L931: **For peer review only - http://bmjopen.bmj.com/site/about/guidelines.xhtml**
L932: 7
L933: **Page 8 of 34**
L934: 1
L935: 2
L936: 3
L937: 4
L938: 5
L939: 6
L940: 7
L941: 8
L942: 9
L943: 10
L944: 11
L945: 12
L946: 13
L947: 14
L948: 15
L949: 16
L950: 17
L951: 18
L952: 19
L953: 20
L954: 21
L955: 22
L956: 23
L957: 24
L958: 25
L959: 26
L960: 27
L961: 28
L962: 29
L963: 30
L964: 31
L965: 32
L966: 33
L967: 34
L968: 35
L969: 36
L970: 37
L971: 38
L972: 39
L973: 40
L974: 41
L975: 42
L976: 43
L977: 44
L978: 45
L979: 46
L980: 47
L981: 48
L982: 49
L983: 50
L984: 51
L985: 52
L986: 53
L987: 54
L988: 55
L989: 56
L990: 57
L991: 58
L992: 59
L993: 60
L994: **BMJ Open**
L995: **Study demographics**
L996: 7 eligible studies included a total of 792 participants of mean age 72.8 years (Table 2). Of these, 1 included
L997: only males[31] and 3 included only females[21,35,36]. All studies included healthy participants living
L998: independently, except for 2 studies; [35] included participants living within a retirement community and [36]
L999: included institutionalized participants living in nursing homes, service flats or cloistered communities.
L1000: **Interventions**
L1001: Studies assigned to group 1 included Agergaard et al., 2015[31]; Bunout et al., 2006[32] and Uusi-Rasi et al.,
L1002: 2015[21]. In group 1, all participants took part in RET; incorporating a warm-up and strengthening exercises
L1003: utilising commercial weight machines[21,31] or Thera-bands[31]. 2 studies included balance challenging
L1004: aspects[21,32]. All studies included supervised, progressive exercise sessions; progression was monitored by a
L1005: 5 rep max (RM) test[31], Borg scale[32] or metabolic equivalents (METs)[21]. Total number of sessions
L1006: delivered ranged from 36[31]to 156[21], over a duration of 16 weeks[31] to 24 months[21]. All administered a
L1007: vitamin D3 supplement, orally in tablet form; doses ranged from 400IU [32] to 1920 IU[31] per day; in 2 studies
L1008: participants were supplemented with 800mg calcium per day[31,32] and 1 study supplemented the control
L1009: group with a placebo[21].
L1010: 6 studies assigned to group 2 included; Bunout et al., 2006[32], Drey et al., 2011[33] Gianoudis et al., 2014[34],
L1011: Jessup et al., 2003[35], Uusi-Rasi et al., 2015[21] and Verschueren et al., 2011[36]. Within group 2, all
L1012: participants took a vitamin D3 supplement, orally in tablet form. Doses ranged from 400 IU[32,35] to 2000
L1013: IU[33] per day; 1 study monitored serum 25(OH)D at baseline to determine supplement dosage[33]. In 4
L1014: studies[32,34-36] all participants were supplemented with calcium; doses ranged from 700mg[34] to
L1015: 1000mg[35,36] per day. The intervention group took part in RET. Studies utilised machine weights and
L1016: pulleys[21,33-35], Thera-bands[32], weighted vests[35] and Whole Body Vibration (WBV) machines[36] for
L1017: resistance. 5 studies included balance challenging aspects[21,32-35]. All studies employed supervised,
L1018: progressive exercise sessions monitored via a Borg scale[32-34], addition of weights to weighted vests[35],
L1019: estimation of METs or individual ability[36]. Total number of sessions delivered ranged from 24[33] to 156[21],
L1020: over a duration of 12 weeks[33] to 24 months[21]. Note that 2 studies included comparators which allowed
L1021: allocation to both groups [21,32].
L1022: 8
L1023: **For peer review only - http://bmjopen.bmj.com/site/about/guidelines.xhtml**
L1024: **Page 9 of 34**
L1025: 1
L1026: 2
L1027: 3
L1028: 4
L1029: 5
L1030: 6
L1031: 7
L1032: 8
L1033: 9
L1034: 10
L1035: 11
L1036: 12
L1037: 13
L1038: 14
L1039: 15
L1040: 16
L1041: 17
L1042: 18
L1043: 19
L1044: 20
L1045: 21
L1046: 22
L1047: 23
L1048: 24
L1049: 25
L1050: 26
L1051: 27
L1052: 28
L1053: 29
L1054: 30
L1055: 31
L1056: 32
L1057: 33
L1058: 34
L1059: 35
L1060: 36
L1061: 37
L1062: 38
L1063: 39
L1064: 40
L1065: 41
L1066: 42
L1067: 43
L1068: 44
L1069: 45
L1070: 46
L1071: 47
L1072: 48
L1073: 49
L1074: 50
L1075: 51
L1076: 52
L1077: 53
L1078: 54
L1079: 55
L1080: 56
L1081: 57
L1082: 58
L1083: 59
L1084: 60
L1085: **BMJ Open**
L1086: **Outcome measures**
L1087: All outcomes are listed in Table 3. Group 1 studies had few outcomes in common; however, all measured
L1088: muscle strength[21,31,32]; isometric knee extensor strength was measured using a strain gauge[21,31] and
L1089: isometric quadriceps strength was measured using a quadriceps table[32]. Hand grip strength was measured
L1090: using a hand grip dynamometer[32]. Magnetic resonance imaging (MRI) was used to measure the CSA of the
L1091: quadriceps[31,37], whilst[32] analysed fat and lean mass using dual-energy X-ray absorptiometry (DXA). 2
L1092: studies measured timed-up and go (TUG), hip and spine bone mineral density (BMD)[21,32]. 1 study analysed
L1093: fibre type and muscle quality[31].
L1094: Of group 2 studies,[21,32,34,36] assessed lower limb strength, and[32,35] measured grip strength. Muscle
L1095: power was measured as sit-to-stand transfer power[33] and the stair climb test[34]. The short physical
L1096: performance battery (SPPB) was assessed by[32,34], and the TUG by[21,32,34]. BMD of the hip[21,32,34-36]
L1097: and spine[21,32,34,35] were measured using DXA. Lean mass was measured using DXA[32-34]and X-ray
L1098: computed tomography (CT)[36]. Balance was assessed via the Romberg ratio[32], four square step test[34], an
L1099: AccuSway platform[35] and backwards walking[21]. Other outcomes included endurance (12-minute
L1100: walk[32]), the 30 second sit-to-stand test[34], normal walking speed and the 5-time chair stand test[21].
L1101: 9
L1102: **For peer review only - http://bmjopen.bmj.com/site/about/guidelines.xhtml**
L1103: **Page 10 of 34**
L1104: 1
L1105: 2
L1106: 3
L1107: 4
L1108: 5
L1109: 6
L1110: 7
L1111: 8
L1112: 9
L1113: 10
L1114: 11
L1115: 12
L1116: 13
L1117: 14
L1118: 15
L1119: 16
L1120: 17
L1121: 18
L1122: 19
L1123: 20
L1124: 21
L1125: 22
L1126: 23
L1127: 24
L1128: 25
L1129: 26
L1130: 27
L1131: 28
L1132: 29
L1133: 30
L1134: 31
L1135: 32
L1136: 33
L1137: 34
L1138: 35
L1139: 36
L1140: 37
L1141: 38
L1142: 39
L1143: 40
L1144: 41
L1145: 42
L1146: 43
L1147: 44
L1148: 45
L1149: 46
L1150: 47
L1151: 48
L1152: 49
L1153: **BMJ Open**
L1154: Table 3: Summary of included study outcome measures and significant results
L1155: |Author, year Outcome measures Significant results|Col2|Col3|Col4|
L1156: |---|---|---|---|
L1157: |**Agergaard et al.,**<br>**2015**|<br> <br>Muscle strength<br>Muscle CSA <br>Muscle quality|<br>Isometric knee extensor (strain gauge)<br>MRI of quadriceps muscle (6mm thick)<br>Muscle strength/CSA|<br>Muscle strength – Increased (p<0.0001) but no between-group difference<br>Muscle CSA – Increased (p=0.001) but no between-group difference<br>Muscle quality – N/S|
L1158: |**Bunout et al., 2006**|<br> <br>Muscle strength<br>Muscle function<br>BMD<br>Body sway<br>Endurance|**For**<br>Quadriceps (table) & hand grip strength (dynamometer)<br>SPPB, TUG<br>Hip & spine (DXA)<br>Romberg ratio<br>Distance walked in 12 minutes|<br> <br>Muscle strength – Increased with exercise (p<0.001), no effect of vit D<br>Muscle function – SPPB (p=0.002) no effect of vit D, TUG (p=0.004) > with vit D<br>BMD – Hip increased with vit D, decreased without (p=0.006). Spine was N/S<br>Body sway – Lower with vit D than without (p=0.05)<br>Endurance – N/S|
L1159: |**Drey et al., 2011**|<br> <br>Muscle power<br>Muscle function<br>Body composition<br>|** pee**<br>Lower limb sit-to-stand transfer power (force plate)<br>SPPB, SF-LLFDI<br>aLM (DXA)<br>|<br> <br>Muscle power - Increased with vit D intake (p=0.017)<br>Muscle function – SPPB increased with exercise (p=0.009), SF-LLFDI was N/S<br>Body composition – aLM was N/S<br>|
L1160: |**Gianoudis et al.,**<br>**2014**|<br>Muscle strength<br>Muscle power<br>Muscle function<br>BMD<br>Body composition<br>Dynamic balance|** r re**<br>Lower limbs (bilateral leg press) and back (seated row)<br>Timed stair climb test<br>30 second sit-to-stand test, TUG<br>Hip & spine (DXA)<br>Total body lean & fat mass (DXA)<br>Four Square Step Test|**  i**<br>Muscle strength- Exercise increased strength by +3% (p<0.05)<br>Muscle power – Exercise increased power by +5% (p<0.05)<br>Muscle function – Exercise improved Sit-to-stand by +16% (p<0.001). TUG -N/S<br>BMD – Exercise increased hip & spine BMD by +0.1% (p<0.05)<br>Body composition – Lean & fat mass – N/S<br>Dynamic balance – Exercise improved by +6% (p<0.01)<br>|
L1161: |**Jessup et al., 2003**|<br>Muscle strength<br>BMD<br>Body sway|<br>Hand grip (dynamometer), mean of 8 tests (stack machine)<br>Hip & spine (DXA)<br>AccuSway force platform<br>|**  ew o**<br> <br>Muscle strength – increased with exercise (p=0.0156). No effect of vit D<br>BMD hip – increase with exercise (p=0.00001), increase with vit D (p=0.016)<br>Spine – increase with exercise (p=0.0094), vit D supplementation N/S<br>Body sway – N/S<br>|
L1162: |**Uusi-Rasi et al.,**<br>**2015**|<br>Muscle strength<br>Muscle function<br>BMD<br>Dynamic balance|<br>Max isometric leg extensor strength at a knee angle of 110° <br>SPPB, TUG<br>Hip & spine (BMD)<br>Backwards walking|**   nly**<br>Muscle strength – increased with exercise (p<0.001). Vit D supplementation N/S<br>Muscle function – SPPB = N/S. TUG decreased in vit D + no exercise group (p=0.01)<br>BMD – Hip – Vit D maintained BMD (p=0.02) as did exercise (p=0.01). Spine – N/S<br>Dynamic balance – Improved with exercise (placebo: p=0.001, vit D: p=0.03). No additive effect of vit D|
L1163: |**Verschueren et al.,**<br>**2011**<br>|<br>Muscle strength<br>BMD<br>Muscle mass|<br>Isometric & dynamic knee extensor strength<br>Hip (DXA)<br>Mass of upper leg (Multi-slice CT)<br>|<br>Muscle strength – Isometric: N/S. Dynamic: improved in all groups. Vit D=no effect<br>BMD – Improved in all groups. No difference between training of vit D groups<br>Muscle mass – N/S<br>|
L1164: 10
L1165: **For peer review only - http://bmjopen.bmj.com/site/about/guidelines.xhtml**
L1166: **Page 11 of 34**
L1167: 1
L1168: 2
L1169: 3
L1170: 4
L1171: 5
L1172: 6
L1173: 7
L1174: 8
L1175: 9
L1176: 10
L1177: 11
L1178: 12
L1179: 13
L1180: 14
L1181: 15
L1182: 16
L1183: 17
L1184: 18
L1185: 19
L1186: 20
L1187: 21
L1188: 22
L1189: 23
L1190: 24
L1191: 25
L1192: 26
L1193: 27
L1194: 28
L1195: 29
L1196: 30
L1197: 31
L1198: 32
L1199: 33
L1200: 34
L1201: 35
L1202: 36
L1203: 37
L1204: 38
L1205: 39
L1206: 40
L1207: 41
L1208: 42
L1209: 43
L1210: 44
L1211: 45
L1212: 46
L1213: 47
L1214: 48
L1215: 49
L1216: 50
L1217: 51
L1218: 52
L1219: 53
L1220: 54
L1221: 55
L1222: 56
L1223: 57
L1224: 58
L1225: 59
L1226: 60
L1227: **BMJ Open**
L1228: **Risk of bias within studies**
L1229: For all studies, a high proportion of components were assigned an unclear risk of bias due to insufficient
L1230: information and the unknown effect on study outcome measures. Many studies reported insufficient
L1231: information on concealment and blinding procedures, or whether procedures were in place in the event of
L1232: unblinding. In total, 6 studies were judged to have an unclear risk of bias[21,31-33,35,36]. Component 1 was
L1233: assessed as having a low risk of bias for all studies. 1 study was assessed as having an overall high risk of
L1234: bias[34] due to component 5, as no data were entered into the analyses for participants with missing data.
L1235: **GRADE analysis**
L1236: The GRADE summary of findings table for groups 1 and 2 are shown in Tables 5 and 6.
L1237: Within group 1, all studies were evaluated as moderate quality of evidence; no serious risk of bias was
L1238: detected. Due to the nature of the studies included within this review, no serious indirectness was detected;
L1239: all outcomes were measured directly without the use of a surrogate. Publication bias was not detected, and
L1240: due to the number of studies included, it was not possible to produce funnel plots for any outcomes. Reasons
L1241: for downgrading the quality of evidence included serious inconsistency due to substantial heterogeneity, and
L1242: serious imprecision due to confidence intervals crossing the line of no effect.
L1243: Within group 2 studies, 5 outcomes were graded as high to moderate quality of evidence (SPPB, TUG, muscle
L1244: strength of the lower limb, hand grip strength and BMD of the hip). Remaining outcomes were graded as low
L1245: or very low quality, meaning that one could have little or very little confidence in the effect estimate. Common
L1246: reasons for downgrading outcomes included a combination of serious risk of bias (due to the inclusion of
L1247: study[34]), serious imprecision or serious inconsistency.
L1248: **Results of individual studies and synthesis of results**
L1249: Results of the 2 groups of studies are reported separately. Within each group, there were outcomes unsuitable
L1250: for quantitative synthesis, due to a lack of studies with common outcomes or aspects of studies too dissimilar
L1251: for comparison; therefore, a narrative analysis was utilised.
L1252: **Quantitative synthesis**
L1253: Outcomes compared for group 1 included muscle strength of the lower limb, TUG and BMD of the hip and
L1254: spine (Figures 2-5). Only muscle strength of the lower limb was found to be significant, with a large effect size
L1255: in favour of the intervention group (2.69, 95% CI 0.95, 4.42. _p_ = 0.002).
L1256: 11
L1257: **For peer review only - http://bmjopen.bmj.com/site/about/guidelines.xhtml**
L1258: **Page 12 of 34**
L1259: 1
L1260: 2
L1261: 3
L1262: 4
L1263: 5
L1264: 6
L1265: 7
L1266: 8
L1267: 9
L1268: 10
L1269: 11
L1270: 12
L1271: 13
L1272: 14
L1273: 15
L1274: 16
L1275: 17
L1276: 18
L1277: 19
L1278: 20
L1279: 21
L1280: 22
L1281: 23
L1282: 24
L1283: 25
L1284: 26
L1285: 27
L1286: 28
L1287: 29
L1288: 30
L1289: 31
L1290: 32
L1291: 33
L1292: 34
L1293: 35
L1294: 36
L1295: 37
L1296: 38
L1297: 39
L1298: 40
L1299: 41
L1300: 42
L1301: 43
L1302: 44
L1303: 45
L1304: 46
L1305: 47
L1306: 48
L1307: 49
L1308: 50
L1309: 51
L1310: 52
L1311: 53
L1312: 54
L1313: 55
L1314: 56
L1315: 57
L1316: 58
L1317: 59
L1318: 60
L1319: **BMJ Open**
L1320: Group 2 comparisons included the SPPB, TUG, muscle strength of the lower limb, hand grip strength, weight,
L1321: lean mass, fat mass and the BMD of the hip and spine (Figures 6-14). Of these outcomes, hand grip strength,
L1322: weight, lean mass, fat mass and the BMD of the spine were found to be non-significant. However, SPPB score
L1323: was more improved in the intervention group (1.09, 95% CI 0.15, 2.03. _p_ = 0.02), with a significant and large
L1324: effect. Similarly, TUG was significantly reduced within the intervention group (-1.57, 95% CI -2.50, -0.64. _p_ =
L1325: 0.0010). The results of the quantitative analysis also supported the combined intervention for muscle strength
L1326: of the lower limb (2.69, 95% CI 0.95, 4.42). _p_ = 0.002), and BMD of the hip (0.04, 95% CI 0.01, 0.06. _p_ = 0.002).
L1327: **Qualitative synthesis**
L1328: Referring to the narrative synthesis guidelines provided by the Cochrane Consumers and Communication
L1329: Review Group[38], it was appropriate to apply 2 steps listed; developing a preliminary synthesis and exploring
L1330: the relationships within and between studies. To develop a primary synthesis, results were systematically
L1331: tabulated to identify patterns across studies (Tables 7-9). Exploring the relationships between and within
L1332: studies for group 1, the control group in study[31]demonstrated a significant percentage increase in CSA of the
L1333: quadriceps from baseline in comparison to the intervention group (+8.46% versus +4.94%, _p_ < 0.05).
L1334: Comparing primary outcomes for group 2, the percentage increase in isometric knee extensor strength for
L1335: study[36] was greater in the intervention group (+3.01% versus +0.11%), although not statistically significant.
L1336: Muscle power was compared in studies[33] and[34], expressed as sit-to-stand transfer power and functional
L1337: stair climbing muscle power respectively. Both studies reported a significant percentage increase in muscle
L1338: power within the intervention groups, and smaller, non-significant increases within the control groups (sit-to
L1339: stand transfer power intervention group +8.00% versus +2.61%, _p_ = 0.017; functional stair climbing muscle
L1340: power intervention group +10.51% versus +7.32%, _p_ < 0.05).
L1341: The 30 second sit-to-stand test showed significant favourable results for the combined intervention of exercise
L1342: and vitamin D3 (+10.40% versus +6.20%, p<0.05). Although normal walking speed, 5-time chair stand time and
L1343: the 12-minute walk test were further improved within the control groups, this did not achieve statistical
L1344: significance. The four square step test, body sway and backwards walking were significantly more improved in
L1345: the intervention groups. Only Romberg ratio showed the greatest improvement within the control group;
L1346: Romberg ratio was decreased in comparison with the intervention group, although the results were non
L1347: significant (+2.8% versus -0.60%).
L1348: For group 2 secondary outcomes, small and non-significant gains in appendicular lean mass were
L1349: demonstrated in the intervention group of study[33]. In study[36], muscle mass of the upper limb decreased
L1350: non-significantly in both the intervention and control groups, although to a lesser extent in the intervention
L1351: group. BMD of the hip was gained in both groups, although by a higher percentage in the control group; both
L1352: trends were non-significant.
L1353: 12
L1354: **For peer review only - http://bmjopen.bmj.com/site/about/guidelines.xhtml**
L1355: **Page 13 of 34**
L1356: 1
L1357: 2
L1358: 3
L1359: 4
L1360: 5
L1361: 6
L1362: 7
L1363: 8
L1364: 9
L1365: 10
L1366: 11
L1367: 12
L1368: 13
L1369: 14
L1370: 15
L1371: 16
L1372: 17
L1373: 18
L1374: 19
L1375: 20
L1376: 21
L1377: 22
L1378: 23
L1379: 24
L1380: 25
L1381: 26
L1382: 27
L1383: 28
L1384: 29
L1385: 30
L1386: 31
L1387: 32
L1388: 33
L1389: 34
L1390: 35
L1391: 36
L1392: 37
L1393: 38
L1394: 39
L1395: 40
L1396: 41
L1397: 42
L1398: 43
L1399: 44
L1400: 45
L1401: 46
L1402: 47
L1403: 48
L1404: 49
L1405: 50
L1406: 51
L1407: 52
L1408: 53
L1409: 54
L1410: 55
L1411: 56
L1412: 57
L1413: 58
L1414: 59
L1415: 60
L1416: **BMJ Open**
L1417: In summary, meta-analyses for group 1 found muscle strength of the lower limb to be significantly improved
L1418: within the intervention group (0.98, 95% CI 0.73, 1.24, _p_ <0.001). All other outcomes showed small but non
L1419: significant positive effects for the intervention group. The SPPB, TUG, muscle strength of the lower limb and
L1420: hip BMD all showed significantly greater improvements in the intervention group for group 2 comparisons.
L1421: The narrative analysis revealed significant differences in body composition, muscle power, muscle function
L1422: and balance. A significant percentage increase in quadriceps CSA was observed in the control group of
L1423: study[31]. The combined intervention of RET and vitamin D3 supplementation resulted in a greater percentage
L1424: increase in muscle strength and power, and a greater improvement in the 30 second sit-to-stand test, the four
L1425: square step test, body sway and backwards walking. However, vitamin D3 supplementation alone resulted in a
L1426: greater improvement in normal walking speed, 5-time chair stand time, the 12-minute walk test and Romberg
L1427: ratio.
L1428: **DISCUSSION**
L1429: The aim of this systematic review was to assess the combined effect of RET and vitamin D3 supplementation
L1430: on musculoskeletal health in older adults. Only 7 studies were eligible for inclusion, with a total of 792
L1431: participants, highlighting the lack of available literature on the topic. Studies were categorised into 2 groups;
L1432: studies in which all participants took part in RET and the intervention group was supplemented with vitamin
L1433: D3, or studies in which all participants were supplemented with vitamin D3 and the intervention group took
L1434: part in RET. 2 studies were categorized into both group 1 and group 2.
L1435: **Quantitative analysis**
L1436: Data analysis conducted for this review included meta-analyses and narrative reviews. Meta-analyses for
L1437: group 1 included muscle strength of the lower limb, TUG and BMD of both the hip and spine. Evidence of
L1438: additional benefit was shown for all outcomes within the intervention group; however, the effect size was
L1439: small and non-significant for TUG and BMD of the hip and spine. Muscle strength of the lower limb was the
L1440: only significant outcome of group 1, with a large effect size observed within the intervention group (0.98, 95%
L1441: CI 0.73, 1.24. _p_ <0.00001). Although numerous studies have demonstrated the beneficial effect of RET on
L1442: muscle strength in older adults[3-5], this result provides evidence that vitamin D3 supplementation may
L1443: enhance these effects in older adults. Skeletal muscle myopathies associated with vitamin D deficiency are
L1444: well documented[39], and symptoms of significant muscle weakness are reversed with treatment of the
L1445: deficiency[40]. A systematic review and meta-analysis reported a gain in lower extremity strength with vitamin
L1446: D supplementation only in vitamin D deficient older adults; no effect was observed in replete adults[22].
L1447: Similarly, no effect of vitamin D3 supplementation on isometric quadriceps strength was demonstrated after 6
L1448: months in vitamin D replete older adults[41]. Interestingly, although the studies included within group
L1449: 1[21,31,32] did not specify serum 25(OH)D levels as inclusion/exclusion criteria, baseline and post-intervention
L1450: serum 25(OH)D were within the ‘sufficient’ range (>30nmol.L [-1] ). A greater increase of muscle strength in
L1451: 13
L1452: **For peer review only - http://bmjopen.bmj.com/site/about/guidelines.xhtml**
L1453: **Page 14 of 34**
L1454: 1
L1455: 2
L1456: 3
L1457: 4
L1458: 5
L1459: 6
L1460: 7
L1461: 8
L1462: 9
L1463: 10
L1464: 11
L1465: 12
L1466: 13
L1467: 14
L1468: 15
L1469: 16
L1470: 17
L1471: 18
L1472: 19
L1473: 20
L1474: 21
L1475: 22
L1476: 23
L1477: 24
L1478: 25
L1479: 26
L1480: 27
L1481: 28
L1482: 29
L1483: 30
L1484: 31
L1485: 32
L1486: 33
L1487: 34
L1488: 35
L1489: 36
L1490: 37
L1491: 38
L1492: 39
L1493: 40
L1494: 41
L1495: 42
L1496: 43
L1497: 44
L1498: 45
L1499: 46
L1500: 47
L1501: 48
L1502: 49
L1503: 50
L1504: 51
L1505: 52
L1506: 53
L1507: 54
L1508: 55
L1509: 56
L1510: 57
L1511: 58
L1512: 59
L1513: 60
L1514: **BMJ Open**
L1515: replete older adults represents a novel finding of this review. Preliminary support for combined vitamin D
L1516: supplementation and RET was demonstrated in a 3 month longitudinal study examining the effect of serum
L1517: 25(OH)D and exercise training on functional performance in older men and women aged 65 years and over. No
L1518: significant improvements in function were reported in participants with lower serum 25(OH)D (<47.5 nmol.L [-1] ),
L1519: however higher serum 25(OH)D (>67.5 nmol.L [-1] ) was associated with greatest improvements in functionality
L1520: and muscle strength[42].
L1521: This finding must be considered within the context of the risk of bias and GRADE analyses. The risk of bias
L1522: analysis showed an overall unclear risk of bias for the included studies, and the GRADE analysis concluded that
L1523: the evidenced was of moderate quality; however, serious inconsistency due to moderate heterogeneity (I [2] =
L1524: 70%) was detected. This heterogeneity may have been due to the differing duration of interventions (12 weeks
L1525: to 24 months), differences between measurement methodologies, differences between exercise regimens
L1526: (although all adopted progressive RET), doses of vitamin D3 (400 IU to 1920 IU per day), or may indicate that
L1527: these studies were unsuitable for comparison.
L1528: Significant effects for the SPPB, TUG, muscle strength of the lower limb, and the BMD of the hip were observed
L1529: within the intervention groups of group 2 studies; unsurprisingly, RET was found to have a positive influence.
L1530: In a recent systematic review and meta-analysis, exercise significantly increased SPPB score and decreased
L1531: TUG time, with large effect sizes (1.87 and -2.47 respectively[43]); similar results are reported within this
L1532: review. Vitamin D is a regulator of BMD, proliferating calcium and phosphate absorption in the intestine and
L1533: acting directly on bone cells[44]. Vitamin D has previously been shown to influence BMD, fracture rate and
L1534: risk[45]; studies of patients who have sustained a hip fracture typically demonstrated low serum vitamin D
L1535: (≤30.0 nmol.L [-1] ;[46]). Supplementation of vitamin D and calcium has been shown to significantly decrease the
L1536: rate of bone loss in the hip and spine[47]. GRADE analyses for these outcomes concluded the quality of
L1537: evidence to be high (SPPB and TUG) or moderate (muscle strength of the lower limb and BMD of the hip).
L1538: Closer examination of the control groups within significant outcomes for group 2 was undertaken to evaluate
L1539: the effect of vitamin D3 supplementation alone. Intriguingly, although the intervention groups (RET and
L1540: vitamin D3 supplementation) showed evidence of benefit in number of outcomes, the control groups (vitamin
L1541: D3 supplementation alone) showed mixed, or even negative impacts on the same outcomes. SPPB score was
L1542: decreased post-intervention compared with baseline by 0.30% and 0.50% in the control groups of studies[32]
L1543: and[33] respectively. Muscle strength of the lower limb and BMD of the hip showed mixed results for the
L1544: intervention groups, with some studies reporting small increases and others reporting small losses (non
L1545: significant). Previous reports of the effect of vitamin D supplementation on muscle strength and physical
L1546: functioning are mixed; the InCHIANTI study of people aged 65 years or over reported a significant association
L1547: between serum 25(OH)D <25nmol.L [-1] and SPPB score[48]. Similarly, a large prospective cohort of older adults
L1548: aged 65 years or over found those with low (<25nmol.L [-1] ) 25(OH)D were significantly more likely to experience
L1549: losses in grip strength and higher rates of appendicular lean mass loss compared to those with higher (>50
L1550: nmol.L [-1] ) 25(OH)D[23]. Conversely, another large, prospective study found no association between serum
L1551: 14
L1552: **For peer review only - http://bmjopen.bmj.com/site/about/guidelines.xhtml**
L1553: **Page 15 of 34**
L1554: 1
L1555: 2
L1556: 3
L1557: 4
L1558: 5
L1559: 6
L1560: 7
L1561: 8
L1562: 9
L1563: 10
L1564: 11
L1565: 12
L1566: 13
L1567: 14
L1568: 15
L1569: 16
L1570: 17
L1571: 18
L1572: 19
L1573: 20
L1574: 21
L1575: 22
L1576: 23
L1577: 24
L1578: 25
L1579: 26
L1580: 27
L1581: 28
L1582: 29
L1583: 30
L1584: 31
L1585: 32
L1586: 33
L1587: 34
L1588: 35
L1589: 36
L1590: 37
L1591: 38
L1592: 39
L1593: 40
L1594: 41
L1595: 42
L1596: 43
L1597: 44
L1598: 45
L1599: 46
L1600: 47
L1601: 48
L1602: 49
L1603: 50
L1604: 51
L1605: 52
L1606: 53
L1607: 54
L1608: 55
L1609: 56
L1610: 57
L1611: 58
L1612: 59
L1613: 60
L1614: **BMJ Open**
L1615: 25(OH)D, walking speed and time for repeated chair stands[49]. The TUG test time was actually significantly
L1616: increased within the control group of study[32], and increased by a smaller, non-significant amount in
L1617: study[21]. Again, participants included in studies[32] and [21] had sufficient serum 25(OH)D levels, indicating
L1618: that supplementation in replete older adults may not confer additional benefits to neuromuscular function
L1619: unless combined with exercise.
L1620: **Narrative analysis**
L1621: Studies in group 1[21,31,32] had few body composition outcomes in common, therefore a narrative analysis
L1622: was conducted. The CSA of the quadriceps was analysed within study[31], and results showed that although
L1623: the intervention group did experience a +4.94%, increase from baseline, the control group (not supplemented
L1624: with vitamin D3) actually showed a significantly higher increase in quadriceps CSA (+8.46%, _p_ <0.05).
L1625: These results do not provide evidence for the additive effects of combined exercise training and vitamin D3.
L1626: Other study groups have reported changes in muscle CSA consequent to RET which are both smaller[8,50] and
L1627: comparable[51] to those reported in study[31]. Interestingly, study[31] also assessed “muscle quality” (muscle
L1628: strength/CSA); although non-significant, the intervention group improved their muscle quality to a greater
L1629: degree than the control group (+9.61% versus +0.66% change from baseline). The intervention and control
L1630: groups both increased their muscle strength to a similar degree, and there was no significant difference
L1631: between these changes; however, the control group (as previously mentioned) demonstrated a larger increase
L1632: in their muscle CSA. This shows that the gains in muscle strength in the intervention group surpassed the
L1633: improvements made in muscle CSA, indicative of an increased functionality of the muscle to produce force;
L1634: conceptually more relevant in combatting the effects of sarcopenia than muscle size and strength alone[52].
L1635: Results of the narrative analysis for group 2 showed that the combined intervention of RET and vitamin D3
L1636: supplementation was significantly more beneficial than vitamin D3 supplementation alone for sit-to-stand
L1637: transfer power, functional stair climbing muscle power, 30 second sit-to-stand, 5-time chair stand, the four
L1638: square step test, body sway and backwards walking. The control groups also showed benefits although to a
L1639: lesser degree; the only significant improvement for the control group was for the TUG in study[32] ( _p_ =0.0006).
L1640: Only body sway was negatively affected by vitamin D3 supplementation, although the within group change
L1641: was non-significant. Other outcomes of interest included normal walking speed, the distance walked in 12
L1642: minutes and Romberg ratio, in which the control groups made the most improvement, although not
L1643: significantly.
L1644: **Limitations**
L1645: Few published studies were eligible for inclusion within this review, although this serves to highlight the
L1646: knowledge gap with respect to this topic. The inclusion of a high risk study was deemed necessary due to the
L1647: lack of available literature, although this had a negative effect on the perceived quality of evidence for the
L1648: outcomes in which it was reported. Generally, outcome measure data could be graded as representing
L1649: 15
L1650: **For peer review only - http://bmjopen.bmj.com/site/about/guidelines.xhtml**
L1651: **Page 16 of 34**
L1652: 1
L1653: 2
L1654: 3
L1655: 4
L1656: 5
L1657: 6
L1658: 7
L1659: 8
L1660: 9
L1661: 10
L1662: 11
L1663: 12
L1664: 13
L1665: 14
L1666: 15
L1667: 16
L1668: 17
L1669: 18
L1670: 19
L1671: 20
L1672: 21
L1673: 22
L1674: 23
L1675: 24
L1676: 25
L1677: 26
L1678: 27
L1679: 28
L1680: 29
L1681: 30
L1682: 31
L1683: 32
L1684: 33
L1685: 34
L1686: 35
L1687: 36
L1688: 37
L1689: 38
L1690: 39
L1691: 40
L1692: 41
L1693: 42
L1694: 43
L1695: 44
L1696: 45
L1697: 46
L1698: 47
L1699: 48
L1700: 49
L1701: 50
L1702: 51
L1703: 52
L1704: 53
L1705: 54
L1706: 55
L1707: 56
L1708: 57
L1709: 58
L1710: 59
L1711: 60
L1712: **BMJ Open**
L1713: moderate quality, although there were several outcome measures graded as low or very low quality, due to
L1714: the high variability of participant numbers, duration of interventions, exercise methodologies or differing
L1715: vitamin D3 doses and period of supplementation employed within the studies. Furthermore, data produced
L1716: from meta-analyses including study[21] may have been skewed due to the high weighting assigned for this
L1717: study as a result of the large number of participants recruited.
L1718: Of the individual studies included within this review, none reported inclusion/exclusion criterion for vitamin D
L1719: status, and although at baseline serum vitamin D was not significantly different between the groups in 5
L1720: studies[21,31-33,36], 2 studies reported no data for serum vitamin D pre or post-intervention[34,35].
L1721: Additionally, analysis methods used within 5 studies included did not account for confounding factors[31
L1722: 34,36], and participants were not stratified on the basis of any characteristics in 3 studies[21,31,35], although
L1723: these were single-sex studies. Unfortunately, several outcome measures were unsuitable for inclusion within
L1724: the qualitative analysis due to differing measurement methodologies utilised or too few outcome measures in
L1725: common.
L1726: **CONCLUSION**
L1727: This review provides tentative support for the additive effect of combined RET and vitamin D3
L1728: supplementation for the improvement of muscle strength in older adults. For other aspects of musculoskeletal
L1729: function, such as SPPB and TUG, no additional benefit beyond that gained from exercise training was found.
L1730: This review showed no evidence of benefit of vitamin D3 supplementation alone, however, few studies were
L1731: identified during the literature search, highlighting that further evidence is required to draw any firm
L1732: conclusions or make explicit recommendations regarding vitamin D3 supplementation for musculoskeletal
L1733: health and function in older adults.
L1734: **ACKNOWLEDGEMENTS**
L1735: We thank Lynn Harris (LH) for her help formulating the search strategy, Asma Alrushud (AA) for her help with
L1736: data extraction and the National Osteoporosis Society for supporting Anneka Antoniak (AEA).
L1737: **FOOTNOTES**
L1738: **Contributors** AEA has planned, conducted and written the report for this study. CAG has been involved in all
L1739: stages, particularly in critically reviewing and approving the final draft of the report. AA was involved in the
L1740: search for literature and data extraction stage. LH assisted in formulating the search strategy.
L1741: **Funding** This research received no grant from any funding agency in the public, commercial or not-for-profit
L1742: sectors. AEA is supported and funded by the National Osteoporosis Society via the Linda Edwards Memorial
L1743: PhD Studentship.
L1744: **Competing interests** None declared.
L1745: **Provenance and peer review** Not commissioned; externally peer reviewed.
L1746: **Data sharing statement** This publication is supported by multiple datasets, which are openly available at
L1747: locations cited in the reference section. Additional data for this article have been provided as supplementary
L1748: files. There is no additional unpublished data.
L1749: 16
L1750: **For peer review only - http://bmjopen.bmj.com/site/about/guidelines.xhtml**
L1751: **Page 17 of 34**
L1752: 1
L1753: 2
L1754: 3
L1755: 4
L1756: 5
L1757: 6
L1758: 7
L1759: 8
L1760: 9
L1761: 10
L1762: 11
L1763: 12
L1764: 13
L1765: 14
L1766: 15
L1767: 16
L1768: 17
L1769: 18
L1770: 19
L1771: 20
L1772: 21
L1773: 22
L1774: 23
L1775: 24
L1776: 25
L1777: 26
L1778: 27
L1779: 28
L1780: 29
L1781: 30
L1782: 31
L1783: 32
L1784: 33
L1785: 34
L1786: 35
L1787: 36
L1788: 37
L1789: 38
L1790: 39
L1791: 40
L1792: 41
L1793: 42
L1794: 43
L1795: 44
L1796: 45
L1797: 46
L1798: 47
L1799: 48
L1800: 49
L1801: 50
L1802: 51
L1803: 52
L1804: 53
L1805: 54
L1806: 55
L1807: 56
L1808: 57
L1809: 58
L1810: 59
L1811: 60
L1812: **BMJ Open**
L1813: **REFERENCES**
L1814: 1. Rosenberg IH. Summary comments. _The American journal of clinical nutrition_ 1989;50(5):1231-33.
L1815: 2. Cruz-Jentoft AJ, Baeyens JP, Bauer JM, et al. Sarcopenia: European consensus on definition and
L1816: diagnosis: Report of the European Working Group on Sarcopenia in Older People. _Age and_
L1817: _Ageing_ 2010 doi: 10.1093/ageing/afq034
L1818: 3. Kosek DJ, Kim J-s, Petrella JK, et al. Efficacy of 3 days/wk resistance training on myofiber
L1819: hypertrophy and myogenic mechanisms in young vs. older adults. _Journal of applied_
L1820: _physiology_ 2006;101(2):531-44.
L1821: 4. Henwood TR, Taaffe DR. Improved physical performance in older adults undertaking a short-term
L1822: programme of high-velocity resistance training. _Gerontology_ 2005;51(2):108-15.
L1823: 5. Stewart V, Saunders D, Greig C. Responsiveness of muscle size and strength to physical training in
L1824: very elderly people: a systematic review. _Scandinavian journal of medicine & science in_
L1825: _sports_ 2014;24(1):e1-e10.
L1826: 6. Kumar V, Selby A, Rankin D, et al. Age-related differences in the dose–response relationship of
L1827: muscle protein synthesis to resistance exercise in young and old men. _The Journal of_
L1828: _physiology_ 2009;587(1):211-17.
L1829: 7. Greig C, Gray C, Rankin D, et al. Blunting of adaptive responses to resistance exercise training in
L1830: women over 75y. _Experimental gerontology_ 2011;46(11):884-90.
L1831: 8. Häkkinen K, Kallinen M, Izquierdo M, et al. Changes in agonist-antagonist EMG, muscle CSA, and
L1832: force during strength training in middle-aged and older people. _Journal of Applied Physiology_
L1833: 1998;84(4):1341-49.
L1834: 9. Raue U, Slivka D, Minchev K, et al. Improvements in whole muscle and myocellular function are
L1835: limited with high-intensity resistance training in octogenarian women. _Journal of applied_
L1836: _physiology_ 2009;106(5):1611-17.
L1837: 10. Welle S, Totterman S, Thornton C. Effect of age on muscle hypertrophy induced by resistance
L1838: training. _J Gerontol A Biol Sci Med Sci_ 1996;51 doi: 10.1093/gerona/51A.6.M270
L1839: 11. Hameed M, Orrell R, Cobbold M, et al. Expression of IGF-I splice variants in young and old human
L1840: skeletal muscle after high resistance exercise. _The Journal of physiology_ 2003;547(1):247-54.
L1841: 12. Roubenoff R. Sarcopenia: a major modifiable cause of frailty in the elderly. _The journal of_
L1842: _nutrition, health & aging_ 1999;4(3):140-42.
L1843: 13. Janssen I, Heymsfield SB, Ross R. Low relative skeletal muscle mass (sarcopenia) in older persons
L1844: is associated with functional impairment and physical disability. _Journal of the American_
L1845: _Geriatrics Society_ 2002;50(5):889-96.
L1846: 14. Visser M, Kritchevsky SB, Goodpaster BH, et al. Leg muscle mass and composition in relation to
L1847: lower extremity performance in men and women aged 70 to 79: the health, aging and body
L1848: composition study. _Journal of the American Geriatrics Society_ 2002;50(5):897-904.
L1849: 15. Landi F, Liperoti R, Russo A, et al. Sarcopenia as a risk factor for falls in elderly individuals: results
L1850: from the ilSIRENTE study. _Clinical nutrition_ 2012;31(5):652-58.
L1851: 16. Sørensen O, Lund B, Saltin B, et al. Myopathy in bone loss of ageing: improvement by treatment
L1852: with 1α-hydroxycholecalciferol and calcium. _Clinical Science_ 1979;56(2):157-61.
L1853: 17. Sato Y, Iwamoto J, Kanoko T, et al. Low-dose vitamin D prevents muscular atrophy and reduces
L1854: falls and hip fractures in women after stroke: a randomized controlled trial. _Cerebrovasc Dis_
L1855: 2005;20 doi: 10.1159/000087203
L1856: 18. Ceglia L, Niramitmahapanya S, Silva MM, et al. A randomized study on the effect of vitamin D
L1857: supplementation on skeletal muscle morphology and vitamin D receptor concentration in
L1858: older women. _J Clin Endocrinol Metab_ 2013;98 doi: 10.1210/jc.2013-2820
L1859: 19. Latham NK, Anderson CS, Lee A, et al. A randomized, controlled trial of quadriceps resistance
L1860: exercise and vitamin D in frail older people: the Frailty Interventions Trial in Elderly Subjects
L1861: (FITNESS). _J Am Geriatr Soc_ 2003;51 doi: 10.1046/j.1532-5415.2003.51101.x
L1862: 17
L1863: **For peer review only - http://bmjopen.bmj.com/site/about/guidelines.xhtml**
L1864: **Page 18 of 34**
L1865: 1
L1866: 2
L1867: 3
L1868: 4
L1869: 5
L1870: 6
L1871: 7
L1872: 8
L1873: 9
L1874: 10
L1875: 11
L1876: 12
L1877: 13
L1878: 14
L1879: 15
L1880: 16
L1881: 17
L1882: 18
L1883: 19
L1884: 20
L1885: 21
L1886: 22
L1887: 23
L1888: 24
L1889: 25
L1890: 26
L1891: 27
L1892: 28
L1893: 29
L1894: 30
L1895: 31
L1896: 32
L1897: 33
L1898: 34
L1899: 35
L1900: 36
L1901: 37
L1902: 38
L1903: 39
L1904: 40
L1905: 41
L1906: 42
L1907: 43
L1908: 44
L1909: 45
L1910: 46
L1911: 47
L1912: 48
L1913: 49
L1914: 50
L1915: 51
L1916: 52
L1917: 53
L1918: 54
L1919: 55
L1920: 56
L1921: 57
L1922: 58
L1923: 59
L1924: 60
L1925: **BMJ Open**
L1926: 20. Lips P, Binkley N, Pfeifer M, et al. Once-weekly dose of 8400 IU vitamin D3 compared with
L1927: placebo: effects on neuromuscular function and tolerability in older adults with vitamin D
L1928: insufficiency. _The American journal of clinical nutrition_ 2010;91(4):985-91.
L1929: 21. Uusi-Rasi K, Patil R, Karinkanta S, et al. Exercise and vitamin D in fall prevention among older
L1930: women: a randomized clinical trial. _JAMA internal medicine_ 2015;175(5):703-11.
L1931: 22. Stockton K, Mengersen K, Paratz JD, et al. Effect of vitamin D supplementation on muscle
L1932: strength: a systematic review and meta-analysis. _Osteoporosis international_ 2011;22(3):85971.
L1933: 23. Visser M, Deeg DJ, Lips P. Low vitamin D and high parathyroid hormone levels as determinants of
L1934: loss of muscle strength and muscle mass (sarcopenia): the Longitudinal Aging Study
L1935: Amsterdam. _The Journal of Clinical Endocrinology & Metabolism_ 2003;88(12):5766-72.
L1936: 24. Robinson S, Cooper C, Aihie Sayer A. Nutrition and sarcopenia: a review of the evidence and
L1937: implications for preventive strategies. _Journal of aging research_ 2012;2012
L1938: 25. Higgins JPT, Green S, editors. _Cochrane Handbook for Systematic Reviews of Interventions Version_
L1939: _5.1.0 [updated March 2011]_ : The Cochrane Collarboration, 2011.
L1940: 26. Moher D, Liberati A, Tetzlaff J, et al. Preferred reporting items for systematic reviews and metaanalyses: the PRISMA statement. _Annals of internal medicine_ 2009;151(4):264-69.
L1941: 27. Hsu LM, Field R. Interrater agreement measures: Comments on Kappan, Cohen's Kappa, Scott's
L1942: π, and Aickin's α. _Understanding Statistics_ 2003;2(3):205-19.
L1943: 28. Moher D, Olkin I. Meta-analysis of randomized controlled trials: a concern for standards. _JAMA_
L1944: 1995;274(24):1962-64.
L1945: 29. Moher D, Altman D, Liberati A, et al. PRISMA (Preferred Reporting Items for Systematic Reviews
L1946: and Meta-Analyses). _The Cochrane Collaboration Methods Groups Newsletter_ 1996:6.
L1947: 30. Schünemann H, Brozek J, Oxman A. GRADE handbook for grading quality of evidence and
L1948: strength of recommendation. Version 3.2 [updated March 2009]. The GRADE Working
L1949: Group, 2009. _www cc-i ms net/gradepro_ 2009
L1950: 31. Agergaard J, Trøstrup J, Uth J, et al. Does vitamin-D intake during resistance training improve the
L1951: skeletal muscle hypertrophic and strength response in young and elderly men? – a
L1952: randomized controlled trial. _Nutrition & Metabolism_ 2015;12(1):1-14. doi: 10.1186/s12986015-0029-y
L1953: 32. Bunout D, Barrera G, Leiva L, et al. Effects of vitamin D supplementation and exercise training on
L1954: physical performance in Chilean vitamin D deficient elderly subjects. _Exp Gerontol_ 2006;41
L1955: doi: 10.1016/j.exger.2006.05.001
L1956: 33. Drey M, Zech A, Freiberger E, et al. Effects of strength training versus power training on physical
L1957: performance in prefrail community-dwelling older adults. _Gerontology_ 2011;58(3):197-204.
L1958: 34. Gianoudis J, Bailey CA, Ebeling PR, et al. Effects of a Targeted Multimodal Exercise Program
L1959: Incorporating High-Speed Power Training on Falls and Fracture Risk Factors in Older Adults:
L1960: A Community-Based Randomized Controlled Trial. _Journal of Bone and Mineral Research_
L1961: 2014;29(1):182-91. doi: 10.1002/jbmr.2014
L1962: 35. Jessup JV, Horne C, Vishen R, et al. Effects of exercise on bone density, balance, and self-efficacy
L1963: in older women. _Biological Research for nursing_ 2003;4(3):171-80.
L1964: 36. Verschueren SM, Bogaerts A, Delecluse C, et al. The effects of whole-body vibration training and
L1965: vitamin D supplementation on muscle strength, muscle mass, and bone density in
L1966: institutionalized elderly women: A 6-month randomized, controlled trial. _Journal of bone and_
L1967: _mineral research_ 2011;26(1):42-49.
L1968: 37. Aagaard P, Andersen JL, Dyhre-Poulsen P, et al. A mechanism for increased contractile strength
L1969: of human pennate muscle in response to strength training: changes in muscle architecture. _J_
L1970: _Physiol_ 2001;534 doi: 10.1111/j.1469-7793.2001.t01-1-00613.x
L1971: 38. Ryan.R. ‘Cochrane Consumers and Communication Review Group: data synthesis and analysis’:
L1972: Cochrane Consumers and Communication Review Group; 2013 [Available from:
L1973: http://cccrg.cochrane.org accessed July 2016.
L1974: 18
L1975: **For peer review only - http://bmjopen.bmj.com/site/about/guidelines.xhtml**
L1976: **Page 19 of 34**
L1977: 1
L1978: 2
L1979: 3
L1980: 4
L1981: 5
L1982: 6
L1983: 7
L1984: 8
L1985: 9
L1986: 10
L1987: 11
L1988: 12
L1989: 13
L1990: 14
L1991: 15
L1992: 16
L1993: 17
L1994: 18
L1995: 19
L1996: 20
L1997: 21
L1998: 22
L1999: 23
L2000: 24
L2001: 25
L2002: 26
L2003: 27
L2004: 28
L2005: 29
L2006: 30
L2007: 31
L2008: 32
L2009: 33
L2010: 34
L2011: 35
L2012: 36
L2013: 37
L2014: 38
L2015: 39
L2016: 40
L2017: 41
L2018: 42
L2019: 43
L2020: 44
L2021: 45
L2022: 46
L2023: 47
L2024: 48
L2025: 49
L2026: 50
L2027: 51
L2028: 52
L2029: 53
L2030: 54
L2031: 55
L2032: 56
L2033: 57
L2034: 58
L2035: 59
L2036: 60
L2037: **BMJ Open**
L2038: 39. SMITH R, STERN G. Myopathy, osteomalacia and hyperparathyroidism. _Brain_ 1967;90:593-602.
L2039: 40. Glerup H, Mikkelsen K, Poulsen L, et al. Commonly recommended daily intake of vitamin D is not
L2040: sufficient if sunlight exposure is limited. _Journal of internal medicine_ 2000;247(2):260-68.
L2041: 41. Grady D, Halloran B, Cummings S, et al. 1, 25-Dihydroxyvitamin D3 and Muscle Strength in the
L2042: Elderly: A Randomized Controlled Trial*. _The Journal of Clinical Endocrinology & Metabolism_
L2043: 1991;73(5):1111-17.
L2044: 42. Okuno J, Tomura S, Fukasaku T, et al. [Examination of effects of alfacalcidol vitamin D
L2045: supplement and renal function on improvement in the physical fitness of pre-frail elderly
L2046: persons attending a nursing care prevention class]. _Nihon Ronen Igakkai zasshi Japanese_
L2047: _journal of geriatrics_ 2010;48(6):691-98.
L2048: 43. Giné-Garriga M, Roqué-Fíguls M, Coll-Planas L, et al. Physical exercise interventions for improving
L2049: performance-based measures of physical function in community-dwelling, frail older adults:
L2050: a systematic review and meta-analysis. _Archives of physical medicine and rehabilitation_
L2051: 2014;95(4):753-69. e3.
L2052: 44. Lips P, Hosking D, Lippuner K, et al. The prevalence of vitamin D inadequacy amongst women
L2053: with osteoporosis: an international epidemiological investigation. _Journal of internal_
L2054: _medicine_ 2006;260(3):245-54.
L2055: 45. Brincat M, Gambin J, Brincat M, et al. The role of vitamin D in osteoporosis. _Maturitas_
L2056: 2015;80(3):329-32. doi: 10.1016/j.maturitas.2014.12.018
L2057: 46. LeBoff MS, Kohlmeier L, Hurwitz S, et al. Occult vitamin D deficiency in postmenopausal US
L2058: women with acute hip fracture. _Jama_ 1999;281(16):1505-11.
L2059: 47. Tang BM, Eslick GD, Nowson C, et al. Use of calcium or calcium in combination with vitamin D
L2060: supplementation to prevent fractures and bone loss in people aged 50 years and older: a
L2061: meta-analysis. _The Lancet_ 2007;370(9588):657-66.
L2062: 48. Houston DK, Cesari M, Ferrucci L, et al. Association between vitamin D status and physical
L2063: performance: the InCHIANTI study. _The Journals of Gerontology Series A: Biological Sciences_
L2064: _and Medical Sciences_ 2007;62(4):440-46.
L2065: 49. Verreault R, Semba RD, Volpato S, et al. Low serum vitamin D does not predict new disability or
L2066: loss of muscle strength in older women. _Journal of the American Geriatrics Society_
L2067: 2002;50(5):912-17.
L2068: 50. Trappe S, Williamson D, Godard M. Maintenance of whole muscle strength and size following
L2069: resistance training in older men. _The Journals of Gerontology Series A: Biological Sciences_
L2070: _and Medical Sciences_ 2002;57(4):B138-B43.
L2071: 51. Ferri A, Scaglioni G, Pousson M, et al. Strength and power changes of the human plantar flexors
L2072: and knee extensors in response to resistance training in old age. _Acta Physiol Scand_
L2073: 2003;177 doi: 10.1046/j.1365-201X.2003.01050.x
L2074: 52. Fragala MS, Kenny AM, Kuchel GA. Muscle Quality in Aging: a Multi-Dimensional Approach to
L2075: Muscle Functioning with Applications for Treatment. _Sports Medicine_ 2015;45(5):641-58.
L2076: doi: 10.1007/s40279-015-0305-z
L2077: 19
L2078: **For peer review only - http://bmjopen.bmj.com/site/about/guidelines.xhtml**
L2079: **Page 20 of 34**
L2080: 1
L2081: 2
L2082: 3
L2083: 4
L2084: 5
L2085: 6
L2086: 7
L2087: 8
L2088: 9
L2089: 10
L2090: 11
L2091: 12
L2092: 13
L2093: 14
L2094: 15
L2095: 16
L2096: 17
L2097: 18
L2098: 19
L2099: 20
L2100: 21
L2101: 22
L2102: 23
L2103: 24
L2104: 25
L2105: 26
L2106: 27
L2107: 28
L2108: 29
L2109: 30
L2110: 31
L2111: 32
L2112: 33
L2113: 34
L2114: 35
L2115: 36
L2116: 37
L2117: 38
L2118: 39
L2119: 40
L2120: 41
L2121: 42
L2122: 43
L2123: 44
L2124: 45
L2125: 46
L2126: 47
L2127: 48
L2128: 49
L2129: 50
L2130: 51
L2131: 52
L2132: 53
L2133: 54
L2134: 55
L2135: 56
L2136: 57
L2137: 58
L2138: 59
L2139: 60
L2140: **BMJ Open**
L2141: **For peer review only - http://bmjopen.bmj.com/site/about/guidelines.xhtml**
L2142: 20
L2143: **Page 21 of 34**
L2144: **BMJ Open**
L2145: Table 1: Example Ovid MEDLINE search, to be adapted for other databases
L2146: 1
L2147: 2
L2148: 3
L2149: 4
L2150: 5
L2151: 6
L2152: 7
L2153: 8
L2154: 9
L2155: 10
L2156: 11
L2157: 12
L2158: 13
L2159: 14
L2160: 15
L2161: 16
L2162: 17
L2163: 18
L2164: 19
L2165: 20
L2166: 21
L2167: 22
L2168: 23
L2169: 24
L2170: 25
L2171: 26
L2172: 27
L2173: 28
L2174: 29
L2175: 30
L2176: 31
L2177: 32
L2178: 33
L2179: 34
L2180: 35
L2181: 36
L2182: 37
L2183: 38
L2184: 39
L2185: 40
L2186: 41
L2187: 42
L2188: 43
L2189: 44
L2190: 45
L2191: 46
L2192: 47
L2193: 48
L2194: 49
L2195: 50
L2196: 51
L2197: 52
L2198: 53
L2199: 54
L2200: 55
L2201: 56
L2202: 57
L2203: 58
L2204: 59
L2205: 60
L2206: |1|Aging/|
L2207: |---|---|
L2208: |2|Exp aged/|
L2209: |3|(65 adj2 (years or age* or old*))|
L2210: |4|(old* adj (adult* or people or person* or population* or men or women))|
L2211: |5|(elder* or senior* or geriatric* or ?enarian or ag?ing)|
L2212: |6|((age* or aging or old* or elder*) adj1 (musc*))|
L2213: |7|<br>1 or 2 or 3 or 4 or 5 or 6|
L2214: |8|<br>Vitamin D/|
L2215: |9|<br>(cholecalciferol* or calciferol* or ergocalciferol*)|
L2216: |10|<br>(supplements or dietary supplements)|
L2217: |11|<br>((vitamin D* or cholecalciferol or calciferol* OR ergocalciferol) adj supplementation|
L2218: |12|<br>8 or 9 or 10 or 11|
L2219: |13|<br>Muscle Development/|
L2220: |14|<br>Muscle, Skeletal/|
L2221: |15|<br>(Skeletal muscle adj2 (atrophy or sarcopenia or wasting or loss or deterioration))|
L2222: |16|<br>Muscle Strength/|
L2223: |17|<br>(skeletal muscle mass or size or fibres or fibers or area)|
L2224: |18|<br>(musc* adj2 (function* or power or strength))|
L2225: |19|<br>(musc* adj2 (grow* or hypertrophy or size or mass or csa or cross sectional area or volume))|
L2226: |20|<br>Body Composition/|
L2227: |21|<br>(lean adj3 mass)|
L2228: |22|<br>(protein adj2 (turnover or synthesis or breakdown))|
L2229: |23|<br>(nitrogen adj2 (balance or turnover or synthesis or breakdown or retention or loss or retain*))|
L2230: |24|<br>Sarcopenia/|
L2231: |25|<br>13 or 14 or 15 or 16 or 17 or 18 or 19 or 20 or 21 or 22 or 23 or 24|
L2232: |26|<br>Exp exercise/|
L2233: |27|<br>(resistance exercise or resistance exercise training)|
L2234: |28|<br>((resistance or strength or weight or cardio or aerobic) adj3 (train* or condition* or exercise* or lift*))|
L2235: |29|<br>(physical adj3 (activit* or exercise* or train* or exertion* or endurance* or therap* or conditioning or fitness))|
L2236: |30|<br>(exercise adj3 (train* or intervention* or protocol* or program* or therap* or regim* or activit*))|
L2237: |31|<br>26 or 27 or 28 or 29 or 30|
L2238: |32|<br>7 and 12 and 25 and 31|
L2239: |33|Limit 32 to humans|
L2240: |34|Remove duplicates from 33|
L2241: **For peer review only - http://bmjopen.bmj.com/site/about/guidelines.xhtml**
L2242: **Page 22 of 34**
L2243: 1
L2244: 2
L2245: 3
L2246: 4
L2247: 5
L2248: 6
L2249: 7
L2250: 8
L2251: 9
L2252: 10
L2253: 11
L2254: 12
L2255: 13
L2256: 14
L2257: 15
L2258: 16
L2259: 17
L2260: 18
L2261: 19
L2262: 20
L2263: 21
L2264: 22
L2265: 23
L2266: 24
L2267: 25
L2268: 26
L2269: 27
L2270: 28
L2271: 29
L2272: 30
L2273: 31
L2274: 32
L2275: 33
L2276: 34
L2277: 35
L2278: 36
L2279: 37
L2280: 38
L2281: 39
L2282: 40
L2283: 41
L2284: 42
L2285: 43
L2286: 44
L2287: 45
L2288: 46
L2289: 47
L2290: 48
L2291: 49
L2292: 50
L2293: 51
L2294: 52
L2295: 53
L2296: 54
L2297: 55
L2298: 56
L2299: 57
L2300: 58
L2301: 59
L2302: 60
L2303: **BMJ Open**
L2304: Table 4: Summary of risk of bias analysis for each included study
L2305: **Components of risk of bias**
L2306: **Author, year**
L2307: **Summary** **Comments on high risk components**
L2308: **1** **2** **3** **4** **5** **6** **7**
L2309: **High (0)**
L2310: **Agergaard et**
L2311: L U L L U L L
L2312: **al., (2015)**
L2313: N/A
L2314: N/A
L2315: N/A
L2316: One high risk component, 5
L2317: ITT analysis utilised, but no data entered
L2318: for participants with missing data
L2319: N/A
L2320: N/A
L2321: N/A
L2322: **Bunout et al.,**
L2323: L U U U U U U
L2324: **(2006)**
L2325: **Drey et al.,**
L2326: L L U U L L U
L2327: **(2011)**
L2328: Unclear (2)
L2329: Low (5)
L2330: **High (0)**
L2331: Unclear (6)
L2332: Low (1)
L2333: **High (0)**
L2334: Unclear (3)
L2335: Low (4)
L2336: **High (1)**
L2337: Unclear (3)
L2338: Low (3)
L2339: **High (0)**
L2340: Unclear (5)
L2341: Low (2)
L2342: **High (0)**
L2343: Unclear (4)
L2344: Low (3)
L2345: **High (0)**
L2346: Unclear (4)
L2347: Low (3)
L2348: **Gianoudis et**
L2349: L U U U H L L
L2350: **al., (2014)**
L2351: **Jessup et al.,**
L2352: L U U U U U L
L2353: **(2003)**
L2354: **Uusi-Rasi et**
L2355: L U U U U L L
L2356: **al., (2015)**
L2357: **Verschueren**
L2358: L U U U U L L
L2359: **et al., (2011)**
L2360: - Risk of bias domains of assessment. 1: Random sequence generation, 2: Allocation concealment, 3: Blinding of participants and
L2361: personnel, 4: Blinding of outcome assessment, 5: Incomplete outcome data, 6: Selective reporting, 7: Other sources of bias.
L2362: Judgements possible: H – High risk of bias, U – Unclear risk of bias, L – Low risk of bias
L2363: **For peer review only - http://bmjopen.bmj.com/site/about/guidelines.xhtml**
L2364: **Page 23 of 34**
L2365: 1
L2366: 2
L2367: 3
L2368: 4
L2369: 5
L2370: 6
L2371: 7
L2372: 8
L2373: 9
L2374: 10
L2375: 11
L2376: 12
L2377: 13
L2378: 14
L2379: 15
L2380: 16
L2381: 17
L2382: 18
L2383: 19
L2384: 20
L2385: 21
L2386: 22
L2387: 23
L2388: 24
L2389: 25
L2390: 26
L2391: 27
L2392: 28
L2393: 29
L2394: 30
L2395: 31
L2396: 32
L2397: 33
L2398: 34
L2399: 35
L2400: 36
L2401: 37
L2402: 38
L2403: 39
L2404: 40
L2405: 41
L2406: 42
L2407: 43
L2408: 44
L2409: 45
L2410: 46
L2411: 47
L2412: 48
L2413: 49
L2414: 50
L2415: 51
L2416: 52
L2417: 53
L2418: 54
L2419: 55
L2420: 56
L2421: 57
L2422: 58
L2423: 59
L2424: 60
L2425: **BMJ Open**
L2426: **For peer review only - http://bmjopen.bmj.com/site/about/guidelines.xhtml**
L2427: **Page 24 of 34**
L2428: 1
L2429: 2
L2430: 3
L2431: 4
L2432: 5
L2433: 6
L2434: 7
L2435: 8
L2436: 9
L2437: 10
L2438: 11
L2439: 12
L2440: 13
L2441: 14
L2442: 15
L2443: 16
L2444: 17
L2445: 18
L2446: 19
L2447: 20
L2448: 21
L2449: 22
L2450: 23
L2451: 24
L2452: 25
L2453: 26
L2454: 27
L2455: 28
L2456: 29
L2457: 30
L2458: 31
L2459: 32
L2460: 33
L2461: 34
L2462: 35
L2463: 36
L2464: 37
L2465: 38
L2466: 39
L2467: 40
L2468: 41
L2469: 42
L2470: 43
L2471: 44
L2472: 45
L2473: 46
L2474: 47
L2475: 48
L2476: **BMJ Open**
L2477: Table 5: GRADE analysis of group 1 measurement outcomes included in the quantitative synthesis
L2478: |Quality Assessment Summary of Findings|Col2|Col3|Col4|Col5|Col6|Col7|Col8|Col9|Col10|Col11|Col12|
L2479: |---|---|---|---|---|---|---|---|---|---|---|---|
L2480: |**Outcome**|**Included**<br>**studies**<br>**(design)**|**ROB**|<br>**Inconsistency**|<br>**No serious**<br>**Indirectness**|<br>**Imprecision**|<br>**Publication**<br>**bias**|<br>**Groups**<br>**(Intervention/**<br>**control)**|<br>**Effect size**<br>**(direction)**|<br>**Significance**|**95% CI**|**Quality**|
L2481: |**Muscle strength**<br>**(lower limb)**|[1,2,6]<br>(RCT)|No<br>serious<br>ROB|<br>Serious<br>inconsistency<br>(substantial<br>heterogeneity)|** p**<br>No serious<br>indirectness|<br>No serious<br>imprecision|<br>Undetected^|<br>131/135|<br>0.98<br>(Intervention)|<br>_p_<0.00001|(0.73, 1.24)|⊕⊕⊕○ <br>Moderate|
L2482: |**TUG**|[2,6]<br>(RCT)|No<br>serious<br>ROB|<br>No serious<br>inconsistency|<br>No serious<br>indirectness|** er**<br>Serious<br>imprecision<br>(CIs cross line<br>of no effect/<br>OIS not<br>reached)|<br>Undetected^|<br>124/125|<br>0.37<br>(Intervention)|<br>_p_= 0.37|(-0.68,0.26)|⊕⊕⊕○ <br>Moderate|
L2483: |**BMD (hip)**|[2,6]<br>(RCT)|No<br>serious<br>ROB|<br>No serious<br>inconsistency|<br>No serious<br>indirectness|<br>Serious<br>imprecision<br>(CIs cross line<br>of no effect/<br>OIS not<br>reached)|** vi**<br>Undetected^|** ew**<br>124/125|<br>0.02<br>(Intervention)|<br>_p_= 0.15|(-0.01,0.05)|⊕⊕⊕○ <br>Moderate|
L2484: |**BMD (spine)**|[2,6]<br>(RCT)|No<br>serious<br>ROB|<br>No serious<br>inconsistency|<br>No serious<br>indirectness|<br>Serious<br>imprecision<br>(CIs cross line<br>of no effect/<br>OIS not<br>reached)|<br>Undetected^|<br>124/125|**  nl**<br>0.02<br>(Intervention)|<br>_p_ = 0.41|(-0.03,0.07)|⊕⊕⊕○ <br>Moderate|
L2485: *ROB: Risk of Bias; TUG: Timed Up and Go; RCT: Randomized Controlled Trial; CI: Confidence Interval; BMD: Bone Mineral Density; OIS: Optimum Information Size.
L2486: ^Insufficient data to produce funnel plots. GRADE scoring: ⊕⊕⊕⊕ High; ⊕⊕⊕ - Moderate; ⊕⊕ ○○ Low; ⊕ ○○○ Very low
L2487: **For peer review only - http://bmjopen.bmj.com/site/about/guidelines.xhtml**
L2488: **Page 25 of 34**
L2489: **BMJ Open**
L2490: Table 6: GRADE analysis of group 2 measurement outcomes included in the quantitative synthesis.
L2491: 1
L2492: 2
L2493: 3
L2494: 4
L2495: 5
L2496: 6
L2497: 7
L2498: 8
L2499: 9
L2500: 10
L2501: 11
L2502: 12
L2503: 13
L2504: 14
L2505: 15
L2506: 16
L2507: 17
L2508: 18
L2509: 19
L2510: 20
L2511: 21
L2512: 22
L2513: 23
L2514: 24
L2515: 25
L2516: 26
L2517: 27
L2518: 28
L2519: 29
L2520: 30
L2521: 31
L2522: 32
L2523: 33
L2524: 34
L2525: 35
L2526: 36
L2527: 37
L2528: 38
L2529: 39
L2530: 40
L2531: 41
L2532: 42
L2533: 43
L2534: 44
L2535: 45
L2536: 46
L2537: 47
L2538: 48
L2539: |Quality Assessment Summary of Findings|Col2|Col3|Col4|Col5|Col6|Col7|Col8|Col9|Col10|Col11|Col12|
L2540: |---|---|---|---|---|---|---|---|---|---|---|---|
L2541: |**Outcome**|**Included**<br>**studies**<br>**(design)**|**ROB**|**Inconsistency**|**Indirectness**|**Imprecision**|**Publication**<br>**bias**|**Groups**<br>**(intervention/**<br>**control)**|**Effect size**<br>**(direction)**|**Significance**|**95% CI**|**Quality**|
L2542: |**SPPB**|[2,3]<br>(RCT)|No serious ROB|No serious<br>inconsistency|No serious<br>indirectness|No serious<br>imprecision|Undetected^|45/46|1.09<br>(Intervention)|_p_ = 0.02|(0.15,2.03)|⊕⊕⊕⊕ <br>High|
L2543: |**TUG**|[2,6]<br>(RCT)|<br>No serious ROB|<br>No serious<br>inconsistency|<br>No serious<br>indirectness|<br>No serious<br>imprecision|<br>Undetected^|<br>124/126|<br>-1.57<br>(Intervention)|<br>_p_ = 0.001|(-2.50, -0.64)|⊕⊕⊕⊕ <br>High|
L2544: |**Muscle**<br>**strength**<br>**(lower**<br>**limb)**|[2,6]<br>(RCT)|<br>No serious ROB|**o**<br>Serious<br>inconsistency<br>(substantial<br>heterogeneity)|<br>No serious<br>indirectness|<br>No serious<br>imprecision|<br>Undetected^|<br>124/126|<br>2.69<br>(Intervention)|<br>_p_ = 0.002|(0.96,4.42)|⊕⊕⊕○ <br>Moderate|
L2545: |**Hand grip**<br>**strength**|[2,5]<br>(RCT)|<br>No serious ROB|**r**<br>No serious<br>inconsistency|** e**<br>No serious<br>indirectness|<br>Serious<br>imprecision (CI<br>cross line of no<br>effect, OIS not<br>reached)|<br>Undetected^|<br>31/33|<br>0.85<br>(Intervention)|<br>_p_ = 0.55|(-1.93,3.63)|⊕⊕⊕○ <br>Moderate|
L2546: |**Weight**|[2,4,5]<br>(RCT)|<br>Serious ROB ([4] was<br>evaluated as high<br>risk for incomplete<br>outcome data)|<br>No serious<br>inconsistency|<br>No serious<br>indirectness|** r r**<br>Serious<br>imprecision (CI<br>cross line of no<br>effect, OIS not<br>reached)|<br>Undetected^|<br>112/114|<br>-0.12<br>(Intervention)|<br>_p_ = 0.37|(-0.38,0.14)|⊕⊕○○<br>Low|
L2547: |**Lean mass**|[2,4]<br>(RCT)<br> <br> <br>|<br>Serious ROB ([4] was<br>evaluated as high<br>risk for incomplete<br>outcome data)|<br>No serious<br>inconsistency|<br>No serious<br>indirectness|<br>Serious<br>imprecision (CI<br>cross line of no<br>effect, OIS not<br>reached)|**  vi**<br>Undetected^|<br>103/105|<br>0.02<br>(Intervention)|<br>_p_ = 0.98|(-1.31,1.35)|⊕⊕○○<br>Low|
L2548: |**Fat mass**|[2,4]<br>(RCT)|<br>Serious ROB ([4] was<br>evaluated as high<br>risk for incomplete<br>outcome data)|<br>No serious<br>inconsistency|<br>No serious<br>indirectness|<br>Serious<br>imprecision (CI<br>cross line of no<br>effect, OIS not<br>reached)|<br>Undetected^|**   o**<br>103/105|<br>-0.39<br>(Intervention)|<br>_p_ = 0.76|(-2.82, 2.05)|⊕⊕○○<br>Low|
L2549: |**BMD (hip)**<br>|[2,4,5,6]<br>(RCT)|<br>Serious ROB ([4] was<br>evaluated as high<br>risk for incomplete<br>outcome data)|<br>No serious<br>inconsistency|<br>No serious<br>indirectness|<br>No serious<br>imprecision|<br>Undetected^|<br>124/126|**   ly**<br>0.04<br>(Intervention)|<br>_p_ = 0.002|(0.01,0.06)|⊕⊕⊕○ <br>Moderate|
L2550: |**BMD**<br>**(spine)**|[2,4,5,6]<br>(RCT)|<br>Serious ROB ([4] was<br>evaluated as high<br>risk for incomplete<br>outcome data)|<br>Serious<br>inconsistency<br>(substantial<br>heterogeneity)|<br>No serious<br>indirectness|<br>Serious<br>imprecision (CI<br>cross line of no<br>effect, OIS not<br>reached)|<br>Undetected^|<br>124/126|<br>0.02<br>(Intervention)|<br>_p_ = 0.24|(-0.001,0.05)|⊕○○○<br>Very low|
L2551: ^Insufficient data to produce funnel plots. GRADE scoring: ⊕⊕⊕⊕ High; ⊕⊕⊕ - Moderate; ⊕⊕ ○○ Low; ⊕ ○○○ Very low
L2552: **For peer review only - http://bmjopen.bmj.com/site/about/guidelines.xhtml**
L2553: **Page 26 of 34**
L2554: 1
L2555: 2
L2556: 3
L2557: 4
L2558: 5
L2559: 6
L2560: 7
L2561: 8
L2562: 9
L2563: 10
L2564: 11
L2565: 12
L2566: 13
L2567: 14
L2568: 15
L2569: 16
L2570: 17
L2571: 18
L2572: 19
L2573: 20
L2574: 21
L2575: 22
L2576: 23
L2577: 24
L2578: 25
L2579: 26
L2580: 27
L2581: 28
L2582: 29
L2583: 30
L2584: 31
L2585: 32
L2586: 33
L2587: 34
L2588: 35
L2589: 36
L2590: 37
L2591: 38
L2592: 39
L2593: 40
L2594: 41
L2595: 42
L2596: 43
L2597: 44
L2598: 45
L2599: 46
L2600: 47
L2601: 48
L2602: 49
L2603: 50
L2604: 51
L2605: 52
L2606: 53
L2607: 54
L2608: 55
L2609: 56
L2610: 57
L2611: 58
L2612: 59
L2613: 60
L2614: **BMJ Open**
L2615: Figures 2-5: Meta-analyses for Group 1 outcome measures
L2616: Figure 2: Group 1 analysis of muscle strength of the lower limb
L2617: Figure 3: Group 1 analysis of the TUG test
L2618: Figure 4: Group 1 analysis of BMD of the hip
L2619: Figure 5: Group 1 analysis of BMD of the spine
L2620: **For peer review only - http://bmjopen.bmj.com/site/about/guidelines.xhtml**
L2621: **Page 27 of 34**
L2622: 1
L2623: 2
L2624: 3
L2625: 4
L2626: 5
L2627: 6
L2628: 7
L2629: 8
L2630: 9
L2631: 10
L2632: 11
L2633: 12
L2634: 13
L2635: 14
L2636: 15
L2637: 16
L2638: 17
L2639: 18
L2640: 19
L2641: 20
L2642: 21
L2643: 22
L2644: 23
L2645: 24
L2646: 25
L2647: 26
L2648: 27
L2649: 28
L2650: 29
L2651: 30
L2652: 31
L2653: 32
L2654: 33
L2655: 34
L2656: 35
L2657: 36
L2658: 37
L2659: 38
L2660: 39
L2661: 40
L2662: 41
L2663: 42
L2664: 43
L2665: 44
L2666: 45
L2667: 46
L2668: 47
L2669: 48
L2670: 49
L2671: 50
L2672: 51
L2673: 52
L2674: 53
L2675: 54
L2676: 55
L2677: 56
L2678: 57
L2679: 58
L2680: 59
L2681: 60
L2682: **BMJ Open**
L2683: Figures 6-14: Meta-analyses for Group 2 outcome measures
L2684: Figure 6: Group 2 analysis of the SPPB test
L2685: Figure 7: Group 2 analysis of the TUG test
L2686: Figure 8: Group 2 analysis of the muscle strength of the lower limb
L2687: Figure 9: Group 2 analysis of hand grip strength
L2688: **For peer review only - http://bmjopen.bmj.com/site/about/guidelines.xhtml**
L2689: **Page 28 of 34**
L2690: 1
L2691: 2
L2692: 3
L2693: 4
L2694: 5
L2695: 6
L2696: 7
L2697: 8
L2698: 9
L2699: 10
L2700: 11
L2701: 12
L2702: 13
L2703: 14
L2704: 15
L2705: 16
L2706: 17
L2707: 18
L2708: 19
L2709: 20
L2710: 21
L2711: 22
L2712: 23
L2713: 24
L2714: 25
L2715: 26
L2716: 27
L2717: 28
L2718: 29
L2719: 30
L2720: 31
L2721: 32
L2722: 33
L2723: 34
L2724: 35
L2725: 36
L2726: 37
L2727: 38
L2728: 39
L2729: 40
L2730: 41
L2731: 42
L2732: 43
L2733: 44
L2734: 45
L2735: 46
L2736: 47
L2737: 48
L2738: 49
L2739: 50
L2740: 51
L2741: 52
L2742: 53
L2743: 54
L2744: 55
L2745: 56
L2746: 57
L2747: 58
L2748: 59
L2749: 60
L2750: **BMJ Open**
L2751: Figure 10: Group 2 analysis of total body weight
L2752: Figure 11: Group 2 analysis of lean mass
L2753: Figure 12: Group 2 analysis of fat mass
L2754: Figure 13: Group 2 analysis of BMD of the hip
L2755: Figure 14: Group 2 analysis of BMD of the spine
L2756: **For peer review only - http://bmjopen.bmj.com/site/about/guidelines.xhtml**
L2757: **Page 29 of 34**
L2758: 1
L2759: 2
L2760: 3
L2761: 4
L2762: 5
L2763: 6
L2764: 7
L2765: 8
L2766: 9
L2767: 10
L2768: 11
L2769: 12
L2770: 13
L2771: 14
L2772: 15
L2773: 16
L2774: 17
L2775: 18
L2776: 19
L2777: 20
L2778: 21
L2779: 22
L2780: 23
L2781: 24
L2782: 25
L2783: 26
L2784: 27
L2785: 28
L2786: 29
L2787: 30
L2788: 31
L2789: 32
L2790: 33
L2791: 34
L2792: 35
L2793: 36
L2794: 37
L2795: 38
L2796: 39
L2797: 40
L2798: 41
L2799: 42
L2800: 43
L2801: 44
L2802: 45
L2803: 46
L2804: 47
L2805: 48
L2806: 49
L2807: 50
L2808: 51
L2809: 52
L2810: 53
L2811: 54
L2812: 55
L2813: 56
L2814: 57
L2815: 58
L2816: 59
L2817: 60
L2818: **BMJ Open**
L2819: Table 7: Narrative analysis summary of findings for group 1 secondary outcome measures
L2820: |Category Outcome Assessment Study Intervention group % Control group % change<br>measure point change from baseline from baseline<br>M SD N M SD N|Col2|Col3|Col4|Col5|Col6|Col7|Col8|Col9|Col10|
L2821: |---|---|---|---|---|---|---|---|---|---|
L2822: |**Category**<br>**Outcome**<br>**measure**<br>**Assessment**<br>**point**<br>**Study**<br>**Intervention group %**<br>**change from baseline**<br>**Control group % change**<br>**from baseline**<br>**M **<br>**SD**<br>**N **<br>**M **<br>**SD**<br>**N **|**Category**<br>**Outcome**<br>**measure**<br>**Assessment**<br>**point**<br>**Study**<br>**Intervention group %**<br>**change from baseline**<br>**Control group % change**<br>**from baseline**<br>**M **<br>**SD**<br>**N **<br>**M **<br>**SD**<br>**N **|**Category**<br>**Outcome**<br>**measure**<br>**Assessment**<br>**point**<br>**Study**<br>**Intervention group %**<br>**change from baseline**<br>**Control group % change**<br>**from baseline**<br>**M **<br>**SD**<br>**N **<br>**M **<br>**SD**<br>**N **|**Category**<br>**Outcome**<br>**measure**<br>**Assessment**<br>**point**<br>**Study**<br>**Intervention group %**<br>**change from baseline**<br>**Control group % change**<br>**from baseline**<br>**M **<br>**SD**<br>**N **<br>**M **<br>**SD**<br>**N **|**M **|**SD**|**N **|**M **|**SD**|**N **|
L2823: |**Body**<br>**composition**|CSA of<br>quadriceps<br>muscles (cm2)|<br>16 weeks|Agergaard et al.,<br>2015|+4.94|<br>5.28<br>|7|+8.46*|<br>6.80<br>|10|
L2824: **For peer review only - http://bmjopen.bmj.com/site/about/guidelines.xhtml**
L2825: **Page 30 of 34**
L2826: 1
L2827: 2
L2828: 3
L2829: 4
L2830: 5
L2831: 6
L2832: 7
L2833: 8
L2834: 9
L2835: 10
L2836: 11
L2837: 12
L2838: 13
L2839: 14
L2840: 15
L2841: 16
L2842: 17
L2843: 18
L2844: 19
L2845: 20
L2846: 21
L2847: 22
L2848: 23
L2849: 24
L2850: 25
L2851: 26
L2852: 27
L2853: 28
L2854: 29
L2855: 30
L2856: 31
L2857: 32
L2858: 33
L2859: 34
L2860: 35
L2861: 36
L2862: 37
L2863: 38
L2864: 39
L2865: 40
L2866: 41
L2867: 42
L2868: 43
L2869: 44
L2870: 45
L2871: 46
L2872: 47
L2873: 48
L2874: 49
L2875: 50
L2876: 51
L2877: 52
L2878: 53
L2879: 54
L2880: 55
L2881: 56
L2882: 57
L2883: 58
L2884: 59
L2885: 60
L2886: **BMJ Open**
L2887: Table 8: Narrative analysis summary of findings for group 2 primary outcome measures
L2888: |Category Outcome Assessment Study Intervention group % Control group % change from<br>point change from baseline baseline<br>M SD N M SD N|Col2|Col3|Col4|Col5|Col6|Col7|Col8|Col9|Col10|
L2889: |---|---|---|---|---|---|---|---|---|---|
L2890: |**Category**<br>**Outcome**<br>**Assessment**<br>**point**<br>**Study**<br>**Intervention group %**<br>**change from baseline**<br>**Control group % change from**<br>**baseline**<br>**M **<br>**SD**<br>**N **<br>**M **<br>**SD**<br>**N **|**Category**<br>**Outcome**<br>**Assessment**<br>**point**<br>**Study**<br>**Intervention group %**<br>**change from baseline**<br>**Control group % change from**<br>**baseline**<br>**M **<br>**SD**<br>**N **<br>**M **<br>**SD**<br>**N **|**Category**<br>**Outcome**<br>**Assessment**<br>**point**<br>**Study**<br>**Intervention group %**<br>**change from baseline**<br>**Control group % change from**<br>**baseline**<br>**M **<br>**SD**<br>**N **<br>**M **<br>**SD**<br>**N **|**Category**<br>**Outcome**<br>**Assessment**<br>**point**<br>**Study**<br>**Intervention group %**<br>**change from baseline**<br>**Control group % change from**<br>**baseline**<br>**M **<br>**SD**<br>**N **<br>**M **<br>**SD**<br>**N **|**M **|**SD**|**N **|**M **|**SD**|**N **|
L2891: |**Muscle**<br>**strength**|<br>Isometric<br>knee<br>extensor<br>strength<br>(Nm)|<br>6 months|<br>Verschueren<br>et al., 2011|<br>+3.01|<br>2.67|<br>28|<br>+0.11|<br>3.18|28|
L2892: |**Muscle**<br>**power**|<br>Sit-to-<br>stand<br>transfer<br>power (W)|<br>12 weeks|<br>Drey et al.,<br>2011|<br>+8.99*|<br>5.51|<br>23|<br>+2.61|<br>2.49|22|
L2893: |**Muscle**<br>**power**|<br>Functional<br>stair<br>climbing<br>muscle<br>power (W)|**r**<br>12 months|** p**<br>Gianoudis et<br>al., 2014|<br>+10.40*|<br>13.00|<br>81|<br>+6.20|<br>12.70|81|
L2894: |**Muscle**<br>**function**|<br>30 second<br>sit-to-<br>stand<br>(n.stands)|<br>12 months|** er**<br>Gianoudis et<br>al., 2014|<br>+18.30*|<br>23.60|<br>81|<br>+2.70|<br>17.2|81|
L2895: |**Muscle**<br>**function**|<br>5-time<br>chair stand<br>time (s)|<br>24 months|<br>Uusi-Rasi et<br>al., 2015|**  e**<br>-6.95|<br>2.50|<br>102|<br>-3.49|<br>3.30|102|
L2896: |**Muscle**<br>**function**|<br>Normal<br>walking<br>speed<br>(m/s)|<br>24 months|<br>Uusi-Rasi et<br>al., 2015|<br>-1.80|<br>0.20|<br>102|<br>-3.30|<br>0.21|102|
L2897: |**Muscle**<br>**function**|<br>Endurance:<br>12-minute<br>walk (m)|<br>9 months|<br>Bunout et<br>al., 2006|<br>+8.80|<br>17.60|<br>22|<br>+20.90|<br>27.70|24|
L2898: |**Balance**|<br>Romberg<br>ratio (%)|<br>9 months|<br>Bunout et<br>al., 2006|<br>+2.80|<br>33.80|<br>22|<br>-0.60|<br>35.80|24|
L2899: |**Balance**|<br>Four<br>square<br>step test<br>(s)|<br>12 months|<br>Gianoudis et<br>al., 2014|<br>-12.00*|<br>14.10|<br>81|**   y**<br>-5.20|<br>14.90|81|
L2900: |**Balance**|<br>Body sway<br>(cm)|<br>32 weeks|<br>Jessup et al.,<br>2003|<br>-26.39*|<br>0.52|<br>9|<br>+2.90|<br>0.49|9|
L2901: |**Balance**|Backwards<br>walking (%<br>able to<br>complete)|24 months|Uusi-Rasi et<br>al., 2015|+25.47*|13.59|102|+9.48|15.58|102|
L2902: **For peer review only - http://bmjopen.bmj.com/site/about/guidelines.xhtml**
L2903: **Page 31 of 34**
L2904: 1
L2905: 2
L2906: 3
L2907: 4
L2908: 5
L2909: 6
L2910: 7
L2911: 8
L2912: 9
L2913: 10
L2914: 11
L2915: 12
L2916: 13
L2917: 14
L2918: 15
L2919: 16
L2920: 17
L2921: 18
L2922: 19
L2923: 20
L2924: 21
L2925: 22
L2926: 23
L2927: 24
L2928: 25
L2929: 26
L2930: 27
L2931: 28
L2932: 29
L2933: 30
L2934: 31
L2935: 32
L2936: 33
L2937: 34
L2938: 35
L2939: 36
L2940: 37
L2941: 38
L2942: 39
L2943: 40
L2944: 41
L2945: 42
L2946: 43
L2947: 44
L2948: 45
L2949: 46
L2950: 47
L2951: 48
L2952: 49
L2953: 50
L2954: 51
L2955: 52
L2956: 53
L2957: 54
L2958: 55
L2959: 56
L2960: 57
L2961: 58
L2962: 59
L2963: 60
L2964: **BMJ Open**
L2965: Table 9: Narrative analysis summary of findings for group 2 secondary outcomes
L2966: |Category Outcome Assessment Study Intervention group % Control group %<br>measure point change from baseline change from baseline<br>M SD N M SD N|Col2|Col3|Col4|Col5|Col6|Col7|Col8|Col9|Col10|
L2967: |---|---|---|---|---|---|---|---|---|---|
L2968: |**Category** <br>**Outcome** <br>**measure** <br>**Assessment**<br>**point** <br>**Study** <br>**Intervention group %**<br>**change from baseline** <br>**Control group %**<br>**change from baseline** <br>**M **<br>**SD**<br>**N **<br>**M **<br>**SD**<br>**N **|**Category** <br>**Outcome** <br>**measure** <br>**Assessment**<br>**point** <br>**Study** <br>**Intervention group %**<br>**change from baseline** <br>**Control group %**<br>**change from baseline** <br>**M **<br>**SD**<br>**N **<br>**M **<br>**SD**<br>**N **|**Category** <br>**Outcome** <br>**measure** <br>**Assessment**<br>**point** <br>**Study** <br>**Intervention group %**<br>**change from baseline** <br>**Control group %**<br>**change from baseline** <br>**M **<br>**SD**<br>**N **<br>**M **<br>**SD**<br>**N **|**Category** <br>**Outcome** <br>**measure** <br>**Assessment**<br>**point** <br>**Study** <br>**Intervention group %**<br>**change from baseline** <br>**Control group %**<br>**change from baseline** <br>**M **<br>**SD**<br>**N **<br>**M **<br>**SD**<br>**N **|**M **|**SD**|**N **|**M **|**SD**|**N **|
L2969: |**Body**<br>**composition**|Appendicular<br>lean mass (Kg)|12 weeks|Drey et al., 2011|+1.65|0.71|23|+0.00|0.87|22|
L2970: |**Body**<br>**composition**|<br>Muscle mass<br>of upper limb<br>(cm3)|<br>6 months|<br>Verschueren et al.,<br>2011|<br>-0.16|<br>0.57|<br>28|<br>-0.25|0.38|28|
L2971: |**Body**<br>**composition**|<br>BMD of hip<br>(g/cm2)|<br>6 months|<br>Verschueren et al.,<br>2011|<br>+0.71|<br>0.42|<br>28|<br>+0.99|0.51|28|
L2972: **For peer review only - http://bmjopen.bmj.com/site/about/guidelines.xhtml**
L2973: **BMJ Open**
L2974: **Page 32 of 34**
L2975: 1
L2976: 2
L2977: 3
L2978: 4
L2979: 5
L2980: 6
L2981: 7
L2982: 8
L2983: 9
L2984: |Section/topic|#|Checklist item|Reported on<br>page #|
L2985: |---|---|---|---|
L2986: |**TITLE**|**TITLE**|**TITLE**||
L2987: |Title|1|<br>Identify the report as a systematic review, meta-analysis, or both.|1|
L2988: |<br>**ABSTRACT** <br>0<br>|<br>**ABSTRACT** <br>0<br>|<br>**ABSTRACT** <br>0<br>||
L2989: |Structured summary<br><br>2<br>3<br>|2|**or**<br>Provide a structured summary including, as applicable: background; objectives; data sources; study eligibility<br>criteria, participants, and interventions; study appraisal and synthesis methods; results; limitations; conclusions<br>and implications of key findings; systematic review registration number.|2|
L2990: |<br>**INTRODUCTION** <br><br>5<br>|<br>**INTRODUCTION** <br><br>5<br>|<br>**INTRODUCTION** <br><br>5<br>||
L2991: |Rationale<br><br><br>|3|<br>Describe the rationale for the review in the context of what is already known.|3|
L2992: |Objectives<br><br>8<br>9<br>|4|<br>Provide an explicit statement of questions being addressed with reference to participants, interventions,<br>comparisons, outcomes, and study design (PICOS).|3|
L2993: |<br>**METHODS** <br><br>1<br>|<br>**METHODS** <br><br>1<br>|<br>**METHODS** <br><br>1<br>||
L2994: |Protocol and registration<br><br><br>3<br>|5|<br>Indicate if a review protocol exists, if and where it can be accessed (e.g., Web address), and, if available,<br>provide registration information including registration number.|4|
L2995: |Eligibility criteria<br><br>5<br>6<br>|6|<br>Specify study characteristics (e.g., PICOS, length of follow-up) and report characteristics (e.g., years<br>considered, language, publication status) used as criteria for eligibility, giving rationale.|4|
L2996: |Information sources<br><br>8<br>|7|<br>Describe all information sources (e.g., databases with dates of coverage, contact with study authors to identify<br>additional studies) in the search and date last searched.|4|
L2997: |Search<br><br>0<br>1<br>|8|**  l**<br>Present full electronic search strategy for at least one database, including any limits used, such that it could be<br>repeated.|Supplementary<br>file 1|
L2998: |Study selection<br><br>3<br><br>|9|<br>State the process for selecting studies (i.e., screening, eligibility, included in systematic review, and, if<br>applicable, included in the meta-analysis).|4|
L2999: |Data collection process<br><br>5<br>6<br>|10|<br>Describe method of data extraction from reports (e.g., piloted forms, independently, in duplicate) and any<br>processes for obtaining and confirming data from investigators.|4|
L3000: |Data items<br><br>8<br><br>|11|List and define all variables for which data were sought (e.g., PICOS, funding sources) and any assumptions<br>and simplifications made.|4|
L3001: |Risk of bias in individual<br>studies<br><br>0<br>1<br>|12|Describe methods used for assessing risk of bias of individual studies (including specification of whether this<br>was done at the study or outcome level), and how this information is to be used in any data synthesis.|5|
L3002: |Summary measures<br><br>3<br>|13|State the principal summary measures (e.g., risk ratio, difference in means).|4|
L3003: |Synthesis of results<br><br><br>5<br>|14|Describe the methods of handling data and combining results of studies, if done, including measures of<br>consistency (e.g., I2) for each meta-analysis.<br>~~**For peer review only - http://bmjopen.bmj.com/site/about/guidelines.xhtml**~~|4|
L3004: 47
L3005: 48
L3006: 49
L3007: ## **PRISMA 2009 Checklist**
L3008: **Page 33 of 34**
L3009: **BMJ Open**
L3010: Page 1 of 2
L3011: 1
L3012: 2
L3013: 3
L3014: 4
L3015: 5
L3016: 6
L3017: 7
L3018: 8
L3019: 9
L3020: |Section/topic|#|Checklist item|Reported on<br>page #|
L3021: |---|---|---|---|
L3022: |Risk of bias across studies<br>|15|<br>Specify any assessment of risk of bias that may affect the cumulative evidence (e.g., publication bias, selective<br>reporting within studies).|Supplementary<br>file 2|
L3023: |Additional analyses<br><br>1<br>2<br>3<br>|16|**For**<br>Describe methods of additional analyses (e.g., sensitivity or subgroup analyses, meta-regression), if done,<br>indicating which were pre-specified.|5 <br>Supplementary<br>files 3-4|
L3024: |<br>**RESULTS** <br><br>5<br>|<br>**RESULTS** <br><br>5<br>|<br>**RESULTS** <br><br>5<br>||
L3025: |Study selection<br><br><br>7<br>|17|<br>Give numbers of studies screened, assessed for eligibility, and included in the review, with reasons for<br>exclusions at each stage, ideally with a flow diagram.|5-6|
L3026: |Study characteristics<br><br>9<br>0<br>|18|<br>For each study, present characteristics for which data were extracted (e.g., study size, PICOS, follow-up period)<br>and provide the citations.|7-10|
L3027: |Risk of bias within studies<br><br>2<br>|19|<br>Present data on risk of bias of each study and, if available, any outcome level assessment (see item 12).|Supplementary<br>file 2|
L3028: |Results of individual studies<br><br>4<br>5<br>|20|<br>For all outcomes considered (benefits or harms), present, for each study: (a) simple summary data for each<br>intervention group (b) effect estimates and confidence intervals, ideally with a forest plot.|10|
L3029: |Synthesis of results<br><br>7<br>8<br>|21|<br>Present results of each meta-analysis done, including confidence intervals and measures of consistency.|Supplementary<br>files 5-6|
L3030: |Risk of bias across studies<br><br>0<br>|22|<br>Present results of any assessment of risk of bias across studies (see Item 15).|Supplementary<br>file 2|
L3031: |Additional analysis<br><br>2<br>3<br>|23|**  l**<br>Give results of additional analyses, if done (e.g., sensitivity or subgroup analyses, meta-regression [see Item<br>16]).|Supplementary<br>files 3-4|
L3032: |<br>**DISCUSSION** <br><br>5<br>|<br>**DISCUSSION** <br><br>5<br>|<br>**DISCUSSION** <br><br>5<br>||
L3033: |Summary of evidence<br><br>7<br>|24|<br>Summarize the main findings including the strength of evidence for each main outcome; consider their<br>relevance to key groups (e.g., healthcare providers, users, and policy makers).|1-16|
L3034: |Limitations<br><br>9<br>0<br>|25|Discuss limitations at study and outcome level (e.g., risk of bias), and at review-level (e.g., incomplete retrieval<br>of identified research, reporting bias).|16|
L3035: |Conclusions<br><br>2<br>|26|Provide a general interpretation of the results in the context of other evidence, and implications for future<br>research.|16|
L3036: |**FUNDING** <br><br>4<br>|**FUNDING** <br><br>4<br>|**FUNDING** <br><br>4<br>||
L3037: 46
L3038: 47
L3039: 48
L3040: 49
L3041: ## **PRISMA 2009 Checklist**
L3042: **For peer review only - http://bmjopen.bmj.com/site/about/guidelines.xhtml**
L3043: **Page 34 of 34**
L3044: 17
L3045: 1
L3046: 2
L3047: 3
L3048: 4
L3049: 5
L3050: 6
L3051: 7
L3052: 8
L3053: 9
L3054: 10
L3055: 11
L3056: 12
L3057: 13
L3058: 14
L3059: 15
L3060: 16
L3061: 17
L3062: 18
L3063: 19
L3064: 20
L3065: 21
L3066: 22
L3067: 23
L3068: 24
L3069: 25
L3070: 26
L3071: 27
L3072: 28
L3073: 29
L3074: 30
L3075: 31
L3076: 32
L3077: 33
L3078: 34
L3079: 35
L3080: 36
L3081: 37
L3082: 38
L3083: 39
L3084: 40
L3085: 41
L3086: 42
L3087: 43
L3088: 44
L3089: 45
L3090: 46
L3091: 47
L3092: 48
L3093: 49
L3094: **BMJ Open**
L3095: ## **PRISMA 2009 Checklist**
L3096: Funding 27 Describe sources of funding for the systematic review and other support (e.g., supply of data); role of funders
L3097: for the systematic review.
L3098: _From:_ Moher D, Liberati A, Tetzlaff J, Altman DG, The PRISMA Group (2009). Preferred Reporting Items for Systematic Reviews and Meta-Analyses: The PRISMA Statement. PLoS Med 6(6): e1000097.
L3099: doi:10.1371/journal.pmed1000097
L3100: For more information, visit: **www.prisma-statement.org** .
L3101: Page 2 of 2
L3102: **For peer review only - http://bmjopen.bmj.com/site/about/guidelines.xhtml**
L3103: **BMJ Open**
L3104: **The effect of combined resistance exercise training and**
L3105: **vitamin D3 supplementation on musculoskeletal health and**
L3106: **function in older adults: A systematic review and meta-**
L3107: |For|or analysis|
L3108: |---|---|
L3109: |<br>Journal:|<br>_BMJ Open_|
L3110: |<br>Manuscript ID|<br>  bmjopen-2016-014619.R1|
L3111: |<br>Article Type:|<br>  Research|
L3112: |<br>Date Submitted by the Author:|<br>     10-Feb-2017|
L3113: |<br>Complete List of Authors:|** er r**<br>    Antoniak, Anneka; University of Birmingham, School of Sports, Exericse<br>and Rehabilitation Sciences<br>Greig, Carolyn; School of Sport, Exercise and Rehabilitation Sciences,<br>University of Birmingham, Edgbaston, Birmingham, B15 2TT, UK;  MRC-<br>Arthritis Research UK Centre for Musculoskeletal Ageing Research|
L3114: |<br><b>Primary Subject<br>Heading</b>:|<br>Geriatric medicine|
L3115: |<br>Secondary Subject Heading:|<br>   Nutrition and metabolism, Sports and exercise medicine|
L3116: |<br>Keywords:|**  iew**<br>Physiology < BASIC SCIENCES, GERIATRIC MEDICINE, NUTRITION &<br>DIETETICS, Bone diseases < ORTHOPAEDIC & TRAUMA SURGERY,<br>Musculoskeletal disorders < ORTHOPAEDIC & TRAUMA SURGERY, SPORTS<br>MEDICINE|
L3117: |<br>|<br>|
L3118: **For peer review only - http://bmjopen.bmj.com/site/about/guidelines.xhtml**
L3119: **Page 1 of 36**
L3120: 1
L3121: 2
L3122: 3
L3123: 4
L3124: 5
L3125: 6
L3126: 7
L3127: 8
L3128: 9
L3129: 10
L3130: 11
L3131: 12
L3132: 13
L3133: 14
L3134: 15
L3135: 16
L3136: 17
L3137: 18
L3138: 19
L3139: 20
L3140: 21
L3141: 22
L3142: 23
L3143: 24
L3144: 25
L3145: 26
L3146: 27
L3147: 28
L3148: 29
L3149: 30
L3150: 31
L3151: 32
L3152: 33
L3153: 34
L3154: 35
L3155: 36
L3156: 37
L3157: 38
L3158: 39
L3159: 40
L3160: 41
L3161: 42
L3162: 43
L3163: 44
L3164: 45
L3165: 46
L3166: 47
L3167: 48
L3168: 49
L3169: 50
L3170: 51
L3171: 52
L3172: 53
L3173: 54
L3174: 55
L3175: 56
L3176: 57
L3177: 58
L3178: 59
L3179: 60
L3180: **BMJ Open**
L3181: ### **The effect of combined resistance exercise training and vitamin D3** **supplementation on musculoskeletal health and function in older adults: A** **systematic review and meta-analysis**
L3182: **AUTHORS**
L3183: Anneka E Antoniak [1] and Carolyn A Greig [1,2]
L3184: 1School of Sport, Exercise and Rehabilitation Sciences, 2MRC-Arthritis Research UK Centre
L3185: for Musculoskeletal Ageing and Health, University of Birmingham, Edgbaston, Birmingham,
L3186: B15 2TT, UK
L3187: **Corresponding author**
L3188: Anneka E Antoniak
L3189: School of Sport, Exercise and Rehabilitation Sciences, University of Birmingham, Edgbaston,
L3190: Birmingham, B15 2TT, UK
L3191: Email: aea423@bham.ac.uk
L3192: Telephone number: +44 121 371 3234
L3193: **Keywords:** Vitamin D, exercise, older adults, randomized controlled trial, systematic review
L3194: **Word count:** 4662
L3195: Number of figures: 14
L3196: Number of tables: 9
L3197: Number of references: 54
L3198: Number of colour images: 4
L3199: 1
L3200: **For peer review only - http://bmjopen.bmj.com/site/about/guidelines.xhtml**
L3201: **Page 2 of 36**
L3202: 1
L3203: 2
L3204: 3
L3205: 4
L3206: 5
L3207: 6
L3208: 7
L3209: 8
L3210: 9
L3211: 10
L3212: 11
L3213: 12
L3214: 13
L3215: 14
L3216: 15
L3217: 16
L3218: 17
L3219: 18
L3220: 19
L3221: 20
L3222: 21
L3223: 22
L3224: 23
L3225: 24
L3226: 25
L3227: 26
L3228: 27
L3229: 28
L3230: 29
L3231: 30
L3232: 31
L3233: 32
L3234: 33
L3235: 34
L3236: 35
L3237: 36
L3238: 37
L3239: 38
L3240: 39
L3241: 40
L3242: 41
L3243: 42
L3244: 43
L3245: 44
L3246: 45
L3247: 46
L3248: 47
L3249: 48
L3250: 49
L3251: 50
L3252: 51
L3253: 52
L3254: 53
L3255: 54
L3256: 55
L3257: 56
L3258: 57
L3259: 58
L3260: 59
L3261: 60
L3262: **BMJ Open**
L3263: **ABSTRACT**
L3264: **Objectives**
L3265: In older adults there is a blunted responsiveness to resistance training and reduced muscle hypertrophy
L3266: compared with younger adults. There is evidence that both exercise training and vitamin D supplementation
L3267: may benefit musculoskeletal health in older adults, and it is plausible that in combination their effects may be
L3268: additive. The aim of this systematic review was to evaluate the effectiveness of combined resistance exercise
L3269: training and vitamin D3 supplementation on musculoskeletal health in older adults.
L3270: **Data sources**
L3271: A comprehensive search of electronic databases, including Science Direct, MedLine, PubMed, Google Scholar
L3272: and Cochrane Central Register of Controlled Trials (Cochrane CENTRAL accessed by Wiley Science). Eligible
L3273: studies were randomized controlled trials including men and women (aged ≥65 years or mean age ≥ 65 years);
L3274: enlisting resistance exercise training (RET) and vitamin D3 supplementation; including outcomes of muscle
L3275: strength, function, muscle power, body composition, serum vitamin D/calcium status or quality of life (4)
L3276: comparing results with a control group. The review was informed by a pre-registered protocol
L3277: (http://www.crd.york.ac.uk/PROSPERO/display_record.asp?ID=CRD42015020157).
L3278: **Results**
L3279: 7 studies including a total of 792 participants were identified. Studies were categorized into two groups; group
L3280: 1 compared vitamin D3 supplementation and exercise training versus exercise alone (describing the additive
L3281: effect of vitamin D3 supplementation when combined with resistance exercise training) and group 2 compared
L3282: vitamin D3 supplementation and exercise training versus vitamin D3 supplementation alone (describing the
L3283: additive effect of resistance exercise training when combined with vitamin D3 supplementation).
L3284: Meta-analyses for group 1 found muscle strength of the lower limb to be significantly improved within the
L3285: intervention group (0.98, 95% CI 0.73, 1.24, _p_ <0.001); all other outcomes showed small but non-significant
L3286: positive effects for the intervention group. The Short Physical Performance Battery (SPPB), Timed Up and Go
L3287: (TUG), muscle strength of the lower limb and femoral neck Bone Mineral Density (BMD) showed significantly
L3288: greater improvements in the intervention group for group 2 comparisons.
L3289: **Conclusions**
L3290: This review provides tentative support for the additive effect of resistance exercise and vitamin D3
L3291: supplementation for the improvement of muscle strength in older adults. For other functional variables, such
L3292: as SPPB and TUG, no additional benefit beyond exercise was shown. Further evidence is required to draw firm
L3293: conclusions or make explicit recommendations regarding combined exercise and vitamin D3 supplementation.
L3294: **Strengths and Limitations of this study**
L3295:   - To the best of our knowledge this study represents the first review evaluating the combined effects of
L3296: vitamin D3 supplementation and exercise in older adults
L3297:   - Generally, outcome measure data could be graded as representing moderate quality
L3298:   - Only seven studies were found to be eligible for inclusion, highlighting the lack of literature available
L3299: on the topic
L3300:   - The inclusion of one high risk study was deemed necessary due to the lack of eligible studies
L3301: 2
L3302: **For peer review only - http://bmjopen.bmj.com/site/about/guidelines.xhtml**
L3303: **Page 3 of 36**
L3304: 1
L3305: 2
L3306: 3
L3307: 4
L3308: 5
L3309: 6
L3310: 7
L3311: 8
L3312: 9
L3313: 10
L3314: 11
L3315: 12
L3316: 13
L3317: 14
L3318: 15
L3319: 16
L3320: 17
L3321: 18
L3322: 19
L3323: 20
L3324: 21
L3325: 22
L3326: 23
L3327: 24
L3328: 25
L3329: 26
L3330: 27
L3331: 28
L3332: 29
L3333: 30
L3334: 31
L3335: 32
L3336: 33
L3337: 34
L3338: 35
L3339: 36
L3340: 37
L3341: 38
L3342: 39
L3343: 40
L3344: 41
L3345: 42
L3346: 43
L3347: 44
L3348: 45
L3349: 46
L3350: 47
L3351: 48
L3352: 49
L3353: 50
L3354: 51
L3355: 52
L3356: 53
L3357: 54
L3358: 55
L3359: 56
L3360: 57
L3361: 58
L3362: 59
L3363: 60
L3364: **BMJ Open**
L3365: **INTRODUCTION**
L3366: Sarcopenia, originally defined as the age related loss of muscle mass[1], now also encompasses low muscle
L3367: strength and/or muscle function[2]. The efficacy of resistance training in preventing or alleviating age-related
L3368: musculoskeletal loss is well established; cited as the most promising intervention for improving symptoms of
L3369: sarcopenia[3].
L3370: Clear evidence exists demonstrating an association between resistance exercise training (RET) and muscle
L3371: hypertrophy, which is maintained in older age[3-5]. However, in older adults there is a blunted responsiveness
L3372: to RET in comparison with younger adults; a blunted muscle protein synthetic rate in response to a single bout
L3373: of resistance exercise has been reported[6], and others demonstrate a reduction in muscle hypertrophy in
L3374: comparison to younger adults[7-10]. This ’anabolic resistance’ may be due to changes in gene expression and
L3375: anabolic signalling; an attenuated anabolic hormone response to resistance exercise is observed in comparison
L3376: to younger adults[11].
L3377: Losses in muscle strength are associated with losses in functional ability, independence and increases in frailty,
L3378: falls, and disability in older adults [12-15]; therefore, there may be merit associated with a combination of
L3379: interventions to boost responsiveness of older muscle to resistance exercise and combat anabolic resistance.
L3380: Vitamin D3 supplementation in humans has been shown to positively influence musculoskeletal health in older
L3381: adults: increases in relative number and cross-sectional area (CSA) of muscle fibres (type II in particular) has
L3382: been reported[16-18], and muscle strength increased and fall rates decreased after treatment with vitamin
L3383: D3[17]. Vitamin D receptor (VDR) concentration significantly increased with vitamin D3 supplementation[18];
L3384: conversely, supplementation conferred no benefits on strength, functioning and balance[19-21]. Moreover, a
L3385: systematic review examining the effects of vitamin D3 supplementation in vitamin D replete adults aged over
L3386: 18 years found no significant effect on grip or proximal lower limb muscle strength; however, pooled data
L3387: including vitamin D deficient participants (serum 25(OH)D <25 nmol.l [-1] ) demonstrated a large effect on hip
L3388: muscle strength[22].
L3389: There is conflicting evidence surrounding the efficacy of vitamin D3 supplementation alone or in combination
L3390: with exercise on musculoskeletal health, with no clear consensus regarding the management or prevention of
L3391: sarcopenia. Although epidemiological data suggest a relationship between vitamin D3 and muscle
L3392: weakness[23], this association is not well understood, and evidence in published literature is lacking and
L3393: contradictory. Considering the beneficial effects of both RET and vitamin D3 on muscle tissue, it is plausible an
L3394: additive effect would exist if combined, optimizing the potential for healthy ageing muscle[24]. Thus, the aim
L3395: of this study was to assess the combined effect of RET and vitamin D3 supplementation on musculoskeletal
L3396: health in older adults.
L3397: 3
L3398: **For peer review only - http://bmjopen.bmj.com/site/about/guidelines.xhtml**
L3399: **Page 4 of 36**
L3400: 1
L3401: 2
L3402: 3
L3403: 4
L3404: 5
L3405: 6
L3406: 7
L3407: 8
L3408: 9
L3409: 10
L3410: 11
L3411: 12
L3412: 13
L3413: 14
L3414: 15
L3415: 16
L3416: 17
L3417: 18
L3418: 19
L3419: 20
L3420: 21
L3421: 22
L3422: 23
L3423: 24
L3424: 25
L3425: 26
L3426: 27
L3427: 28
L3428: 29
L3429: 30
L3430: 31
L3431: 32
L3432: 33
L3433: 34
L3434: 35
L3435: 36
L3436: 37
L3437: 38
L3438: 39
L3439: 40
L3440: 41
L3441: 42
L3442: 43
L3443: 44
L3444: 45
L3445: 46
L3446: 47
L3447: 48
L3448: 49
L3449: 50
L3450: 51
L3451: 52
L3452: 53
L3453: 54
L3454: 55
L3455: 56
L3456: 57
L3457: 58
L3458: 59
L3459: 60
L3460: **BMJ Open**
L3461: **MATERIALS AND METHODS**
L3462: A systematic review of peer-reviewed literature relating to the effect of RET and vitamin D3 supplementation
L3463: on musculoskeletal health in older adults was conducted in accordance with a study protocol registered on the
L3464: PROSPERO database (record number CRD42015020157). The protocol was informed by the Cochrane
L3465: Handbook for Systematic Reviews of Interventions[25], and reporting conformed to the Preferred Reporting
L3466: Items for Systematic Reviews and Meta-analysis (PRISMA) statement[26].
L3467: **Eligibility Criteria**
L3468: Randomized controlled trials were sought for this study. Journal studies included: (1) male and/or female
L3469: participants (aged ≥65 years or mean age ≥ 65 years) (2) enlisted RET and vitamin D3 supplementation (studies
L3470: utilising vitamin D3 and calcium supplementation were included) (3) included measures of muscle strength,
L3471: function, muscle power, body composition, serum vitamin D/calcium status or quality of life (4) compared
L3472: results with a control group (sedentary/usual care/no vitamin D3 supplementation). Articles were excluded if
L3473: participants were supplemented with additional protein or any supplement/medication with a known anabolic
L3474: effect on muscle tissue.
L3475: **Search methods for identification of studies**
L3476: Articles published before March 2016 were included. A computerised search of Science Direct, MedLine,
L3477: PubMed, Google Scholar and Cochrane Central Register of Controlled Trials (Cochrane CENTRAL accessed by
L3478: Wiley Science) databases was conducted. Table 1 shows the Medline search strategy, devised by AEA and LH.
L3479: 4
L3480: **For peer review only - http://bmjopen.bmj.com/site/about/guidelines.xhtml**
L3481: **Page 5 of 36**
L3482: **BMJ Open**
L3483: Table 1: Example Ovid MEDLINE search, to be adapted for other databases
L3484: 1
L3485: 2
L3486: 3
L3487: 4
L3488: 5
L3489: 6
L3490: 7
L3491: 8
L3492: 9
L3493: 10
L3494: 11
L3495: 12
L3496: 13
L3497: 14
L3498: 15
L3499: 16
L3500: 17
L3501: 18
L3502: 19
L3503: 20
L3504: 21
L3505: 22
L3506: 23
L3507: 24
L3508: 25
L3509: 26
L3510: 27
L3511: 28
L3512: 29
L3513: 30
L3514: 31
L3515: 32
L3516: 33
L3517: 34
L3518: 35
L3519: 36
L3520: 37
L3521: 38
L3522: 39
L3523: 40
L3524: 41
L3525: 42
L3526: 43
L3527: 44
L3528: 45
L3529: 46
L3530: 47
L3531: 48
L3532: 49
L3533: 50
L3534: 51
L3535: 52
L3536: 53
L3537: 54
L3538: 55
L3539: 56
L3540: 57
L3541: 58
L3542: 59
L3543: 60
L3544: |1|Aging/|
L3545: |---|---|
L3546: |2|Exp aged/|
L3547: |3|(65 adj2 (years or age* or old*))|
L3548: |4|<br>(old* adj (adult* or people or person* or population* or men or women))|
L3549: |5|<br>(elder* or senior* or geriatric* or ?enarian or ag?ing)|
L3550: |6|<br>((age* or aging or old* or elder*) adj1 (musc*))|
L3551: |7|<br>1 or 2 or 3 or 4 or 5 or 6|
L3552: |8|<br>Vitamin D/|
L3553: |9|<br>(cholecalciferol* or calciferol* or ergocalciferol*)|
L3554: |10|<br>(supplements or dietary supplements)|
L3555: |11|<br>((vitamin D* or cholecalciferol or calciferol* OR ergocalciferol) adj supplementation|
L3556: |12|<br>8 or 9 or 10 or 11|
L3557: |13|<br>Muscle Development/|
L3558: |14|<br>Muscle, Skeletal/|
L3559: |15|<br>(Skeletal muscle adj2 (atrophy or sarcopenia or wasting or loss or deterioration))|
L3560: |16|<br>Muscle Strength/|
L3561: |17|<br>(skeletal muscle mass or size or fibres or fibers or area)|
L3562: |18|<br>(musc* adj2 (function* or power or strength))|
L3563: |19|<br>(musc* adj2 (grow* or hypertrophy or size or mass or csa or cross sectional area or volume))|
L3564: |20|<br>Body Composition/|
L3565: |21|<br>(lean adj3 mass)|
L3566: |22|<br>(protein adj2 (turnover or synthesis or breakdown))|
L3567: |23|<br>(nitrogen adj2 (balance or turnover or synthesis or breakdown or retention or loss or retain*))|
L3568: |24|<br>Sarcopenia/|
L3569: |25|<br>13 or 14 or 15 or 16 or 17 or 18 or 19 or 20 or 21 or 22 or 23 or 24|
L3570: |26|<br>Exp exercise/|
L3571: |27|<br>(resistance exercise or resistance exercise training)|
L3572: |28|<br>((resistance or strength or weight or cardio or aerobic) adj3 (train* or condition* or exercise* or lift*))|
L3573: |29|<br>(physical adj3 (activit* or exercise* or train* or exertion* or endurance* or therap* or conditioning or fitness))|
L3574: |30|<br>(exercise adj3 (train* or intervention* or protocol* or program* or therap* or regim* or activit*))|
L3575: |31|26 or 27 or 28 or 29 or 30|
L3576: |32|7 and 12 and 25 and 31|
L3577: |33|Limit 32 to humans|
L3578: |34|Remove duplicates from 33|
L3579: **For peer review only - http://bmjopen.bmj.com/site/about/guidelines.xhtml**
L3580: 5
L3581: **Page 6 of 36**
L3582: 1
L3583: 2
L3584: 3
L3585: 4
L3586: 5
L3587: 6
L3588: 7
L3589: 8
L3590: 9
L3591: 10
L3592: 11
L3593: 12
L3594: 13
L3595: 14
L3596: 15
L3597: 16
L3598: 17
L3599: 18
L3600: 19
L3601: 20
L3602: 21
L3603: 22
L3604: 23
L3605: 24
L3606: 25
L3607: 26
L3608: 27
L3609: 28
L3610: 29
L3611: 30
L3612: 31
L3613: 32
L3614: 33
L3615: 34
L3616: 35
L3617: 36
L3618: 37
L3619: 38
L3620: 39
L3621: 40
L3622: 41
L3623: 42
L3624: 43
L3625: 44
L3626: 45
L3627: 46
L3628: 47
L3629: 48
L3630: 49
L3631: 50
L3632: 51
L3633: 52
L3634: 53
L3635: 54
L3636: 55
L3637: 56
L3638: 57
L3639: 58
L3640: 59
L3641: 60
L3642: **BMJ Open**
L3643: **Data items and collection**
L3644: Data were extracted independently by 2 reviewers (AEA and ASA) using a standardised data extraction sheet;
L3645: any disagreements were discussed and resolved with a third person (CAG). The inter-rater reliability assessed
L3646: using Cohen’s Kappa, was found to be excellent (86% agreement)[27]. Data items including general
L3647: information, participant characteristics and details of the intervention were extracted. For key outcomes, the
L3648: definition used by the authors, methodology, results, mean differences and the presence/absence of statistical
L3649: significance were reported.
L3650: **Risk of bias analysis**
L3651: 2 reviewers (AEA and CAG) independently assessed the validity of included studies, with provisions for
L3652: moderation from a third reviewer. The Cochrane Collaboration’s tool for assessing risk of bias was utilised, as
L3653: described in the Cochrane Handbook for Systematic Reviews of Interventions[25]; the use of scales for
L3654: assessment is explicitly discouraged[28,29]. Pre-specified consensus points were devised and agreed by
L3655: reviewers to ensure consistency. It was acknowledged that by nature of design, blinding of participants and
L3656: personnel would be difficult in certain studies; therefore grading was based on the likelihood that outcome
L3657: measures were influenced by the potential lack of blinding[25].
L3658: **Grading the quality of evidence**
L3659: The Grading of Recommendation, Assessment, Development, and Evaluation (GRADE) handbook[30] was used
L3660: to evaluate the quality of evidence of outcomes assessed within the meta-analyses. The GRADE approach
L3661: utilises systematically produced questions to reach conclusions on degree of confidence in the estimate of the
L3662: effect. GRADE assesses patient important outcomes across five areas; risk of bias, inconsistency, indirectness,
L3663: imprecision and publication bias, and grades outcomes as demonstrating high, moderate, low or very low
L3664: quality of evidence.
L3665: **RESULTS**
L3666: **Study selection:**
L3667: 7 studies were included within the review; Agergaard et al., 2015[31], Bunout et al., 2006[32], Drey et al.,
L3668: 2011[33], Gianoudis et al., 2014[34], Jessup et al., 2003[35], Uusi-Rasi et al., 2015[21], and Verschueren et al.,
L3669: 2011[36]; the study flow diagram is presented in Figure 1.
L3670: Upon reading full text articles, it became clear that there were 2 separate groups of interventions; group 1, in
L3671: which all participants took part in RET and the intervention arm was supplemented with vitamin D3 (describing
L3672: the additive effect of vitamin D3 supplementation when combined with resistance exercise training), group 2
L3673: in which all participants were supplemented with vitamin D3 and the intervention arm took part in RET
L3674: (describing the additive effect of resistance exercise training when combined with vitamin D3
L3675: supplementation); and studies using a combination of the 2 interventions (Table 2).
L3676: 6
L3677: **For peer review only - http://bmjopen.bmj.com/site/about/guidelines.xhtml**
L3678: **Page 7 of 36**
L3679: **BMJ Open**
L3680: 1
L3681: 2
L3682: 3
L3683: 4
L3684: 5
L3685: 6
L3686: 7
L3687: 8
L3688: 9
L3689: 10
L3690: 11
L3691: 12
L3692: 13
L3693: 14
L3694: 15
L3695: 16
L3696: 17
L3697: 18
L3698: 19
L3699: 20
L3700: 21
L3701: 22
L3702: 23
L3703: 24
L3704: 25
L3705: 26
L3706: 27
L3707: 28
L3708: 29
L3709: 30
L3710: 31
L3711: 32
L3712: 33
L3713: 34
L3714: 35
L3715: 36
L3716: 37
L3717: 38
L3718: 39
L3719: 40
L3720: 41
L3721: 42
L3722: 43
L3723: 44
L3724: 45
L3725: 46
L3726: 47
L3727: 48
L3728: 49
L3729: 50
L3730: 51
L3731: 52
L3732: 53
L3733: 54
L3734: 55
L3735: 56
L3736: 57
L3737: 58
L3738: 59
L3739: 60
L3740: |N included Mean Sex (M:F) Study Intervention group Control group<br>Author, year Duration<br>in analyses age (y) design protocol protocol|Col2|Col3|Col4|Col5|Col6|Col7|Col8|
L3741: |---|---|---|---|---|---|---|---|
L3742: ||_Group 1: All participants exercised, intervention group received vitamin D supplementation_ <br>|_Group 1: All participants exercised, intervention group received vitamin D supplementation_ <br>|_Group 1: All participants exercised, intervention group received vitamin D supplementation_ <br>|_Group 1: All participants exercised, intervention group received vitamin D supplementation_ <br>|_Group 1: All participants exercised, intervention group received vitamin D supplementation_ <br>|_Group 1: All participants exercised, intervention group received vitamin D supplementation_ <br>|_Group 1: All participants exercised, intervention group received vitamin D supplementation_ <br>|
L3743: |**Agergaard et al.,**<br>**2015[31]**|<br>17|<br>66.9|<br> <br> <br>17:0|<br>RCT|<br> <br>RET<br>3x per week<br>& <br>1920 IU D3 + 800mg Ca/day<br>|<br>RET<br>3x per week<br>& <br>800mg Ca/day|16 weeks|
L3744: ||<br>_Group 2: All participants received vitamin D supplementation, intervention group exercised_|<br>_Group 2: All participants received vitamin D supplementation, intervention group exercised_|<br>_Group 2: All participants received vitamin D supplementation, intervention group exercised_|<br>_Group 2: All participants received vitamin D supplementation, intervention group exercised_|<br>_Group 2: All participants received vitamin D supplementation, intervention group exercised_|<br>_Group 2: All participants received vitamin D supplementation, intervention group exercised_|<br>_Group 2: All participants received vitamin D supplementation, intervention group exercised_|
L3745: |**Drey et al.,**<br>**2011[33]**<br> <br>|<br>45|**r**<br>77|<br> <br> <br> <br>13:32|<br>RCT|<br>RET<br>2x 60 mins per week<br>& <br>>20 ng/ml = 1000 IU<br>D3/day<br><20 ng/ml = 2000 IU<br>D3/day|<br>Sedentary<br>& <br>>20 ng/ml = 1000 IU<br>D3/day<br><20 ng/ml = 2000 IU<br>D3/day|12 weeks|
L3746: |**Gianoudis et**<br>**al.,2014[34]**|<br>162|<br>67|<br> <br> <br>119:43|<br>RCT|<br> <br>HV-PRT<br>3x per week<br>& <br>1000 IU D3 + 700mg Ca/day|<br>Sedentary<br>& <br>1000 IU D3 + 700mg<br>Ca/day|12<br>months|
L3747: |**Jessup et al.,**<br>**2003[35]**|<br>18|<br>69|<br> <br> <br>0:18|**  r**<br>RCT<br>Parallel|<br> <br>RET<br>3x 60-90 mins per week<br>& <br>400 IU D3 + 1000 mg<br>Ca/day|<br>Sedentary<br>& <br>400 IU D3 + 1000 mg<br>Ca/day|32 weeks|
L3748: |**Verschueren et al.,**<br>**2011[36]**|<br>111|<br>79|<br> <br> <br> <br> <br>0:111|<br>RCT|**  iew**<br> <br>WBV<br>3x per week<br>&<br>High-dose = 1600 IU<br>Or<br>Conventional dose = 800 IU<br>D3/day<br>+  1000mg Ca/day|<br>Sedentary<br>& <br>High-dose = 1600 IU<br>Or<br>Conventional dose =<br>800 IU D3/day<br>+  1000mg Ca/day|6 months|
L3749: ||<br>_Assigned to Group 1 & 2: Participants took part in a combination of exercise and vitamin D interventions_|<br>_Assigned to Group 1 & 2: Participants took part in a combination of exercise and vitamin D interventions_|<br>_Assigned to Group 1 & 2: Participants took part in a combination of exercise and vitamin D interventions_|<br>_Assigned to Group 1 & 2: Participants took part in a combination of exercise and vitamin D interventions_|<br>_Assigned to Group 1 & 2: Participants took part in a combination of exercise and vitamin D interventions_|<br>_Assigned to Group 1 & 2: Participants took part in a combination of exercise and vitamin D interventions_|<br>_Assigned to Group 1 & 2: Participants took part in a combination of exercise and vitamin D interventions_|
L3750: |**Bunout et al.,**<br>**2006[32]**|<br> <br>92|<br> <br>77|<br> <br> <br> <br>9:83|<br> <br>RCT|<br>RET<br>2x 1.5h per week Or<br>sedentary<br>& <br>400 IU D3 + 800mg Ca/day<br>|**   ly**<br>RET<br>2x 1.5h per week Or<br>sedentary<br>& <br>800mg Ca/day|9 months|
L3751: |**Uusi-Rasi et al.,**<br>**2015[21] **|<br>409|<br>74|<br> <br> <br> <br>0:409|<br>RCT|<br>RET 2x/week for 12<br>months, 1x/week for next<br>12 months Or sedentary<br>& <br>800 IU D3/day<br>|<br>RET 2x/week for 12<br>months, 1x/week for<br>next 12 months Or<br>sedentary<br>& <br>Placebo/day<br>|2 years|
L3752: *RCT: Randomized Controlled Trial, RET: Resistance Exercise Training, IU: International Units, Ca: Calcium, HV-PRT: HighVelocity Progressive Resistance Training
L3753: **For peer review only - http://bmjopen.bmj.com/site/about/guidelines.xhtml**
L3754: Table 2: Study demographics
L3755: 7
L3756: **Page 8 of 36**
L3757: 1
L3758: 2
L3759: 3
L3760: 4
L3761: 5
L3762: 6
L3763: 7
L3764: 8
L3765: 9
L3766: 10
L3767: 11
L3768: 12
L3769: 13
L3770: 14
L3771: 15
L3772: 16
L3773: 17
L3774: 18
L3775: 19
L3776: 20
L3777: 21
L3778: 22
L3779: 23
L3780: 24
L3781: 25
L3782: 26
L3783: 27
L3784: 28
L3785: 29
L3786: 30
L3787: 31
L3788: 32
L3789: 33
L3790: 34
L3791: 35
L3792: 36
L3793: 37
L3794: 38
L3795: 39
L3796: 40
L3797: 41
L3798: 42
L3799: 43
L3800: 44
L3801: 45
L3802: 46
L3803: 47
L3804: 48
L3805: 49
L3806: 50
L3807: 51
L3808: 52
L3809: 53
L3810: 54
L3811: 55
L3812: 56
L3813: 57
L3814: 58
L3815: 59
L3816: 60
L3817: **BMJ Open**
L3818: **Study demographics**
L3819: 7 eligible studies included a total of 792 participants of mean age 72.8 years (Table 2). Of these, 1 included
L3820: only males[31] and 3 included only females[21,35,36]. All studies included healthy participants living
L3821: independently, except for 2 studies; [35] included participants living within a retirement community and [36]
L3822: included institutionalized participants living in nursing homes, service flats or cloistered communities.
L3823: **Interventions**
L3824: Studies assigned to group 1 included Agergaard et al., 2015[31]; Bunout et al., 2006[32] and Uusi-Rasi et al.,
L3825: 2015[21]. In group 1, all participants took part in RET; incorporating a warm-up and strengthening exercises
L3826: utilising commercial weight machines[21,31] or Thera-bands[31]. 2 studies included balance challenging
L3827: aspects[21,32]. All studies included supervised, progressive exercise sessions; progression was monitored by a
L3828: 5 rep max (RM) test[31], Borg scale[32] or metabolic equivalents (METs)[21]. Total number of sessions
L3829: delivered ranged from 36[31]to 156[21], over a duration of 16 weeks[31] to 24 months[21]. All administered a
L3830: vitamin D3 supplement, orally in tablet form; doses ranged from 400IU [32] to 1920 IU[31] per day; in 2 studies
L3831: participants were supplemented with 800mg calcium per day[31,32] and 1 study supplemented the control
L3832: group with a placebo[21].
L3833: 6 studies assigned to group 2 included; Bunout et al., 2006[32], Drey et al., 2011[33] Gianoudis et al., 2014[34],
L3834: Jessup et al., 2003[35], Uusi-Rasi et al., 2015[21] and Verschueren et al., 2011[36]. Within group 2, all
L3835: participants took a vitamin D3 supplement, orally in tablet form. Doses ranged from 400 IU[32,35] to 2000
L3836: IU[33] per day; 1 study monitored serum 25(OH)D at baseline to determine supplement dosage[33]. In 4
L3837: studies[32,34-36] all participants were supplemented with calcium; doses ranged from 700mg[34] to
L3838: 1000mg[35,36] per day. The intervention group took part in RET. Studies utilised machine weights and
L3839: pulleys[21,33-35], Thera-bands[32], weighted vests[35] and Whole Body Vibration (WBV) machines[36] for
L3840: resistance. 5 studies included balance challenging aspects[21,32-35]. All studies employed supervised,
L3841: progressive exercise sessions monitored via a Borg scale[32-34], addition of weights to weighted vests[35],
L3842: estimation of METs or individual ability[36]. Total number of sessions delivered ranged from 24[33] to 156[21],
L3843: over a duration of 12 weeks[33] to 24 months[21]. Note that 2 studies included comparators which allowed
L3844: allocation to both groups [21,32].
L3845: 8
L3846: **For peer review only - http://bmjopen.bmj.com/site/about/guidelines.xhtml**
L3847: **Page 9 of 36**
L3848: 1
L3849: 2
L3850: 3
L3851: 4
L3852: 5
L3853: 6
L3854: 7
L3855: 8
L3856: 9
L3857: 10
L3858: 11
L3859: 12
L3860: 13
L3861: 14
L3862: 15
L3863: 16
L3864: 17
L3865: 18
L3866: 19
L3867: 20
L3868: 21
L3869: 22
L3870: 23
L3871: 24
L3872: 25
L3873: 26
L3874: 27
L3875: 28
L3876: 29
L3877: 30
L3878: 31
L3879: 32
L3880: 33
L3881: 34
L3882: 35
L3883: 36
L3884: 37
L3885: 38
L3886: 39
L3887: 40
L3888: 41
L3889: 42
L3890: 43
L3891: 44
L3892: 45
L3893: 46
L3894: 47
L3895: 48
L3896: 49
L3897: 50
L3898: 51
L3899: 52
L3900: 53
L3901: 54
L3902: 55
L3903: 56
L3904: 57
L3905: 58
L3906: 59
L3907: 60
L3908: **BMJ Open**
L3909: **Outcome measures**
L3910: All outcomes are listed in Table 3. Group 1 studies had few outcomes in common; however, all measured
L3911: muscle strength[21,31,32]; isometric knee extensor strength was measured using a strain gauge[21,31] and
L3912: isometric quadriceps strength was measured using a quadriceps table[32]. Hand grip strength was measured
L3913: using a hand grip dynamometer[32]. Magnetic resonance imaging (MRI) was used to measure the CSA of the
L3914: quadriceps[31,37], whilst[32] analysed fat and lean mass using dual-energy X-ray absorptiometry (DXA). 2
L3915: studies measured timed-up and go (TUG), femoral neck and spine bone mineral density (BMD)[21,32]. 1 study
L3916: analysed fibre type and muscle quality[31].
L3917: Of group 2 studies,[21,32,34,36] assessed lower limb strength, and[32,35] measured grip strength. Muscle
L3918: power was measured as sit-to-stand transfer power[33] and the stair climb test[34]. The short physical
L3919: performance battery (SPPB) was assessed by[32,34], and the TUG by[21,32,34]. BMD of the femoral
L3920: neck[21,32,34-36] and spine[21,32,34,35] were measured using DXA. Lean mass was measured using DXA[32
L3921: 34]and X-ray computed tomography (CT)[36]. Balance was assessed via the Romberg ratio[32], four square
L3922: step test[34], an AccuSway platform[35] and backwards walking[21]. Other outcomes included endurance (12
L3923: minute walk[32]), the 30 second sit-to-stand test[34], normal walking speed and the 5-time chair stand
L3924: test[21].
L3925: 9
L3926: **For peer review only - http://bmjopen.bmj.com/site/about/guidelines.xhtml**
L3927: **BMJ Open**
L3928: **Page 10 of 36**
L3929: 1
L3930: 2
L3931: |4<br>Author, year Outcome measures Significant results<br>5|Col2|Col3|Col4|
L3932: |---|---|---|---|
L3933: |**Agergaard et**<br>**al., 2015[31]**<br><br>6<br>7<br>8<br>|<br>Muscle strength<br>Muscle CSA <br>Muscle quality|<br>Isometric knee extensor (strain gauge)<br>MRI of quadriceps muscle (6mm thick)<br>Muscle strength/CSA|<br>Muscle strength –**no between-group difference** <br>Muscle CSA –**no between-group difference** <br>Muscle quality – N/S|
L3934: |**Bunout et al.,**<br>**2006[32]**<br>~~9~~<br>10<br>11<br>12<br>13<br>14<br>|<br>Muscle strength<br>Muscle function<br>BMD<br>Body sway<br>Endurance|**For**<br>Quadriceps (table) & hand grip strength (dynamometer)<br>SPPB, TUG<br>Femoral neck & spine (DXA)<br>Romberg ratio<br>Distance walked in 12 minutes|<br> <br>Muscle strength – Increased with exercise (p<0.001), no effect of vit D<br>Muscle function – SPPB increased with exercise (p=0.002) no effect of vit D, TUG: Increased in both groups (p=0.004)<br>BMD – Femoral neck increased with vit D, decreased without (p=0.006). Spine was N/S<br>Body sway – Lower with vit D than without (p=0.05)<br>Endurance – N/S|
L3935: |**Drey et al.,**<br>**2011[33]**<br><br>15<br>16<br>17<br>18<br>|<br>Muscle power<br>Muscle function<br>Body composition<br>|** pe**<br> <br>Lower limb sit-to-stand transfer power (force plate)<br>SPPB, SF-LLFDI<br>aLM (DXA)<br>|<br> <br>Muscle power - Increased with vit D intake (p=0.017)<br>Muscle function – SPPB increased with exercise (p=0.009), SF-LLFDI was N/S<br>Body composition – aLM was N/S<br>|
L3936: |**Gianoudis et**<br>**al., 2014[34]**<br>~~19~~<br>20<br>21<br>22<br>23<br>24<br>25<br>|<br> <br>Muscle strength<br>Muscle power<br>Muscle function<br>BMD<br>Body composition<br>Dynamic balance|<br> <br> <br>Lower limbs (bilateral leg press)<br>Timed stair climb test<br>30 second sit-to-stand test, TUG<br>Femoral neck & spine (DXA)<br>Total body lean & fat mass (DXA)<br>Four Square Step Test|** revie**<br> <br> <br>Muscle strength- Intervention increased strength relative to controls (p<0.001)<br>Muscle power – Intervention increased power relative to controls (p<0.05)<br>Muscle function – Intervention improved Sit-to-stand relative to controls (p<0.05). TUG –**No between group difference** <br>BMD -Intervention increased femoral neck relative to controls (p<0.05). Spine - Intervention increased relative to controls (p<0.05).<br>Body composition – Lean & fat mass – N/S<br>Dynamic balance – Intervention increased relative to**controls** (p<0.05).|
L3937: |**Jessup et al.,**<br>**2003[35]**<br><br>26<br>27<br>28<br>29<br>~~30~~|<br>Muscle strength<br>BMD<br>Body sway|<br>Hand grip (dynamometer), mean of 8 tests (stack machine)<br>Femoral neck & spine (DXA)<br>AccuSway force platform|** w o**<br>Muscle strength – increased with intervention (p=0.0156).<br>BMD femoral neck – increase with intervention (p=0.00001). Spine –**No between group difference** <br>Body sway – Significantly reduced in intervention group (p=0.0027)|
L3938: |**Uusi-Rasi et**<br>**al., 2015[21]**<br><br>31<br>32<br>33<br>34<br>~~35~~|Muscle strength<br>Muscle function<br>BMD<br>Dynamic balance|<br>Max isometric leg extensor strength at a knee angle of 110° <br>SPPB, TUG<br>Femoral neck & spine (BMD)<br>Backwards walking|**  nly**<br>Muscle strength – increased with exercise (p<0.001). Vit D supplementation N/S<br>Muscle function – SPPB = N/S. TUG – vitamin D without exercise increased relative to placebo without exercise (p=0.01)<br>BMD – Femoral neck – Vit D maintained BMD (p=0.02) as did exercise (p=0.01). Spine – N/S<br>Dynamic balance – Improved with exercise (placebo: p=0.001, vit D: p=0.03). No additive effect of vit D|
L3939: |**Verschueren et**<br>**al., 2011[36]**<br> <br><br>36<br>37<br>38<br>|Muscle strength<br>BMD<br>Muscle mass|<br>Isometric & dynamic knee extensor strength<br>Femoral neck (DXA)<br>Mass of upper leg (Multi-slice CT)<br>|<br>Muscle strength – Isometric: N/S. Dynamic: N/S. Vit D=no effect<br>BMD – Improved in all groups.**No between group difference.** <br>Muscle mass – N/S<br>|
L3940: 40
L3941: 41
L3942: 42
L3943: 43
L3944: 44
L3945: 45
L3946: 46
L3947: 47
L3948: 48
L3949: 49
L3950: Table 3: Summary of included study outcome measures and significant results
L3951: 10
L3952: **For peer review only - http://bmjopen.bmj.com/site/about/guidelines.xhtml**
L3953: **Page 11 of 36**
L3954: **BMJ Open**
L3955: 1
L3956: 2
L3957: 3
L3958: 4
L3959: 5
L3960: 6
L3961: 7
L3962: 8
L3963: 9
L3964: 10
L3965: 11
L3966: 12
L3967: 13
L3968: 14
L3969: 15
L3970: 16
L3971: 17
L3972: 18
L3973: 19
L3974: 20
L3975: 21
L3976: 22
L3977: 23
L3978: 24
L3979: 25
L3980: 26
L3981: 27
L3982: 28
L3983: 29
L3984: 30
L3985: 31
L3986: 32
L3987: 33
L3988: 34
L3989: 35
L3990: 36
L3991: 37
L3992: 38
L3993: 39
L3994: 40
L3995: 41
L3996: 42
L3997: 43
L3998: 44
L3999: 45
L4000: 46
L4001: 47
L4002: 48
L4003: 49
L4004: 50
L4005: 51
L4006: 52
L4007: 53
L4008: 54
L4009: 55
L4010: 56
L4011: 57
L4012: 58
L4013: 59
L4014: 60
L4015: - Risk of bias domains of assessment. 1: Random sequence generation, 2: Allocation concealment,
L4016: 3: Blinding of participants and personnel, 4: Blinding of outcome assessment, 5: Incomplete outcome
L4017: data, 6: Selective reporting, 7: Other sources of bias. Judgements possible: H – High risk of bias, U –
L4018: Unclear risk of bias, L – Low risk of bias
L4019: **For peer review only - http://bmjopen.bmj.com/site/about/guidelines.xhtml**
L4020: **Risk of bias within studies**
L4021: The risk of bias analyses are displayed within Table 4. For all studies, a high proportion of components were
L4022: assigned an unclear risk of bias due to insufficient information and the unknown effect on study outcome
L4023: measures. Many studies reported insufficient information on concealment and blinding procedures, or
L4024: whether procedures were in place in the event of unblinding. In total, 6 studies were judged to have an
L4025: unclear risk of bias[21,31-33,35,36]. Component 1 was assessed as having a low risk of bias for all studies. 1
L4026: study was assessed as having an overall high risk of bias[34] due to component 5, as no data were entered into
L4027: the analyses for participants with missing data.
L4028: Table 4: Summary of risk of bias analysis for each included study
L4029: **Components of risk of bias**
L4030: **Author, year** **Summary** **Comments on high risk components**
L4031: **1** **2** **3** **4** **5** **6** **7**
L4032: **Agergaard et**
L4033: L U L L U L L
L4034: **al., (2015)[31]**
L4035: **Bunout et al.,**
L4036: L U U U U U U
L4037: **(2006)[32]**
L4038: **Drey et al.,**
L4039: L L U U L L U
L4040: **(2011)[33]**
L4041: **Gianoudis et**
L4042: L U U U H L L
L4043: **al., (2014)[34]**
L4044: **Jessup et al.,**
L4045: L U U U U U L
L4046: **(2003)[35]**
L4047: **Uusi-Rasi et**
L4048: L U U U U L L
L4049: **al., (2015)[21]**
L4050: **Verschueren**
L4051: **et al.,** L U U U U L L
L4052: **(2011)[36]**
L4053: **High (0)**
L4054: Unclear (2) N/A
L4055: Low (5)
L4056: **High (0)**
L4057: Unclear (6) N/A
L4058: Low (1)
L4059: **High (0)**
L4060: Unclear (3) N/A
L4061: Low (4)
L4062: **High (0)**
L4063: Unclear (5) N/A
L4064: Low (2)
L4065: **High (0)**
L4066: Unclear (4) N/A
L4067: Low (3)
L4068: **High (0)**
L4069: Unclear (4) N/A
L4070: Low (3)
L4071: **High (1)**
L4072: Unclear (3)
L4073: Low (3)
L4074: One high risk component, 5
L4075: ITT analysis utilised, but no data entered
L4076: for participants with missing data
L4077: 11
L4078: **Page 12 of 36**
L4079: 1
L4080: 2
L4081: 3
L4082: 4
L4083: 5
L4084: 6
L4085: 7
L4086: 8
L4087: 9
L4088: 10
L4089: 11
L4090: 12
L4091: 13
L4092: 14
L4093: 15
L4094: 16
L4095: 17
L4096: 18
L4097: 19
L4098: 20
L4099: 21
L4100: 22
L4101: 23
L4102: 24
L4103: 25
L4104: 26
L4105: 27
L4106: 28
L4107: 29
L4108: 30
L4109: 31
L4110: 32
L4111: 33
L4112: 34
L4113: 35
L4114: 36
L4115: 37
L4116: 38
L4117: 39
L4118: 40
L4119: 41
L4120: 42
L4121: 43
L4122: 44
L4123: 45
L4124: 46
L4125: 47
L4126: 48
L4127: 49
L4128: 50
L4129: 51
L4130: 52
L4131: 53
L4132: 54
L4133: 55
L4134: 56
L4135: 57
L4136: 58
L4137: 59
L4138: 60
L4139: **BMJ Open**
L4140: **GRADE analysis**
L4141: The GRADE summary of findings table for groups 1 and 2 are shown in Tables 5 and 6.
L4142: Within group 1, all studies were evaluated as moderate quality of evidence; no serious risk of bias was
L4143: detected. Due to the nature of the studies included within this review, no serious indirectness was detected;
L4144: all outcomes were measured directly without the use of a surrogate. Publication bias was not detected, and
L4145: due to the number of studies included, it was not possible to produce funnel plots for any outcomes. Although
L4146: publication bias was “not detected”, it is difficult to conclude that there was a complete absence of bias since
L4147: studies with significant results are more likely to be published than those reporting null or non-significant
L4148: results[25] Published, peer-reviewed articles were included in this review, since the Cochrane Handbook for
L4149: Systematic Reviews of Interventions further suggests that the inclusion of unpublished studies may introduce
L4150: additional bias, as these studies have not been strengthened by the peer-review process and may be of lower
L4151: methodological quality[25]. Reasons for downgrading the quality of evidence included serious inconsistency
L4152: due to substantial heterogeneity, and serious imprecision due to confidence intervals crossing the line of no
L4153: effect.
L4154: Within group 2 studies, 5 outcomes were graded as high to moderate quality of evidence (SPPB, TUG, muscle
L4155: strength of the lower limb, hand grip strength and BMD of the femoral neck). Remaining outcomes were
L4156: graded as low or very low quality, meaning that one could have little or very little confidence in the effect
L4157: estimate. Common reasons for downgrading outcomes included a combination of serious risk of bias (due to
L4158: the inclusion of study[34]), serious imprecision or serious inconsistency.
L4159: 12
L4160: **For peer review only - http://bmjopen.bmj.com/site/about/guidelines.xhtml**
L4161: **Page 13 of 36**
L4162: **BMJ Open**
L4163: 1
L4164: 2
L4165: 3
L4166: 4
L4167: 5
L4168: 6
L4169: 7
L4170: 8
L4171: 9
L4172: 10
L4173: 11
L4174: 12
L4175: 13
L4176: 14
L4177: 15
L4178: 16
L4179: 17
L4180: 18
L4181: 19
L4182: 20
L4183: 21
L4184: 22
L4185: 23
L4186: 24
L4187: 25
L4188: 26
L4189: 27
L4190: 28
L4191: 29
L4192: 30
L4193: 31
L4194: 32
L4195: 33
L4196: 34
L4197: 35
L4198: 36
L4199: 37
L4200: 38
L4201: 39
L4202: 40
L4203: 41
L4204: 42
L4205: 43
L4206: 44
L4207: 45
L4208: 46
L4209: 47
L4210: 48
L4211: 49
L4212: Table 5: GRADE analysis of group 1 measurement outcomes included in the quantitative synthesis
L4213: |F<br>Quality Assessment Summary of Findings|Col2|Col3|Col4|Col5|Col6|Col7|Col8|Col9|Col10|Col11|Col12|
L4214: |---|---|---|---|---|---|---|---|---|---|---|---|
L4215: |**Outcome**|Included<br>studies<br>(design)|<br>ROB|<br>Inconsistency|<br>No serious<br>Indirectness|<br>Imprecision|<br>Publication bias|<br>Groups<br>(Intervention<br>/control)|<br>Effect size<br>(direction)|Significance|95% CI|Quality|
L4216: |**Muscle strength**<br>**(lower limb)**|[21,31,32]<br>(RCT)|<br>No<br>serious<br>ROB|**r**<br>Serious<br>inconsistency<br>(substantial<br>heterogeneity)|<br>No serious<br>indirectness|<br>No serious<br>imprecision|<br>Undetected^|<br>131/135|<br>0.98 (Intervention)|_p_<0.00001|(0.73, 1.24)|⊕⊕⊕○ <br>Moderate|
L4217: |**TUG**|[21,32]<br> (RCT)|<br>No<br>serious<br>ROB|<br>No serious<br>inconsistency|** e**<br>No serious<br>indirectness|<br>Serious<br>imprecision (CIs<br>cross line of no<br>effect/ OIS not<br>reached)|<br>Undetected^|<br>124/125|<br>0.37 (Intervention)|_p_= 0.37|(-0.68,0.26)|⊕⊕⊕○ <br>Moderate|
L4218: |**BMD**<br>**(Femoral neck)**|[21,32]<br> (RCT)|<br>No<br>serious<br>ROB|<br>No serious<br>inconsistency|<br>No serious<br>indirectness|** e**<br>Serious<br>imprecision (CIs<br>cross line of no<br>effect/ OIS not<br>reached)|<br>Undetected^|<br>124/125|<br>0.02 (Intervention)|_p_= 0.15|(-0.01,0.05)|⊕⊕⊕○ <br>Moderate|
L4219: |**BMD (spine)**|[21,32]<br> (RCT)|<br>No<br>serious<br>ROB|<br>No serious<br>inconsistency|<br>No serious<br>indirectness|<br>Serious<br>imprecision (CIs<br>cross line of no<br>effect/ OIS not<br>reached)|** e**<br>Undetected^|<br>124/125|<br>0.02 (Intervention)|_p_ = 0.41|(-0.03,0.07)|⊕⊕⊕○ <br>Moderate|
L4220: *ROB: Risk of Bias; TUG: Timed Up and Go; RCT: Randomized Controlled Trial; CI: Confidence Interval; BMD: Bone Mineral Density; OIS: Optimum Information Size.
L4221: ^Insufficient data to produce funnel plots. GRADE scoring: ⊕⊕⊕⊕ High; ⊕⊕⊕○ Moderate; ⊕⊕○○ Low; ⊕○○○ Very low
L4222: **For peer review only - http://bmjopen.bmj.com/site/about/guidelines.xhtml**
L4223: 13
L4224: **Page 14 of 36**
L4225: 1
L4226: 2
L4227: 3
L4228: 4
L4229: 5
L4230: 6
L4231: 7
L4232: 8
L4233: 9
L4234: 10
L4235: 11
L4236: 12
L4237: 13
L4238: 14
L4239: 15
L4240: 16
L4241: 17
L4242: 18
L4243: 19
L4244: 20
L4245: 21
L4246: 22
L4247: 23
L4248: 24
L4249: 25
L4250: 26
L4251: 27
L4252: 28
L4253: 29
L4254: 30
L4255: 31
L4256: 32
L4257: 33
L4258: 34
L4259: 35
L4260: 36
L4261: 37
L4262: 38
L4263: 39
L4264: 40
L4265: 41
L4266: 42
L4267: 43
L4268: 44
L4269: 45
L4270: 46
L4271: 47
L4272: 48
L4273: 49
L4274: **BMJ Open**
L4275: Table 6: GRADE analysis of group 2 measurement outcomes included in the quantitative synthesis.
L4276: |Quality Assessment Summary of Findings|Col2|Col3|Col4|Col5|Col6|Col7|Col8|Col9|Col10|Col11|Col12|
L4277: |---|---|---|---|---|---|---|---|---|---|---|---|
L4278: |**Outcome**|**Included**<br>**studies**<br>**(design)**|<br>**ROB**|<br>**Inconsistency**|<br>**Indirectness**|<br>**Imprecision**|<br>**Publication**<br>**bias**|<br>**Groups**<br>**(intervention/**<br>**control)**|<br>**Effect size**<br>**(direction)**|<br>**Significance**|**95% CI**|**Quality**|
L4279: |**SPPB**|[32,33] (RCT)|<br>No serious ROB|<br>No serious<br>inconsistency|<br>No serious<br>indirectness|<br>No serious<br>imprecision|<br>Undetected^|<br>45/46|<br>1.09<br>(Intervention)|<br>_p_ = 0.02|(0.15,2.03)|⊕⊕⊕⊕ <br>High|
L4280: |**TUG**|[21,32 (RCT)|<br>No serious ROB|<br>No serious<br>inconsistency|<br>No serious<br>indirectness|<br>No serious<br>imprecision|<br>Undetected^|<br>124/126|<br>-1.57<br>(Intervention)|<br>_p_ = 0.001|(-2.50, -0.64)|⊕⊕⊕⊕ <br>High|
L4281: |**Muscle**<br>**strength**<br>**(lower**<br>**limb)**|[21,32] (RCT)|<br>No serious ROB|**r**<br>Serious<br>inconsistency<br>(substantial<br>heterogeneity)|<br>No serious<br>indirectness|<br>No serious<br>imprecision|<br>Undetected^|<br>124/126|<br>2.69<br>(Intervention)|<br>_p_ = 0.002|(0.96,4.42)|⊕⊕⊕○ <br>Moderate|
L4282: |**Hand grip**<br>**strength**|[32,35] (RCT)|<br>No serious ROB|<br>No serious<br>inconsistency|** ee**<br>No serious<br>indirectness|<br>Serious<br>imprecision (CI<br>cross line of no<br>effect, OIS not<br>reached)|<br>Undetected^|<br>31/33|<br>0.85<br>(Intervention)|<br>_p_ = 0.55|(-1.93,3.63)|⊕⊕⊕○ <br>Moderate|
L4283: |**Weight**|[32,34,35]<br>(RCT)|<br>Serious ROB ([4] was<br>evaluated as high<br>risk for incomplete<br>outcome data)|<br>No serious<br>inconsistency|<br>No serious<br>indirectness|** r**<br>Serious<br>imprecision (CI<br>cross line of no<br>effect, OIS not<br>reached)|<br>Undetected^|<br>112/114|<br>-0.12<br>(Intervention)|<br>_p_ = 0.37|(-0.38,0.14)|⊕⊕○○<br>Low|
L4284: |**Lean mass**|[32,34] (RCT)<br> <br> <br>|<br>Serious ROB ([4] was<br>evaluated as high<br>risk for incomplete<br>outcome data)|<br>No serious<br>inconsistency|<br>No serious<br>indirectness|<br>Serious<br>imprecision (CI<br>cross line of no<br>effect, OIS not<br>reached)|** i**<br>Undetected^|<br>103/105|<br>0.02<br>(Intervention)|<br>_p_ = 0.98|(-1.31,1.35)|⊕⊕○○<br>Low|
L4285: |**Fat mass**|[32,34] (RCT)|<br>Serious ROB ([4] was<br>evaluated as high<br>risk for incomplete<br>outcome data)|<br>No serious<br>inconsistency|<br>No serious<br>indirectness|<br>Serious<br>imprecision (CI<br>cross line of no<br>effect, OIS not<br>reached)|<br>Undetected^|<br>103/105|**  l**<br>-0.39<br>(Intervention)|<br>_p_ = 0.76|(-2.82, 2.05)|⊕⊕○○<br>Low|
L4286: |**BMD**<br>**(femoral**<br>**neck)** <br>|[21,32,34,35]<br>(RCT)|<br>Serious ROB ([4] was<br>evaluated as high<br>risk for incomplete<br>outcome data)|<br>No serious<br>inconsistency|<br>No serious<br>indirectness|<br>No serious<br>imprecision|<br>Undetected^|<br>124/126|<br>0.04<br>(Intervention)|<br>_p_ = 0.002|(0.01,0.06)|⊕⊕⊕○ <br>Moderate|
L4287: |**BMD**<br>**(spine)**|[21,32,34,35]<br>(RCT)|<br>Serious ROB ([4] was<br>evaluated as high<br>risk for incomplete<br>outcome data)|<br>Serious<br>inconsistency<br>(substantial<br>heterogeneity)|<br>No serious<br>indirectness|<br>Serious<br>imprecision (CI<br>cross line of no<br>effect, OIS not<br>reached)|<br>Undetected^|<br>124/126|<br>0.02<br>(Intervention)|<br>_p_ = 0.24|(-0.001,0.05)|⊕○○○<br>Very low|
L4288: 14
L4289: ^Insufficient data to produce funnel plots. GRADE scoring: ⊕⊕⊕⊕ High; ⊕⊕⊕○ Moderate; ⊕⊕○○ Low; ⊕○○○ Very low
L4290: **For peer review only - http://bmjopen.bmj.com/site/about/guidelines.xhtml**
L4291: **Page 15 of 36**
L4292: 1
L4293: 2
L4294: 3
L4295: 4
L4296: 5
L4297: 6
L4298: 7
L4299: 8
L4300: 9
L4301: 10
L4302: 11
L4303: 12
L4304: 13
L4305: 14
L4306: 15
L4307: 16
L4308: 17
L4309: 18
L4310: 19
L4311: 20
L4312: 21
L4313: 22
L4314: 23
L4315: 24
L4316: 25
L4317: 26
L4318: 27
L4319: 28
L4320: 29
L4321: 30
L4322: 31
L4323: 32
L4324: 33
L4325: 34
L4326: 35
L4327: 36
L4328: 37
L4329: 38
L4330: 39
L4331: 40
L4332: 41
L4333: 42
L4334: 43
L4335: 44
L4336: 45
L4337: 46
L4338: 47
L4339: 48
L4340: 49
L4341: 50
L4342: 51
L4343: 52
L4344: 53
L4345: 54
L4346: 55
L4347: 56
L4348: 57
L4349: 58
L4350: 59
L4351: 60
L4352: **BMJ Open**
L4353: **Results of individual studies and synthesis of results**
L4354: Results of the 2 groups of studies are reported separately. Qualitative syntheses were conducted for studies
L4355: with similar interventions and outcomes measures using RevMan 5.3 software. Study outcomes reporting
L4356: results in the same units were pooled using a fixed-effect meta-analysis. Effect sizes are expressed as
L4357: percentage mean differences or standardized mean differences (when outcomes were measured utilising
L4358: different methods), with 95% confidence intervals. Higher weighting was assigned to studies with smaller
L4359: standard deviations and a larger sample size[25]. Analyses were completed from extracted data; where
L4360: necessary data were estimated from statistics or figures, or requested from the authors of the article.
L4361: Heterogeneity was assessed via the chi squared test (Figures 2-14 and Tables 5-6). One article[36] was not
L4362: included in any of the quantitative analyses since the exercise intervention modality was considered to be too
L4363: dissimilar to compare with the other included articles. Within each group, there were outcomes unsuitable for
L4364: quantitative synthesis, due to a lack of studies with common outcomes or aspects of studies too dissimilar for
L4365: comparison; therefore, a narrative analysis was utilised.
L4366: **Quantitative synthesis**
L4367: Outcomes compared for group 1 included muscle strength of the lower limb, TUG and BMD of the femoral
L4368: neck and spine (Figures 2-5). Only muscle strength of the lower limb was found to be significant, with a large
L4369: effect size in favour of the intervention group (Figure 2. 2.69, 95% CI 0.95, 4.42. _p_ = 0.002).
L4370: Group 2 comparisons included the SPPB (Figure 6), TUG (Figure 7), muscle strength of the lower limb (Figure
L4371: 8), hand grip strength (Figure 9), weight (Figure 10), lean mass (Figure 11), fat mass (Figure 12), BMD of the
L4372: femoral neck (Figure 13) and spine (Figure 14). Of these outcomes, hand grip strength, weight, lean mass, fat
L4373: mass and the BMD of the spine were found to be non-significant. However, SPPB score was more improved in
L4374: the intervention group (1.09, 95% CI 0.15, 2.03. _p_ = 0.02), with a significant and large effect. Similarly, TUG was
L4375: significantly reduced within the intervention group (-1.57, 95% CI -2.50, -0.64. _p_ = 0.0010). The results of the
L4376: quantitative analysis also supported the combined intervention for muscle strength of the lower limb (2.69,
L4377: 95% CI 0.95, 4.42). _p_ = 0.002), and BMD of the femoral neck (0.04, 95% CI 0.01, 0.06. _p_ = 0.002).
L4378: **Qualitative synthesis**
L4379: Referring to the narrative synthesis guidelines provided by the Cochrane Consumers and Communication
L4380: Review Group[38], it was appropriate to apply 2 steps listed; developing a preliminary synthesis and exploring
L4381: the relationships within and between studies. To develop a primary synthesis, results were systematically
L4382: tabulated to identify patterns across studies (Tables 7-9). Exploring the relationships between and within
L4383: studies for group 1, the control group in study[31]demonstrated a significant percentage increase in CSA of the
L4384: quadriceps from baseline in comparison to the intervention group (+8.46% versus +4.94%, _p_ < 0.05).
L4385: 15
L4386: **For peer review only - http://bmjopen.bmj.com/site/about/guidelines.xhtml**
L4387: 1
L4388: 2
L4389: 3
L4390: 4
L4391: 5
L4392: 6
L4393: 7
L4394: 8
L4395: 9
L4396: 10
L4397: 11
L4398: 12
L4399: 13
L4400: 14
L4401: 15
L4402: 16
L4403: 17
L4404: 18
L4405: 19
L4406: 20
L4407: 21
L4408: 22
L4409: 23
L4410: 24
L4411: 25
L4412: 26
L4413: 27
L4414: 28
L4415: 29
L4416: 30
L4417: 31
L4418: 32
L4419: 33
L4420: 34
L4421: 35
L4422: 36
L4423: 37
L4424: 38
L4425: 39
L4426: 40
L4427: 41
L4428: 42
L4429: 43
L4430: 44
L4431: 45
L4432: 46
L4433: 47
L4434: 48
L4435: 49
L4436: 50
L4437: 51
L4438: 52
L4439: 53
L4440: 54
L4441: 55
L4442: 56
L4443: 57
L4444: 58
L4445: 59
L4446: 60
L4447: **BMJ Open**
L4448: Table 7: Narrative analysis summary of findings for group 1 secondary outcome measures
L4449: |Category Outcome Assessment Study Intervention group % Control group % change<br>measure point change from baseline from baseline<br>M SD N M SD N|Col2|Col3|Col4|Col5|Col6|Col7|Col8|Col9|Col10|
L4450: |---|---|---|---|---|---|---|---|---|---|
L4451: |**Category** <br>**Outcome** <br>**measure** <br>**Assessment**<br>**point** <br>**Study** <br>**Intervention group %**<br>**change from baseline** <br>**Control group % change**<br>**from baseline** <br>**M **<br>**SD**<br>**N **<br>**M **<br>**SD**<br>**N **|**Category** <br>**Outcome** <br>**measure** <br>**Assessment**<br>**point** <br>**Study** <br>**Intervention group %**<br>**change from baseline** <br>**Control group % change**<br>**from baseline** <br>**M **<br>**SD**<br>**N **<br>**M **<br>**SD**<br>**N **|**Category** <br>**Outcome** <br>**measure** <br>**Assessment**<br>**point** <br>**Study** <br>**Intervention group %**<br>**change from baseline** <br>**Control group % change**<br>**from baseline** <br>**M **<br>**SD**<br>**N **<br>**M **<br>**SD**<br>**N **|**Category** <br>**Outcome** <br>**measure** <br>**Assessment**<br>**point** <br>**Study** <br>**Intervention group %**<br>**change from baseline** <br>**Control group % change**<br>**from baseline** <br>**M **<br>**SD**<br>**N **<br>**M **<br>**SD**<br>**N **|**M **|**SD**|**N **|**M **|**SD**|**N **|
L4452: |**Body**<br>**composition**|CSA of<br>quadriceps<br>muscles (cm2)|<br>16 weeks|Agergaard et al.,<br>2015[31]|+4.94|<br>5.28<br>|7|+8.46*|<br>6.80<br>|10|
L4453: Group 1 studies compared vitamin D3 supplementation and exercise training versus exercise alone
L4454: Comparing primary outcomes for group 2, the percentage increase in isometric knee extensor strength for
L4455: study[36] was greater in the intervention group (+3.01% versus +0.11%), although not statistically significant.
L4456: Muscle power was compared in studies[33] and[34], expressed as sit-to-stand transfer power and functional
L4457: stair climbing muscle power respectively. Both studies reported a significant percentage increase in muscle
L4458: power within the intervention groups, and smaller, non-significant increases within the control groups (sit-to
L4459: stand transfer power intervention group +8.00% versus +2.61%, _p_ = 0.017; functional stair climbing muscle
L4460: power intervention group +10.51% versus +7.32%, _p_ < 0.05).
L4461: The 30 second sit-to-stand test showed significant favourable results for the combined intervention of exercise
L4462: and vitamin D3 (+10.40% versus +6.20%, p<0.05). Within study[21], normal walking speed and the 5-time chair
L4463: stand time deteriorated non-significantly in both groups. The 12-minute walk test in study[32] was further
L4464: improved within the control group, although this did not achieve statistical significance. The four-square step
L4465: test, body sway and backwards walking were significantly more improved in the intervention groups. Only
L4466: Romberg ratio showed the greatest improvement within the control group; Romberg ratio was decreased in
L4467: comparison with the intervention group, although the results were non-significant (+2.8% versus -0.60%).
L4468: 16
L4469: **For peer review only - http://bmjopen.bmj.com/site/about/guidelines.xhtml**
L4470: **Page 16 of 36**
L4471: **Page 17 of 36**
L4472: 1
L4473: 2
L4474: 3
L4475: 4
L4476: 5
L4477: 6
L4478: 7
L4479: 8
L4480: 9
L4481: 10
L4482: 11
L4483: 12
L4484: 13
L4485: 14
L4486: 15
L4487: 16
L4488: 17
L4489: 18
L4490: 19
L4491: 20
L4492: 21
L4493: 22
L4494: 23
L4495: 24
L4496: 25
L4497: 26
L4498: 27
L4499: 28
L4500: 29
L4501: 30
L4502: 31
L4503: 32
L4504: 33
L4505: 34
L4506: 35
L4507: 36
L4508: 37
L4509: 38
L4510: 39
L4511: 40
L4512: 41
L4513: 42
L4514: 43
L4515: 44
L4516: 45
L4517: 46
L4518: 47
L4519: 48
L4520: 49
L4521: 50
L4522: 51
L4523: 52
L4524: 53
L4525: 54
L4526: 55
L4527: 56
L4528: 57
L4529: 58
L4530: 59
L4531: 60
L4532: **BMJ Open**
L4533: Table 8: Narrative analysis summary of findings for group 2 primary outcome measures
L4534: |Intervention group % Control group % change from<br>Category Outcome Assessment Study change from baseline baseline<br>point<br>M SD N M SD N|Col2|Col3|Col4|Col5|Col6|Col7|Col8|Col9|Col10|
L4535: |---|---|---|---|---|---|---|---|---|---|
L4536: |**Category**<br>**Outcome**<br>**Assessment**<br>**point**<br>**Study**<br>**Intervention group %**<br>**change from baseline**<br>**Control group % change from**<br>**baseline**<br>**M **<br>**SD**<br>**N **<br>**M **<br>**SD**<br>**N **|**Category**<br>**Outcome**<br>**Assessment**<br>**point**<br>**Study**<br>**Intervention group %**<br>**change from baseline**<br>**Control group % change from**<br>**baseline**<br>**M **<br>**SD**<br>**N **<br>**M **<br>**SD**<br>**N **|**Category**<br>**Outcome**<br>**Assessment**<br>**point**<br>**Study**<br>**Intervention group %**<br>**change from baseline**<br>**Control group % change from**<br>**baseline**<br>**M **<br>**SD**<br>**N **<br>**M **<br>**SD**<br>**N **|**Category**<br>**Outcome**<br>**Assessment**<br>**point**<br>**Study**<br>**Intervention group %**<br>**change from baseline**<br>**Control group % change from**<br>**baseline**<br>**M **<br>**SD**<br>**N **<br>**M **<br>**SD**<br>**N **|**M **|**SD**|**N **|**M **|**SD**|**N **|
L4537: |**Muscle**<br>**strength**|<br>Isometric<br>knee<br>extensor<br>strength<br>(Nm)|<br>6 months|<br>Verschueren<br>et al.,<br>2011[36]|<br>+3.01|<br>2.67|<br>28|<br>+0.11|<br>3.18|<br>28|
L4538: |**Muscle**<br>**power**|**F**<br>Sit-to-<br>stand<br>transfer<br>power (W)|<br>12 weeks|<br>Drey et al.,<br>2011[33]|<br>+8.99*|<br>5.51|<br>23|<br>+2.61|<br>2.49|<br>22|
L4539: |**Muscle**<br>**power**|<br>Functional<br>stair<br>climbing<br>muscle<br>power (W)|**r p**<br>12 months|<br>Gianoudis et<br>al., 2014[34]|<br>+10.40*|<br>13.00|<br>81|<br>+6.20|<br>12.70|<br>81|
L4540: |**Muscle**<br>**function**|<br>30 second<br>sit-to-<br>stand<br>(n.stands)|<br>12 months|** er**<br>Gianoudis et<br>al., 2014[34]|<br>+18.30*|<br>23.60|<br>81|<br>+2.70|<br>17.2|<br>81|
L4541: |**Muscle**<br>**function**|<br>5-time<br>chair stand<br>time (s)|<br>24 months|<br>Uusi-Rasi et<br>al., 2015[21]|<br>-6.95|<br>2.50|<br>102|<br>-3.49|<br>3.30|<br>102|
L4542: |**Muscle**<br>**function**|<br>Normal<br>walking<br>speed<br>(m/s)|<br>24 months|<br>Uusi-Rasi et<br>al., 2015[21]|<br>-1.80|<br>0.20|<br>102|<br>-3.30|<br>0.21|<br>102|
L4543: |**Muscle**<br>**function**|<br>Endurance:<br>12-minute<br>walk (m)|<br>9 months|<br>Bunout et<br>al., 2006[32]|<br>+8.80|<br>17.60|<br>22|<br>+20.90|<br>27.70|<br>24|
L4544: |**Balance**|<br>Romberg<br>ratio (%)|<br>9 months|<br>Bunout et<br>al., 2006[32]|<br>+2.80|<br>33.80|<br>22|<br>-0.60|<br>35.80|<br>24|
L4545: |**Balance**|<br>Four<br>square<br>step test<br>(s)|<br>12 months|<br>Gianoudis et<br>al., 2014[34]|<br>-12.00*|<br>14.10|<br>81|<br>-5.20|<br>14.90|<br>81|
L4546: |**Balance**|<br>Body sway<br>(cm)|<br>32 weeks|<br>Jessup et al.,<br>2003[35]|<br>-26.39*|<br>0.52|<br>9|<br>+2.90|<br>0.49|<br>9|
L4547: |**Balance**|Backwards<br>walking (%<br>able to<br>complete)|24 months|Uusi-Rasi et<br>al., 2015[21]|+25.47*|13.59|102|+9.48|15.58|102|
L4548: Group 2 compared vitamin D3 supplementation and exercise training versus vitamin D3 supplementation alone
L4549: **For peer review only - http://bmjopen.bmj.com/site/about/guidelines.xhtml**
L4550: 17
L4551: **Page 18 of 36**
L4552: 1
L4553: 2
L4554: 3
L4555: 4
L4556: 5
L4557: 6
L4558: 7
L4559: 8
L4560: 9
L4561: 10
L4562: 11
L4563: 12
L4564: 13
L4565: 14
L4566: 15
L4567: 16
L4568: 17
L4569: 18
L4570: 19
L4571: 20
L4572: 21
L4573: 22
L4574: 23
L4575: 24
L4576: 25
L4577: 26
L4578: 27
L4579: 28
L4580: 29
L4581: 30
L4582: 31
L4583: 32
L4584: 33
L4585: 34
L4586: 35
L4587: 36
L4588: 37
L4589: 38
L4590: 39
L4591: 40
L4592: 41
L4593: 42
L4594: 43
L4595: 44
L4596: 45
L4597: 46
L4598: 47
L4599: 48
L4600: 49
L4601: 50
L4602: 51
L4603: 52
L4604: 53
L4605: 54
L4606: 55
L4607: 56
L4608: 57
L4609: 58
L4610: 59
L4611: 60
L4612: |o<br>Category Outcome Assessment Study Intervention group % Control group %<br>measure point change from baseline change from baseline<br>M SD N M SD N|Col2|Col3|Col4|Col5|Col6|Col7|Col8|Col9|Col10|
L4613: |---|---|---|---|---|---|---|---|---|---|
L4614: |<br>**Category** <br>**Outcome** <br>**measure** <br>**Assessment**<br>**point** <br>**Study** <br>**Intervention group %**<br>**change from baseline** <br>**Control group %**<br>**change from baseline** <br>**M **<br>**SD**<br>**N **<br>**M **<br>**SD**<br>**N **|<br>**Category** <br>**Outcome** <br>**measure** <br>**Assessment**<br>**point** <br>**Study** <br>**Intervention group %**<br>**change from baseline** <br>**Control group %**<br>**change from baseline** <br>**M **<br>**SD**<br>**N **<br>**M **<br>**SD**<br>**N **|<br>**Category** <br>**Outcome** <br>**measure** <br>**Assessment**<br>**point** <br>**Study** <br>**Intervention group %**<br>**change from baseline** <br>**Control group %**<br>**change from baseline** <br>**M **<br>**SD**<br>**N **<br>**M **<br>**SD**<br>**N **|<br>**Category** <br>**Outcome** <br>**measure** <br>**Assessment**<br>**point** <br>**Study** <br>**Intervention group %**<br>**change from baseline** <br>**Control group %**<br>**change from baseline** <br>**M **<br>**SD**<br>**N **<br>**M **<br>**SD**<br>**N **|<br>**M **|<br>**SD**|<br>**N **|<br>**M **|<br>**SD**|**N **|
L4615: |<br>**Body**<br>**composition**|<br>Appendicular<br>lean mass (Kg)|<br>12 weeks|<br>Drey et al.,<br>2011[33]|<br>+1.65|<br>0.71|<br>23|<br>+0.00|<br>0.87|22|
L4616: |<br>**Body**<br>**composition**|<br>Muscle mass<br>of upper limb<br>(cm3)|<br>6 months|<br>Verschueren et al.,<br>2011[36]|<br>-0.16|<br>0.57|<br>28|<br>-0.25|<br>0.38|28|
L4617: |<br>**Body**<br>**composition**|<br>BMD of<br>femoral neck<br>(g/cm2)|<br>6 months|<br>Verschueren et al.,<br>2011[36]|<br>+0.71|<br>0.42|<br>28|<br>+0.99|<br>0.51|28|
L4618: Group 2 compared vitamin D3 supplementation and exercise training versus vitamin D3 supplementation alone
L4619: In summary, meta-analyses for group 1 found muscle strength of the lower limb to be significantly improved
L4620: within the intervention group (0.98, 95% CI 0.73, 1.24, _p_ <0.001). All other outcomes showed small but non
L4621: significant positive effects for the intervention group. The SPPB, TUG, muscle strength of the lower limb and
L4622: femoral neck BMD all showed significantly greater improvements in the intervention group for group 2
L4623: comparisons.
L4624: The narrative analysis revealed significant differences in body composition, muscle power, muscle function
L4625: and balance. A significant percentage increase in quadriceps CSA was observed in the control group of
L4626: study[31]. The combined intervention of RET and vitamin D3 supplementation resulted in a greater percentage
L4627: increase in muscle strength and power, and a greater improvement in the 30 second sit-to-stand test, the four
L4628: square step test, body sway and backwards walking. However, vitamin D3 supplementation alone resulted in a
L4629: greater improvement in the 12-minute walk test and Romberg ratio.
L4630: 18
L4631: **For peer review only - http://bmjopen.bmj.com/site/about/guidelines.xhtml**
L4632: **BMJ Open**
L4633: For group 2 secondary outcomes, small and non-significant gains in appendicular lean mass were
L4634: demonstrated in the intervention group of study[33]. In study[36], muscle mass of the upper limb decreased
L4635: non-significantly in both the intervention and control groups, although to a lesser extent in the intervention
L4636: group. BMD of the femoral neck was gained in both groups, although by a higher percentage in the control
L4637: group; both trends were non-significant.
L4638: Table 9: Narrative analysis summary of findings for group 2 secondary outcomes
L4639: **Page 19 of 36**
L4640: 1
L4641: 2
L4642: 3
L4643: 4
L4644: 5
L4645: 6
L4646: 7
L4647: 8
L4648: 9
L4649: 10
L4650: 11
L4651: 12
L4652: 13
L4653: 14
L4654: 15
L4655: 16
L4656: 17
L4657: 18
L4658: 19
L4659: 20
L4660: 21
L4661: 22
L4662: 23
L4663: 24
L4664: 25
L4665: 26
L4666: 27
L4667: 28
L4668: 29
L4669: 30
L4670: 31
L4671: 32
L4672: 33
L4673: 34
L4674: 35
L4675: 36
L4676: 37
L4677: 38
L4678: 39
L4679: 40
L4680: 41
L4681: 42
L4682: 43
L4683: 44
L4684: 45
L4685: 46
L4686: 47
L4687: 48
L4688: 49
L4689: 50
L4690: 51
L4691: 52
L4692: 53
L4693: 54
L4694: 55
L4695: 56
L4696: 57
L4697: 58
L4698: 59
L4699: 60
L4700: **BMJ Open**
L4701: **DISCUSSION**
L4702: The aim of this systematic review was to assess the combined effect of RET and vitamin D3 supplementation
L4703: on musculoskeletal health in older adults. Only 7 studies were eligible for inclusion, with a total of 792
L4704: participants, highlighting the lack of available literature on the topic. Studies were categorised into 2 groups;
L4705: studies in which all participants took part in RET and the intervention group was supplemented with vitamin
L4706: D3, or studies in which all participants were supplemented with vitamin D3 and the intervention group took
L4707: part in RET. 2 studies were categorized into both group 1 and group 2.
L4708: **Quantitative analysis**
L4709: Data analysis conducted for this review included meta-analyses and narrative reviews. Meta-analyses for
L4710: group 1 included muscle strength of the lower limb, TUG and BMD of both the femoral neck and spine.
L4711: Evidence of additional benefit was shown for all outcomes within the intervention group; however, the effect
L4712: size was small and non-significant for TUG and BMD of the femoral neck and spine. Muscle strength of the
L4713: lower limb was the only significant outcome of group 1, with a large effect size observed within the
L4714: intervention group (0.98, 95% CI 0.73, 1.24. _p_ <0.00001). Although numerous studies have demonstrated the
L4715: beneficial effect of RET on muscle strength in older adults[3-5], this result provides evidence that vitamin D3
L4716: supplementation may enhance these effects in older adults. Skeletal muscle myopathies associated with
L4717: vitamin D deficiency are well documented[39], and symptoms of significant muscle weakness are reversed
L4718: with treatment of the deficiency[40]. A systematic review and meta-analysis reported a gain in lower extremity
L4719: strength with vitamin D supplementation only in vitamin D deficient older adults; no effect was observed in
L4720: replete adults[22]. Similarly, no effect of vitamin D3 supplementation on isometric quadriceps strength was
L4721: demonstrated after 6 months in vitamin D replete older adults[41]. Interestingly, although the studies included
L4722: within group 1[21,31,32] did not specify serum 25(OH)D levels as inclusion/exclusion criteria, baseline and
L4723: post-intervention serum 25(OH)D were within the ‘sufficient’ range (>30nmol.L [-1] ). A greater increase of muscle
L4724: strength in replete older adults represents a novel finding of this review. Preliminary support for combined
L4725: vitamin D supplementation and RET was demonstrated in a 3-month longitudinal study examining the effect of
L4726: serum 25(OH)D and exercise training on functional performance in older men and women aged 65 years and
L4727: over. No significant improvements in function were reported in participants with lower serum 25(OH)D (<47.5
L4728: nmol.L [-1] ), however higher serum 25(OH)D (>67.5 nmol.L [-1] ) was associated with greatest improvements in
L4729: functionality and muscle strength[42].
L4730: This finding must be considered within the context of the risk of bias and GRADE analyses. The risk of bias
L4731: analysis showed an overall unclear risk of bias for the included studies, and the GRADE analysis concluded that
L4732: the evidenced was of moderate quality; however, serious inconsistency due to moderate heterogeneity (I [2] =
L4733: 70%) was detected. This heterogeneity may have been due to the differing duration of interventions (12 weeks
L4734: to 24 months), differences between measurement methodologies, differences between exercise regimens
L4735: 19
L4736: **For peer review only - http://bmjopen.bmj.com/site/about/guidelines.xhtml**
L4737: **Page 20 of 36**
L4738: 1
L4739: 2
L4740: 3
L4741: 4
L4742: 5
L4743: 6
L4744: 7
L4745: 8
L4746: 9
L4747: 10
L4748: 11
L4749: 12
L4750: 13
L4751: 14
L4752: 15
L4753: 16
L4754: 17
L4755: 18
L4756: 19
L4757: 20
L4758: 21
L4759: 22
L4760: 23
L4761: 24
L4762: 25
L4763: 26
L4764: 27
L4765: 28
L4766: 29
L4767: 30
L4768: 31
L4769: 32
L4770: 33
L4771: 34
L4772: 35
L4773: 36
L4774: 37
L4775: 38
L4776: 39
L4777: 40
L4778: 41
L4779: 42
L4780: 43
L4781: 44
L4782: 45
L4783: 46
L4784: 47
L4785: 48
L4786: 49
L4787: 50
L4788: 51
L4789: 52
L4790: 53
L4791: 54
L4792: 55
L4793: 56
L4794: 57
L4795: 58
L4796: 59
L4797: 60
L4798: **BMJ Open**
L4799: (although all adopted progressive RET), doses of vitamin D3 (400 IU to 1920 IU per day), or may indicate that
L4800: these studies were unsuitable for comparison.
L4801: Significant effects for the SPPB, TUG, muscle strength of the lower limb, and the BMD of the femoral neck
L4802: were observed within the intervention groups of group 2 studies; unsurprisingly, RET was found to have a
L4803: positive influence. In a recent systematic review and meta-analysis, exercise significantly increased SPPB score
L4804: and decreased TUG time, with large effect sizes (1.87 and -2.47 respectively[43]); similar results are reported
L4805: within this review. Vitamin D is a regulator of BMD, proliferating calcium and phosphate absorption in the
L4806: intestine and acting directly on bone cells[44]. Vitamin D has previously been shown to influence BMD,
L4807: fracture rate and risk[45]; studies of patients who have sustained a hip fracture typically demonstrated low
L4808: serum vitamin D (≤30.0 nmol.L [-1] ;[46]). Supplementation of vitamin D and calcium has been shown to
L4809: significantly decrease the rate of bone loss in the hip and spine[47]. GRADE analyses for these outcomes
L4810: concluded the quality of evidence to be high (SPPB and TUG) or moderate (muscle strength of the lower limb
L4811: and BMD of the femoral neck).
L4812: Closer examination of the control groups within significant outcomes for group 2 was undertaken to evaluate
L4813: the effect of vitamin D3 supplementation alone. Intriguingly, although the intervention groups (RET and
L4814: vitamin D3 supplementation) showed evidence of benefit in number of outcomes, the control groups (vitamin
L4815: D3 supplementation alone) showed mixed, or even negative impacts on the same outcomes. SPPB score was
L4816: decreased post-intervention compared with baseline by 0.30% and 0.50% in the control groups of studies[32]
L4817: and[33] respectively. Muscle strength of the lower limb and BMD of the femoral neck showed mixed results
L4818: for the intervention groups, with some studies reporting small increases and others reporting small losses
L4819: (non-significant). Previous reports of the effect of vitamin D supplementation on muscle strength and physical
L4820: functioning are mixed; the InCHIANTI study of people aged 65 years or over reported a significant association
L4821: between serum 25(OH)D <25nmol.L [-1] and SPPB score[48]. Similarly, a large prospective cohort of older adults
L4822: aged 65 years or over found those with low (<25nmol.L [-1] ) 25(OH)D were significantly more likely to experience
L4823: losses in grip strength and higher rates of appendicular lean mass loss compared to those with higher (>50
L4824: nmol.L [-1] ) 25(OH)D[23]. Conversely, another large, prospective study found no association between serum
L4825: 25(OH)D, walking speed and time for repeated chair stands[49]. The TUG test time increased in all groups of
L4826: study [32], and was significantly increased in the vitamin D without exercise group in study p=0.01) [21]. Again,
L4827: participants included in studies[32] and [21] had sufficient serum 25(OH)D levels, indicating that
L4828: supplementation in replete older adults may not confer additional benefits to neuromuscular function unless
L4829: combined with exercise.
L4830: 20
L4831: **For peer review only - http://bmjopen.bmj.com/site/about/guidelines.xhtml**
L4832: **Page 21 of 36**
L4833: 1
L4834: 2
L4835: 3
L4836: 4
L4837: 5
L4838: 6
L4839: 7
L4840: 8
L4841: 9
L4842: 10
L4843: 11
L4844: 12
L4845: 13
L4846: 14
L4847: 15
L4848: 16
L4849: 17
L4850: 18
L4851: 19
L4852: 20
L4853: 21
L4854: 22
L4855: 23
L4856: 24
L4857: 25
L4858: 26
L4859: 27
L4860: 28
L4861: 29
L4862: 30
L4863: 31
L4864: 32
L4865: 33
L4866: 34
L4867: 35
L4868: 36
L4869: 37
L4870: 38
L4871: 39
L4872: 40
L4873: 41
L4874: 42
L4875: 43
L4876: 44
L4877: 45
L4878: 46
L4879: 47
L4880: 48
L4881: 49
L4882: 50
L4883: 51
L4884: 52
L4885: 53
L4886: 54
L4887: 55
L4888: 56
L4889: 57
L4890: 58
L4891: 59
L4892: 60
L4893: **BMJ Open**
L4894: **Narrative analysis**
L4895: Studies in group 1[21,31,32] had few body composition outcomes in common, therefore a narrative analysis
L4896: was conducted. The CSA of the quadriceps was analysed within study[31], and results showed that although
L4897: the intervention group did experience a +4.94%, increase from baseline, the control group (not supplemented
L4898: with vitamin D3) actually showed a significantly higher increase in quadriceps CSA (+8.46%, _p_ <0.05).
L4899: These results do not provide evidence for the additive effects of combined exercise training and vitamin D3.
L4900: Other study groups have reported changes in muscle CSA consequent to RET which are both smaller[8,50] and
L4901: comparable[51] to those reported in study[31]. Interestingly, study[31] also assessed “muscle quality” (muscle
L4902: strength/CSA); although non-significant, the intervention group improved their muscle quality to a greater
L4903: degree than the control group (+9.61% versus +0.66% change from baseline), f indicating an increased
L4904: functionality of the muscle to produce force; conceptually more relevant in combatting the effects of
L4905: sarcopenia than muscle size and strength alone[52].
L4906: Results of the narrative analysis for group 2 showed that the combined intervention of RET and vitamin D3
L4907: supplementation was significantly more beneficial than vitamin D3 supplementation alone for sit-to-stand
L4908: transfer power, functional stair climbing muscle power, 30 second sit-to-stand, 5-time chair stand, the four
L4909: square step test, body sway and backwards walking. Only body sway was negatively affected by vitamin D3
L4910: supplementation, although the within group change was non-significant. Other outcomes of interest included
L4911: normal walking speed, which deteriorated in both groups, the distance walked in 12 minutes and Romberg
L4912: ratio, in which the control groups made the most improvement, although not significantly.
L4913: **Limitations**
L4914: Few published studies were eligible for inclusion within this review, although this serves to highlight the
L4915: knowledge gap with respect to this topic. The inclusion of a high-risk study was deemed necessary due to the
L4916: lack of available literature, although this had a negative effect on the perceived quality of evidence for the
L4917: outcomes in which it was reported. Generally, outcome measure data could be graded as representing
L4918: moderate quality, although there were several outcome measures graded as low or very low quality, due to
L4919: the high variability of participant numbers, duration of interventions, exercise methodologies or differing
L4920: vitamin D3 doses and period of supplementation employed within the studies. Furthermore, data produced
L4921: from meta-analyses including study[21] may have been skewed due to the high weighting assigned for this
L4922: study as a result of the large number of participants recruited.
L4923: Of the individual studies included within this review, none reported inclusion/exclusion criterion for vitamin D
L4924: status, and although at baseline serum vitamin D was not significantly different between the groups in 5
L4925: studies[21,31-33,36], 2 studies reported no data for serum vitamin D pre or post-intervention[34,35].
L4926: Additionally, analysis methods used within 5 studies included did not account for confounding factors[31
L4927: 34,36], and participants were not stratified on the basis of any characteristics in 3 studies[21,31,35], although
L4928: 21
L4929: **For peer review only - http://bmjopen.bmj.com/site/about/guidelines.xhtml**
L4930: **Page 22 of 36**
L4931: 1
L4932: 2
L4933: 3
L4934: 4
L4935: 5
L4936: 6
L4937: 7
L4938: 8
L4939: 9
L4940: 10
L4941: 11
L4942: 12
L4943: 13
L4944: 14
L4945: 15
L4946: 16
L4947: 17
L4948: 18
L4949: 19
L4950: 20
L4951: 21
L4952: 22
L4953: 23
L4954: 24
L4955: 25
L4956: 26
L4957: 27
L4958: 28
L4959: 29
L4960: 30
L4961: 31
L4962: 32
L4963: 33
L4964: 34
L4965: 35
L4966: 36
L4967: 37
L4968: 38
L4969: 39
L4970: 40
L4971: 41
L4972: 42
L4973: 43
L4974: 44
L4975: 45
L4976: 46
L4977: 47
L4978: 48
L4979: 49
L4980: 50
L4981: 51
L4982: 52
L4983: 53
L4984: 54
L4985: 55
L4986: 56
L4987: 57
L4988: 58
L4989: 59
L4990: 60
L4991: **BMJ Open**
L4992: these were single-sex studies. Unfortunately, several outcome measures were unsuitable for inclusion within
L4993: the qualitative analysis due to differing measurement methodologies utilised or too few outcome measures in
L4994: common. A recent systematic review and meta-analysis investigating the effects of vitamin D on
L4995: neuromuscular remodelling following exercise or injury similarly found few eligible studies and high levels of
L4996: heterogeneity due to methodological differences, resulting in the authors to suggest more high quality
L4997: evidence is needed to reach a result that is conclusive [53].
L4998: **CONCLUSION**
L4999: This review provides tentative support for the additive effect of combined RET and vitamin D3
L5000: supplementation for the improvement of muscle strength in older adults. For other aspects of musculoskeletal
L5001: function, such as SPPB and TUG, no additional benefit beyond that gained from exercise training was found.
L5002: This review showed no evidence of benefit of vitamin D3 supplementation alone, however, few studies were
L5003: identified during the literature search, highlighting that further evidence is required to draw any firm
L5004: conclusions or make explicit recommendations regarding vitamin D3 supplementation for musculoskeletal
L5005: health and function in older adults.
L5006: Our recommendations to enable future studies to definitively answer questions regarding the additive effects
L5007: of the combined vitamin D3 supplementation and RET include; common outcomes relevant to the condition
L5008: studied, for example the SPPB, 400m walk and gait speed are recommended to assess physical
L5009: performance[54], which would allow for a more detailed assessment of results. Additionally, exercise
L5010: interventions of similar durations would allow for a more accurate comparison between studies; it has been
L5011: suggested that interventions with older adults should be of a minimum duration of 3 months to obtain
L5012: significant differences in relevant outcomes [54]. Reporting of confounding factors would allow for adjustment
L5013: of results via the use of covariates; for example, objective measures of physical activity using accelerometers,
L5014: baseline serum vitamin D3 status and participant characteristics, which may bias the participant pool. Separate
L5015: analysis of male and female participants, or the addition of sex as a covariate in any analysis models would
L5016: help to address sex-related differences in performance. Regarding study design, four-armed RCT studies are
L5017: best placed to answer combined effects research questions; i.e. exercise intervention, vitamin D intervention,
L5018: both exercise and vitamin D, neither exercise nor vitamin D (true control). A true control group was lacking
L5019: from a number of the included studies within this review.
L5020: 22
L5021: **For peer review only - http://bmjopen.bmj.com/site/about/guidelines.xhtml**
L5022: **Page 23 of 36**
L5023: 1
L5024: 2
L5025: 3
L5026: 4
L5027: 5
L5028: 6
L5029: 7
L5030: 8
L5031: 9
L5032: 10
L5033: 11
L5034: 12
L5035: 13
L5036: 14
L5037: 15
L5038: 16
L5039: 17
L5040: 18
L5041: 19
L5042: 20
L5043: 21
L5044: 22
L5045: 23
L5046: 24
L5047: 25
L5048: 26
L5049: 27
L5050: 28
L5051: 29
L5052: 30
L5053: 31
L5054: 32
L5055: 33
L5056: 34
L5057: 35
L5058: 36
L5059: 37
L5060: 38
L5061: 39
L5062: 40
L5063: 41
L5064: 42
L5065: 43
L5066: 44
L5067: 45
L5068: 46
L5069: 47
L5070: 48
L5071: 49
L5072: 50
L5073: 51
L5074: 52
L5075: 53
L5076: 54
L5077: 55
L5078: 56
L5079: 57
L5080: 58
L5081: 59
L5082: 60
L5083: **BMJ Open**
L5084: **ACKNOWLEDGEMENTS**
L5085: We thank Lynn Harris (LH) for her help formulating the search strategy, Asma Alrushud (AA) for her help with
L5086: data extraction and the National Osteoporosis Society for supporting Anneka Antoniak (AEA).
L5087: **FOOTNOTES**
L5088: **Contributors** AEA has planned, conducted and written the report for this study. CAG has been involved in all
L5089: stages, particularly in critically reviewing and approving the final draft of the report. AA was involved in the
L5090: search for literature and data extraction stage. LH assisted in formulating the search strategy.
L5091: **Funding** This research received no grant from any funding agency in the public, commercial or not-for-profit
L5092: sectors. AEA is supported and funded by the National Osteoporosis Society via the Linda Edwards Memorial
L5093: PhD Studentship.
L5094: **Competing interests** None declared.
L5095: **Provenance and peer review** Not commissioned; externally peer reviewed.
L5096: **Data sharing statement** This publication is supported by multiple datasets, which are openly available at
L5097: locations cited in the reference section. Additional data for this article have been provided as supplementary
L5098: files. There is no additional unpublished data.
L5099: Figure 1: Study flow chart
L5100: Figure 2: Group 1 analysis of muscle strength of the lower limb
L5101: Figure 3: Group 1 analysis of the TUG test
L5102: Figure 4: Group 1 analysis of BMD of the femoral neck
L5103: Figure 5: Group 1 analysis of BMD of the spine
L5104: Figure 6: Group 2 analysis of the SPPB test
L5105: Figure 7: Group 2 analysis of the TUG test
L5106: Figure 8: Group 2 analysis of the muscle strength of the lower limb
L5107: Figure 9: Group 2 analysis of hand grip strength
L5108: Figure 10: Group 2 analysis of total body weight
L5109: Figure 11: Group 2 analysis of lean mass
L5110: Figure 12: Group 2 analysis of fat mass
L5111: Figure 13: Group 2 analysis of BMD of the femoral neck
L5112: Figure 14: Group 2 analysis of BMD of the spine
L5113: **For peer review only - http://bmjopen.bmj.com/site/about/guidelines.xhtml**
L5114: 23
L5115: **Page 24 of 36**
L5116: 1
L5117: 2
L5118: 3
L5119: 4
L5120: 5
L5121: 6
L5122: 7
L5123: 8
L5124: 9
L5125: 10
L5126: 11
L5127: 12
L5128: 13
L5129: 14
L5130: 15
L5131: 16
L5132: 17
L5133: 18
L5134: 19
L5135: 20
L5136: 21
L5137: 22
L5138: 23
L5139: 24
L5140: 25
L5141: 26
L5142: 27
L5143: 28
L5144: 29
L5145: 30
L5146: 31
L5147: 32
L5148: 33
L5149: 34
L5150: 35
L5151: 36
L5152: 37
L5153: 38
L5154: 39
L5155: 40
L5156: 41
L5157: 42
L5158: 43
L5159: 44
L5160: 45
L5161: 46
L5162: 47
L5163: 48
L5164: 49
L5165: 50
L5166: 51
L5167: 52
L5168: 53
L5169: 54
L5170: 55
L5171: 56
L5172: 57
L5173: 58
L5174: 59
L5175: 60
L5176: **BMJ Open**
L5177: **REFERENCES**
L5178: 1. Rosenberg IH. Summary comments. _The American journal of clinical nutrition_ 1989;50(5):1231-33.
L5179: 2. Cruz-Jentoft AJ, Baeyens JP, Bauer JM, et al. Sarcopenia: European consensus on definition and
L5180: diagnosis: Report of the European Working Group on Sarcopenia in Older People. _Age and_
L5181: _Ageing_ 2010 doi: 10.1093/ageing/afq034
L5182: 3. Kosek DJ, Kim J-s, Petrella JK, et al. Efficacy of 3 days/wk resistance training on myofiber
L5183: hypertrophy and myogenic mechanisms in young vs. older adults. _Journal of applied_
L5184: _physiology_ 2006;101(2):531-44.
L5185: 4. Henwood TR, Taaffe DR. Improved physical performance in older adults undertaking a short-term
L5186: programme of high-velocity resistance training. _Gerontology_ 2005;51(2):108-15.
L5187: 5. Stewart V, Saunders D, Greig C. Responsiveness of muscle size and strength to physical training in
L5188: very elderly people: a systematic review. _Scandinavian journal of medicine & science in_
L5189: _sports_ 2014;24(1):e1-e10.
L5190: 6. Kumar V, Selby A, Rankin D, et al. Age-related differences in the dose–response relationship of
L5191: muscle protein synthesis to resistance exercise in young and old men. _The Journal of_
L5192: _physiology_ 2009;587(1):211-17.
L5193: 7. Greig C, Gray C, Rankin D, et al. Blunting of adaptive responses to resistance exercise training in
L5194: women over 75y. _Experimental gerontology_ 2011;46(11):884-90.
L5195: 8. Häkkinen K, Kallinen M, Izquierdo M, et al. Changes in agonist-antagonist EMG, muscle CSA, and
L5196: force during strength training in middle-aged and older people. _Journal of Applied Physiology_
L5197: 1998;84(4):1341-49.
L5198: 9. Raue U, Slivka D, Minchev K, et al. Improvements in whole muscle and myocellular function are
L5199: limited with high-intensity resistance training in octogenarian women. _Journal of applied_
L5200: _physiology_ 2009;106(5):1611-17.
L5201: 10. Welle S, Totterman S, Thornton C. Effect of age on muscle hypertrophy induced by resistance
L5202: training. _J Gerontol A Biol Sci Med Sci_ 1996;51 doi: 10.1093/gerona/51A.6.M270
L5203: 11. Hameed M, Orrell R, Cobbold M, et al. Expression of IGF-I splice variants in young and old human
L5204: skeletal muscle after high resistance exercise. _The Journal of physiology_ 2003;547(1):247-54.
L5205: 12. Roubenoff R. Sarcopenia: a major modifiable cause of frailty in the elderly. _The journal of_
L5206: _nutrition, health & aging_ 1999;4(3):140-42.
L5207: 13. Janssen I, Heymsfield SB, Ross R. Low relative skeletal muscle mass (sarcopenia) in older persons
L5208: is associated with functional impairment and physical disability. _Journal of the American_
L5209: _Geriatrics Society_ 2002;50(5):889-96.
L5210: 14. Visser M, Kritchevsky SB, Goodpaster BH, et al. Leg muscle mass and composition in relation to
L5211: lower extremity performance in men and women aged 70 to 79: the health, aging and body
L5212: composition study. _Journal of the American Geriatrics Society_ 2002;50(5):897-904.
L5213: 15. Landi F, Liperoti R, Russo A, et al. Sarcopenia as a risk factor for falls in elderly individuals: results
L5214: from the ilSIRENTE study. _Clinical nutrition_ 2012;31(5):652-58.
L5215: 16. Sørensen O, Lund B, Saltin B, et al. Myopathy in bone loss of ageing: improvement by treatment
L5216: with 1α-hydroxycholecalciferol and calcium. _Clinical Science_ 1979;56(2):157-61.
L5217: 17. Sato Y, Iwamoto J, Kanoko T, et al. Low-dose vitamin D prevents muscular atrophy and reduces
L5218: falls and hip fractures in women after stroke: a randomized controlled trial. _Cerebrovasc Dis_
L5219: 2005;20 doi: 10.1159/000087203
L5220: 18. Ceglia L, Niramitmahapanya S, Silva MM, et al. A randomized study on the effect of vitamin D
L5221: supplementation on skeletal muscle morphology and vitamin D receptor concentration in
L5222: older women. _J Clin Endocrinol Metab_ 2013;98 doi: 10.1210/jc.2013-2820
L5223: 19. Latham NK, Anderson CS, Lee A, et al. A randomized, controlled trial of quadriceps resistance
L5224: exercise and vitamin D in frail older people: the Frailty Interventions Trial in Elderly Subjects
L5225: (FITNESS). _J Am Geriatr Soc_ 2003;51 doi: 10.1046/j.1532-5415.2003.51101.x
L5226: 24
L5227: **For peer review only - http://bmjopen.bmj.com/site/about/guidelines.xhtml**
L5228: **Page 25 of 36**
L5229: 1
L5230: 2
L5231: 3
L5232: 4
L5233: 5
L5234: 6
L5235: 7
L5236: 8
L5237: 9
L5238: 10
L5239: 11
L5240: 12
L5241: 13
L5242: 14
L5243: 15
L5244: 16
L5245: 17
L5246: 18
L5247: 19
L5248: 20
L5249: 21
L5250: 22
L5251: 23
L5252: 24
L5253: 25
L5254: 26
L5255: 27
L5256: 28
L5257: 29
L5258: 30
L5259: 31
L5260: 32
L5261: 33
L5262: 34
L5263: 35
L5264: 36
L5265: 37
L5266: 38
L5267: 39
L5268: 40
L5269: 41
L5270: 42
L5271: 43
L5272: 44
L5273: 45
L5274: 46
L5275: 47
L5276: 48
L5277: 49
L5278: 50
L5279: 51
L5280: 52
L5281: 53
L5282: 54
L5283: 55
L5284: 56
L5285: 57
L5286: 58
L5287: 59
L5288: 60
L5289: **BMJ Open**
L5290: 20. Lips P, Binkley N, Pfeifer M, et al. Once-weekly dose of 8400 IU vitamin D3 compared with
L5291: placebo: effects on neuromuscular function and tolerability in older adults with vitamin D
L5292: insufficiency. _The American journal of clinical nutrition_ 2010;91(4):985-91.
L5293: 21. Uusi-Rasi K, Patil R, Karinkanta S, et al. Exercise and vitamin D in fall prevention among older
L5294: women: a randomized clinical trial. _JAMA internal medicine_ 2015;175(5):703-11.
L5295: 22. Stockton K, Mengersen K, Paratz JD, et al. Effect of vitamin D supplementation on muscle
L5296: strength: a systematic review and meta-analysis. _Osteoporosis international_ 2011;22(3):85971.
L5297: 23. Visser M, Deeg DJ, Lips P. Low vitamin D and high parathyroid hormone levels as determinants of
L5298: loss of muscle strength and muscle mass (sarcopenia): the Longitudinal Aging Study
L5299: Amsterdam. _The Journal of Clinical Endocrinology & Metabolism_ 2003;88(12):5766-72.
L5300: 24. Robinson S, Cooper C, Aihie Sayer A. Nutrition and sarcopenia: a review of the evidence and
L5301: implications for preventive strategies. _Journal of aging research_ 2012;2012
L5302: 25. Higgins JPT, Green S, editors. _Cochrane Handbook for Systematic Reviews of Interventions Version_
L5303: _5.1.0 [updated March 2011]_ : The Cochrane Collarboration, 2011.
L5304: 26. Moher D, Liberati A, Tetzlaff J, et al. Preferred reporting items for systematic reviews and metaanalyses: the PRISMA statement. _Annals of internal medicine_ 2009;151(4):264-69.
L5305: 27. Hsu LM, Field R. Interrater agreement measures: Comments on Kappan, Cohen's Kappa, Scott's
L5306: π, and Aickin's α. _Understanding Statistics_ 2003;2(3):205-19.
L5307: 28. Moher D, Olkin I. Meta-analysis of randomized controlled trials: a concern for standards. _JAMA_
L5308: 1995;274(24):1962-64.
L5309: 29. Moher D, Altman D, Liberati A, et al. PRISMA (Preferred Reporting Items for Systematic Reviews
L5310: and Meta-Analyses). _The Cochrane Collaboration Methods Groups Newsletter_ 1996:6.
L5311: 30. Schünemann H, Brozek J, Oxman A. GRADE handbook for grading quality of evidence and
L5312: strength of recommendation. Version 3.2 [updated March 2009]. The GRADE Working
L5313: Group, 2009. _www cc-i ms net/gradepro_ 2009
L5314: 31. Agergaard J, Trøstrup J, Uth J, et al. Does vitamin-D intake during resistance training improve the
L5315: skeletal muscle hypertrophic and strength response in young and elderly men? – a
L5316: randomized controlled trial. _Nutrition & Metabolism_ 2015;12(1):1-14. doi: 10.1186/s12986015-0029-y
L5317: 32. Bunout D, Barrera G, Leiva L, et al. Effects of vitamin D supplementation and exercise training on
L5318: physical performance in Chilean vitamin D deficient elderly subjects. _Exp Gerontol_ 2006;41
L5319: doi: 10.1016/j.exger.2006.05.001
L5320: 33. Drey M, Zech A, Freiberger E, et al. Effects of strength training versus power training on physical
L5321: performance in prefrail community-dwelling older adults. _Gerontology_ 2011;58(3):197-204.
L5322: 34. Gianoudis J, Bailey CA, Ebeling PR, et al. Effects of a Targeted Multimodal Exercise Program
L5323: Incorporating High-Speed Power Training on Falls and Fracture Risk Factors in Older Adults:
L5324: A Community-Based Randomized Controlled Trial. _Journal of Bone and Mineral Research_
L5325: 2014;29(1):182-91. doi: 10.1002/jbmr.2014
L5326: 35. Jessup JV, Horne C, Vishen R, et al. Effects of exercise on bone density, balance, and self-efficacy
L5327: in older women. _Biological Research for nursing_ 2003;4(3):171-80.
L5328: 36. Verschueren SM, Bogaerts A, Delecluse C, et al. The effects of whole-body vibration training and
L5329: vitamin D supplementation on muscle strength, muscle mass, and bone density in
L5330: institutionalized elderly women: A 6-month randomized, controlled trial. _Journal of bone and_
L5331: _mineral research_ 2011;26(1):42-49.
L5332: 37. Aagaard P, Andersen JL, Dyhre-Poulsen P, et al. A mechanism for increased contractile strength
L5333: of human pennate muscle in response to strength training: changes in muscle architecture. _J_
L5334: _Physiol_ 2001;534 doi: 10.1111/j.1469-7793.2001.t01-1-00613.x
L5335: 38. Ryan.R. ‘Cochrane Consumers and Communication Review Group: data synthesis and analysis’:
L5336: Cochrane Consumers and Communication Review Group; 

[output truncated at 250000 chars]

