L1: Four months vitamin D supplementation to vitamin D insufficient individuals does not improve muscular strength: A randomized controlled trial
L2: PLoS ONE (2019)
L3: Guri Grimnes, Julia Kubiak, Rolf Jorde
L4: 1 
L5:  Tromsø Endocrine Research Group, Department of Clinical Medicine, UiT The Arctic University of Norway, Tromsø, Norway
L6: 2 
L7:  Division of Internal Medicine, University Hospital of North Norway, Tromsø, Norway
L8: University of Newcastle, AUSTRALIA
L9: Main objective
L10: The inconsistent results on the effects of vitamin D on muscle strength reported by intervention trials may partly be explained by inclusion of vitamin D sufficient individuals. The main objective was to study whether vitamin D supplementation will improve muscle strength in men and women with low serum vitamin D status, as measured by 25-hydroxyvitamin D (25(OH)D) at baseline.
L11: Methods
L12: 417 men and women aged 40–80 years were included and randomized to receive a loading dose of 100 000 IU (2500 ug) vitamin D 3  followed by 20 000 IU (500 ug)/week, or placebo. Muscle strength was tested by dynamometers at baseline and after four months.
L13: Results
L14: Serum 25(OH)D levels increased from 32.6±11.1 nmol/l to 88.8±19.4 nmol/l (p<0.01) in the vitamin D group, while remaining low in the placebo group (baseline and final levels at 35.1±13.6 nmol/l and 30.7 ±9.7 nmol/l respectively). Muscle strength (hip flexion, biceps flexion, pectorals and handgrip strength) did not change in any of the groups. The results were the same in analyses stratified on sex, 25(OH)D above/below 25 nmol/L (10 ng/ml); smoking status; and BMI above/below 27 kg/m 2 .
L15: Conclusion
L16: These data does not support vitamin D supplementation for improving muscle strength.
L17: Research Article; Physical sciences; Chemistry; Chemical compounds; Organic compounds; Vitamins; Vitamin D; Chemistry; Chemical compounds; Organic compounds; Vitamins; Vitamin D; Chemical compounds; Organic compounds; Vitamins; Vitamin D; Organic compounds; Vitamins; Vitamin D; Vitamins; Vitamin D; Vitamin D; Physical sciences; Chemistry; Organic chemistry; Organic compounds; Vitamins; Vitamin D; Chemistry; Organic chemistry; Organic compounds; Vitamins; Vitamin D; Organic chemistry; Organic compounds; Vitamins; Vitamin D; Organic compounds; Vitamins; Vitamin D; Vitamins; Vitamin D; Vitamin D; Biology and Life Sciences; Biomechanics; Hand Strength; Biomechanics; Hand Strength; Hand Strength; Research and Analysis Methods; Bioassays and Physiological Analysis; Muscle Analysis; Bioassays and Physiological Analysis; Muscle Analysis; Muscle Analysis; Research and Analysis Methods; Mathematical and Statistical Techniques; Statistical Methods; Metaanalysis; Mathematical and Statistical Techniques; Statistical Methods; Metaanalysis; Statistical Methods; Metaanalysis; Metaanalysis; Physical Sciences; Mathematics; Statistics; Statistical Methods; Metaanalysis; Mathematics; Statistics; Statistical Methods; Metaanalysis; Statistics; Statistical Methods; Metaanalysis; Statistical Methods; Metaanalysis; Metaanalysis; Biology and Life Sciences; Anatomy; Musculoskeletal System; Muscles; Skeletal Muscles; Anatomy; Musculoskeletal System; Muscles; Skeletal Muscles; Musculoskeletal System; Muscles; Skeletal Muscles; Muscles; Skeletal Muscles; Skeletal Muscles; Medicine and Health Sciences; Anatomy; Musculoskeletal System; Muscles; Skeletal Muscles; Anatomy; Musculoskeletal System; Muscles; Skeletal Muscles; Musculoskeletal System; Muscles; Skeletal Muscles; Muscles; Skeletal Muscles; Skeletal Muscles; People and Places; Population Groupings; Professions; Medical Personnel; Nurses; Population Groupings; Professions; Medical Personnel; Nurses; Professions; Medical Personnel; Nurses; Medical Personnel; Nurses; Nurses; Medicine and Health Sciences; Health Care; Health Care Providers; Nurses; Health Care; Health Care Providers; Nurses; Health Care Providers; Nurses; Nurses; Medicine and Health Sciences; Clinical Medicine; Clinical Trials; Randomized Controlled Trials; Clinical Medicine; Clinical Trials; Randomized Controlled Trials; Clinical Trials; Randomized Controlled Trials; Randomized Controlled Trials; Medicine and Health Sciences; Pharmacology; Drug Research and Development; Clinical Trials; Randomized Controlled Trials; Pharmacology; Drug Research and Development; Clinical Trials; Randomized Controlled Trials; Drug Research and Development; Clinical Trials; Randomized Controlled Trials; Clinical Trials; Randomized Controlled Trials; Randomized Controlled Trials; Research and Analysis Methods; Clinical Trials; Randomized Controlled Trials; Clinical Trials; Randomized Controlled Trials; Randomized Controlled Trials; Biology and life sciences; Nutrition; Nutritional deficiencies; Vitamin D deficiency; Nutrition; Nutritional deficiencies; Vitamin D deficiency; Nutritional deficiencies; Vitamin D deficiency; Vitamin D deficiency; Medicine and health sciences; Nutrition; Nutritional deficiencies; Vitamin D deficiency; Nutrition; Nutritional deficiencies; Vitamin D deficiency; Nutritional deficiencies; Vitamin D deficiency; Vitamin D deficiency
L18: Introduction
L19: Vitamin D deficiency is common [ 1 ], and associated with numerous negative health outcomes [ 2 ]. In particular, vitamin D is important for skeletal health, as deficiency may lead to rickets or osteomalacia [ 3 ]. The effects of vitamin D on fractures and falls have recently been questioned [ 4 ].
L20: Muscle weakness and pain are commonly seen in osteomalacia [ 5 ], vitamin D receptors are present in muscle cells [ 6 , 7 ], and several observational studies have reported inverse associations between serum 25-hydroxyvitamin D (25(OH)D) levels and muscle strength [ 8 , 9 ]. Possible mechanisms include changes in muscle morphology (with atrophy of type 2 muscle fibers [ 10 ] as well as increased fatty infiltration in skeletal muscle [ 11 ]), improved mitochondrial function with vitamin D supplementation [ 12 ], and by optimizing contractility through regulation of calcium and phosphate handling [ 13 ]. Taking these results into account, one could expect an effect on muscle strength and function with vitamin D supplementation, but as the results from randomized controlled trials (RCTs) have been inconsistent, meta-analyses have concluded differently [ 14 , 15 ]. Thus, Beaudart et al. reported in 2014 in a systematic review and meta-analysis of RCTs using vitamin D a small, but significant effect of vitamin D supplementation on global muscle strength, which was more evident in people with 25(OH)D < 30 nmol/l as well as in people ≥ 65 years of age [ 14 ]. On the other hand, no effect was found in a similar systematic review and meta-analyses by Rosenahl-Riise et al. in 2017 [ 15 ].
L21: Some of the heterogeneity of the results may be a reflection of different study designs, where a common pitfall is to include participants with sufficient vitamin D status (measured as 25-hydroxyvitamin D (25(OH)D)) at baseline [ 16 , 17 ]. Another limitation of the available studies, is that most of them are performed only with women [ 15 ].
L22: We had the opportunity to include healthy community-dwelling participants of both genders and with low basal serum 25(OH)D levels from a large population-based study, in a randomized controlled trial with vitamin D supplementation over four months, assessing changes in standardized measurements of muscle strength. We hypothesized that vitamin D supplementation to vitamin D insufficient persons would improve muscle strength as compared to placebo.
L23: Material and methods
L24: Subjects
L25: The Tromsø study is a population based health survey that was first conducted in 1974 [ 18 ]. In the seventh wave in 2015/2016, all citizens aged 40 years and older (n = 32 591) living in the municipality of Tromsø in northern Norway were invited to participate, where 21 083 attended. Serum 25(OH)D was measured on an ongoing basis in a total of 20922 participants, and based on the distribution, those with levels below the 7th percentile (<42 nmol/L (16.8 ng/ml)) and age <80 years were invited to participate in this study. Of 1489 subjects invited, 639 responded positively and were phone screened by the study nurses from the Clinical Research Unit at the University Hospital of North Norway. A standardized medical interview was performed in order to exclude subjects with known granulomatous disease, renal stones last five years, or serious diseases apparent through interview or screening blood tests that would make the subject unfit for participation. Patients with diabetes were excluded from participation due to one of the primary outcomes insulin resistance. Additionally, subjects with use of vitamin D supplements exceeding 800 IU (20 ug) vitamin D per day, subjects who used solarium on a regular basis, or were planning holiday(s) in tropical areas during the study period were excluded from participation. Women of childbearing potential (below the age of 50 years) without use of contraception were excluded. Weight and height and smoking status were asked for and used in the randomization procedure.
L26: Study design
L27: The main end point of the study was effects on cardio-vascular risk factors, and the study design has been described in detail elsewhere [ 19 ]. In short, those who fulfilled the inclusion criteria, came to the first visit at the Clinical Research Unit of the University Hospital of North Norway for signing of the informed consent form, clinical examinations, height and weight measurements wearing light clothing and no shoes, medical history and fasting blood samples which included hemoglobin, liver enzymes, calcium, creatinine, thyroid hormones and TSH, high-sensitive CRP, sedimentation rate and glycated hemoglobin. If these examinations did not reveal any contraindication for participation, the next visit was performed within 2–5 days. At this second visit, the muscle strength testing was performed and the study drugs (20 000 IU (500 ug) cholecalciferol capsules Dekristol, Mibe, Jena, Germany) or identical looking placebo capsules containing arachis oil (Hasco-Lek, Wroclaw, Poland) were dispensed. Five capsules were given as a loading dose, followed by one capsule each week. The subjects were asked not to take any vitamin D supplements (including cod liver oil) during the four months intervention period.
L28: The randomization was stratified according to gender, vitamin D status in the Tromsø study (serum 25(OH)D above/below 25 nmol/L (10 ng/ml)), smoking status (current smoking or not) and BMI above/below 27 kg/m 2  (self-reported height and weight). Based on this, the randomization unit assigned the subject a randomization number using a block randomization procedure with random block sizes of 2, 4 or 6. This number was sent to the Clinical Research Unit (who did not have the randomization key) and to the hospital’s pharmacy (who had the key), with the latter dispensing the medication accordingly. Except for the pharmacy, which had no contact with the study participants, all nurses, doctors, other study personnel and study participants were blinded for the randomization throughout the study.
L29: Two months after inclusion, a study nurse contacted the participants by phone to ask for adverse events and remind them to take the study medication. At four months the third visit was performed with examinations identical to the first visit. The fourth visit followed a few days later, with return of study medication and examinations identical to the second visit. Compliance was calculated as the ratio between capsules used (capsules supplied minus capsules returned) and number of weeks between second and fourth visit.
L30: Muscle strength testing
L31: Handgrip strength was measured using a Jamar Plus dynamometer (Jamar Technologies, Lakewood, NJ, USA). The dominant side was used, but if there was a known injury or functional loss in the dominant side, the non-dominant side was preferred, also for the repeated final examination. Hip flexion strength, pectoralis strength and biceps strength were measured by use of the hand-held dynamometer Jtech Commander Muscle Tester (Jtech Medical Industries, Midvale, Utah, USA). Use of hand-held dynamometry have been shown to be a reliable and valid instrument for muscle strength testing as compared to the gold standard isokinetic dynamometry [ 20 ]. Standardized procedures were followed, with detailed description of how to place and stabilize the patient in order to isolate the muscle group being tested. External belt-fixation was used for hip and elbow flexion in order to avoid impact from the strength of the research nurse [ 21 ]. The participants were carefully instructed how to perform the tests. The participant was asked to press maximally towards the fixed dynamometer for three seconds. The study nurse counted 1-2-3 before starting, and also told the participant when to stop. Each test was performed three times with 30 seconds rest in-between, and the highest of the three measurements was used in the analyses.
L32: Laboratory measurements
L33: Serum 25(OH)D was measured by an in-house developed liquid chromatography–tandem mass spectrometry method that detects both 25(OH)D 3  and 25(OH)D 2 , as well as the sum of these presented as 25(OH)D in the results [ 22 ]. The laboratory takes part in the external quality program DEQAS. Plasma parathyroid hormone (PTH) was analyzed with an electrochemilumniscence immunoassay (ECLIA) using an automated clinical chemistry analyzer (Cobas 6000, Roche) with a reference range of 1.1–6.8 pmol/L for those <50 years and 1.1–7.5 pmol/L for those >50 years. Serum calcium was analyzed by an automated analyzer (Modular P, Roche Diagnostics, Mannheim, Germany).
L34: Statistical methods and power calculation
L35: We used the statistical software package SPSS version 22. Descriptive results are shown as mean±SD if not stated otherwise. Normal distribution was evaluated by visual inspection of plots, and although there was some skewness and curtosis present, parametric tests were considered appropriate due to the large sample size. The end points were changes in muscle strength (delta strength) between the beginning and the end of the study (second and fourth visit), which was calculated separately for each participant. Independent t-tests were used for between-groups comparisons of delta strength for biceps, hip flexion, hand grip and pectoralis, as well as serum 25(OH)D, calcium and plasma PTH. Sensitivity analyses were performed in strata according to the randomization factors gender; vitamin D status in the Tromsø study (serum 25(OH)D above/below 25 nmol/L (10 ng/ml)); smoking status; and BMI above/below 27 kg/m 2 .
L36: The power was calculated based on the main end point of the study, cardiovascular risk factors. The effect of vitamin D supplementation was assumed to be about two-third of the observed difference in cross-sectional studies between people with serum 25(OH)D levels of 30 and 80 nmol/l. Accordingly, between 300 and 500 participants were needed to attain a power of 0.8 and p<0.05 to detect a difference of 6.7 mmHg in systolic blood pressure, 3.3 mmHg in diastolic pressure, 0.26 mmol/l in triglycerides, 0.09 mmol/l in HDL-cholesterol and 0.57 in HOMA-IR. To account for an assumed drop-put rate of 16%, the aim was to include 600 subjects [ 19 ].
L37: Ethics
L38: The study was approved by the Regional Committee for Medical Research Ethics (REK NORD 2013/1464) 4 th  of September 2014 and by the Norwegian Medicines Agency (2013-003514-40). The study is registered at ClinicalTrials.gov NCT02750293. Due to a misunderstanding the study was registered there shortly after the first subject was included. The authors confirm that all ongoing and related trials for this drug/intervention are registered. The inclusion started 2 nd  of June 2015, and last visit was performed 27 th  of April 2017. All subjects gave their written informed consent.
L39: Results
L40: Of the 639 participants screened by phone, 455 attended the first visit with clinical examination and blood sampling. Thirty-three participants did not fulfill the inclusion criteria, and consequently 422 met to the second visit, and were randomized to vitamin D or placebo, one without successfully performed muscle testing. During the study, three participants withdrew their consent, and seven were excluded due to intercurrent disease or medication use not suitable with continuation. Thus, 411 completed the study and were included in the present analyses ( Fig 1 ). Their baseline characteristics are presented in  Table 1 . Those randomized to vitamin D had a slightly lower 25(OH)D at baseline. Delta values for muscle strength, 25(OH)D, PTH and calcium levels are shown in  Table 2  and compared between the treatment groups. Serum 25(OH)D increased significantly, accompanied by a significant decrease in PTH and a slight increase in serum calcium in the vitamin D group as compared to the placebo group. However, changes in muscle strength did not differ significant between the groups. The results for changes in muscle strength were the same in the sensitivity analyses in strata of gender; vitamin D; smoking status; and BMI as shown in  Table 3 .
L41: Fig 1 Flow chart of the inclusion of participants.
L42: Table 1 Baseline characteristics of the study population.
L43: Table 2 Changes in muscular strength during intervention.
L44: Table 3 Changes in muscular strength during intervention. Stratified analyses.
L45: The compliance to the study medication regimen was 100% in 86% of the participants, and above 84% in all. No serious study-related side effects were recorded. Two participants developed slight hypercalcemia; one male whose serum calcium normalized upon retesting, and one female who had developed primary hyperparathyroidism.
L46: Discussion
L47: In this randomized controlled trial including adults with low serum 25(OH)D levels, no effects on muscular strength were observed after four months administration of vitamin D versus placebo. There were no gender differences.
L48: These results are in contrast to a meta-analysis and review from 2014 concluding with a weak, but positive, effect on muscle strength with vitamin D supplementation [ 14 ]. The effect was only evident in persons aged 65 years or older, and the discrepancy with our results may therefore be explained by inclusion of younger persons in our study, with few participants >65 years of age (<10%). The expression of VDRs in muscle is reported to decrease with age [ 7 ], and therefore older people might be more vulnerable to vitamin D insufficiency. In a paper published after the meta-analysis, a risk reduction of nearly 50% for injurious falls needing medical attention was reported in a two year follow-up period after a two years intervention trial with vitamin D in older women [ 23 ]. However, in a recent nine months vitamin D intervention trial in older men with baseline 25(OH)D levels >60 nmol/l, no effects on gait speed or Short Physical Performance Battery were observed [ 24 ]. Another study found no effect on handgrip strength or Timed Up and Go in elderly people after administration of 12000, 24000 or 48000 IU/month cholecalciferol, for one year [ 25 ]. However, there was no placebo group. Finally, unfavorable effects on muscle strength were reported in elderly women randomized to receive 2800 IU/day cholecalciferol as compared to placebo for three months in a Danish study [ 26 ].
L49: Several studies show that an effect of vitamin D supplementation on muscle strength is evident only in persons with serum 25(OH)D <30 nmol/l [ 14 , 27 ]. In contrast, we did not observe any effects in our subgroup of participants with baseline levels below a similar threshold (25 nmol/l), which is in accordance with another recently published meta-analysis which reported stronger effects of vitamin D supplementation on handgrip strength after exclusion of three studies with low baseline 25(OH)D levels. The authors speculated that the low levels represented patients with a higher degree of frailty, where it was too late to improve muscle strength [ 15 ]. In our study, the participants were community-dwelling, middle-aged people, recruited through a health survey, which are generally prone to healthy user bias. Also, only ten of the participants had sarcopenia as defined as maximal grip strength < 20 kg for women and 30 kg for men at baseline [ 28 ]. We therefore find it unlikely that the lack of effect could be explained by our participants being too frail to improve their muscle strength.
L50: The effects of vitamin D may be dependent on interplay with factors like other conutrients [ 16 ], in particular calcium intake. Unfortunately, we did not have information regarding diet and calcium intake, but in general, the calcium intake in Scandinavian countries is high [ 29 ], and it might be that the threshold for clinical vitamin D deficiency is shifted downwards in such circumstances [ 30 ]. Also, some studies suggest that physical activity may interact with the effects of vitamin D on muscle function [ 31 ]. Unfortunately, we do not have available data of physical activity in our participants.
L51: The heterogeneity in results between different studies and meta-analyses may at least to some part reflect differences in study design. It has been speculated on whether the dosing regimens might be of importance. Daily dosing has been argued to provide a more stable supply of cholecalciferol, and could act more physiologically than bolus dosing on a weekly or even more seldom basis, like used in the present study [ 32 ]. Another limitation of the present study could be that the duration of the intervention was only four months, and a longer duration may have been necessary to reveal any effects. However, for ethical reasons, it is challenging to perform long term studies including placebo groups in participants with documented vitamin D deficiency at baseline.
L52: Also, we only measured one aspect of muscular function, namely strength, whereas endurance, power and balance were not assessed. We did, however, measure both the upper- and lower extremities, and included both proximal and distal strength. Still, it may be that we did not capture functional strength. For instance, one study among Brazilian postmenopausal women reported significant improvement in chair rising test, but no effect on handgrip strength [ 33 ].
L53: Recently, it has been suggested that circulating levels of 1,25 dihydroxyvitamin D (1,25(OH) 2 D) might correlate better with muscle strength than 25(OH)D [ 34 ]. In a randomized six months trial both treatments resulted in muscle strength improvements, but administration of alphacalcidiol was significantly more effective than cholecalciferol [ 35 ]. It may therefore be that this metabolite should be taken into account. However, we did not have 1,25(OH) 2 D measurements available.
L54: Finally, there were broad standard deviations in the changes in muscle strength in the treatment groups which limit the possibility of finding a significant difference in this medium-sized study. However, there were no trends in the results suggesting that this should explain the lack of effect of vitamin D.
L55: The study also has several strengths. First, both 25(OH)D and outcomes were measured by validated methods. The participants were included based on low serum 25(OH)D measurements. The adherence to the study and the compliance rate were high, as confirmed by the substantially increase in 25(OH)D levels in the intervention group.
L56: To summarize, our results do not support an effect of vitamin D on muscular strength. Future studies should consider using daily dosing, including assessment of conutrient status and physical activity, and exploring use of active vitamin D in order to achieve a greater understanding of the vitamin D metabolism and musculoskeletal health.
L57: Supporting information
L58: S1 File CONSORT 2010 checklist. (DOC)
L59: S2 File Final protocol. (DOCX)
L60: 1 Cashman KD ,  Dowling KG ,  Skrabakova Z ,  Gonzalez-Gross M ,  Valtuena J ,  De Henauw S ,  et al 
L61:  Vitamin D deficiency in Europe: pandemic? 
L62:  Am J Clin Nutr .  2016 ;  103 ( 4 ): 1033 – 1044 .  10.3945/ajcn.115.120873 
L63:  26864360
L64: 2 Holick MF .  The vitamin D deficiency pandemic and consequences for nonskeletal health: mechanisms of action .  Mol Aspects Med .  2008 ; 29 ( 6 ): 361 – 368 .  10.1016/j.mam.2008.08.008 
L65:  18801384
L66: 3 Reid IR .  Vitamin D effect on bone mineral density and fractures .  Endocrinol Metab Clin North Am .  2017 ; 46 ( 4 ): 935 – 945 .  10.1016/j.ecl.2017.07.005 
L67:  29080644
L68: 4 Bolland MJ ,  Grey A ,  Avenell A .  Effects of vitamin D supplementation on musculoskeletal health: a systematic review, meta-analysis, and trial sequential analysis .  Lancet Diabetes Endocrinol .  2018 ; 6 ( 11 ): 847 – 858 .  10.1016/S2213-8587(18)30265-1 
L69:  30293909
L70: 5 Munns CF ,  Shaw N ,  Kiely M ,  Specker BL ,  Thacher TD ,  Ozono K ,  et al 
L71:  Global consensus recommendations on prevention and management of nutritional rickets .  J Clin Endocrinol Metab .  2016 ; 101 ( 2 ): 394 – 415 .  10.1210/jc.2015-2175 
L72:  26745253
L73: 6 Girgis CM ,  Mokbel N ,  Cha KM ,  Houweling PJ ,  Abboud M ,  Fraser DR ,  et al 
L74:  The vitamin D receptor (VDR) is expressed in skeletal muscle of male mice and modulates 25-hydroxyvitamin D (25(OH)D) uptake in myofibers .  Endocrinology .  2014 ; 155 ( 9 ): 3227 – 3237 .  10.1210/en.2014-1016 
L75:  24949660
L76: 7 Bischoff-Ferrari HA ,  Borchers M ,  Gudat F ,  Durmuller U ,  Stahelin HB ,  Dick W .  Vitamin D receptor expression in human muscle tissue decreases with age .  J Bone Miner Res .  2004 ; 19 ( 2 ): 265 – 269 .  10.1359/jbmr.2004.19.2.265 
L77:  14969396
L78: 8 Wicherts IS ,  van Schoor NM ,  Boeke AJ ,  Visser M ,  Deeg DJ ,  Smit J ,  et al 
L79:  Vitamin D status predicts physical performance and its decline in older persons .  J Clin Endocrinol Metab .  2007 ; 92 ( 6 ): 2058 – 2065 .  10.1210/jc.2006-1525 
L80:  17341569
L81: 9 Bischoff-Ferrari HA ,  Dietrich T ,  Orav EJ ,  Hu FB ,  Zhang Y ,  Karlson EW ,  et al 
L82:  Higher 25-hydroxyvitamin D concentrations are associated with better lower-extremity function in both active and inactive persons aged > or = 60 y .  Am J Clin Nutr .  2004 ; 80 ( 3 ): 752 – 758 .  10.1093/ajcn/80.3.752 
L83:  15321818
L84: 10 Yoshikawa S ,  Nakamua T ,  Tanabe H ,  Imamura T .  Osteomalacic myopathy .  Endocrinol Jpn .  1979 ; 26 : 65 – 72 .
L85: 11 Gilsanz V ,  Kremer A ,  Mo AO ,  Wren TA ,  Kremer R .  Vitamin D status and its relation to muscle mass and muscle fat in young women .  J Clin Endocrinol Metab .  2010 ; 95 : 1595 – 601 .  10.1210/jc.2009-2309 
L86:  20164290
L87: 12 Sinha A ,  Hollinsworth KG ,  Ball S ,  Cheetham T .  Improving the vitamin D status of vitamin D deficient adults is associated with improved mitochondrial oxidative function in skeletal muscle .  J Clin Endocrinol Metab .  2013 ; 98 ( 3 ): E509 – 513 .  10.1210/jc.2012-3592 
L88:  23393184
L89: 13 Girgis CM ,  Clifton-Bligh RJ ,  Turner N ,  Lau SL ,  Gunton JE .  Effects of vitamin D in skeletal muscle: falls, strength, athletic performance and insulin sensitivity .  Clin Endocrinol (Oxf) .  2014 ; 80 ( 2 ): 169 – 81 . 24256495
L90: 14 Beaudart C ,  Buckinx F ,  Rabenda V ,  Gillain S ,  Cavalier E ,  Slomian J ,  et al 
L91:  The effects of vitamin D on skeletal strength, muscle mass, and muscle power: a systematic review and meta-analysis of randomized controlled trials .  J Clin Endocrinol Metab .  2014 ; 99 ( 11 ): 4336 – 4345 .  10.1210/jc.2014-1742 
L92:  25033068
L93: 15 Rosendahl-Riise H ,  Spiielau U ,  Ranhoff AH ,  Gudbrandsen OA ,  Dierkes J .  Vitamin D supplementation and its influence on muscle strength and mobility in community-dwelling older persons: a systematic review and meta-analysis .  J Hum Nutr Diet .  2017 ; 30 ( 1 ): 3 – 15 .  10.1111/jhn.12394 
L94:  27460044
L95: 16 Heaney RP .  Guidelines for optimizing design and analysis of clinical studies of nutrient effects .  Nutr Rev .  2014 ; 72 ( 1 ): 48 – 54 .  10.1111/nure.12090 
L96:  24330136
L97: 17 Scragg R .  Limitations of vitamin D supplementation trials: Why observational studies will continue to help determine the role of vitamin D in health .  J Steroid Biochem Mol Biol .  2018 ; 177 : 6 – 9 .  10.1016/j.jsbmb.2017.06.006 
L98:  28627485
L99: 18 Jacobsen BK ,  Eggen AE ,  Mathiesen EB ,  Wilsgaard T ,  Njolstad I .  Cohort profile: the Tromsø Study .  Int J Epidemiol .  2012 ; 41 ( 4 ): 961 – 967 .  10.1093/ije/dyr049 
L100:  21422063
L101: 19 Kubiak J ,  Thorsby PM ,  Kamycheva E ,  Jorde R .  Vitamin D supplementation does not improve CVD risk factors in vitamin D-insufficient subjects .  Endocr Connect .  2018 ; 7 ( 6 ): 840 – 849 .  10.1530/EC-18-0144 
L102:  29764903
L103: 20 Stark T ,  Walker B ,  Phillips JK ,  Fejer R ,  Beck R .  Hand-held dynamometry correlation with the gold standard isokinetic dynamometry: a systematic review .  Pm R .  2011 ; 3 ( 5 ): 472 – 479 .  10.1016/j.pmrj.2010.10.025 
L104:  21570036
L105: 21 Thorborg K ,  Bandholm T ,  Holmich P .  Hip- and knee-strength assessments using a hand-held dynamometer with external belt–fixation are inter-tester reliable .  Knee Surg Sports Traumatol Arthrosc .  2013 ; 21 ( 3 ): 550 – 555 .  10.1007/s00167-012-2115-2 
L106:  22773065
L107: 22 Sollid ST ,  Hutchinson MY ,  Fuskevag OM ,  Figenschau Y ,  Joakimsen RM ,  Schirmer H ,  et al 
L108:  No effect of high-dose vitamin D supplementation on glycemic status or cardiovascular risk factors in subjects with prediabetes .  Diabetes Care .  2014 ; 37 ( 8 ): 2123 – 2131 .  10.2337/dc14-0218 
L109:  24947792
L110: 23 Uusi-Rasi K ,  Patil R ,  Karinkanta S ,  Kannus P ,  Tokola K ,  Lamberg-Allartdt C ,  et al 
L111:  A 2-year follow-up after a 2-year RCT with vitamin D and exercise: effects on falls, injurious falls and physical functioning among older women .  J Gerontol A Biol Sci Med Sci .  2017 ; 72 ( 9 ): 1239 – 1245 .  10.1093/gerona/glx044 
L112:  28369286
L113: 24 Levis S ,  Gomez-Marin O .  Vitamin D and physical function in sedentary older men .  J Am Geriatr Soc .  2017 ; 65 ( 2 ): 323 – 331 .  10.1111/jgs.14510 
L114:  27861700
L115: 25 Ranathunga R ,  Hill TR ,  Mathers JC ,  Francis RM ,  Prentice A ,  Schoenmakers I ,  et al 
L116:  No effect of monthly supplementation with 12000 IU, 24000 IU or 48000 IU vitamin D3 for one year on muscle function: The vitamin D in older people study .  J Steroid Biochem Mol Biol .  2018  pii: S0960-0760(18)30494-1.  10.1016/j.jsbmb.2018.12.008 
L117:  30583082
L118: 26 Bislev SL ,  Lanagergaard Rødbro L ,  Rolighed L ,  Sikjaer T ,  Rejnmark L .  Effects of vitamin D3 supplementation on muscle strength, mass, and physical performance in women with vitamin D insufficiency: a randomized placebo-controlled trial .  Calcif Tissue Int .  2018 ; 103 ( 5 ): 483 – 493 .  10.1007/s00223-018-0443-z 
L119:  29931459
L120: 27 Wu F ,  Wills K ,  Laslett LL ,  Oldenburd B ,  Seibel MJ ,  Jones G ,  et al 
L121:  Cut-points for associations between vitamin D status and multiple musculoskeletal outcomes in middle-aged women .  Osteoporos Int .  2017 ; 116 ( 8 ): 505 – 515 .
L122: 28 Liguori I ,  Russo G ,  Aran L ,  Bulli G ,  Curcio F ,  Della-Morte D ,  et al 
L123:  Sarcopenia: assessment of disease burden and strategies to improve outcomes .  Clin Interv Aging .  2018 ; 26 : 13 : 757 – 772 .  10.2147/CIA.S158513 
L124:  29731617
L125: 29 Shin SC ,  Kim KM .  Calcium, is it better to have less? Global health perspectives .  J Cell Biochem .  2015 ; 116 ( 8 ): 1513 – 1521 .  10.1002/jcb.25119 
L126:  25648107
L127: 30 Lips P .  Interaction between vitamin D and calcium .  Scand J Clin Lab Invest Suppl .  2012 ; 243 : 60 – 64 .  10.3109/00365513.2012.681960 
L128:  22536764
L129: 31 Bunout D ,  Barrera G ,  Leiva L ,  Gattas V ,  de la Maza MP ,  Avendano M ,  et al 
L130:  Effects of vitamin D supplementation and exercise training on physical performance in Chilean vitamin D deficient elderly subjects .  Exp. Gerontol .  2006 ; 41 ( 8 ): 746 – 752 .  10.1016/j.exger.2006.05.001 
L131:  16797903
L132: 32 Jorde R ,  Grimnes G .  Serum cholecalciferol may be a better marker of vitamin D status than 25-hydroxyvitamin D .  Med Hypotheses .  2018 ; 111 : 61 – 65 .  10.1016/j.mehy.2017.12.017 
L133:  29406999
L134: 33 Cangussu LM ,  Nahas-Neto J ,  Orsatti CL ,  Bueloni-Dias FN ,  Nahas EA .  Effect of vitamin D supplementation alone on muscle function in postmenopausal women: a randomized, double-blind, placebo-controlles clinical trial .  Osteoporos Int .  2015 ; 26 ( 10 ): 2413 – 2421 .  10.1007/s00198-015-3151-9 
L135:  25956283
L136: 34 Hassan-Smith ZK ,  Jenkinson C ,  Smith DJ ,  Hernandez I ,  Morgan SA ,  Crabtree NJ ,  et al 
L137:  25-hydroxyvitamin D3 and 1,25-dihydroxyvitamin D3 exert distinct effects on human skeletal muscle function and gene expression .  PLoS One .  2017 ; 12 ( 2 ):  e0170665 
L138:  10.1371/journal.pone.0170665 
L139:  28199350
L140: 35 Capatina C ,  Caragheorgheopol A ,  Berteanu M ,  Poiana C .  Short-term administration of alphacalcidiopl is associated with more significant improvement of muscular performance in women with vitamin D deficiency compared to native vitamin D .  Exp Clin Endocrinol Diabetes .  2016 ; 124 ( 8 ): 461 – 465 .  10.1055/s-0042-103932 
L141:  27169685
L142: The superb assistance from the staff at the Clinical Research Unit (and in particular Bjørg Skog Høgset and Britt-Ann Winther Eilertsen) and the Department of Medical Biochemistry at the University Hospital of North Norway is gratefully acknowledged. The present study was supported by grants from the North Norway Regional Health Authorities (grant number SFP1277-16) and UiT—The Arctic University of Norway. The funders nor the providers of the study medication had no role in design, conduct, or analyses of the study.
L143: # pone.0225600.s001
L144: CONSORT 2010 checklist of information to include when reporting a randomised trial*
L145: | Section/Topic | Item No | Checklist item | Reported on page No |
L146: | --- | --- | --- | --- |
L147: | Title and abstract | Title and abstract | Title and abstract | Title and abstract |
L148: |  | 1a | Identification as a randomised trial in the title | 1 |
L149: |  | 1b | Structured summary of trial design, methods, results, and conclusions (for specific guidance see CONSORT for abstracts) | 2 |
L150: | Introduction | Introduction | Introduction | Introduction |
L151: | Background and objectives | 2a | Scientific background and explanation of rationale | 3 |
L152: | Background and objectives | 2b | Specific objectives or hypotheses | 3 |
L153: | Methods | Methods | Methods | Methods |
L154: | Trial design | 3a | Description of trial design (such as parallel, factorial) including allocation ratio | 4-5 |
L155: | Trial design | 3b | Important changes to methods after trial commencement (such as eligibility criteria), with reasons | NA |
L156: | Participants | 4a | Eligibility criteria for participants | 4 |
L157: | Participants | 4b | Settings and locations where the data were collected | 4 |
L158: | Interventions | 5 | The interventions for each group with sufficient details to allow replication, including how and when they were actually administered | 5 |
L159: | Outcomes | 6a | Completely defined pre-specified primary and secondary outcome measures, including how and when they were assessed | 6 |
L160: | Outcomes | 6b | Any changes to trial outcomes after the trial commenced, with reasons | NA |
L161: | Sample size | 7a | How sample size was determined | 7 |
L162: | Sample size | 7b | When applicable, explanation of any interim analyses and stopping guidelines | NA |
L163: | Randomisation: |  |  |  |
L164: | Sequence generation | 8a | Method used to generate the random allocation sequence | 5 |
L165: | Sequence generation | 8b | Type of randomisation; details of any restriction (such as blocking and block size) | 5 |
L166: | Allocation concealment mechanism | 9 | Mechanism used to implement the random allocation sequence (such as sequentially numbered containers), describing any steps taken to conceal the sequence until interventions were assigned | 5 |
L167: | Implementation | 10 | Who generated the random allocation sequence, who enrolled participants, and who assigned participants to interventions | 5 |
L168: | Blinding | 11a | If done, who was blinded after assignment to interventions (for example, participants, care providers, those assessing outcomes) and how | 5 |
L169: | Blinding | 11b | If relevant, description of the similarity of interventions | 5 |
L170: | Statistical methods | 12a | Statistical methods used to compare groups for primary and secondary outcomes | 7 |
L171: | Statistical methods | 12b | Methods for additional analyses, such as subgroup analyses and adjusted analyses | 7 |
L172: | Results | Results | Results | Results |
L173: | Participant flow (a diagram is strongly recommended) | 13a | For each group, the numbers of participants who were randomly assigned, received intended treatment, and were analysed for the primary outcome | Diagram +p 8 |
L174: | Participant flow (a diagram is strongly recommended) | 13b | For each group, losses and exclusions after randomisation, together with reasons | Diagram + p 8 |
L175: | Recruitment | 14a | Dates defining the periods of recruitment and follow-up | 8 |
L176: | Recruitment | 14b | Why the trial ended or was stopped | As planned |
L177: | Baseline data | 15 | A table showing baseline demographic and clinical characteristics for each group | Table 1 |
L178: | Numbers analysed | 16 | For each group, number of participants (denominator) included in each analysis and whether the analysis was by original assigned groups |  |
L179: | Outcomes and estimation | 17a | For each primary and secondary outcome, results for each group, and the estimated effect size and its precision (such as 95% confidence interval) | Table 2 |
L180: | Outcomes and estimation | 17b | For binary outcomes, presentation of both absolute and relative effect sizes is recommended | NA |
L181: | Ancillary analyses | 18 | Results of any other analyses performed, including subgroup analyses and adjusted analyses, distinguishing pre-specified from exploratory | 8 |
L182: | Harms | 19 | All important harms or unintended effects in each group (for specific guidance see CONSORT for harms) | 8 |
L183: | Discussion | Discussion | Discussion | Discussion |
L184: | Limitations | 20 | Trial limitations, addressing sources of potential bias, imprecision, and, if relevant, multiplicity of analyses | 10-11 |
L185: | Generalisability | 21 | Generalisability (external validity, applicability) of the trial findings | 9 |
L186: | Interpretation | 22 | Interpretation consistent with results, balancing benefits and harms, and considering other relevant evidence | 9-10 |
L187: | Other information | Other information | Other information |  |
L188: | Registration | 23 | Registration number and name of trial registry | 7 |
L189: | Protocol | 24 | Where the full trial protocol can be accessed, if available | NA |
L190: | Funding | 25 | Sources of funding and other support (such as supply of drugs), role of funders | 5 and 12 |
L191: *We strongly recommend reading this statement in conjunction with the CONSORT 2010 Explanation and Elaboration for important clarifications on all the items. If relevant, we also recommend reading CONSORT extensions for cluster randomised trials, non-inferiority and equivalence trials, non-pharmacological treatments, herbal interventions, and pragmatic trials. Additional extensions are forthcoming: for those and for up to date references relevant to this checklist, see www.consort-statement.org.
L192: # pone.0225600.s002
L193: The effect of vitamin D supplementation on cardiovascular risk factors in subjects with low serum 25-hydroxyvitamin D levels
L194: Version 6, 020516 (Protocol code number: TromsøEndo-2013-1)
L195: EUDRACT NR: 2013-003514-40. Vitamin D tilskudd og risiko for hjerte-kar sykdom
L196: Rolf Jorde, Elena Kamycheva, Johan Svartberg, Ragnar Joakimsen Guri Grimnes, Marie Kjærgaard, Yngve Figenschau, Ruth Paulssen, Jorid Degerstrøm, Arnfinn Andersen, Anne Sofie Furberg
L197: Tromsø Endocrine Research Group and Tromsø Gastroenterology Research Group, University of Tromsø, Norway.
L198: Content
L199: | Summary, English and Norwegian | 2 |
L200: | --- | --- |
L201: | Introduction | 3 |
L202: | Physiology of vitamin D | 3 |
L203: | Vitamin D and  disease states | 4 |
L204: | Vitamin D, fractures and falls | 4 |
L205: | Vitamin D and cardiovascular disease | 4 |
L206: | Vitamin D and diabetes | 5 |
L207: | Vitamin D and depression | 5 |
L208: | Vitamin D and risk factors for disease | 5 |
L209: | Vitamin D and bone mass density |  |
L210: | Vitamin D and blood pressure | 5 |
L211: | Vitamin D and lipids | 6 |
L212: | Vitamin D and glucose metabolism and sRAGE | 6 |
L213: | Vitamin D and inflammation | 6 |
L214: | Vitamin D and arterial stiffness and pulse wave pressure | 7 |
L215: | Vitamin D, muscle function, and cardio-respiratory fitness | 7 |
L216: | Vitamin D and the gut mikrobiome | 7 |
L217: | Ongoing large RCTs | 8 |
L218: | Hypotheses; Rationale for choice of vitamin D dose; Project plan | 9 |
L219: | Exclusion criteria | 10 |
L220: | Analyses | 11 |
L221: | Power calculations | 12 |
L222: | Statistical analyses; Randomization procedure | 14 |
L223: | Registration of adverse events; Management and Budget | 15 |
L224: | Compliance with strategic documents, relevance to society | 15 |
L225: | Ethical aspects and storage of data | 16 |
L226: | Communication with users and exploitation of results; References | 17 |
L227: | Attachments | 21 |
L228: | Signatures | 23 |
L229: | Amendment 1. Vitamin D and psoriasis | 24 |
L230: | Amendment 2. Vitamin D and BMD | 30 |
L231: | Amendment 3. Vitamin D and adipose tissue biopsies | 32 |
L232: | Amendment 4. Vitamin D and sleep | 41 |
L233: Summary
L234: Vitamin D is a hormone with effects not only on the skeleton, but on most tissues in the body. Lack of vitamin D is associated with cardio-vascular disease (CVD) and type 2 diabetes, and also with risk factors for these diseases like hypertension, dyslipidemia, insulin resistance, and endothelial dysfunction. However, intervention studies with vitamin D have been inconclusive regarding diseases and risk factors. Most of these studies were done in white, Western populations in subjects fairly vitamin D sufficient, and accordingly, no benefits were to be expected. Also, in many studies the doses of vitamin D have been too low, and the studies underpowered. To firmly establish the role of vitamin D regarding CVD risk factors we will in the present study include 600 subjects with vitamin D deficiency (serum 25-hydroxyvitamin D (25(OH)D) < 30 nmol/L) and randomize to high dose vitamin D (3000 IU per day) versus placebo for four months. The subjects will be recruited based on 25(OH)D measurements in the forthcoming 7th survey in the Tromsø study where more than 20 000 subjects are expected to attend. If our hypotheses are correct and the vitamin D supplement has a positive effect, this will be of great importance not only in countries with low sun exposure, but particularly for subjects in developing countries where vitamin D deficiency is highly prevalent.
L235: Norwegian summary
L236: Vitamin D er et hormon med effekt ikke bare på skjelettet, men på de fleste vev i kroppen. Mangel på vitamin D er assosiert med hjerte-kar sykdom og type 2 diabetes, samt med risikofaktorer for disse sykdommene så som hypertensjon, lipidforstyrrelser, insulin resistens og endotel dysfunksjon. Intervensjonsstudier med vitamin D har derimot så langt ikke vist sikker effekt på disse sykdommene og risikofaktorene. De fleste av disse studiene har vært gjort i hvite, vestlige populasjoner der deltagerne har hatt tilnærmet normal vitamin D status og en derfor ikke har kunnet forvente noen effekt. I tillegg har de doser av vitamin D som har vært benyttet trolig vært for lave og studiene for små. For med sikkerhet å etablere en rolle for vitamin D angående risikofaktorer for hjerte-kar sykdom, vil vi i denne studien inkludere 600 personer med vitamin D mangel (serum 25-hydroxyvitamin D (25(OH)D) < 30 nmol/L) og randomisere til høy dose vitamin D (3000 IU per dag) mot placebo i fire måneder. Personene vil bli rekruttert basert på 25(OH)D målinger i den kommende syvende Tromsøundersøkelsen hvor mer enn 20 000 personer forventes å delta. Hvis vår hypotese er korrekt og vitamin D tilskudd har positiv effekt, vil dette ha stor betydning ikke bare i land med lav sol eksponering, men spesielt i utviklingslandene der vitamin D mangel er svært utbredt.
L237: Introduction
L238: Citation from Editorial by Robert Heaney in the  Journal of Medicine, 2012:
L239: “There has been more ink spilled over the efficacy of vitamin D than over that of most nutrients, with the possible exception of sodium. Why is this? Dozens of randomized, controlled trials have been conducted — some large, and many small. Unfortunately, their results have been inconsistent — some positive, some null, and the odd one or two actually negative. Even the many available meta-analyses on the topic have yielded inconsistent results. If vitamin D is actually efficacious, why is there this inconsistency?                        ……It is clear that giving additional amounts of a nutrient to persons who already have enough, or not giving enough to push a person with a deficiency up onto the ascending limb of the response curve, is likely to produce a null response.   …..We have continued to conduct trials (and include them in meta-analyses) without regard to ensuring the presence of two key features: baseline status and dose adequacy” (1).
L240: There is no doubt that vitamin D is of vital importance for skeletal health with vitamin D deficiency in childhood leading to rickets and to osteomalacia and osteoporosis in adults (2). However, there are many indications for extra-skeletal effects of vitamin D which are to be expected as the vitamin D receptor (VDR) and the enzyme needed for local activation of vitamin D are found in numerous tissues (2). Furthermore, cross-sectional and longitudinal studies show a strong association between vitamin D deficiency and cardiovascular disease, cancer and diabetes; as well as risk factors for these diseases (2). However, whether there is a causal relation is still uncertain, which needs to be answered by properly performed randomized controlled trials (RCT). So far results from RCTs with vitamin D have generally been inconclusive for three reasons (1):
L241: - The subjects included have been vitamin D sufficient and accordingly no benefits were to be expected
L242: - The doses of vitamin D given have been too low
L243: - The studies have been underpowered
L244: In the present study we will therefore include a large number of subjects with vitamin D deficiency and randomize to high dose vitamin D versus placebo to firmly establish an effect (if present) of vitamin D supplementation on cardiovascular risk factors. In view of the increasing focus on vitamin D in the media, increasing number of serum of 25-hydroxyvitamin D (25(OH)D) measurements performed in clinical practice, and increasing and uncritical use of vitamin D supplements, the present study is important and of high relevance not only for people living in the high North with limited sun exposure, but worldwide. In particular, it is relevant for older subjects where vitamin D deficiency is most frequently seen (2).
L245: Physiology of vitamin D
L246: Vitamin D is an ancient hormone with a multitude of functions. The main source of vitamin D is solar UV-radiation, and except for fatty fish there are few dietary sources (2). Both dietary and solar vitamin D undergo a hydroxylation in the liver to 25(OH)D which is the biochemical marker that best reflects the vitamin D status of the body (1). 25(OH)D serves as a substrate for 1-α-hydroxylase in the kidneys, which under tight regulation forms the active form of the vitamin, 1,25-dihydroxyvitamin D (1,25(OH)2 D). The main regulator is parathyroid hormone (PTH), which increases the formation of 1,25(OH)2 D as a response to low serum calcium levels. In addition, the enzyme 1-α-hydroxylase has also been found in extra-renal tissues, and activation of vitamin D can therefore occur locally (1). What regulates this local activation is not known.
L247: In the circulation both 25(OH)D and 1,25(OH)2D are bound to plasma proteins, and less than 1% circulate in free form. The main binding protein is vitamin D binding protein (DBP) which accounts for more than 90 % of the vitamin D transportation. The active form of vitamin D binds to the VDR which is a nuclear receptor. This receptor has been found not only in the intestines, but in tissues throughout the body (1).
L248: Vitamin D is essential for intestinal calcium absorption and plays a central role in maintaining calcium homeostasis and skeletal integrity. In accordance with the wide tissue distribution of 1-α-hydroxylase and VDR, vitamin D also has extra-skeletal effects. Thus, it appears to affect cell proliferation and inflammation, and low serum levels of 25(OH)D have been associated with a number of diseases (2). It has recently been shown that the serum levels of 25(OH)D and 1,25(OH)2D are not only determined by intake of vitamin D and sun exposure, but also by genetic factors (3). Furthermore, the function of the VDR is also genetically determined (4), which has to be taken into account when evaluating effects of vitamin D supplementation.
L249: Vitamin D and disease states.
L250: Vitamin D deficiency has been linked to osteoporosis, fractures, falls, cardiovascular disease (CVD), type 2 diabetes (T2DM), immunological diseases, cancer, cognitive decline, depression, infections and mortality (2).
L251: Vitamin D, fractures and falls
L252: The importance of vitamin D for bone is well known, and supplementation with vitamin D, at least when given together with calcium, increases bone density (5). A low serum 25(OH)D level is also a risk factor for future fractures (6), and a 30 % reduction in risk of hip fracture and 14 % reduction in risk for non-vertebral fracture are observed if giving 800 IU vitamin D per day or more (7). This might be explained through improved muscle function and prevention of falls as has been shown in RCTs (8).
L253: Vitamin D and CVD
L254: There is a clear association between vitamin D deficiency and risk of coronary heart disease. In a meta-analysis by Wang et al. including 19 prospective studies with 6123 CVD cases in 65 994 participants there was a 52 % increased risk of future CVD in those in the lowest compared to those in the highest serum 25(OH)D category (9).  However, RCTs do not show a clear effect of vitamin D supplementation. Thus, in a meta-analysis by Elamin et al. including 51 RCTs they were unable to demonstrate a statistically significant reduction in mortality and CVD associated with vitamin D intake. However, the quality of the available evidence was low to moderate at best (10).
L255: Vitamin D and diabetes
L256: Vitamin D status may influence the risk of developing T2DM. In a meta-analysis by Khan et al. comprising 210 107 participants with 15 899 metabolic events, individuals in top versus bottom thirds of baseline 25(OH)D had a 20 % reduced risk of developing T2DM (11). However, large RCTs showing a convincing effect of vitamin D supplementation on glycemia and/or development of T2DM are still lacking, and the question “Vitamin D and diabetes, much ado about nothing?” was the title of a recent editorial on the subject (12).
L257: Vitamin D and depression
L258: The VDR is found in numerous cells in the CNS and lack of vitamin D and/or lack of VDR (VDR-knock out mice) have effects on behavior in animal studies (13). We have reported an association between low serum 25(OH)D and depression in the Tromsø study (14) which has been confirmed by others (15). We have also found a positive effect of vitamin D supplementation on depressive symptoms in one study (16); however, we were not able to reproduce that finding in a second one (17).  Low levels of 25(OH)D are also associated with impaired cognitive function in cross-sectional and prospective studies, but RCT data are lacking (18).
L259: Vitamin D and infections
L260: A number of infections, like influenza, are more prevalent during the winter than the summer, and it has been suggested to associated with the vitamin D status (19). In-vitro studies support that vitamin D may have immune-stimulatory effects (20), and vitamin D may have a role as adjuvant therapy for tuberculosis (21).
L261: We have previously found that there is as association between S. aureus nasal colonization and carriage and serum 25(OH)D levels (22). However, if this relation is causal is not known.
L262: Vitamin D and risk factors for disease.
L263: If there is a causal link between vitamin D deficiency and CVD and T2DM this could be mediated by an effect on known risk factors like blood pressure (BP), lipids, insulin resistance, endothelial function, cardio-respiratory fitness; and for fractures and falls, bone mass density (BMD) and muscle function.
L264: Vitamin D and BMD
L265: Reduced BMD is a major risk factor for future fractures. Although the importance of vitamin D for prevention of rickets is undisputed, the effect of vitamin D supplementation on BMD in subjects without profound vitamin D efficiency is questionable, as demonstrated in a recent review and meta-analysis (23). In our study the response in bone turnover markers, which can be considered a surrogate measure for effect on bone and is rapid, will be used to evaluate the effect on bone metabolism.
L266: Vitamin D and BP
L267: From animal studies it appears that vitamin D has an inhibitory effect on the renin-angiotensin system (24), and low serum 25(OH)D is associated with hypertension (25). RCTs have thus far failed to confirm an effect of vitamin D supplementation on BP (26). However, almost all studies on vitamin D and BP have been done using standard office BP, and it appears that  central BP appears to be more sensitive to vitamin D supplementation than the peripheral BP (27).
L268: Vitamin D and lipids
L269: Similar as for BP, we have in the Tromsø study found low serum 25(OH)D to be associated with an unfavourable lipid profile (28). Furthermore, an increase in serum 25(OH)D was associated with a significant decrease in serum triglycerides (28). However, so far no convincing effects have been shown in intervention studies (29).
L270: Vitamin D and glucose metabolism
L271: With increasing serum 25(OH)D levels there is a decrease in HbA1c, fasting glucose and insulin (30). However, results from RCTs are non-conclusive. In the latest review and meat-analysis on this topic by George et al. that included 15 trials, no significant effect was seen on any measure of glucose metabolism in the studies combined (31).
L272: Vitamin D and sRAGE
L273: AGEs and their receptors are strongly implicated in the development of vascular diseases. When stimulated by AGEs, the receptors for AGEs (RAGEs) induce inflammation and are thought to fuel disease progression. These detrimental effects of RAGE may be counteracted by soluble RAGE (32). One RCT has reported increased serum sRAGE after supplementation with vitamin D which could therefore have a protective effect against the inflammatory action of AGE. This could possibly be another explanatory mechanism for vitamin D’s effects on chronic diseases (33).
L274: Vitamin D and IFN-γ mediated inflammation
L275: The pathogenesis of atherosclerosis is recognized as an inflammatory process and low levels of vitamin D have been linked to increased inflammation. Atherosclerotic plaques are infiltrated by activated macrophages and lymphocytes, contributing to disease progression. The monocyte-activating cytokine IFN-γ has been linked to acute atherosclerotic complications including major coronary events and death. As IFN-γ has a short half-life, other circulating markers (like kynurenine-to-tryptophan ratio (KTR) and neopterin), are often used as indicators of the activity of this cytokine (34). Vitamin D has been shown to supress IFN-γ mediated macrophage activation in vitro (35), and if replicated in vivo could be another explanatory mechanism for vitamin D’s actions.
L276: There is a strong connection between the kynurenine metabolism and vitamin B6, as several enzymes in the kynurenine pathway require either B6 or B2 as co-factors. Pyridoxal 5`-phosphate (PLP) is the most commonly used serum marker of vitamin B6 status, and low levels of PLP are associated with inflammation. The vitamin B6 status therefore supplements the interpretation of changes in IFN-γ mediated macrophage activation (36).
L277: Vitamin D and arterial stiffness and pulse wave velocity (PWV)
L278: It is well established that vascular endothelial dysfunction and arterial stiffness precede and contribute to the development of CVD and predict long-term morbidity and mortality (37). Few studies have related this to vitamin D, but in a study by Al Mheid et al. where 554 subjects were included, impaired flow-mediated vaso-dilatiation and increased PWV was associated with vitamin D insufficiency (38). In the only related RCT so far, Sudgen et al. found that a single large dose of vitamin D improved flow mediated vasodilatation of the brachial artery in  subjects with T2DM (39).
L279: Vitamin D and muscle function
L280: Vitamin D exerts a range of effects in skeletal muscle. Profound muscle weakness and changes in muscle morphology of adults with vitamin D deficiency have long been described. In clinical reports significant improvement in muscle strength in subjects with vitamin D myopathy is observed within three months after vitamin D substitution (40). Cross-sectional studies on muscle strength and serum 25(OH)D have in general showed a positive association (41, 42). Thus, for hand-grip the strength appears to increase with 0.09 kg per nmol/L, provided the serum 25(OH)D is below 60 nmol/L (43). However, RCTs are lacking (38).
L281: Cardio-respiratory fitness
L282: Poor cardio-respiratory fitness is a risk factor of CV morbidity and mortality (39). Maximal oxygen uptake is a recognized measure of cardiorespiratory fitness, and is inversely related to serum 25(OH)D levels (45, 46). However, so far there are no intervention studies with vitamin D published.
L283: Vitamin D and the gut microbiome
L284: The human gut microbiome (the gut flora) has been the focus of intense research the last decade due to the development of new techniques like genomic sequencing and array-based microbial identification. The microbiome has been shown to interact with the host in several ways in health and disease, including modulating the inflammatory host response to the gut, synthesizing small molecules and proteins that are taken up by the host, and changing the amount of available energy in the diet (47). A potential role for the microbiome in the development of several diseases, in particular auto-immune and allergic diseases and obesity, has been suggested (48).
L285: Vitamin D is one potential regulator of the microbiome as well as the intestinal epithelial defense against infectious agents. Thus, Ooi et al. (49) demonstrated that mice without the VDR (knock-out mice) developed dysbiosis and greater susceptibility to injury in the gut, and Assa et al. (50) found vitamin D-deficient mice to have an altered composition of the fecal microbiome, increased colonic hyperplasia and epithelial barrier dysfunction. So far no studies on the effect of vitamin D in human gut microbiome has been published.
L286: Ongoing large RCTs
L287: Whether vitamin D deficiency is causally related to the above mentioned diseases is therefore uncertain. Similarly, there is no agreement on what are adequate or optimal serum 25(OH)D levels. This has been addressed by two recent reports; the first from the Institute of Medicine (IOM), at the request of the U.S. and Canadian governments, concluding that serum levels of 25(OH)D higher than 50 nmol/L have not been shown consistently to confer greater benefits (51); and the second as a response from the American Endocrine Society concluding that a 25(OH)D level above 75 nmol/L may have additional health benefits in reducing the risk of common cancers, autoimmune diseases, T2DM, CVD, and infectious diseases (52).
L288: - Both of these reviews, as practically every paper written about clinical effects of vitamin D, advocate that “more RCTs have to be performed”. An indeed, five large RCTs (The VITAL study in the US with 25 000 subjects, The FIND study in Finland with 18 000 subjects, The VIDA study from New Zealand with 5100 subjects, The European DOHealth study with 2150 subjects, and The VIDAL study from the UK with 20 000 subjects) with daily doses ranging from 2000 IU to 3200 IU are on the way to address key questions about vitamin D supplementation and health. The results are expected in 2017- 2020 (53).
L289: However, it should be noted that in none of these large trials are vitamin D deficiency an inclusion criteria, and the study populations from where the participants are recruited are in general not at high risk for vitamin D deficiency. As pointed out by Pilz et al. in a letter published in Science: “Instead of performing these kinds of RCTs, the design of the ongoing vitamin D trials resembles previous (disappointing) vitamin trials, which attempted to establish a dose that should fit for the entire population. If the current vitamin D trials fail, we will ask ourselves why we did not perform RCTs exclusively in vitamin D–deficient patients rather than attempting to base conclusions on a heterogeneous population. Subgroup analyses of existing trials will not satisfy health authorities” (54).
L290: Similarly, RCTs on surrogate endpoints like BP, lipids and insulin sensitivity have been inconclusive in spite of a considerable number of studies published, probably because the subjects included were not truly vitamin D deficient. According to the most recent meta-analyses, only one out of 10 studies on BP (26), three out of 10 studies on lipids (29), and one out of 15 studies on glucose metabolism (31) have included subjects with mean baseline serum 25(OH)D below 30 nmol/L. The reason for having included subjects with what many today would have called sufficient vitamin D levels, was the belief that the optimal serum 25(OH)D, based on ecological studies, should be between 100 and 150 nmol/L (55). In retrospect that was obviously wrong, and an effect (if present) will be most easily seen in those lacking the substance given.
L291: Hypothesis
L292: We believe that previous RCTs due to inclusion of vitamin sufficient subjects have masked important vitamin D effects. Our hypothesis is therefore:
L293: High dose vitamin D supplementation will improve CVD risk factors in subjects with vitamin D deficiency, improve muscle strength and cardio-respiratory fitness, mood, cognitive function, PWV and endothelial function, reduce the rate of S. aureus nasal colonization  and carriage, and cause beneficial changes in  the gut microbiome.
L294: The primary endpoints will be the difference in change between the vitamin D and placebo group in CVD risk factors (BP, lipid profile, insulin resistance) after four months.
L295: The secondary endpoints will be:
L296: Difference in change in muscle strength (hand-grip, quadriceps, biceps, maximal oxygen uptake) after four months
L297: Difference in BDI score after four months
L298: Difference in cognitive function tests after four months
L299: Difference in PWV, augmentation index (AIX), and subendocardial viability ratio (SEVR)  after four months
L300: Difference in S. aureus nasal colonization  and carriage after four months
L301: Difference in gut microbiome after four months
L302: The only way to show these effects is to perform the proper RCT.
L303: Rationale for choice of vitamin D dose
L304: Neither the “sufficient” nor the “optimal” serum 25(OH)D levels are known, but it is likely that the “therapeutic window” is wide. In order not to give a too low dose, and to stay well below what might be considered unhealthy (51), we will aim at a serum 25(OH)D level of 80 nmol/L. Based on our previous intervention studies (EUDRACT numbers 2004-004423-35, 2006-003186-14, 2007-001178-33, 2012-002082-35) where we have not seen any serious side effects with doses ranging from 3000 to 6000 IU vitamin D (cholecalciferol) per day, and as it does take some time for the serum 25(OH)D level to increase, we will start with a loading dose of 100.000 IU followed by 3000 IU per day. For the parameters in question we consider a four months intervention period sufficient.
L305: Project plan
L306: The Tromsø Study is a population based health survey that will be performed for the seventh time in 2015 (56). Approximately 30 000 subjects will be invited and at least 20 000 are expected to attend. We anticipate a consent rate of 50 % for the present study and will include 600 subjects (see power calculation). Accordingly, we will invite those with serum 25(OH)D < the 7th percentile. In case the consent rate is lower than 50 %, we will increase the cut-off to the 10th percentile.
L307: Serum 25(OH)D will be measured consecutively (or weekly). The 7th percentile for serum 25(OH)D cannot be set beforehand (the 25(OH)D assay in the last Tromsø survey in 2008 was an immunological method whereas in 2015 a LC-MSMS method will be used), and the 25(OH)D cut-off for invitation will be decided as the study moves along. Males and females 20 – 80 years old will be invited by mail with a short covering letter with the consent form enclosed (which they may keep as their own copy). If interested in participating, they will have to return the covering letter (where there will be a “yes” box to tick) in a prepaid envelope. If there is no response within two weeks a reminder will be sent. Those responding will then be contacted by a study nurse, given further information, asked about height and weight (to be used in the randomization stratification only), and if there are no contraindications in the medical history, an appointment for the first visit at the Clinical Research Unit at the University Hospital of North Norway will be made. At this first visit, in the morning after over-night fasting, the consent form will be signed, blood samples drawn, medical history (including medication) taken, questionnaires on vitamin D intake, physical activity, solar exposure, and Becks depression inventory (BDI) filled in, simple clinical tests performed, height, weight, hip and waist circumference and conventional BP measured. The subjects will be asked to bring a morning urine sample to this first visit. The subjects will be instructed on how to collect a stool sample that they are to bring with them to the next visit.
L308: The second visit will be one of the following days with a second time conventional BP measurement, measurement of cognitive function, PWV, endothelial function and muscle strength, and nasal, throat and skin swab cultures for detection of S.aureus will be taken. If no contraindications from the medical history, clinical tests, BDI, and routine blood tests, the study drugs (capsules with 20 000 IU vitamin D or identically looking placebo) will be dispensed. While at the Clinical Research Unit the subject is to take five capsules and thereafter one capsule every week until the next visit after four months (average daily dose 3000 IU). We will use text message by mobile phone to remind the subjects to take the capsules.  After eight weeks the subjects will be contacted by phone for registration of adverse events. After four months the same procedures as at baseline will be repeated and unused study drugs counted. At the end of the study all subjects (regardless of treatment allocation) will be advised to take vitamin D supplementation 800 IU per day and scheduled for measurement of serum 25(OH)D at the outpatient clinic after one year. During the study the subjects may not take vitamin D supplementation, including cod liver oil.
L309: For measurement of maximal oxygen uptake we will include 200 subjects that are reasonably fit (preferably without BP medication and no cardiovascular disease). They will get an appointment for the treadmill exercise shortly after the second visit both at baseline and after four months. They will be given the loading dose after the treadmill exercise.
L310: Exclusion criteria
L311: - subjects allergic to nuts (the study capsules contain peanut oil)
L312: - subjects  with primary hyperparathyroidism
L313: - granulomatous diseases (sarcoidosis, tuberculosis, Wegner’s granulomatosis)
L314: - reduced kidney function (creatinine > 130 μmol/L in males and 120 μmol/L in females)
L315: - systolic BP > 174 mmHg, diastolic BP > 104 mmHg,
L316: - diabetes (fasting blood glucose > 6.9 mmol/L and/or HbA1c > 6.5 %)
L317: - renal stones the last five years
L318: - subjects who use solarium on a regular basis (more than twice a month on average)
L319: - subjects who plan holiday(s) in tropical areas (or Mediterranean during the summer months) for more than two weeks
L320: - subjects with BDI score higher than 29
L321: - subjects with clinical signs of proximal myopathy (problems with standing up from chair or walking stairs)
L322: - subjects seriously ill and unfit for participation in a clinical study (as judged by one of the study doctors)
L323: - subjects using vitamin D supplements exceeding 800 IU  per day or active vitamin D drugs (Rocaltrol or Etalpha)
L324: Females of child bearing potential (below the age of 50) may participate if they use acceptable methods of contraception (hormonal, IUD); if living in a relation with a partner who has been sterilized; if living in a lesbian relationship; or do not have or wish to have a male partner. If, in spite of the above, a pregnancy occurs during the study, that will lead to exclusion form the study. In females < 50 years a pregnancy test will be performed at inclusion.
L325: .
L326: If a subject during the study develops renal stones, serious disease that interferes with the intake of vitamin D, or a granulomatous disease, the subject will be excluded from the study. If clinical disease or pathological biochemical tests are found during the study, this will be followed up as clinically relevant.
L327: Analyses
L328: At inclusion and after four months fasting blood samples will be drawn for the following analyses:
L329: - Hgb, SR, albumin, calcium, phosphate, creatinine, CK, HS-CRP, ASAT, ALAT, total cholesterol, HDL-cholesterol, LDL-cholesterol, triglycerides, Apolipoprotein A1, Apolipoprotein B, free thyroxine, TSH, glucose, HbA1c, insulin, C-peptide, s-RAGE,  caboxy-methyllysin  (CML, a robust glycosylation marker), 25(OH)D, DBP, PTH, bone formation and resorption markers (P1NP, CTX-1, BAP Leptin, Osteocalcin, OPN - Osteopontin, Osteoprotegerin, SOST, TNF-α, RANKL), serum markers of IFN-γ mediated macrophage activation and vitamin B6 status.
L330: - As vitamin D functions through the VDR and gene transcription, an effect of vitamin D will be expressed in the amount mRNA in the tissues, and also in peripheral blood (57). Blood will therefore be drawn for measurement of RNA expression. At inclusion blood for DNA extraction will be drawn for determination of relevant vitamin D polymorphisms (3).
L331: Additional serum and blood samples for back-up will be stored in the project-specific bio-bank for which the project leader Rolf Jorde will be responsible. Morning urine sample will be collected.
L332: The vitamin D SNPs will be analyzed by KBioscience, UK, RNA microarray will be performed at The University of Tromsø, DBP will be analyzed by The Hormone Laboratory, Aker University Hospital, and all other analyses at the Department of Medical Biochemistry, University Hospital of North Norway.
L333: Insulin sensitivity will be evaluated both with the HOMA-IR index and Quantitative Insulin Sensitivity Check Index (QUICKI) (58).
L334: BP will be measured with an automatic device after a rest of 15 min. Three measurements will be made with 2 min in between. The mean of the last two will be used in the analyses. In addition, the central BP will be measured with the Pulsecor device (Uscom, Sydney, Australia) (27).
L335: Depression will be evaluated with BDI (17), and cognitive function with The Twelve Word Memory Test, The Digit Symbol-Coding Test, and The Tapping Test (59).
L336: Hand-grip, quadriceps and biceps muscle strength will be evaluated by hand held dynamometry (60).
L337: Arterial stiffness and endothelial function will be evaluated with PWV, augmentation index (AIX), and subendocardial viability ratio (SEVR) using the Pulsecor device which also enables measurement of central blood pressure (27, 38).
L338: Maximal oxygen uptake will be evaluated with graded treadmill exercise at the University of Tromsø in a sub-group of 200 subjects (61).
L339: The nasal, throat and skin samples for S. aureus will be analyzed at the Department of Microbiology, University Hospital of North Norway.
L340: The microbiome in the stool samples will be analyzed in batch at the end of the study in 2017. As the technology for these kind of analyses are rapidly changing, the method and laboratory will be decided later.
L341: Power calculations
L342: In Tromsø 7 some 30.000 subjects will be invited and an attendance rate of 75 % is a reasonable goal. Thus, at least 20 000 subjects will attend. We will include subjects with serum 25(OH)D < 7th percentile which in the 6th Tromsø study corresponded to 30 nmol/L. We will give a high dose of vitamin D to quickly raise the serum level to above 75 nmol/L (corresponding to the 75th percentile), aiming at 80 nmol/L. If the difference in the various parameters between those with serum 25(OH)D < 30 nmol/L and those > 80 nmol/L is solely due to vitamin D, then this corresponds to the maximum effect one can achieve with vitamin D supplementation in vitamin D deficient subjects. However, a more realistic effect would be 2/3 of this difference. In the table below the SD for the endpoints, the differences in end point measure between low and high serum 25(OH)D, and the number needed if wanting a power of 0.8 and P < 0.05, are shown. Unfortunately, information on endpoint values corresponding to serum 25(OH)D < 30 and > 80 nmol/L is generally not available. Therefore, the best available information is used and the “low” and “high” levels which the calculations are based upon are shown in the table.
L343: | Parameter | Difference between low and high serum 25(OH)D | 2/3  of  diff. | SD | N needed  to  include |
L344: | --- | --- | --- | --- | --- |
L345: | Primary endpoints |  |  |  |  |
L346: | Office systolic BP (mmHg) (25)        Low 25(OH)D < 30, high 25(OH)D > 90 nmol/L | 10 | 6.7 | 24 | 450 |
L347: | Office diastolic BP (mmHg) (25)        Low 25(OH)D < 30, high 25(OH)D > 90 nmol/L | 5 | 3.3 | 12 | 410 |
L348: | Central systolic BP (mmHg) (27)        Low 25(OH)D < 56, high 25(OH)D > 107 nmol/L | 7 | 5 | 14 | 320 |
L349: | Serum triglycerides (mmol/L) (28)          Low 25(OH)D < 25, high 25(OH)D > 74 nmol/L | 0.39 | 0.26 | 0.82 | 300 |
L350: | Serum HDL-cholesterol (mmol/L) (28)         Low 25(OH)D < 25, high 25(OH)D > 74 nmol/L | 0.14 | 0.09 | 0.38 | 490 |
L351: | Insulin resistance (HOMA) (62)        Low 25(OH)D < 10, high 25(OH)D > 90 percentil | 0.86 | 0.57 | 2.0 | 400 |
L352: | Secondary endpoints |  |  |  |  |
L353: | Muscle (knee extensor) (kg) (41)        Low 25(OH)D < 50, high 25(OH)D > 50 nmol/L | 1.8 | 1.2 | 2.6 | 150 |
L354: | Muscle (hip flexor) (kg)  (41)        Low 25(OH)D < 50, high 25(OH)D > 50 nmol/L | 2.6 | 1.7 | 3.0 | 100 |
L355: | Muscle (hand grip) (kg) (63)        Low 25(OH)D < 25, high 25(OH)D > 50 nmol/L | 4.0 | 2.7 | 10 .0 | 420 |
L356: | Maximal oxygen uptake (ml/kg/min) (45)        Low 25(OH)D < 50, high 25(OH)D > 75 nmol/L | 6.9 | 4.6 | 10.3 | 150 |
L357: | Bone marker BALP (U/L) (64, 65)        Low 25(OH)D < 12, high 25(OH)D > 41 nmol/L | 4.5 | 3.0 | 10.4 | 400 |
L358: | Arterial stiffness, PWV (m/sec) (38, 66)        Low 25(OH)D < 25, high 25(OH)D > 100 nmol/L | 0.75 | 0.50 | 2.0 | 500 |
L359: | Arterial stiffness, PWV (m/sec) (67)        Low 25(OH)D < 50, high 25(OH)D > 50 nmol/L | 1.40 | 0.90 | 1.8 | 120 |
L360: For arterial stiffness (PWV) two studies are included in the table since the published results differ considerably.
L361: For depression we have previously found the BDI score to be significantly higher in subjects with serum 25(OH)D below  than above 40 nmol/L in a study on 441 subjects and a slight but significant improvement after high dose vitamin D supplementation. As these scores are not normally distributed, a formal power calculation cannot be performed. For cognitive function we have no relevant data.
L362: Based on the above we will need 500 subjects to complete the intervention to have a reasonable chance of demonstrating an effect of the vitamin D intervention on the primary endpoints. If assuming a drop-out rate of 16 %, we will have to include 600 subjects in the study.  For testing of maximal oxygen uptake we will include 200 subjects.
L363: These calculations are conservative as the SD are derived from more heterogeneous populations than the selected group we will include, and the difference in serum 25(OH)D levels between the low and high groups are for most parameters less than that we will have in the vitamin D group versus the placebo group after the intervention.
L364: Statistical analyses
L365: For between-group comparisons of placebo and vitamin D groups at baseline Student’s t-test, Mann-Whitney test or chi-square tests will be used. To compare the effect of vitamin D and placebo on the outcome variables, we will use ANCOVA models adjusting for the baseline value and relevant confounders (68), presenting the relative effect of vitamin D to the effect of placebo (set to 1 as reference). The results will be analysed both as intention-to-treat-analyses (with last observation carried forward) and per-protocol analyses. Tests for interactions between treatment group and sex, above or below serum 25(OH)D 25 nmol/L, and BMI will be performed for the primary outcome variable BP. Bonferroni corrections will be performed where appropriate, and P < 0.05 will be considered a significant finding.
L366: Randomization procedure
L367: The randomization will be stratified according to gender, vitamin D status (above/below 25 nmol/L), smoking status and BMI (< 27 kg/m2 and > 27 kg/m2, calculated from that reported on phone screening). The study nurse will give this information to the hospital’s randomization unit after the phone screening. Based on this the randomization unit will assign the subject with a randomization number using a block randomization procedure. This randomization number will be sent to the Clinical Research Unit (who do not have the randomization key) and to the Hospital Pharmacy (who do have the randomization key) and who will dispense the study medication accordingly. With this procedure the Hospital Pharmacy will have sufficient time to dispense and label the study medication before the subject comes to the second visit.
L368: At the first visit the subject will sign the consent form.  At the second visits the nurses at the Clinical Research Unit will pick up the study medication at the Hospital Pharmacy, by which time the results from the blood tests and BDI will be ready.
L369: The subjects randomized to placebo will receive one box with placebo capsules; the subjects randomized to vitamin D will receive one box with vitamin D capsules. Each box will contain 25 capsules (each vitamin D capsule will contain 20 000 IU cholecalciferol (vitamin D3)). We will use vitamin D and placebo medication identical to that used in previously approved studies (EUDRACT numbers 2004-004423-35, 2006-003186-14, 2007-001178-33, 2012-002082-35). As a loading dose five capsules are to be taken before leaving the Clinical Research Unit at the second visit (or after the treadmill exercise). Thereafter one capsule is to be taken each week. The randomization number will follow the participant throughout the study.
L370: Registration of adverse events
L371: All adverse events will be registered on a specific form and kept in the subjects file at the Clinical Research Unit, University Hospital of North Norway (Attachment 1). A copy of the form will be sent to Elena Kamycheva for classification and if relevant, reporting to the health and ethics authorities (Attachment 2). At the telephone call after eight weeks the subjects will be asked for occurrence of adverse events.
L372: Management
L373: The study will be organized by the Tromsø Endocrine Research Group, headed by Professor Rolf Jorde (project leader). Tromsø Endocrine Research Group has had vitamin D as main focus the last eight years with 42 papers on vitamin D published in international journals. In particular, the group has performed five large RCTs with vitamin D and has one ongoing intervention study with 511 subjects with impaired glucose tolerance. The study will be performed at the Clinical Research Unit at the University Hospital of North Norway where there is more than 20 years of experience with RCTs.
L374: Collaborators in the study:
L375: Elena Kamycheva MD PhD will have the study as her main post doc project and be the daily manager.
L376: Professor Johan Svartberg will be responsible for clinical evaluation of participants
L377: Ragnar Joakimsen MD, PhD will be responsible for the statistical analyses
L378: Guri Grimnes MD, PhD and Jorid Degerstrøm MD and Arnfinn Andersen will be responsible for the muscle testing
L379: Marie Kjærgaard MD, PhD will be responsible for the BDI and cognitive tests
L380: Professor Yngve Figenschau  will be responsible for the biochemical analyses
L381: Professor Ruth Paulssen will be responsible for the RNA analyses
L382: Anne Sofie Furberg, PhD will be responsible for the S. Aureus and microbiome part of the study
L383: Budget
L384: The project will be financed by funds available to the Tromsø Endocrine Research Group
L385: Compliance with strategic documents and relevance to society
L386: At the University of Tromsø and the University Hospital of North Norway, studies on chronic diseases (and especially CVD) have top priority.
L387: The prevalence of vitamin D deficiency is high worldwide (69). If we can demonstrate an effect on CVD risk factors in those deficient, this will be an important contribution to the ongoing discussion on vitamin D supplementation.
L388: Ethical aspects
L389: The project according to Protocol Version 3 has been approved by the Regional Ethics Committee and the National Medicines Agency. The study is approved to be performed at  the Clinical Research Unit, University Hospital of North Norway.The present revised Version 4 will be submitted to the Regional Ethics Committee and the National Medicines Agency for approval. The study will follow the guidelines “Forskrift om klinisk utprøvning av legemidler til mennesker” FOR-2009-10-30-1321 and ICH guidelines E6 for GCP.
L390: The study will be registered in ClinicalTrial.gov. A signed informed consent will be obtained from all subjects. The subjects will receive a gift card value 200 NKR to cover travel expenses in the study.
L391: The present study does raise some important ethical questions as we will include and randomize subjects that according to Norwegian as well as international standards are vitamin D deficient (51, 52). However, these recommendations are based on cross-sectional studies, and at present there is no hard evidence that supplementation with vitamin D, except for the skeleton, will give health benefits. Also, vitamin D deficiency (even 25(OH)D levels < 15 nmol/L) is only associated with slightly elevated BP, modest dyslipidemia, modest insulin resistance and marginally increased scores on depression questionnaires like BDI. Accordingly, there is no rush to treat these subjects with vitamin D, unless they have overt clinical symptoms of vitamin D deficiency, which for practical purposes are restricted to proximal myopathia and severe depression.
L392: Furthermore, we have with purpose chosen a short intervention period which for the parameters in question should be long enough to demonstrate an effect, and short enough to justify postponement of vitamin D supplementation in those randomized to placebo.
L393: We will include the subjects as soon as possible after their visit in the Tromsø study by having the serum 25(OH)D measurements run as quickly as possible. In previous Tromsø studies the serum 25(OH)D measurements have been done in large batches and the results were therefore not available before a year after participation. Furthermore, without this RCT it is unlikely that serum 25(OH)D (which is an expensive analysis and financially linked to this RCT) will be measured  at all.
L394: And finally, all participants will be advised to take vitamin D after the intervention with a scheduled control after one year.
L395: Storage of data
L396: In the hospital records participation in the study and attendance at the visits will be registered as well as results of routine blood analyses. All data will be saved without name or personal identification number. A code list will connect the participants to the stored data. The code list and the data will be stored for 15 years after termination of the study and then destroyed.
L397: Communication with users and exploitation of results
L398: The publications will be written in cooperation between the members of the Tromsø Endocrine Research Group. Decision on authorship will be done by Rolf Jorde. Considering the size of the study and the general interest in vitamin D both in the scientific community and the general public, communications with users and exploitation of the results will not be a problem.
L399: References
L400: Heaney RP. Vitamin D-baseline status and effective dose. N Engl J Med  2012; 367: 77-8
L401: Holick MF. Vitamin D deficiency. N Engl J Med 2007; 357: 266-81
L402: Wang TJ, et al. Common genetic determinants of vitamin D insufficiency: a genome-wide association study. Lancet 2010; 376: 180-8
L403: Raimondi S, et al. Review and meta-analysis on vitamin D receptor polymorphisms and cancer risk. Carcinogenesis 2009; 30: 1170-80
L404: Rizzoli R et al. The role of calcium and vitamin D in the management of osteoporosis. Bone 2008; 42: 246-9
L405: van Schoor NM, et al. Vitamin D deficiency as a risk factor for osteoporotic fractures. Bone 2008; 42: 260-6
L406: Bischoff-Ferrari HA, et al. A pooled analysis of vitamin D dose requirements for fracture prevention. N Engl J Med 2012; 367: 40-9
L407: Bischoff-Ferrari HA, et al. Fall prevention with supplemental and active forms of vitamin D: a meta-analysis of randomised controlled trials. BMJ 2009; 339: b3692.
L408: Wang L, et al. Circulating 25-hydroxy-vitamin D and risk of cardiovascular disease: a meta-analysis of prospective studies. Circ Cardiovasc Qual Outcomes 2012; 5: 819-29
L409: Elamin MB, et al. Vitamin D and cardiovascular outcomes: a systematic review and meta-analysis. J Clin Endocrinol Metab 2011; 96: 1931-42
L410: Khan H, et al. Vitamin D, type 2 diabetes and other metabolic outcomes: a systematic review and meta-analysis of prospective studies. Proc Nutr Soc 2013; 72: 89-97
L411: Monnier L & Colette C. Vitamin D and diabetes: Much ado about nothing? Diabetes Metab 2010; 36: 323-5
L412: , et al. Neophobia, sensory and cognitive functions, and hedonic responses in vitamin D receptor mutant mice. J Steroid Biochem Mol Biol 2007; 104: 274-80.
L413: Kjærgaard M, et al. Low serum 25-hydroxyvitamin D levels are associated with depression in an adult Norwegian population. Psychiatry Res 2011; 190: 221-5.
L414: Anglin RE, et al. Vitamin D deficiency and depression in adults: systematic review and meta-analysis. Br J Psychiatry 2013; 202: 100-7
L415: Jorde R, et al. Effects of vitamin D supplementation on symptoms of depression in overweight and obese subjects: randomized double blind trial. J Intern Med 2008; 264: 599-609
L416: Kjærgaard M, et al. Effect of vitamin D supplement on depression scores in people with low levels of serum 25-hydroxyvitamin D: nested case-control study and randomised clinical trial. Br J Psychiatry 2012; 201: 360-8
L417: van der Schaft J, et al. The association between vitamin D and cognition: A systematic review. Ageing Res Rev 2013 pii: S1568-1637
L418: Cannell JJ, et al. Epidemic influenza and vitamin D. Epidemiol Infect. 2006; 134:1129-40.
L419: Bikle DD. Vitamin D and the immune system: role in protection against bacterial infection.Curr Opin Nephrol Hypertens. 2008; 17(4):348-52.
L420: Ralph AP, Kelly PM, Anstey NM L-arginine and vitamin D: novel adjunctive immunotherapies in tuberculosis. Trends Microbiol. 2008;16(7):336-44.
L421: Olsen K, et al. Staphylococcus aureus nasal carriage is associated with serum 25-hydroxyvitamin D levels, gender and smoking status. The Tromsø Staph and Skin Study. Eur J Clin Microbiol Infect Dis 2012 ;31:465-73
L422: Reid IR, et al. Effects of vitamin D supplements on bone mineral density: a systematic review and meta-analysis. Lancet. 2013 pii: S0140-6736(13)61647-5. doi: 10.1016/S0140-6736(13)61647-5. [Epub ahead of print]
L423: Li YC, et al. Vitamin D: a negative endocrine regulator of the renin-angiotensin system and blood pressure. J Steroid Biochem Mol Biol 2004; 89-90: 387-92
L424: - Jorde R, et al. Serum 25-hydroxyvitamin D levels are strongly related to systolic blood pressure but do not predict future hypertension. Hypertension 2010; 55: 792-8
L425: Pittas AG, et al. Systematic review: Vitamin D and cardiometabolic outcomes. Ann Intern Med 2010; 152: 307-14
L426: Larsen T, et al. Effect of cholecalciferol supplementation during winter months in patients with hypertension: a randomized, placebo-controlled trial. Am J Hypertens. 2012, 25:1215-22.
L427: - Jorde R, et al. High serum 25-hydroxyvitamin D concentrations are associated with a favorable serum lipid profile. Eur J Clin Nutr 2010; 64: 1457-64.
L428: - Jorde R & Grimnes G. Vitamin D and metabolic health with special reference to the effect of vitamin D on serum lipids. Prog Lipid Res 2011; 50: 303-12
L429: - Hutchinson MS, et al. Serum 25-hydroxyvitamin D levels are inversely associated with glycated haemoglobin (HbA(1c)). The Tromsø Study. Scand J Clin Lab Invest 2011; 71: 399-406
L430: George PS, et al. Effect of vitamin D supplementation on glycaemic control and insulin resistance: a systematic review and meta-analysis. Diabet Med 2012; 29: e142-50
L431: Selvin E et al. sRAGE and risk of diabetes, cardiovascular disease, and death. Diabetes 2013 62:2116-21
L432: Irani M et al. Vitamin D increases serum levels of the soluble receptor for advanced glycation end products in women with PCOS. J Clin Endocrinol Metab 2014 99:E886-90
L433: Pedersen ER, et al. Systemic markers of interferon-gamma-mediated immune activation and long-term prognosis in patients with stable coronary artery disease. Arterioscler Thromb Vasc Biol 2011; 31: 698-704
L434: Helming L, et al. 1alpha,25-Dihydroxyvitamin D3 is a potent suppressor of interferon gamma-mediated macrophage activation. Blood 2005; 106: 4351-8
L435: Christensen MH, et al. Vitamin B6 status and interferon-gamma-mediated immune activation in primary hyperparathyroidism. J Intern Med 2012; 272: 583-91
L436: Weber T, et al. Arterial stiffness and arterial wave reflections are associated with systolic and diastolic function in patients with normal ejection fraction. Am J Hypertens 2008; 21: 1194-202
L437: Al Mheid I, et al. Vitamin D status is associated with arterial stiffness and vascular dysfunction in healthy humans. J Am Coll Cardiol 2011; 58: 186-92
L438: Sugden JA, et al. Vitamin D improves endothelial function in patients with Type 2 diabetes mellitus and low vitamin D levels. Diabet Med 2008; 25: 320-5
L439: Girgis CM, et al. The roles of vitamin D in skeletal muscle: form, function, and metabolism. Endocr Rev 2013; 34: 33-83
L440: Mastaglia SR, et al. Effect of vitamin D nutritional status on muscle function and strength in healthy women aged over sixty-five years. J Nutr Health Aging 2011; 15: 349-54
L441: Annweiler C, et al. Is there an association between serum 25-hydroxyvitamin D concentration and muscle strength among older women? Results from baseline assessment of the EPIDOS study. J Nutr Health Aging 2009; 13: 90-5
L442: Janssen HC, et al. Vitamin D and muscle function: is there a threshold in the relation? J Am Med Dir Assoc. 2013, 14:627.e13-8.
L443: Lyerly GW, et al. The association between cardiorespiratory fitness and risk of all-cause mortality among women with impaired fasting glucose or undiagnosed diabetes mellitus. Mayo Clin Proc. 2009 84:780-6.
L444: Ardestani A, et al. Relation of vitamin D level to maximal oxygen uptake in adults. Am J Cardiol. 2011107:1246-9.
L445: Mowry DA, et al. Association among cardiorespiratory fitness, body fat, and bone marker measurements in healthy young females. J Am Osteopath Assoc. 2009, 109:534-9.
L446: Sweeney TE, Morton JM. The human gut microbiome: a review of the effect of obesity and surgically induced weight loss. JAMA Surg 2013;148:563-9
L447: Cénit MC, Matzaraki V, Tigchelaar EF, Zhernakova A. Rapidly expanding knowledge on the role of the gut microbiome in health and disease. Biochim Biophys Acta 2014. pii: S0925-4439(14)00151-3.
L448: Ooi JH, Li Y, Rogers CJ, Cantorna MT. Vitamin D regulates the gut microbiome and protects mice from dextran sodium sulfate-induced colitis. J Nutr 2013;143:1679-86
L449: Assa A, et al. Vitamin D Deficiency Promotes Epithelial Barrier Dysfunction and Intestinal Inflammation. J Infect Dis. 2014 Apr 21. pii: jiu235. [Epub ahead of print]
L450: - Ross AC, et al. The 2011 report on dietary reference intakes for calcium and vitamin D from the Institute of Medicine: what clinicians need to know. J Clin Endocrinol Metab. 2011;96:53-8.
L451: - Holick MF, et al. Evaluation, treatment, and prevention of vitamin D deficiency: an Endocrine Society clinical practice guideline. J Clin Endocrinol Metab 2011; 96: 1911-30
L452: - Kupferschmidt K. Uncertain Verdict as Vitamin D Goes On Trial.Science 2012:  337: 1476-1478
L453: - Pilz S, et al. Disease prevention: vitamin D trials. Science 2012; 338: 883
L454: - Vieth R. What is the optimal vitamin D status for health? Prog Biophys Mol Biol. 2006;92:26-32.
L455: - Jacobsen BK, et al. Cohort profile: the Tromso Study. Int J Epidemiol 2012; 41: 961-7
L456: - de Mello VD, et al. Effect of weight loss on cytokine messenger RNA expression in peripheral blood mononuclear cells of obese subjects with the metabolic syndrome. Metabolism 2008; 57: 192-9
L457: - Katz A, et al. Quantitative Assessment Check Index: A simple accurate method for assessing insulin sensitivity in humans. J Clin Endocrinol Metab 2000; 85: 2402-10
L458: - Arntzen KA, et al. Carotid atherosclerosis predicts lower cognitive test results: a 7-year follow-up study of 4,371 stroke-free subjects - the Tromsø study. Cerebrovasc Dis 2012; 33: 159-65
L459: - Stark T, et al. Hand-held dynamometry correlation with the gold standard isokinetic dynamometry: a systematic review. PM R 2011; 3: 472-9
L460: - Emaus A, et al. Does a variation in self-reported physical activity reflect variation in objectively measured physical activity, resting heart rate, and physical fitness? Results from the Tromso study. Scand J Public Health 2010;38(5 Suppl):105-18
L461: - Hutchinson MS, et al. Serum 25-hydroxyvitamin D levels in subjects with reduced glucose tolerance and type 2 diabetes - the Tromsø OGTT-study. Int J Vitam Nutr Res. 2011 Sep;81(5):317-27.
L462: - Houston DK, et al. Association between vitamin D status and physical performance: the InCHIANTI study. J Gerontol A Biol Sci Med Sci. 2007, 62:440-6.
L463: - Lowe NM, et al. Vitamin D status and markers of bone turnover in Caucasian and South Asian postmenopausal women living in the UK. Br J Nutr. 2010 103:1706-10.
L464: - Ikeda T, et al. Effects of alendronate or alfacalcidol on bone metabolic indices and bone mineral density in patients with ophthalmologic disease treated with glucocorticoid. Mod Rheumatol. 2013 Dec 9. [Epub ahead of print]
L465: - Giallauria F, et al. Arterial stiffness and vitamin D levels: the Baltimore longitudinal study of aging. J Clin Endocrinol Metab 2012; 97: 3717-23
L466: - Seker T, et al. Serum 25-hydroxyvitamin D is associated with both arterial and ventricular stiffness in healthy subjects. J Cardiol. 2013, 62:361-5.
L467: - Vickers AJ, Altman DG. Statistics notes: Analysing controlled trials with baseline and follow-up measurements. BMJ 2001;10:1123-1124
L468: - van Schoor NM & Lips P. Worldwide vitamin D status. Best Pract Res Clin Endocrinol Metab 2011; 25: 671-80
L469: Attachment 1
L470: Registrering av uønskede medisinske hendelser i studien ”The effect of vitamin D supplementation on cardiovascular risk factors in subjects with low serum 25-hydroxyvitamin D levels”
L471: Dersom det opptrer uønskede medisinske hendelser skal dette alltid registreres og dette skjema fylles ut, uansett om hendelsen kan relateres til studiemedisinen eller ikke, og uansett alvorsgrad av hendelsen. Det fylles ut ett skjema for hver hendelse.
L472: Kopi av utfylt skjema sendes til Elena Kamycheva og original oppbevares i pasientmappen på Forskningsposten. Elena Kamycheva fyller ut eget skjema der hendelsen klassifiseres og tiltak anføres. Arkiveres i egen perm på Elena Kamycheva sitt kontor.
L473: Det printes ut laboratoriesvar dersom noen av blod/urin prøvene tatt i forbindelse med (og etter oppstart av) studien faller utenfor laboratoriets normalområde.
L474: Dersom avvikende svar ikke er klinisk signifikant anføres dette på utskrift og sendes forskningspost for arkivering i CRF.
L475: Dersom avvikende svar er klinisk signifikant, og årsaken/hendelsen til avvikende svar ikke allerede er registrert i vanlig event rapport, lages det egen event rapport som sammen med lab utskrift sendes for arkivering i CRF. I tillegg fylles ut klassifikasjon av hendelsen som sammen med kopi av event rapport arkiveres hos Elena Kamycheva.
L476: Ansvar for registrering av avvikende blodprøvesvar påfaller Elena Kamycheva.
L477: Dersom det registreres en alvorlig medisinsk hendelse skal dette meddeles Rolf Jorde (som i denne sammenheng fungerer som sponsor) og Elena Kamycheva umiddelbart. Alvorlig medisinsk hendelse i denne sammenheng defineres som:    -  Død - livstruende sykdom - hospitalisering - vedvarende uførhet eller sykdom - serum kalsium > 2.80 mmol/L
L478: Navn ………….………………….……………… f. dato…………… Personkode……………
L479: Beskrivelse av hendelsen (bruk ev. eget ark) Dato for når plagene/hendelsen startet:……….
L480: Utfylt av:………………………………………………      Dato:……………………….
L481: Attachment 2
L482: Klassifikasjon og tiltak ved uønskete medisinsk hendelser i studien “The effect of vitamin D supplementation on cardiovascular risk factors in subjects with low serum 25-hydroxyvitamin D levels”
L483: Navn …………….. ………………….……… ……f. dato…………..Person kode …………
L484: Kort resymé av hendelsen:
L485: Medisinske tiltak:
L486: Mulig relasjon til studiemedisin:                                                           Ja                       Nei Medikamentkode brutt                                                                          Ja                       Nei Konferert med Rolf Jorde (sponsor)                                                     Ja                        Nei Fortsetter i studien                                                                                Ja                        Nei
L487: Hendelsen klassifisert som:                                                                                               Alvorlig uønsket hendelse                                                                                               Alvorlig uønsket virkning                                                                                               Uønsket hendelse                                                                                                                 Uønsket virkning
L488: Alvorlige uønskede virkninger meldes sponsor umiddelbart og SLV, REK V, EMEAs EudraVigilance database og FP innen 15 kalender dager. Alvorlig medisinsk hendelse i denne sammenheng defineres som:    -  Død - livstruende sykdom - hospitalisering - vedvarende uførhet eller sykdom - serum kalsium > 2.80 mmol/L.
L489: Dødsfall eller livstruende hendelser meldes sponsor umiddelbart og de øvrige innen 7 dager hvis klassifisert som ”virkning” (sammenheng eller mulig sammenheng med utprøvningsmedikament).
L490: Meldt til SLV                                                                                       Ja                        Nei Meldt til Styret  Forskningsposten (FP)                                               Ja                        Nei Meldt til REK V                                                                                   Ja                        Nei Meldt til UNN  (pasientskadeerstatning)                                             Ja                        Nei Meldt til EMEAs EudraVigilance database                                         Ja                        Nei
L491: Underskrift av lege som har vurdert hendelsen……………………… Dato………………   Skjemaet sammen med kopi av registreringsskjema oppbevares i egen perm hos Elena Kamycheva
L492: Confirmation of participation according to the protocol  “The effect of vitamin D supplementation on cardiovascular risk factors in subjects with low serum 25-hydroxyvitamin D levels” (signature and date)
L493: Rolf Jorde                                                                                           Date
L494: Elena Kamycheva                                                                              Date
L495: Johan Svartberg                                                                                  Date
L496: Ragnar Joakimsen                                                                              Date
L497: Guri Grimnes                                                                                     Date
L498: Marie Kjærgaard                                                                                Date
L499: Yngve Figenschau                                                                              Date
L500: Ruth Paulssen                                                                                     Date
L501: Jorid Degerstrøm                                                                                Date
L502: Arnfinn Andersen                                                                                Date
L503: Anne Sofie Furberg                                                                                       Date
L504: The effect of vitamin D supplementation on cardiovascular risk factors in subjects with low serum 25-hydroxyvitamin D levels
L505: Version 4, 160714 (Protocol code number: TromsøEndo-2013-1)
L506: EUDRACT NR: 2013-003514-40. Vitamin D tilskudd og risiko for hjerte-kar sykdom
L507: Amendment 1, version 1, 2015-23-03
L508: ”Vitamin D og psoriasis”
L509: Background
L510: Psoriasis is a chronic relapsing inflammatory immune-mediated skin disease which is associated with work productivity impairment, several comorbid conditions and possibly increased mortality (1). Over the years several studies have found a positive association between moderate to severe psoriasis and cardiovascular risk factors as well as cardio-vascular disease (CVD) (2, 3) The increased level of comorbidites among persons with psoriasis has led to the hypothesis that psoriasis is a systemic inflammatory condition (4); however, the exact mechanism of the associations between psoriasis, metabolic and CVD demands further research. The production of inflammatory cytokines in psoriasis has the potential to influence angiogenesis, insulin signaling, adipogenesis, lipid metabolism and immune cell trafficking, and thereby impact on other conditions like obesity, diabetes, thrombosis and atherosclerosis (5).
L511: Interestingly, a higher prevalence of this common skin disease is seen in northern regions. In the sixth Tromsø study as many as 11% of attendees reported lifetime psoriasis (6). Patients frequently report increased severity of psoriasis in the winter, however the exact mechanisms behind the seasonal fluctuation are as of yet not established. Climate and UV(B) therapy are widely used to treat psoriasis, and under this treatment a substantial increase in serum vitamin D levels is found (7). Several smaller studies from selected patient populations have found an association between reduced serum vitamin D and psoriasis, also after adjusting for overweight, which is seen more commonly among persons with psoriasis (8). Serum vitamin D has also been inversely linked to the severity of psoriasis (8), as well as increased risk of bacterial colonization and infections (9, 10); which may play a role in the initiation or exacerbation of psoriasis (1). Some studies have found an association between upper respiratory infections and subsequent development of psoriasis, as well as psoriasis exacerbation.(11, 12) A study from the UK found an over doubled risk of psoriasis onset within one month of a respiratory tract infection with an  unknown pathogen, and  increased risk was also seen after infectious episodes within the last year.(11) Moreover, recent studies have suggested that the microbiome, or collective genome of microorganism that are residing in a given niche, may play an important role in immune homeostasis; where disruptions of the natural microflora, may cause immune dysfunction or autoimmunity.(13) However, studies are limited as of today.(14) Perhaps the crosstalk between microbial determinants as well as host and environmental determinant play a role in the complex puzzle that is psoriasis.
L512: The effect of topical use of Vitamin D analogues to treat psoriasis is well established.(15)There are a few smaller ongoing trials looking into if oral vitamin D substitution can influence the severity of psoriasis (ICTRP database), but there are no randomized controlled trials to date which have investigated the effect of oral Vitamin D on the severity of psoriasis among persons who have lower serum levels. These subjects are the ones most likely to benefit from vitamin D supplementation, and accordingly those where an effect will be most easily seen.
L513: The seventh Tromsø study will start in March 2015, and serum 25-hydroxyvitamin D (25(OH)D) (the metabolite used to evaluate a subject’s vitamin D status) will be measured in all subjects. In the study “The effect of vitamin D supplementation on cardiovascular risk factors in subjects with low serum 25-hydroxyvitamin D levels” subjects with serum 25(OH)D levels < the 7th percentile will be invited to participate in a 4 months intervention study with vitamin D (100,000 IU at inclusion, thereafter 20,000 IU per week) vs placebo.
L514: These subjects will in addition to several other research questions be asked  about past or present psoriasis, and those where the diagnosis is likely and who also report symptoms within the past 12 months (See questionnaire “Hud- og Leddsykdom, Supplement 1) will be invited to this substudy where the effect on psoriasis will be evaluated.
L515: Hypothesis
L516: We believe that supplementation with vitamin D in subjects with psoriasis can influence the severity of the disease through prevention of exacerbations as well as reduction in lesion severity. We wish to investigate if this change is in part facilitated through changes in the microbial flora. Vitamin D intervention may also positively influence the level of cardiovascular risk factors including metabolic factors which are associated with psoriasis.
L517: Project plan
L518: Subjects who have accepted to participate in the study “The effect of vitamin D supplementation on cardiovascular risk factors in subjects with low serum 25-hydroxyvitamin D levels” will be given the questionnaire “Hud- og Leddsykdom” (supplement 1).  If the following criteria are fulfilled; Answering yes to one or more of the following questions: 1.4, 1.5, 5.1.1, 5.1.2, 5.3.1, 5.3.2 and 5.4.1, 5.4.2; they will be given a short information about the “Vitamin D and psoriasis” substudy and if they wish to participate and/or receive more information about the study, they will be given an appointment at the Dermatology Out-patient clinic at the same day (or shortly thereafter) at the Visit 2 in the main study.
L519: At the Dermatology Out-patient clinic the subject will be given further information by a dermatologist, and if then willing to participate, sign the informed consent form (supplement 2).
L520: The subject will be asked to fill in two questionnaires (Dermatological Life Quality Index (DLQI) & Self-Administered Psoriasis Area Severity Indes (SAPASI)) (supplements 3 and 4) and will then undergo a short psoriasis related patient history as well as routine clinical examination by the dermatologist (supplement 5). Their present level of psoriasis will be scored by the dermatologist using the Psoriasis Area Severity Index (PASI, supplement 6), as well as the Physicians global assessment (PGA; scale of psoriasis lesions (0, clear; 1, minimal; 2, mild; 3, moderate; 4, marked; and 5, severe). In addition to self-reported medication use for psoriasis, data may be linked with the Norwegian Prescription Database to look for use of psoriasis relevant medication in the timeframe from two years before to one year after the study ends.
L521: Routine photos will be taken of any psoriasis lesions (with patients no more undressed than wearing underwear). The persons will not be made identifiable in the pictures.
L522: The examination will also include the joints to disclose any signs of psoriasis arthritis, and if detecting or suspecting previously unknown psoriasis arthritis, the patient will be remitted to the Rheumatology Out-patient clinic.
L523: In the overall study persons will be swabbed for microbiome flora from the extensor side of the over extremities close to the elbow, in an area where there is no rash (see overall procedure from main study). Persons who have active psoriasis will in addition to delivering microbial swabs in the overall study also be asked to give one or more swab(s) from their active lesions taken at the Dermatology Out-patient clinic. Swabs taken in the overall study from the nasal antrum as well as throat swabs are also to the used in relation to psoriasis. Furthermore, persons who report psoriasis will be given a kit (Fecotainer) to use at first bowel movement to collect a stool sample to take along for the examination with the dermatologist or the next day. They will also be given the same Food Frequency Questionnaire as in Tromsø 7 (supplement 7). All samples will be frozen and stored for future analysis.
L524: The anthropometric measures as well as blood samples that are planned in relation to evaluation of cardiovascular and metabolic risk markers in the overall study also apply to this substudy.
L525: The subject will be given a form for filling in any psoriasis medication (supplement 8) as well as the DLQI and SAPASI after 8-weeks to indicate the location and severity of any psoriasis lesions.
L526: At the end of the visit the subjects is to start the study medication (5 capsules taken at the Out –patient clinic and then 1 capsule every week).
L527: After 6-7 weeks the subjects will be mailed the mid-evaluation form. The subjects will be called by the study nurse, and reminded to fill out the 8 week form (including medication as well as DLQI and SAPASI) regardless of if they have had any symptoms.
L528: The second visit at the Dermatology Out-patient clinic will be after 4 months on the same day as the last visit in the main study, and the same questionnaires and examinations as in the first visit will be repeated.
L529: Exclusion criteria
L530: In addition to the inclusion criteria in the main study, subjects who during the last month have used phototherapy/ light therapy or heliotherapy as prescribed by a dermatologist, cannot be included, nor can this treatment be performed under the course of the study. Furthermore, those who have started treatment with a new oral or injection drug (Methotrexate, Cyclosporine, Acitretine or biological treatment (eg Humira, Remicade, Stellara ) within the last 1-2 months are excluded from entry. Furthermore, topical treatments containing vitamin D or vitamin D analogs (Including Daivobet) cannot be used during the study. If a patient uses these products regularly, replacement products which only contain local steroids will be prescribed as alternates.
L531: Statistical analyses
L532: It is anticipated that at least 11 % of the subjects in the main study will have present or past psoriasis and will be liable for inclusion in this substudy. Furthermore, we expect to find more persons with psoriasis within persons with low serum Vitamin D, anticipating approximately 80 available subjects from the 600 invited. This sample that will be recruited among subjects with psoriasis and serum 25(OH)D levels < the 7th percentile in Tromsø 7, will represent a sub-cohort of a larger ‘Vitamin D and psoriasis’ cohort including psoriatics with vitamin D deficiency defined by a higher serum 25(OH)D level. Details of the study protocol for this cohort are to be determined and submitted separately. We are aiming at the inclusion of 3-400 psoriatics in total. Thereby we will achieve sufficient power to test our hypothesis.
L533: The main endpoint will be improvement in psoriasis status after 4 months either through reduced severity of lesions, less need for treatment and fewer exacerbations.
L534: As the variability of our outcome measures is unknown, we have generated power calculations using standardized differences (Table below). In order to have 80% power to detect a 0.5 standard deviation change in an outcome measure we will need 64 subjects in each group (intervention or placebo).
L535: Ethical considerations
L536: The study will be submitted for approval at The Regional Ethics Committee and the National Medicines Agency.
L537: All patients with plaque psoriasis regardless of severity will be included in the study. Subjects on light- or heliotherapy within the last month will not be included in the study as this makes it difficult to evaluate the effect of Vitamin D supplementation; also it is unlikely that persons who have recently gone through this type of therapy will fall within the study inclusion criteria of low Vit D serum levels.
L538: Subjects with worsening of psoriasis during the study necessitating initiation of local treatment with topical steroids will be allowed to use their standard treatments. If necessary, prescriptions will be given by the study doctor. Patients will be able to use light therapy after study end, and will be referred to this if necessary after study end. Also, subjects whose psoriasis cannot be controlled by local therapy will be given the possibility to start with oral therapy without exclusion from trial.
L539: Management
L540: The project leader for this substudy will be specialist in dermatology Kjersti Danielsen, MD, PhD, Department of Dermatology, University Hospital of North Norway (UNN).
L541: Collaborators in the study
L542: Professor Rolf Jorde, Medical Department, UNN who will be responsible for the main study
L543: Anne-Sofie Furberg, MD PhD, UiT, The Arctic University of Norway and UNN
L544: Johanna Ericson Sollid, Professor in Biology, UiT, The Arctic University of Norway
L545: Thomas Roger Schopf, Specialist in Dermatology, PhD, UNN
L546: Elin Ekorness, Specialist in Dermatology, UNN
L547: The study will apply for a PhD candidate.
L548: Publication plan
L549: Kjersti Danielsen will be the first author of the main paper. The list of other authors on this first paper, and the list of authors on subsequent papers, will be decided by Kjersti Danielsen and Rolf Jorde.
L550: References:
L551: 1.	Nestle FO, Kaplan DH, Barker J. Psoriasis. The New England journal of medicine. 2009;361(5):496-509.
L552: 2.	Prey S, Paul C, Bronsard V, Puzenat E, Gourraud PA, Aractingi S, et al. Cardiovascular risk factors in patients with plaque psoriasis: a systematic review of epidemiological studies. Journal of the European Academy of Dermatology and Venereology : JEADV. 2010;24 Suppl 2:23-30.
L553: 3.	Armstrong EJ, Harskamp CT, Armstrong AW. Psoriasis and major adverse cardiovascular events: a systematic review and meta-analysis of observational studies. J Am Heart Assoc. 2013;2(2):e000062.
L554: 4.	Davidovici BB, Sattar N, Prinz JC, Puig L, Emery P, Barker JN, et al. Psoriasis and systemic inflammatory diseases: potential mechanistic links between skin disease and co-morbid conditions. The Journal of investigative dermatology. 2010;130(7):1785-96.
L555: 5.	Ucak S, Ekmekci TR, Basat O, Koslu A, Altuntas Y. Comparison of various insulin sensitivity indices in psoriatic patients and their relationship with type of psoriasis. Journal of the European Academy of Dermatology and Venereology : JEADV. 2006;20(5):517-22.
L556: 6.	Danielsen K, Olsen AO, Wilsgaard T, Furberg AS. Is the prevalence of psoriasis increasing? A 30-year follow-up of a population-based cohort. The British journal of dermatology. 2013;168(6):1303-10.
L557: 7.	Ala-Houhala MJ, Vahavihu K, Hasan T, Kautiainen H, Ylianttila L, Viljakainen HT, et al. Comparison of narrowband ultraviolet B exposure and oral vitamin D substitution on serum 25-hydroxyvitamin D concentration. The British journal of dermatology. 2012;167(1):160-4.
L558: 8.	Gisondi P, Rossini M, Di Cesare A, Idolazzi L, Farina S, Beltrami G, et al. Vitamin D status in patients with chronic plaque psoriasis. The British journal of dermatology. 2012;166(3):505-10.
L559: 9.	Ginde AA, Mansbach JM, Camargo CA, Jr. Association between serum 25-hydroxyvitamin D level and upper respiratory tract infection in the Third National Health and Nutrition Examination Survey. Archives of internal medicine. 2009;169(4):384-90.
L560: 10.	Cannell JJ, Vieth R, Umhau JC, Holick MF, Grant WB, Madronich S, et al. Epidemic influenza and vitamin D. Epidemiology and infection. 2006;134(6):1129-40.
L561: 11.	Huerta C, Rivero E, Rodriguez LA. Incidence and risk factors for psoriasis in the general population. Arch Dermatol. 2007;143(12):1559-65.
L562: 12.	McFadden JP, Baker BS, Powles AV, Fry L. Psoriasis and streptococci: the natural selection of psoriasis revisited. The British journal of dermatology. 2009;160(5):929-37.
L563: 13.	Fung I, Garrett JP, Shahane A, Kwan M. Do bugs control our fate? The influence of the microbiome on autoimmunity. Curr Allergy Asthma Rep. 2012;12(6):511-9.
L564: 14.	Trivedi B. Microbiome: The surface brigade. Nature. 2012;492(7429):S60-1.
L565: 15.	Mason A, Mason J, Cork M, Hancock H, Dooley G. Topical treatments for chronic plaque psoriasis: an abridged Cochrane systematic review. Journal of the American Academy of Dermatology. 2013;69(5):799-807.
L566: The effect of vitamin D supplementation on cardiovascular risk factors in subjects with low serum 25-hydroxyvitamin D levels (D-COR)
L567: EUDRACT NR: 2013-003514-40. Vitamin D tilskudd og risiko for hjerte-kar sykdom
L568: Amendment 2. Effect of vitamin D supplementation on bone mass density (BMD) in the D-COR study  (08.07.2015)
L569: In the D-COR study subjects with low serum 25-hydroxyvitamin D 25(OH)D) will be included in a 4 month intervention with vitamin D (20.000 IU per week) versus placebo.
L570: Low serum 25(OH)D levels are associated with reduced BMD (1). For subjects with very low serum 25(OH)D levels this may in addition to osteoporosis also represent various degrees of osteomalacia (2).
L571: Osteomalacia is defined as mineralization defect of bone matrix, leading to low mineral content of the skeleton. The main cause of osteomalacia is vitamin D deficiency. The clinical features of full blown osteomalacia include musculoskeletal pain and muscle weakness. However,  in its mild and early stages, osteomalacia may only present as osteopenia and osteoporosis.
L572: In response to treatment, reduced BMD due to osteomalacia respond very quickly with the main increase within the first few months ( 3). The increase depends on degree of osteomalacia and mean increases of 27 % for the lumbal spine and 31 % for the femoral neck have been described (4).
L573: It is unlikely that our subjects will have severe osteomalacia and subjects with symptoms like muscle pain and muscle weakness will not be included in the present study. However, decreased mineralization due to vitamin D deficiency may be a feature in some of our subjects.
L574: In the ongoing discussion on need for vitamin D supplementation and threshold for sufficient level of 25(OH)D, effect (or no effect)  on BMD in our study will be very important.
L575: If conservatively estimating a 2.2 % increase in BMD similar to that seen with Denosunab or Zoledronate during the first 4 month of treatment (5), a mean BMD of the lumbal spine of 0.90 g/cm2, a SD of 0.07 g/cm2 (6), and wanting a P value < 0.05 and power 0.8, we would need to include 340 subjects. Accordingly, we do have enough power in the present study where we aim to include 600 subjects
L576: In the D-COR study we will therefore include BMD of total body, hip and spine measured with DEXA before and after the intervention.
L577: Follow-up
L578: Subjects with BMD T-score < -3.5 at the spine or hip measured with DEXA before the intervention will be offered treatment with bisphosphonate and can continue in the study.
L579: After the intervention all subjects with BMD T-score < - 2.5 at the spine or the hip will individually be advised on treatment and followed-up according to standard clinical routines.
L580: References
L581: Kuchuk NO, van Schoor NM, Pluijm SM, Chines A, Lips P. Vitamin D status, parathyroid function, bone turnover, and BMD in postmenopausal women with osteoporosis: global perspective. J Bone Miner Res. 2009 Apr;24(4):693-701. doi: 10.1359/jbmr.081209.
L582: Reid IR, Bolland MJ, Grey A. Effects of vitamin D supplements on bone mineral density: a systematic review and meta-analysis. Lancet. 2014 Jan 11;383(9912):146-55. doi: 10.1016/S0140-6736(13)61647-5. Epub 2013 Oct 11.
L583: Bhambri R, Naik V, Malhotra N, Taneja S, Rastogi S, Ravishanker U, Mithal A. Changes in bone mineral density following treatment of osteomalacia. J Clin Densitom. 2006 Jan-Mar;9(1):120-7. Epub 2006 Mar 27.
L584: Basha B, Rao DS, Han ZH, Parfitt AM. Osteomalacia due to vitamin D depletion: a neglected consequence of intestinal malabsorption. Am J Med. 2000 Mar;108(4):296-300.
L585: Reid IR. Short-term and long-term effects of osteoporosis therapies. Nat Rev Endocrinol. 2015 May 12. doi: 10.1038/nrendo.2015.71. [Epub ahead of print]
L586: Grimnes G, Joakimsen R, Figenschau Y, Torjesen PA, Almås B, Jorde R. The effect of high-dose vitamin D on bone mineral density and bone turnover markers in postmenopausal women with low bone mass--a randomized controlled 1-year trial. Osteoporos Int. 2012 Jan;23(1):201-11. doi: 10.1007/s00198-011-1752-5. Epub 2011 Sep 10.
L587: The effect of vitamin D supplementation on cardiovascular risk factors in subjects with low serum 25-hydroxyvitamin D levels
L588: Version 5, 221215 (Protocol code number: TromsøEndo-2013-1)
L589: EUDRACT NR: 2013-003514-40. Vitamin D tilskudd og risiko for hjerte-kar sykdom
L590: Amendment 3, version 1, 2015-22-12
L591: ”Vitamin D and adipose tissue biopsies”
L592: (Norwegian short title «Vitamin D og fettbiopsier»)
L593: Rolf Jorde, Yvonne Pasing, Einar Jensen, Jette Jakobsen and Ieva Zostautiene
L594: Tromsø Endocrine Research Group, Institute of Clinical Medicine and Institute of Pharmacology, UiT – the Artic University of Norway; and National Food Institute, Technical University of Denmark, Søborg, Denmark
L595: Content
L596: | English and Norwegian summaries | 2 |
L597: | --- | --- |
L598: | Background | 2 |
L599: | Storage of vitamin D in adipose tissue | 3 |
L600: | Effects on adipose tissue proteome | 4 |
L601: | Subjects and recruitment procedure | 5 |
L602: | The biopsy procedure | 6 |
L603: | Analyses | 7 |
L604: | Power calculation | 7 |
L605: | Statistical analyses | 7 |
L606: | Data handling | 7 |
L607: | Ethics | 7 |
L608: | Project group | 8 |
L609: | Progress plan | 8 |
L610: | Budget | 8 |
L611: | References | 8 |
L612: Summary
L613: We have previously performed two studies with fat biopsies, “Duration of vitamin D stores after prolonged vitamin D substitution” (REK nr 2012/756; EUDRACTNR – 2007-002167-27) and “The GLOBAL vitamin D study. A genomic, transcriptomic, proteomic and metabolomic approach to the effects of vitamin D in adipose tissue and peripheral blood” (REK nr 2012/766; EUDRACT NR: 2012-002082-35).
L614: In these fat biopsies we have found substantial storage of vitamin D after 3 – 5 years with vitamin D supplementation as well as significant over-all effects on the proteomic profile. In the present study we will investigate if supplementation with vitamin D for 4 months (similar to the effect of sunshine during the summer) will result in significant vitamin D storage, and also elaborate on the proteomic effects by using a more targeted approach. Therefore, eligible subjects who are to participate in the ongoing study ”The effect of vitamin D supplementation on cardiovascular risk factors in subjects with low serum 25-hydroxyvitamin D levels” will be invited to the present sub-study with fat biopsies taken before and after the four month supplementation with vitamin D 20.000 IU per week or placebo. The biopsies will be analyzed for vitamin D content as well as for targeted protein profiles. Forty subjects will be included.
L615: Norsk sammendrag
L616: Vi har tidligere gjennomført to studier med fettbiopsier, «Varighet av vitamin D lagre etter langvarig vitamin D tilskudd» (REK nr 2012/756; EUDRACTNR – 2007-002167-27) og «Den GLOBALE vitamin D studien» (REK nr 2012/766; EUDRACT NR: 2012-002082-35).
L617: I disse fettbiopsiene har vi påvist betydelig lagring av vitamin D, samt at vitamin D tilskudd påvirker protein profilen. I aktuelle studie vil vi undersøke om tilskudd med vitamin D over 4 måneder (tilsvarende sol effekten om sommeren) vil resultere i vitamin D lagring av betydning, samt å se mer detaljert på protein effekten med mer sentrerte og målrettede analyser. Vi vil derfor invitere personer som skal delta i studien «Vitamin D tilskudd og risiko for hjerte-kar sykdom», og som fyller enkelte tilleggskriterier, til å delta i denne sub-studien der det vil bli tatt fettbiopsier før og etter 4 måneder med vitamin D tilskudd (20.000 IU per uke) eller placebo. Biopsiene vil bli analysert for vitamin D innhold og spesifikke protein profiler. Førti personer vil bli inkludert.
L618: Background
L619: The main source of vitamin D is solar UV-radiation, and except for fatty fish there are few dietary sources. Vitamin D is hydroxylated in the liver to 25(OH)D which is used as a marker of a subject’s vitamin D status. 25(OH)D serves as a substrate for 1-α-hydroxylase in the kidneys, which under tight regulation by parathyroid hormone (PTH) forms the active form of the vitamin, 1,25-dihydroxyvitamin D (1,25(OH)2 D). The enzyme 1-α-hydroxylase has also been found in extra-renal tissues, and activation of vitamin D can therefore occur locally. What regulates this local activation is not known. The active form of vitamin D binds to the nuclear receptor VDR. This receptor is found in tissues throughout the body (1). The serum levels of 25(OH)D and 1,25(OH)2D and the function of the VDR are also determined by genetic factors (2, 3).
L620: Low serum 25(OH)D levels have been associated with a number of diseases (4) as well as with risk factors/markers like blood pressure (BP) (5) and lipids (6). However, RCTs and their meta-analyses have not shown conclusive results (7-9).
L621: Therefore, an “umbrella-review” with meta-analysis of the meta-analyses had to conclude that: “Despite a few hundred systematic reviews and meta-analyses, highly convincing evidence of a clear role of vitamin D does not exist for any outcome, but associations with a selection of outcomes are probable”; and…. “Further studies and better designed trials are needed to draw firmer conclusions” (10).
L622: However, most of these RCTs have not included subjects who were clearly vitamin D deficient. Thus, in the most recent meta-analysis on BP using individual person data only one out of 10 subjects had a serum 25(OH)D level < 25 nmol/L (20), and in only one out of 15 studies on glucose metabolism had the subjects at baseline a mean serum 25(OH)D  level < 30 nmol/L (11). The chance of a type 2 error is obvious.
L623: In 2015 we therefore started the study “The effect of vitamin D supplementation on cardiovascular risk factors in subjects with low serum 25-hydroxyvitamin D levels” where subjects with low serum 25(OH)D levels detected in the 7th Tromsø study are included. Six hundred subjects will be randomized to vitamin D (20.000 IU per week) versus placebo for four months with effects on blood pressure, lipids and glucose metabolism  as primary endpoints, and effects on  measures of bone formation, arterial function, muscle strength, mood, bacterial flora, and cognitive function as secondary endpoints.
L624: In the present sub-study we want to include fat biopsies taken before start and at the end of the four months’ intervention in 40 subjects to evaluate:
L625: Vitamin D content (storage) in adipose tissue and
L626: Effects on the proteome in adipose tissue
L627: Storage of vitamin D in adipose tissue
L628: Ingested or skin-produced vitamin D is either hydroxylated to 25(OH)D in the liver, degraded to other metabolites and excreted, or stored in fat or other tissues.
L629: Vitamin D is consistently measureable in fat tissue. In a study by Blum et al. (12) levels of vitamin D in adipose tissue was ~ 100 nmol/kg, similar to that previously reported by Lawson et al. (13). Of note was the wide range of vitamin D content from 48 to 187 nmol/kg, and also that there was a correlation with the serum level of vitamin D (8). Furthermore, Blum et al. made the observation that a subject with remarkably high serum 25(OH)D and vitamin D levels had a low fat vitamin D level, presumably because there was a very short time period between a heavy sun exposure and the fat biopsy (12). Accordingly, fat storage may not be a rapid process. The wide range in vitamin D content in fat tissue has been confirmed in a study by Pramyothin et al. on morbidly obese subjects where the range was from 4 to 2.470 ng/g. (14). In line with this, the capacity of fat to store vitamin D may be considerable as demonstrated in an experiment by Lawson et al. where rats were exposed to prolonged UVB irradiation and the fat vitamin D content increased 10 fold (13). However, the importance of vitamin D storage in fat is by some considered to be of minor importance (15).
L630: How the storage of vitamin D in adipose tissue is regulated is uncertain. In a recent publication by Drincic et al. (16) it was argued that the vitamin D in fat tissue, vitamin D in serum and 25(OH)D in serum were in equilibrium with each other, with simple passive diffusion between serum and fat cells for vitamin D. They also estimated that the relative affinities for vitamin D between DBP (the main binding protein in serum) and vitamin D in body fat depots to be approximately 1:12. In this model the 25-hydroxylation of vitamin D to 25(OH)D would be a competitive pathway, pulling vitamin D out of the fat by hepatic uptake of vitamin D from the circulation.
L631: However, the storage capacity for vitamin D in fat tissue in humans is not determined. Nor is it known if the storage is an active or passive process. This could operate differently in subjects according to their vitamin D status, and in vitamin D deficiency the 25 and 1- α-hydroxylation of vitamin D are more efficient and the 24-hydroxylation (degradation) tuned down. Accordingly, even a modest storage of vitamin D in fat tissue could under certain circumstances be of vital importance.
L632: We have previously in collaboration with Senior Scientist Jette Jakobsen, National Food Institute, Technical University of Denmark, documented such storage in subjects after prolonged high-dose vitamin D supplementation (17). Thus, in 29 subjects with impaired glucose tolerance who had participated in a randomized controlled trial with vitamin D3 20 000 IU (500 μg) per week vs placebo for 3-5 years, abdominal subcutaneous fat tissue was obtained by needle biopsy for the measurements of vitamin D3 and 25-hydroxyvitamin D3 (25(OH)D3). In the subjects given vitamin D3, the median concentration of fat vitamin D3 was 209 ng/g, and correspondingly in the placebo group 32 ng/g. If assuming an equal amount of vitamin D3 stored in all adipose tissue in the body, the median body store was 66 00 ug vitamin D3 in those given vitamin D3. This amount of vitamin D stored is equivalent to 660 spoonful of cod liver oil (17).
L633: However, the subjects in that study had been given vitamin D for 3-5 years and the extent of storage of vitamin D after short term surplus, like during summer sun exposure (~ 4 months), is not known. This is of importance to explain why the serum 25(OH)D levels do not fall to extremely low levels during the Nordic winter. In this regard it should be considered that the half-life of 25(OH)D is close to 4 weeks (1), and that the intake of fatty fish and supplements is very low in the majority of the population.
L634: To demonstrate the capacity of storage from such short term vitamin D surplus, we will take fat biopsies from 40 subjects before and after the 4 months vitamin D supplementation.
L635: Effects on adipose tissue proteome
L636: Proteomics is the large-scale study of proteins, particularly their structures and functions (18). Proteins are vital parts of living organisms, as they are the main components of the physiological metabolic pathways of cells. The proteome can be defined as the proteins present in one sample (organism, tissue, body fluid, cell culture) at a certain point in time (19). Unlike the genome, which is relatively static, the proteome changes constantly in response to tens of thousands of intra- and extracellular environmental signals. The proteome varies with health or disease, the nature of each tissue, the stage of cell development, and effects of drug treatments. In addition to the constant changes, the share number of proteins makes the study of the proteome challenging. Thus, the ~ 30 000 genes in the human genome can code for at least ten times as many proteins; in extreme cases a single gene alone can code for over 1000 proteins.
L637: Owing to the performance of mass spectrometry technology, current high-throughput proteomic analysis allows for the identification of a high number of these proteins. This has been used to discover biomarkers of disease, particularly in oncology (20), and has also proved to be helpful in drug discovery and development (21). So far there are no reports on the effect of vitamin D substitution on the proteome.
L638: In the study “The GLOBAL vitamin D study. A genomic, transcriptomic, proteomic and metabolomic approach to the effects of vitamin D in adipose tissue and peripheral blood” we included 19 subjects and randomized to vitamin D (40.000 per week) versus placebo for 2 months.  Analysis of the adipose tissue samples showed clear effects on the proteome in an untargeted, broad approach (“all” protein analyzed without particular focus on specific groups or pathways). The placebo and vitamin D groups could be separated using multivariate data analysis on the quantitative proteomic data obtained. The regulated proteins that were found to be affected by (regulated by) vitamin D, were  involved in biological processes like protein complex assembly and biogenesis, regulation of liquid surface tension, protein folding, mRNA splicing and processing, oxidative phosphorylation, generation of precursor metabolites and energy and carbohydrate metabolic process (unpublished data).
L639: In the present sub-study we will therefore do targeted analyses of the proteome where only the pathways and functions listed above will be analyzed. Doing this targeted analysis will hopefully not only confirm the initial findings, but do so with a much higher statistical power as the number of proteins analyzed will be a fraction of those evaluated in the GLOBAL study.
L640: Subjects and recruitment procedure
L641: The subjects (men and women) in the main study are invited based on serum 25(OH)D measurement < 10th percentile in the ongoing 7th Tromsø study.
L642: The exclusion criteria for the main study are
L643: subjects allergic to nuts (the study capsules contain peanut oil)
L644: subjects  with primary hyperparathyroidism
L645: granulomatous diseases (sarcoidosis, tuberculosis, Wegner’s granulomatosis)
L646: reduced kidney function (creatinine > 130 μmol/L in males and 120 μmol/L in females)
L647: systolic BP > 174 mmHg, diastolic BP > 104 mmHg,
L648: diabetes (fasting blood glucose > 6.9 mmol/L and/or HbA1c > 6.5 %)
L649: renal stones the last five years
L650: subjects who use solarium on a regular basis (more than twice a month on average)
L651: subjects who plan holiday(s) in tropical areas (or Mediterranean during the summer months) for more than two weeks
L652: subjects with BDI score higher than 29
L653: subjects with clinical signs of proximal myopathy (problems with standing up from chair or walking stairs)
L654: subjects seriously ill and unfit for participation in a clinical study (as judged by one of the study doctors)
L655: subjects using vitamin D supplements exceeding 800 IU  per day or active vitamin D drugs (Rocaltrol or Etalpha)
L656: Since the proteome is sensitive to changes in general, the following additional exclusion criteria apply to this sub-study:
L657: smoking
L658: men > 70 years
L659: women < 60 years (to avoid influence of menstrual cycle)
L660: subjects who plan to lose weight
L661: subjects with change of medication last 4 weeks
L662: BMI > 32 kg/m2 or BMI < 21 kg/m2
L663: To avoid hematoma after the biopsy, subjects who use anti-coagulants (except Albyl E < 75 mg) will not be included.
L664: All subjects who respond to invitation in the main study are screened by telephone before they come to the first visit. At that screening interview additional questions on smoking, weight loss, medication and BMI will be added. They will also at the telephone interview be informed about the sub-study (and that they may participate in the main study without participating in the sub-study). If they at the first visit consent to participate in the sub-study, a separate informed consent form has to be signed. The biopsy will be performed at a separate visit after an overnight fast.
L665: The biopsy procedure
L666: The adipose tissue biopsy will be taken after local anesthesia as described by Mutch et al. (22), standardized in accordance with previous work performed within the European Framework 5 project NUGENOB (http://www.nugenob.com/): “Superficial subcutaneous adipose tissue samples of 1–2 cm3 (corresponding to 1–2 g) are obtained from the periumbilical area, under local anesthesia (1% xylocaine). A half circular small dermal injection (intracutaneous) is made, and 2 mL of a local anesthetic agent injected. After 5 min, the skin is sterilized again. A needle (BD Microlance Hypodermic Needle, 16 G, 40 mm, regular bevel, part no. 300637; Becton Dickinson France SAS, Le Pont-De-Claix, France) is then adapted to a 20-mL syringe and the piston compressed. Approximately one-third of the length of the needle is inserted into the subcutaneous fat, and the needle piston released maximally until it locked by a stopper, thereby creating a vacuum. Tissue resistance is created by gripping the abdominal wall with one hand while the other hand rotates the needle throughout the tissue in an up-down motion. Once the tissue is aspirated by the syringe, the needle is withdrawn, and the piston removed; adipose tissue samples are washed in physiologic saline, placed immediately in liquid nitrogen, and stored at -80oC until analysis. Needle-aspirated biopsies that appear bloody are not to be used.”
L667: Analyses
L668: The fat biopsies will be analyzed for vitamin D by Senior Scientist Jette Jakobsen, Division of Food Chemistry, Technical University of Denmark, Søborg (allan).
L669: The proteomic profile will be analyzed with mass spectrometry technology at UiT – the Arctic University of Norway
L670: Power calculation
L671: The power calculation is based on storage of vitamin D in adipose tissue. In our previous study we have found the concentration of vitamin D in adipose tissue to be 32 + 16 ng/g. If considering a 50 % increase (16 ng/g) to be of clinical significance and if wanting a power of 0.8 and a P value < 0.05, then 30 subjects need to be included. To make sure that at least 30 subjects also will have the second biopsy, we will include 40 subjects in the trial.
L672: As for the proteomic part of the study, a separate power calculation is not performed. However, significant effects were seen with a global approach in only 19 subjects, and given that we now will do a targeted approach, we will have more than enough power when the number of subjects is increased to 30.
L673: Statistical analyses
L674: Storage of vitamin D in adipose tissue biopsies in the two groups will be analyzed with regression analyses adjusting for baseline level, sex, age, season (mid-month) and BMI. Changes in the proteome will be analyzed with the Waters software MarkerLynx™XS Application Manager. This software mainly applies Multivariate Statistical Analysis and also Visualization to identify relevant biomarkers.
L675: Data handling
L676: Data handling will be as in the main study.
L677: Ethics
L678: The project will be submitted to the Regional Ethics Committee and the Norwegian Medicines Agency. The subjects will be given a gift card of 500 NKR for each of the fat biopsies (a total of 1000 NKR).
L679: Project group
L680: Professor Rolf Jorde, Department of Clinical Medicine, UiT, will be the project leader
L681: PhD student Ieva Zostautiene, Medical Department, University hospital of North Norway will perform the fat biopsies
L682: Professor Einar Jensen, UiT and Yvonne Pasing, research fellow, MSc, will perform the proteomic analyses
L683: Senior Scientist Jette Jakobsen, National Food Institute, Technical University of
L684: Denmark, Søborg, Denmark will analyze vitamin D in adipose tissue
L685: Progress plan
L686: To avoid the influence of vitamin D production in the skin, the recruitment period will be from September 1 till December 1, 2016; and accordingly, the last subject will come to the last visit no later than April 1, 2017.
L687: Budget
L688: The project will be financed by funds available to The Tromsø Endocrine Research Group
L689: References
L690: DeLuca HF. Overview of general physiologic features and functions of vitamin D. Am J Clin Nutr 2004;80(6 Suppl):1689S-96S
L691: Wang TJ, et al. Common genetic determinants of vitamin D insufficiency: a genome-wide association study. Lancet 2010; 376: 180-8
L692: Raimondi S, et al. Review and meta-analysis on vitamin D receptor polymorphisms and cancer risk. Carcinogenesis 2009; 30: 1170-80
L693: Holick MF. Vitamin D deficiency. N Engl J Med 2007; 357: 266-81
L694: Jorde R et al. Serum 25-hydroxyvitamin D levels are strongly related to systolic blood pressure but do not predict future hypertension. Hypertension 2010; 55: 792-8
L695: Jorde R & Grimnes G. Vitamin D and metabolic health with special reference to the effect of vitamin D on serum lipids. Prog Lipid Res 2011; 50: 303-12
L696: Bolland MJ et al. The effect of vitamin D supplementation on skeletal, vascular, or cancer outcomes: a trial sequential meta-analysis. Lancet Diabetes Endocrinol 2014;2:307-20
L697: Beveridge LA, et al. Effect of Vitamin D Supplementation on Blood Pressure: A Systematic Review and Meta-analysis Incorporating Individual Patient Data. JAMA Intern Med. 2015 [Epub ahead of print]
L698: George PS, et al. Effect of vitamin D supplementation on glycaemic control and insulin resistance: a systematic review and meta-analysis. Diabet Med 2012; 29: e142-50
L699: Theodoratou E et al. Vitamin D and multiple health outcomes: umbrella review of systematic reviews and meta-analyses of observational studies and randomised trials. BMJ 2014;348:g2035
L700: Jorde R, Grimnes G. Vitamin D and health: The need for more randomized controlled trials. J Steroid Biochem Mol Biol. 2015 Apr;148:269-74
L701: Blum M, Dolnikowski G, Seyoum E, Harris SS, Booth SL, Peterson J, Saltzman E, Dawson-Hughes B. Vitamin D(3) in fat tissue. Endocrine. 2008 Feb;33(1):90-4.
L702: Lawson DE, Douglas J, Lean M, Sedrani S. Estimation of vitamin D3 and 25-hydroxyvitamin D3 in muscle and adipose tissue of rats and man. Clin Chim Acta. 1986 Jun 15;157(2):175-81.
L703: Pramyothin P, Biancuzzo RM, Lu Z, Hess DT, Apovian CM, Holick MF. Vitamin D in adipose tissue and serum 25-hydroxyvitamin D after roux-en-Y gastric bypass. Obesity (Silver Spring). 2011 Nov;19(11):2228-34. doi: 10.1038/oby.2011.170.
L704: Heaney RP, Recker RR, Grote J, Horst RL, Armas LA. Vitamin D(3) is more potent than vitamin D(2) in humans. J Clin Endocrinol Metab. 2011 Mar;96(3):E447-52.
L705: Drincic AT, Armas LA, Van Diest EE, Heaney RP. Volumetric Dilution, Rather Than Sequestration Best Explains the Low Vitamin D Status of Obesity. Obesity (Silver Spring). 2012 Jan 19. doi: 10.1038/oby.2011.404.
L706: Didriksen A, Burild A, Jakobsen J, Fuskevåg OM, Jorde R. Vitamin D3 increases in abdominal subcutaneous fat tissue after supplementation with vitamin D3. Eur J Endocrinol. 2015 Mar;172(3):235-41. doi: 10.1530/EJE-14-0870.
L707: Anderson NL, Anderson NG. Proteome and proteomics: new technologies, new concepts, and new words. Electrophoresis. 1998 Aug;19(11):1853-61.
L708: Wilkins MR, Pasquali C, Appel RD, Ou K, Golaz O, Sanchez JC, Yan JX, Gooley AA, Hughes G, Humphery-Smith I, Williams KL, Hochstrasser DF. From proteins to proteomes: large scale protein identification by two-dimensional electrophoresis and amino acid analysis. Biotechnology (N Y). 1996 Jan;14(1):61-5.
L709: Turtoi A, De Pauw E, Castronovo V. Innovative proteomics for the discovery of systemically accessible cancer biomarkers suitable for imaging and targeted therapies. Am J Pathol. 2011 Jan;178(1):12-8.
L710: Trist DG. Scientific process, pharmacology and drug discovery. Curr Opin Pharmacol. 2011 Oct;11(5):528-33.
L711: Mutch DM, Tordjman J, Pelloux V, Hanczar B, Henegar C, Poitou C, Veyrie N, Zucker JD, Clément K. Needle and surgical biopsy techniques differentially affect adipose tissue gene expression profiles. Am J Clin Nutr. 2009 Jan;89(1):51-7.
L712: The effect of vitamin D supplementation on cardiovascular risk factors in subjects with low serum 25-hydroxyvitamin D levels
L713: Version 5, 221215 (Protocol code number: TromsøEndo-2013-1)
L714: EUDRACT NR: 2013-003514-40. Vitamin D tilskudd og risiko for hjerte-kar sykdom
L715: Amendment 4, Effects  of vitamin D on sleep, version 1, 2016-16-04
L716: Low serum 25OHD levels are associated with impaired sleep quality and longer time to fall asleep (1, 2). Persistent inadequacy of vitamin D may also increase the risk for obstructive sleep apnea via promotion of adenotonsillar hypertrophy, airway muscle myopathy, and/or chronic rhinitis (3). Furthermore, comparisons of brain regions associated with sleep-wake regulation and vitamin D target neurons in the diencephalon and several brainstem nuclei suggest direct central effects of vitamin D on sleep (4).
L717: However, it is now know whether supplementation with vitamin D improves sleep quality.
L718: We will there in the D-COR study include a questionnaire on sleep pattern and sleep quality at baseline and at the end of the study. The questionnaire will be given to the participants at visit 1 to be filled in at home and returned at visit 2. Similarly, the questionnaire will be given at visit 3 to be filled in at home and returned at visit 4. The questionnaire is the same as that used in the Tromsø study, 7th survey. The format of the questionnaire is such that it will allow optical reading. Amendment 4 will be implemented as soon as it is approved by the Regional Ethics committee and the Clinical Research Unit.
L719: References
L720: Çakır T,et al. An evaluation of sleep quality and the prevalence of restless leg syndrome in vitamin D deficiency. Acta Neurol Belg. 2015 Dec;115(4):623-7.
L721: Shuie I. Low vitamin D levels in adults with longer time to fall asleep: US HANES, 2005-2006. Int J Cardiol. 2013 Oct 12;168(5):5074-5. doi: 10.1016/j.ijcard.2013.07.195. Epub 2013 Jul 27.
L722: McCarty DE, Chesson AL Jr, Jain SK, Marino AA. The link between vitamin D metabolism and sleep medicine. Sleep Med Rev. 2014 Aug;18(4):311-9.
L723: Gominak SC, Stumpf WE. The world epidemic of sleep disorders is linked to vitamin D deficiency. Med Hypotheses. 2012 Aug;79(2):132-5.
L724: Løpenummer     ☐☐☐☐     Intialer ☐☐☐☐
L725: Utfylt ved            ☐ visit 1           ☐ visit 3
L726: Spørsmål om søvn
L727: Hvor mange dager per uke?
L728: (Kryss av i den ruten som passer best)
L729: |  | Ingen dager | 1 dag | 2 dager | 3 dager | 4 dager | 5 dager | 6 dager | 7 dager |
L730: | --- | --- | --- | --- | --- | --- | --- | --- | --- |
L731: |  |  |  |  |  |  |  |  |  |
L732: | 1. Bruker du mer enn 30 minutter på å sovne inn etter at lysene er slukket? | ☐ | ☐ | ☐ | ☐ | ☐ | ☐ | ☐ | ☐ |
L733: | 2. Er du våken mer enn 30 min innimellom søvnen? | ☐ | ☐ | ☐ | ☐ | ☐ | ☐ | ☐ | ☐ |
L734: | 3. Våkner du mer enn 30 min tidligere enn du ønsker uten å få sove    igjen? | ☐ | ☐ | ☐ | ☐ | ☐ | ☐ | ☐ | ☐ |
L735: | 4. Føler du deg for lite uthvilt etter å ha sovet? | ☐ | ☐ | ☐ | ☐ | ☐ | ☐ | ☐ | ☐ |
L736: | 5. Er du så søvnig/trett at det går utover skole/jobb eller privattid? | ☐ | ☐ | ☐ | ☐ | ☐ | ☐ | ☐ | ☐ |
L737: | 6. Er du misfornøyd med søvnen din? | ☐ | ☐ | ☐ | ☐ | ☐ | ☐ | ☐ | ☐ |
L738: 7. Om du har søvnplager, hvor lenge har de vart?
L739: ☐ Mindre enn en uke
L740: ☐ 1-3 uker
L741: ☐ 1 måned
L742: ☐ 2 måneder
L743: ☐ 3 måneder
L744: ☐ 4-6 måneder
L745: ☐ 7-12 måneder
L746: ☐ mer enn 1 år
L747: ☐ Har ikke søvnplager
L748: 8. Har du vanligvis skiftarbeid
L749: ☐ Nei
L750: ☐ Ja
L751: 9. Når pleier du vanligvis å legge deg for å sove
L752: | På arbeidsdager/hverdager | På fridager/helgedager |
L753: | --- | --- |
L754: |  |  |
L755: | ☐ Før 20:00 | ☐ Før 20:00 |
L756: | ☐ 20:00 | ☐ 20:00 |
L757: | ☐ 20:30 | ☐ 20:30 |
L758: | ☐ 21:00 | ☐ 21:00 |
L759: | ☐ 21:30 | ☐ 21:30 |
L760: | ☐ 22:00 | ☐ 22:00 |
L761: | ☐ 22:30 | ☐ 22:30 |
L762: | ☐ 23:00 | ☐ 23:00 |
L763: | ☐ 23:30 | ☐ 23:30 |
L764: | ☐ 00:00 | ☐ 00:00 |
L765: | ☐ 00:30 | ☐ 00:30 |
L766: | ☐ 01:00 | ☐ 01:00 |
L767: | ☐ 01:30 | ☐ 01:30 |
L768: | ☐ 02:00 | ☐ 02:00 |
L769: | ☐ Etter 02:00 | ☐ Etter 02:00 |
L770: 10. Hvor lenge ligger du våken før du sovner
L771: | På arbeidsdager/hverdager | På fridager/helgedager |
L772: | --- | --- |
L773: |  |  |
L774: | ☐ Sovner med en gang | ☐ Sovner med en gang |
L775: | ☐ Etter 5 minutter | ☐ Etter 5 minutter |
L776: | ☐ Etter 10 minutter | ☐ Etter 10 minutter |
L777: | ☐ Etter 15 minutter | ☐ Etter 15 minutter |
L778: | ☐ Etter 20 minutter | ☐ Etter 20 minutter |
L779: | ☐ Etter 25 minutter | ☐ Etter 25 minutter |
L780: | ☐ Etter 30 minutter | ☐ Etter 30 minutter |
L781: | ☐ Etter 30 - 45 minutter | ☐ Etter 30 - 45 minutter |
L782: | ☐ Etter 45 - 60 minutter | ☐ Etter 45 - 60 minutter |
L783: | ☐ Etter mer enn 60 minutter | ☐ Etter mer enn 60 minutter |
L784: 11. Når pleier du vanligvis å våkne
L785: | På arbeidsdager/hverdager | På fridager/helgedager |
L786: | --- | --- |
L787: |  |  |
L788: | ☐ Før 05:00 | ☐ Før 05:00 |
L789: | ☐ 05:00 | ☐ 05:00 |
L790: | ☐ 05:30 | ☐ 05:30 |
L791: | ☐ 06:00 | ☐ 06:00 |
L792: | ☐ 06:30 | ☐ 06:30 |
L793: | ☐ 07:00 | ☐ 07:00 |
L794: | ☐ 07:30 | ☐ 07:30 |
L795: | ☐ 08:00 | ☐ 08:00 |
L796: | ☐ 08:30 | ☐ 08:30 |
L797: | ☐ 09:00 | ☐ 09:00 |
L798: | ☐ 09:30 | ☐ 09:30 |
L799: | ☐ 10:00 | ☐ 10:00 |
L800: | ☐ 10:30 | ☐ 10:30 |
L801: | ☐ 11:00 | ☐ 11:00 |
L802: | ☐ Etter 11:00 | ☐ Etter 11:00 |
L803: 12. Hvor ofte tar du deg en lur på dagtid
L804: ☐ Aldri, eller sjeldnere enn en gang i måneden
L805: ☐ Sjeldnere enn en gang i uka
L806: ☐ 1-2 dager i uka
L807: ☐ 3-5 dager i uka
L808: ☐ Hver dag eller nesten hver dag
L809: 13. Hvis du tar deg en lur, hvor lenge pleier den vanligvis å vare
L810: ☐ 5 minutter
L811: ☐ 5 – 15 minutter
L812: ☐ 15 – 30 minutter
L813: ☐ 30 - 45 minutter
L814: ☐ 45 – 60 minutter
L815: ☐ 1 time – 1 ½ time
L816: ☐ 1 ½ time – 2 timer
L817: ☐ 2 – 2 ½ time
L818: ☐ 2 ½ - 3 timer
L819: ☐ mer enn 3 timer
L820: 14. Snorker du når du sover
L821: ☐ Aldri, eller sjeldnere enn en natt i måneden
L822: ☐ Sjeldnere enn en natt i uka
L823: ☐ 1-2 netter i uka
L824: ☐ 3-5 netter i uka
L825: ☐ Hver natt eller nesten hver natt
L826: ☐ Vet ikke
L827: 15. Har du opplevd pustestopp når du sover
L828: ☐ Aldri, eller sjeldnere enn en natt i måneden
L829: ☐ Sjeldnere enn en natt i uka
L830: ☐ 1-2 netter i uka
L831: ☐ 3-5 netter i uka
L832: ☐ Hver natt eller nesten hver natt
L833: ☐ Vet ikke
L834: 16. Hvor sannsynlig er det at du døser av eller sovner i følgende situasjoner
L835: |  | Ville aldri døse eller sovne | Liten sjanse for å døse eller sovne | Moderat sjanse for å døse eller sovne | Stor sjanse for å døse eller sovne |
L836: | --- | --- | --- | --- | --- |
L837: |  |  |  |  |  |
L838: | Sitter og leser | ☐ | ☐ | ☐ | ☐ |
L839: | Ser på TV | ☐ | ☐ | ☐ | ☐ |
L840: | Sitter inaktiv på et offentlig sted (f.eks teater eller møte) | ☐ | ☐ | ☐ | ☐ |
L841: | Legger deg for å hvile om ettermiddagen hvis omstendighetene tillater det | ☐ | ☐ | ☐ | ☐ |
L842: | Sitter og snakker med noen | ☐ | ☐ | ☐ | ☐ |
L843: | Sitter stille etter lunsj (uten å ha inntatt alkohol) | ☐ | ☐ | ☐ | ☐ |
L844: | I en bil som har stoppet none få minutter i trafikken | ☐ | ☐ | ☐ | ☐ |
L845: 17. Bruker du noen form for sovemedisin
L846: ☐ Aldri
L847: ☐ Sjeldnere enn en gang i måneden
L848: ☐ Sjeldnere enn en gang i uka
L849: ☐ 1-2 ganger i uka
L850: ☐ 3-5 ganger i uka
L851: ☐ Hver eneste dag i uke eller nesten hver dag i uka
L852: 18. Dersom du  bruker sovemedisin hva heter den
L853: ………………………………………………….
[29ms]

