L1: Vitamin D 3  supplementation does not enhance the effects of resistance training in older adults
L2: Journal of Cachexia, Sarcopenia and Muscle (2021)
L3: Knut Sindre Mølmen, Daniel Hammarström, Karianne Pedersen, Anne Cecilie Lian Lie, Ragnvald B. Steile, Håvard Nygaard, Yusuf Khan, Håvard Hamarsland, Lise Koll, Marita Hanestadhaugen, Atle Lie Eriksen, Eirik Grindaker, Jon Elling Whist, Daniel Buck, Rafi Ahmad, Tor A. Strand, Bent R. Rønnestad, Stian Ellefsen
L4: 1 
L5:  Section for Health and Exercise Physiology 
L6:  Inland Norway University of Applied Sciences 
L7:  Lillehammer 
L8:  Norway
L9: 2 
L10:  Department of Biotechnology 
L11:  Inland Norway University of Applied Sciences 
L12:  Hamar 
L13:  Norway
L14: 3 
L15:  Innlandet Hospital Trust 
L16:  Lillehammer 
L17:  Norway
L18: 4 
L19:  Institute of Clinical Medicine, Faculty of Health Sciences 
L20:  UiT – The Arctic University of Norway 
L21:  Tromsø 
L22:  Norway
L23: 5 
L24:  Centre for International Health 
L25:  University of Bergen 
L26:  Bergen 
L27:  Norway
L28: Background
L29: Lifestyle therapy with resistance training is a potent measure to counteract age‐related loss in muscle strength and mass. Unfortunately, many individuals fail to respond in the expected manner. This phenomenon is particularly common among older adults and those with chronic diseases (e.g. chronic obstructive pulmonary disease, COPD) and may involve endocrine variables such as vitamin D. At present, the effects of vitamin D supplementation on responses to resistance training remain largely unexplored.
L30: Methods
L31: Ninety‐five male and female participants (healthy,  n  = 71; COPD,  n  = 24; age 68 ± 5 years) were randomly assigned to receive either vitamin D 3  or placebo supplementation for 28 weeks in a double‐blinded manner (latitude 61°N, September–May). Seventy‐eight participants completed the RCT, which was initiated by 12 weeks of supplementation‐only (two weeks with 10 000 IU/day, followed by 2000 IU/day), followed by 13 weeks of combined supplementation (2000 IU/day) and supervised whole‐body resistance training (twice weekly), interspersed with testing and measurements. Outcome measures included multiple assessments of muscle strength ( n variables  = 7), endurance performance ( n  = 6), and muscle mass ( n  = 3, legs, primary), as well as muscle quality (legs), muscle biology ( m. vastus lateralis ; muscle fibre characteristics, transcriptome), and health‐related variables (e.g. visceral fat mass and blood lipid profile). For main outcome domains such as muscle strength and muscle mass, weighted combined factors were calculated from the range of singular assessments.
L32: Results
L33: Overall, 13 weeks of resistance training increased muscle strength (13% ± 8%), muscle mass (9% ± 8%), and endurance performance (one‐legged, 23% ± 15%; whole‐body, 8% ± 7%), assessed as weighted combined factors, and were associated with changes in health variables (e.g. visceral fat, −6% ± 21%; [LDL] serum , −4% ± 14%) and muscle tissue characteristics such as fibre type proportions (e.g. IIX, −3% points), myonuclei per fibre (30% ± 65%), total RNA/rRNA abundances (15%/6–19%), and transcriptome profiles (e.g. 312 differentially expressed genes). Vitamin D 3  supplementation did not affect training‐associated changes for any of the main outcome domains, despite robust increases in [25(OH)D] serum  (∆49% vs. placebo). No conditional effects were observed for COPD vs. healthy or pre‐RCT [25(OH)D] serum . In secondary analyses, vitamin D 3  affected expression of gene sets involved in vascular functions in muscle tissue and strength gains in participants with high fat mass, which advocates further study.
L34: Conclusions
L35: Vitamin D 3  supplementation did not affect muscular responses to resistance training in older adults with or without COPD.
L36: Original Article; Original Articles
L37: Strength training; Cholecalciferol; Muscle plasticity
L38: Introduction
L39: Aging is associated with progressive loss of muscle strength and mass, accompanied by declines in physical performance. In 2016, this had escalated into ~11 million Europeans (>65 years of age) suffering from sarcopenia, 
L40:  1 
L41:   a formally recognized disease characterized by severe loss of muscle quantity and quality. 
L42:  1 
L43:   Sarcopenia increases the likelihood of adverse events such as falling, fractures, physical disability, morbidity and mortality, 
L44:  2 
L45:  ,  
L46:  3 
L47:   further fuelling muscle deterioration, resulting in a spiralling decrease in overall health and health‐related quality of life. 
L48:  4 
L49:  ,  
L50:  5 
L51:  ,  
L52:  6 
L53:   In Europe, the prevalence of sarcopenia is expected to increase to at least ~19 million by 2045, 
L54:  1 
L55:   coinciding with increasing proportions of older adults, potentiated by suboptimal nutrition and increasing incidences of causal morbidities such as systemic inflammatory diseases. 
L56:  7 
L57:  ,  
L58:  8 
L59:   For elderly to stay healthy, active and independent, efficient interventions are warranted for its prevention, treatment and reversal. 
L60:  7 
L61:  ,  
L62:  8 
L63:   To this end, lifestyle therapy with resistance training is an attractive, low‐cost and potent intervention. 
L64:  9 
L65:  ,  
L66:  10 
L67:   Unfortunately, the benefits of such interventions are not always consistent, especially in the older population, with selected individuals and populations showing impaired abilities to increase muscle strength and mass. 
L68:  11 
L69:  ,  
L70:  12 
L71:   At present, this training‐response‐spectrum has an unknown causality, although it interdepends on factors such as genetics, 
L72:  13 
L73:  ,  
L74:  14 
L75:   epigenetics, 
L76:  14 
L77:   and composites of the inner physiological milieu, including nutrition, 
L78:  15 
L79:  ,  
L80:  16 
L81:   endocrine variables (e.g. vitamin D), 
L82:  17 
L83:  ,  
L84:  18 
L85:   and hallmarks of health such as low‐grade chronic inflammation. 
L86:  19 
L87:   There is thus a need for development of combinatorial lifestyle protocols that target and correct these factors alongside resistance training, thereby allowing adequate muscle adaptations to occur.
L88: Over the last two decades, vitamin D has emerged as a potential determinant of muscle functionality and biology. 
L89:  20 
L90:   There seems to be a robust relationship between heterogeneity in vitamin D status and traits such as physical performance 
L91:  21 
L92:  ,  
L93:  22 
L94:  ,  
L95:  23 
L96:   and susceptibility to falling, 
L97:  24 
L98:   suggesting a causal association between vitamin D and increased risk of sarcopenia. 
L99:  25 
L100:   As such, vitamin D status varies substantially in the human population, both in an annual cycle, and between individuals and groups of individuals. 
L101:  26 
L102:  ,  
L103:  27 
L104:   Vitamin D insufficiency is particularly prevalent in older adults, measured as 25‐hydroxyvitamin D (25(OH)D) levels <50 nmol/L, and especially in older adults living in the Northern Hemisphere, 
L105:  27 
L106:  ,  
L107:  28 
L108:   where cutaneous vitamin D synthesis is miniscule or absent during winter months. 
L109:  29 
L110:   In accordance with this, exogenous vitamin D supplementation is gaining momentum as a potential ergogenic aid for preventing and treating sarcopenia. 
L111:  25 
L112:   Unfortunately, the presumed benefits of vitamin D supplementation deduced from crossover studies are not necessary supported by data from interventional studies. While some studies and meta‐analyses report favourable effects of vitamin D supplementation  per se  on muscle strength 
L113:  30 
L114:  ,  
L115:  31 
L116:  ,  
L117:  32 
L118:   and falling, 
L119:  33 
L120:  ,  
L121:  34 
L122:   with benefits being more pronounced in subjects with low baseline values (<30 nmol/L) 
L123:  35 
L124:   and in older subjects, 
L125:  35 
L126:   others do not. 
L127:  36 
L128:  ,  
L129:  37 
L130:  ,  
L131:  38 
L132:  ,  
L133:  39 
L134:   These discrepancies may not be surprising, as resistance training is arguably necessary to provoke changes in muscle functions. 
L135:  40 
L136:   However, a similar ambiguity is present in the few studies that have assessed the effects of vitamin D supplementation on outcomes of resistance training. 
L137:  41 
L138:  ,  
L139:  42 
L140:  ,  
L141:  43 
L142:  ,  
L143:  44 
L144:   While none of these studies report clear benefits of vitamin D supplementation for alterations in muscle strength, 
L145:  41 
L146:  ,  
L147:  42 
L148:  ,  
L149:  43 
L150:  ,  
L151:  44 
L152:   muscle mass, 
L153:  42 
L154:  ,  
L155:  43 
L156:  ,  
L157:  44 
L158:   or incidences of falling, 
L159:  41 
L160:  ,  
L161:  43 
L162:   a recent meta‐analysis still concluded that it provides benefits for training‐associated changes in lower body muscle strength. 
L163:  40
L164: Consequently, we have limited and conflicting knowledge about the combined effects of vitamin D supplementation and resistance training for muscle functions and biology in humans. The present confusion may partly be attributed to methodological uncertainties in available studies, potentially lowering their ecological validity and explaining their lack of coherence with the resulting meta‐analysis data. This includes heterogeneous study populations (varying from young adults 
L165:  42 
L166:  ,  
L167:  44 
L168:   to older adults 
L169:  44 
L170:   to elderly 
L171:  41 
L172:  ,  
L173:  43 
L174:  ) with large differences in baseline 25(OH)D levels (average 31 nmol/L 
L175:  43 
L176:  –71 nmol/L 
L177:  44 
L178:  ), large variation in vitamin D dosage (from 400 IU/day 
L179:  43 
L180:  –4000 IU/day 
L181:  42 
L182:  ), lack of familiarization to strength tests, 
L183:  41 
L184:  ,  
L185:  43 
L186:   suboptimal training protocols 
L187:  41 
L188:  ,  
L189:  43 
L190:   (failing to comply to current guidelines, advocating resistance training with controlled maximal effort 
L191:  45 
L192:  ,  
L193:  46 
L194:  ), low compliance to training, 
L195:  41 
L196:  ,  
L197:  43 
L198:   and a lack of dietary assessment during the intervention. 
L199:  41 
L200:  ,  
L201:  43 
L202:  ,  
L203:  44 
L204:   Also, neither of the studies included a period of vitamin D supplementation prior to resistance training, which may be necessary to prime muscle cells for adaptations, potentially acting by changing epigenetic traits, which has been observed in other cell types, such as T‐cells 
L205:  47 
L206:   and oral squamous cell carcinoma cells. 
L207:  48 
L208:   Furthermore, the effects of vitamin D supplementation on muscle fibre characteristics and biology remain poorly understood and unclear. 
L209:  49 
L210:   In theory, vitamin D may potentiate muscle fibre responsiveness in two ways. Either directly by acting through vitamin D receptors in muscle fibres or progenitor cells, perhaps inducing intramuscular signalling pathways such as the p38 mitogen‐activated protein kinase pathway, 
L211:  50 
L212:  ,  
L213:  51 
L214:   or indirectly by interacting with systemic signalling event, perhaps inducing testosterone signalling 
L215:  52 
L216:   and thereby facilitating muscle plasticity. Our lack of insight is underlined by the longstanding uncertainty of the presence of vitamin D receptors in muscle tissue, 
L217:  53 
L218:   although several indications advocate its expression. First, there seems to be associations between mutations in the vitamin D receptor and muscle weakness in both humans and mice. 
L219:  54 
L220:  ,  
L221:  55 
L222:   Second, muscle‐specific knock‐out of the vitamin D receptor in mice deteriorates muscle strength and mass in a manner that resemble sarcopenia. 
L223:  56 
L224:  ,  
L225:  57 
L226:   The prevailing uncertainty is fuelled by a seeming lack of effects of vitamin D supplementation  per se  on the muscle transcriptome in vitamin D‐insufficient frail elderly, although also in that study the vitamin D dosage was relatively low (400 IU/day). 
L227:  58 
L228:   To date, a mere single study has assessed the effects of vitamin D supplementations on resistance training‐induced muscle biological adaptations in humans, and as such assessing only a limited selection of traits and failing to disclose conclusive findings. 
L229:  44
L230: The aim of the present study was to investigate the effects of 12 weeks of vitamin D 3  supplementation only (the initial two weeks with 10 000 international units (IU)/day, succeeded by 10 weeks with 2000 IU/day), followed by 13 weeks of combined vitamin D 3  supplementation (2000 IU/day) and resistance training, on training‐associated adaptations in a mixed population of older subjects. The RCT thus allowed assessment of responses to both vitamin D 3  supplementation‐only and combined vitamin D 3  supplementation and resistance training. The study population included individuals that were either at risk of developing sarcopenia (age or disease, i.e. COPD patients) 
L231:  59 
L232:  ,  
L233:  60 
L234:   or showed diagnostic indications of sarcopenia (16.4% of the participants had appendicular lean mass (kg)/m 2  greater than two standard deviations below the sex‐specific means of young adults). 
L235:  61 
L236:   Outcome measures included a large range of muscle strength and endurance performance tests, multiple assessments of muscle mass, muscle quality, in‐depth analyses of muscle biology including muscle fibre characteristics and analyses of the muscle transcriptome, and a range of health‐related measures including body composition, blood variables and self‐reported health variables.
L237: Methods
L238: Study ethics and participants
L239: The study was approved by the Regional Committee for Medical and Health Research Ethics ‐ South‐East Norway (reference no: 2013/1094) and was preregistered at ClinicalTrials.gov (ClinicalTrials.gov Identifier: NCT02598830). All participants were informed about the potential risks and discomforts associated with the study and gave their informed consent prior to study enrolment. The study was conducted according to the Declaration of Helsinki.
L240: Ninety‐five male and female participants (age 68 ± 5 years, range 56–77) were enrolled into the study ( Figure 
L241:  1 ). Eligibility criteria were consumption of less than 400 international units (IU) of vitamin D 3  per day for the two months leading up to the study, and either normal lung function or medical diagnosis of COPD (GOLD 
L242:  62 
L243:   grade II or III, FEV 1  predicted between 80% ‐ 30%, FEV 1 /FVC < 70% after reversibility testing with inhalation of salbutamol and ipratropiumbromid). Exclusion criteria were unstable cardiovascular disease, chronic granulomatous disease, known active malignancy within the last five years, serious psychiatric comorbidity, steroid use the previous two months and musculoskeletal disorders preventing the participant from participating in the resistance training programme. Initially, all participants were screened using spirometry and a medical questionnaire. For healthy participants, this formed the basis for inclusion. For COPD participants and participants with unclear disease status, the initial screening was followed by consultation with a medical doctor to ensure that they met diagnostic criteria corresponding to GOLD grade II or III, followed by inclusion. All participants were recreationally active, but none had partaken in systematic resistance training for the 12 months leading up to the study. During study conduct, all participants were instructed to restrict vitamin D intake from food sources to <400 IU/day and to abstain from solarium and travels to southern and/or sunny areas.
L244: Figure 1 CONSORT flow chart of the study.
L245: Participants were randomly assigned into one of the two study arms (vitamin D 3  vs. placebo) using concealed allocation, stratified by sex and health status (COPD vs. non‐COPD) ( Figure 
L246:  1  and  Table 
L247:  1 ). An off‐site third party performed the randomization. During the initial two weeks of the study, the vitamin D 3  arm consumed 10 000 IU vitamin D 3 /day, followed by 2000 IU/day for the remainder of the study period. Placebo capsules contained cold‐pressed olive oil and were identical in appearance to vitamin D 3  capsules. Pharma Nord ApS (Vejle, Denmark) produced the two supplements, complying with Good Manufacturing Practice requirements. All participants consumed 500 mg calcium/day (Nycoplus, Takeda AS, Asker, Norway). Vitamin D status was primarily assessed as 25(OH)D levels in blood ( Figure 
L248:  2 ), corroborating with previous studies, 
L249:  63 
L250:   and secondarily as 1,25 dihydroxycholecalciferol (1,25(OH) 2 D; the biologically active form). 25(OH)D is accepted to be the most reliable measure of vitamin D status, 
L251:  64 
L252:   as it is unaffected by parathyroid hormone (PTH) activity, and is more stable and represents more accurate measurements compared with 1,25(OH) 2 D. 
L253:  64
L254: Table 1 Participant characteristics
L255: Figure 2 Schematic overview of the study protocol. Pre‐defined main time frames (baseline and end time points) for specific outcome measures (the color lines represents the measurement marked with the same color at the top of the figure;  (A) , vitamin D‐status (25‐hydroxyvitamin D levels,  (B)  and 1,25 dihydroxyvitamin D levels  (C)  during the RCT, training volume during the resistance training intervention  (D) , and perceived exertion (Borg RPE, 6–20) reported after training sessions  (E) . The training volume was calculated as average increase in volume (kg · repetitions) in leg press and knee extension from the first week of training. STR, maximal strength test; Musc.perf., test of muscular performance; 1‐LC, one‐legged cycling test; Func., test of functional capacity (6‐min step test and 1‐min sit‐to‐stand test); US, ultrasound measures of muscle thickness; DXA, Dual‐energy X‐ray Absorptiometry; V̇O 2 
L256:  max , maximal oxygen consumption; IU, international units; RT, resistance training; 25(OH)D, 25‐hydroxyvitamin D. In  ( 
L257:  B 
L258:  ) , statistical differences between time points and supplementation arms are denoted by letters: different letter indicates  P  < 0.05, that is, all time point measures denoted with the same letter are statistically similar ( P  > 0.05). Data for 25(OH)D and training volume are presented as means with 95% confidence intervals.
L259: Of the 95 participants included in the study, one withdrew from the study prior to onset on supplementation, 12 withdrew prior to onset of resistance training (vitamin D 3  arm,  n  = 9; placebo arm,  n  = 3), and 4 participants withdrew during the resistance training period (vitamin D 3  arm,  n  = 3; placebo arm,  n  = 1) ( Figure 
L260:  1 ). In summary, 78 participants completed the study; 58 healthy participants and 20 COPD participants. For participant characteristics, see  Table 
L261:  1 .
L262: Study conduct
L263: The study was conducted as a double‐blind randomized clinical trial (RCT), consisting of an initial 12 weeks of supplementation‐only (in average, 3333 IU vitamin D 3 /day or placebo; 14 days of 10 000 IU vitamin D 3 /day, 10 weeks of 2000 IU/day), followed by 13 weeks of combined supplementation (2000 IU vitamin D 3 /day or placebo) and resistance training ( Figure 
L264:  2 ). During study conduct, supplement allocation was blinded for both participants and investigators. Unblinding was performed after completion of primary outcome measure clean‐up and analyses. The intervention was conducted at Lillehammer, Norway (latitude 61°N) from September to May, ensuring low or no natural vitamin D synthesis by the skin from sunlight UVB radiation. 
L265:  29 
L266:   Prior to onset of the supplementation protocol (i.e. pre‐RCT), participants undertook two weeks of baseline testing and tissue/blood sampling ( Figure 
L267:  2 , Weeks −2 and −1), including testing of unilateral strength and muscle performance (tested twice, separated by at least 48 h; the first test was performed at ~95% of maximal effort), lung function, and collection of fasting blood and rested‐state muscle biopsy, sampled from  m. vastus lateralis  of the dominant leg using the microbiopsy technique (Bard Magnum, Bard, Covington, GA, USA). Thereafter, participants were randomized to the two supplementation arms. After two weeks of supplementation, a second blood sample was collected ( Figure 
L268:  2 , Week 2) to validate the efficacy of vitamin D 3  supplementation for blood 25(OH)D and 1,25(OH) 2 D levels. Prior to introduction to resistance training, the participants conducted repeated performance tests at several occasions ( Figure 
L269:  2 , Week −2–Week 13), including unilateral maximal strength and muscular performance, isokinetic unilateral knee‐extension torque, measures of functional capacity (i.e. 6‐min step and 1‐min sit‐to‐stand test), submaximal and maximal one‐legged cycling, and maximal bicycling. During the last week before introduction to resistance training ( Figure 
L270:  2 , Week 13), bilateral rested‐state biopsies and a fasted blood sample were collected, muscle thickness of  m. vastus lateralis  and  m. rectus  femoris  were measured using ultrasound (SmartUs EXT‐1 M; Telemed, Vilnius, Lithuania), and body composition was measured using dual‐energy X‐ray absorptiometry scan (DXA; Lunar Prodigy, GE Healthcare, Chicago, IL, USA).
L271: The training intervention consisted of 13 weeks of two weekly whole‐body resistance training sessions ( Figure 
L272:  2 , Week 14–27). Leg exercises were performed unilaterally to allow within‐participant differentiation of resistance training load. Accordingly, for each participant, the two legs were randomly assigned to perform either three sets with 10 repetitions to exhaustion (high‐load resistance exercise) or three sets with 30 repetitions to exhaustion (low‐load resistance exercise); that is, each participant performed both protocols in each session. For the upper‐body, resistance exercises were performed bilaterally, consisting of two sets of 10 repetitions to exhaustion. After seven training sessions (i.e. after 3.5 weeks of training; post‐introduction to resistance training), participants performed a selected battery of tests and measurements ( Figure 
L273:  2 , i.e. Week 17–18), including rested‐state bilateral muscle biopsies, a fasted blood sample, and measures of muscle strength, performance and torque. These tests were conducted for two reasons i) to assess the initial response to resistance training and ii) to reduce the impact of neural adaptations for training‐associated increases in performance (i.e. Week 17–18 was defined as baseline for these performance measurements). After the training intervention (post‐RCT), the complete battery of tests and measurements were repeated ( Figure 
L274:  2 , i.e. Week 28–30). During week 24, participants conducted a dietary registration, in which they logged their dietary intake for 3 days, including one weekend day ( Table 
L275:  1 ). Throughout the entirety of the study, participants completed a weekly health survey every Sunday evening, which included information about supplementation compliance, self‐reported health and potential discomforts caused by the nutritional supplement, such as digestive issues, sleep issues, issues with the urinary system, issues with the vestibular system, and dermal irritations. Moderate verbal motivation was given to all participants during all performance tests.
L276: Resistance‐exercise training protocol
L277: All participants performed the same whole‐body resistance‐exercise training programme, consisting of the following exercises (listed in order of conductance): unilateral leg press, unilateral knee extension, unilateral knee flexion, chest press, and lat pulldown. Leg exercises were performed as three series of 10 repetitions (high‐load) and 30 repetitions (low‐load) to exhaustion (10RM and 30RM, respectively), and upper‐body exercises were performed as two series of 10 repetitions (high‐load) to exhaustion, as previously described. Exercises and sets were separated by 2 min of rest. For leg exercises, all three sets for one leg were conducted before the other leg was exercised. The order in which the two legs were exercised was switched between each session. For all exercises, training loads were adjusted from session to session, i.e. when participants managed to perform more than 12 or 35 repetitions per set for high‐ and low‐load training, respectively. All sessions were supervised by qualified personnel to ensure correct technical execution and to ensure maximal efforts through verbal encouragement. To aid recovery and to ensure adequate protein intake after training, participants ingested half a protein bar immediately after each training session (~15 g protein; Big 100, Proteinfabrikken, Sandefjord, Norway).
L278: Spirometry
L279: Spirometry testing was performed using either the Oxycon Pro™ with the TripleV digital volume sensor (Carefusion GmbH, Höchberg, Germany) or the Spirare SPS320 ultrasonic spirometer (Diagnostica AS, Oslo, Norway) following guidelines from the American Thoracic Society and the European Respiratory Society. 
L280:  65 
L281:   Importantly, for each particular participant, all spirometry tests were performed using the same system. Participants with COPD were tested before and after inhalation of two bronchodilators (salbutamol, 0.2 mg and ipratropiumbromid, 20 μg).
L282: Muscle strength and performance
L283: Maximal muscle strength was assessed as one repetition maximum (1RM) in unilateral knee extension and leg press (Technogym, Cesena, Italy) and bilateral chest press (Panatta, Apiro, Italy). Each test started with specific warm‐up, consisting of 10, 6, and 3 repetitions at 40%, 70%, and 85% of the anticipated maximum. Thereafter, 1RM was found by increasing the resistance progressively until the weight could not be lifted through the full range of motion. Loads were increased in intervals of 1.25, 2.5, and 1.25 kg for knee extension, leg press, and chest press, respectively. Two minutes of rest was provided between attempts. Maximal handgrip strength was measured for the dominant hand using a hand‐held dynamometer (Baseline®, Fabrication Enterprises, Inc., Elmsford, NY, USA). Each test session consisted of three attempts, and the average score was used in further analyses.
L284: Muscle performance was defined as the maximal number of repetitions achieved at 50% of pre‐RCT 1RM and was assessed in unilateral knee extension and bilateral chest press. Participants were instructed to lift at a composed and controlled pace, with <1 s breaks in the lower and upper position. Whenever this requirement was not met, or participants failed to lift the weight through the full range of motion, the test was aborted.
L285: Isokinetic unilateral knee‐extension torque was assessed using a dynamometer (Humac Norm, CSMi, Stoughton, MA, USA). Participants were seated and secured with the knee joint aligned with the rotation axis of the dynamometer. Maximal isokinetic torque was tested at three angular speeds (60°, 120°, and 240° per second) with 2 min of rest provided between each of them. Prior to each test session, participants were familiarized with the test protocol by performing three submaximal efforts at each angular speed. Participants were given three attempts performed in immediate succession. The highest value was used in further analyses.
L286: For all tests of unilateral strength and performance, the dominant leg was tested first. Seat position and general settings for each test were noted for each participant and reproduced at each time‐point.
L287: One‐legged cycling and bicycling performance
L288: Participants conducted one‐legged cycling tests (Excalibur Sport, Lode BV, Groningen, the Netherlands) to assess O 2 ‐costs of submaximal cycling, and maximal one‐legged oxygen consumption (V̇O 2max ) and power output (W max ). Each test was initiated by 2 × 5 min submaximal workloads at 30 and 40 watts (healthy), respectively, or 20 and 30 watts (COPD) with a cadence of 60 revolutions per minute. Loads were individually adjusted if the predefined workload was higher than 50% of the W max  achieved during the familiarization session. Thereafter, a maximal step‐wise incremental protocol was conducted (10 and 5 watts/min for healthy and COPD participants, respectively). Starting loads were individually adjusted to elicit exhaustion after 6–10 min of cycling, based on results from the familiarization session. The cadence was freely chosen (>50 rpm). The test was terminated when cadence fell below 50 rpm. For all participants, submaximal and maximal performance on the dominant leg was tested first. After testing of the first leg, participants were allowed 20 min rest and/or low‐intensity cycling, before testing of the other leg. During one‐legged cycling tests, a 10 kg counterweight was attached to the contralateral ergometer crank to facilitate smooth cycling. The foot of the non‐exercising leg was rested on a chair placed in front of the subject. Breath‐to‐breath measurements of pulmonary oxygen consumption and ventilation (JAEGER Oxycon PRO™; Carefusion GmbH, Höchberg, Germany) and heart rate (Polar Electro Oy, Kempele, Finland) was monitored continuously during all tests. The average oxygen consumption during the last 2 min of each submaximal workload was defined as the O 2 ‐cost, while V̇O 2max  was defined as the highest average oxygen consumption measured over a period of 30‐s. Measurement of capillary lactate concentration (Biosen C‐line, EKF Diagnostics, Barleben, Germany) was performed after finalization of tests.
L289: Testing of maximal bilateral cycling V̇O 2max  and W max  was performed on a separate day. A step‐wise incremental protocol (20 and 15 watts/min for healthy men and women, respectively; 10 watts/min for participants with COPD) was conducted. Oxygen consumption was measured continuously using a computerized metabolic system with mixing chamber (JAEGER Oxycon PRO™; Carefusion GmbH, Höchberg, Germany). Prior to each cycling test, the gas analyser was calibrated using certified calibration gases with known concentrations, and the flow turbine (TripleV; JAEGER, Carefusion GmbH, Höchberg, Germany) was calibrated using the metabolic system's automatic volume calibration, or a 3 L, 5530 series calibration syringe (Hans Rudolph Inc., Kansas City, MO, USA), for one‐legged and bicycling tests, respectively.
L290: Functional performance
L291: One‐minute sit‐to‐stand and 6‐min step tests were conducted in consecutive order on the same test day. Each test session was initiated with 10 min warm‐up of low‐intensity bicycling. Briefly, during the 1‐min sit‐to‐stand tests, participants were instructed to fold their arms and sit/stand up for as many times possible during a 1‐min period. The seat was 45 cm from the floor. Sit‐to‐stand repetitions were approved if both knees and hip joints were fully extended after each seating. Three minutes after the 1‐min sit‐to‐stand test, the 6‐min step test was conducted. Briefly, participants were instructed to perform as many steps as possible onto a 20 cm high step box with a non‐slip rubber surface within 6 min (Reebok Step; Boston, MA, USA). During each step, participants were instructed to place both legs on the box, with the hip fully extended.
L292: Muscle thickness by ultrasound and dual‐energy X‐ray absorptiometry‐derived body mass measures
L293: Prior to measurements of muscle thickness and DXA measurements, the participants were instructed to attend an overnight fast and avoid heavy physical activity for the last 24 h leading up to the event.
L294: Muscle thickness of  m. vastus lateralis  and  m. rectus  femoris  were measured using B‐mode ultrasonography (SmartUs EXT‐1 M, Telemed, Vilnius, Lithuania) with a 39 mm 12 MHz, linear array probe. Transverse images were obtained ~60% distally from the  trochanter major  towards the femoral lateral epicondyle. Three images were captured for each muscle, where the probe was relocated to the same position between each image. The position of the probe was marked on the skin and subsequently marked on a soft transparent plastic sheet superimposed on the thigh. Landmarks such as moles and scars were also marked on the plastic sheet for relocation of the scanned areas during post‐training measurements. During analysis, pre and post images from the same participant were analysed consecutively using the Fiji software 
L295:  66 
L296:   and by two independent researchers. The average muscle thickness of the three images captured per muscle was used for further analyses.
L297: Body composition was determined using DXA (Lunar Prodigy, GE Healthcare, Madison, WI, USA) and was analysed using the manufacturer's software, in accordance with the manufacturer's protocol. Leg lean mass was defined as the region distally of  collum femoris . Care was taken to match the region of interest on pre and post images. Analyses of both muscle thickness and body composition were performed in a blinded manner regarding participant identity and time point of the measurement.
L298: Blood sampling and measurements, and muscle biopsy sampling
L299: Prior to collection of blood and muscle biopsies, participants were instructed to attend an overnight fast and to avoid heavy physical activity for the last 48 h leading up to the event. All blood samples and muscle biopsies were collected between 08:00 and 11:00 a.m. Blood samples were collected from an antecubital vein into serum‐separating tubes and kept at room temperature for 30 min before centrifugation (2600  g , 15 min). Serum was aliquoted and stored at −80°C until further processing. Serum concentrations of total testosterone, cortisol, growth hormone, insulin‐like growth‐factor 1 (IGF‐1), sex‐hormone binding globulin (SHBG) and androstenedione were measured using an Immulite 2000 analyser with kits from the Immulite Immunoassay System menu (Siemens Medical Solutions Diagnostics, Malvern, PA, USA). Serum 25(OH)D, parathyroid hormone, calcium, albumin, creatinine, creatine kinase, aspartate aminotransferase, C‐reactive protein, triglycerides, low‐density lipoprotein, high‐density lipoprotein, thyroid hormones and iron metabolism variables were measured using a Roche Cobas 6000 analyser and kits from Roche (Roche Diagnostics, Rotkreuz, Switzerland). In a subset of participants, 1,25(OH) 2 D levels in serum were measured at Week −1, Week 2, Week 13 and Week 28 (vitamin D 3  arm,  n  = 19; placebo arm,  n  = 21) using enzyme immunoassays with kits from Immunodiagnostic Systems (IDS, Boldon, Tyne & Wear, UK).
L300: Muscle biopsies were sampled from  m. vastus lateralis  under local anaesthesia (Lidocaine, 10 mg/mL, AstraZenaca AS, Oslo, Norway) using a 12‐gauge needle (Universal Plus, Medax, San Possidonio, Italy) operated with a spring‐loaded biopsy instrument (Bard Magnum, Bard, Covington, GA, USA), as previously described. 
L301:  67 
L302:   Biopsies were sampled at 1/3 of the distance from the patella to the  anterior superior iliac spine . The tissue was quickly dissected free of blood and visible connective tissue in ice‐cold sterile saline solution (0.9% NaCl). Samples for immunohistochemistry were transferred to a 4% formalin solution for fixation for 24–72 h, before further preparation. Samples for RNA analyses were blotted dry, snap‐frozen in isopentane (−80°C) and stored at −80°C until further processing.
L303: Immunohistochemistry
L304: Formalin‐fixed muscle biopsies were processed rapidly using a Shandon Excelsior ES (Thermo Fisher Scientific, Waltham, MA, USA), whereupon biopsies were paraffin‐embedded and sectioned into transverse sections (4 μm). Antigen retrieval was performed at 97°C for 20 min in a target retrieval solution (cat. no. DM828, Agilent Dako, Santa Clara, CA, USA) using a PT link (PT 200, Agilent Dako, Santa Clara, CA, USA). Staining was performed using a DAKO Autostainer Link 48 (Agilent Dako, Santa Clara, CA, USA). For determination of muscle fibre types, cross‐sections were first treated with protease 2 (cat. no. 760–2019, Roche Diagnostics, Rotkreuz, Switzerland), before they were triple‐stained using 2.5 μg/mL BA‐F8, BF‐35 and 6H1 (all from Developmental Studies Hybridoma Bank, University of Iowa, Iowa City, IA, USA; BA‐F8 and BF‐35 deposited by Schiaffino, S., Uni. of Padova, Italy; 6H1 deposited by Lucas, C., Uni. of Sydney, Australia). Visualization of the primary antibodies was achieved by incubation of appropriate secondary antibodies, diluted 1:400: goat anti‐mouse Alexa Fluor (Thermo Fisher Scientific, Waltham, MA, USA) 350 (IgGγ2b, cat. no. A21140), 488 (IgGγ1, cat. no. A21121) and 594 (IgM H + L, cat. no. A21044) for BA‐F8, BF‐35 and 6H1, respectively.
L305: For determination of muscle fibre cross‐sectional area (CSA) and numbers of myonuclei per muscle fibre type, a different tissue cross‐section was double‐stained using primary antibodies against muscle fibre membrane (dystrophin, diluted 1:100, cat. no. PA1–21011; Thermo Fisher Scientific, Waltham, MA, USA) and myosin heavy chain I (diluted 1:2000, cat. no. M8421, Sigma‐Aldrich, Saint‐Louis, MO, USA). Visualization was achieved using the secondary antibodies Alexa Fluor 594 (IgG H + L, diluted 1:400, cat. no. A11037) and 488 (IgG1γ1, diluted 1:400, cat. no. A21121), respectively (Thermo Fisher Scientific, Waltham, MA, USA). Muscle sections were then covered with a coverslip and glued with EverBrite™ Hardset Mounting Medium with DAPI (cat. no. 23004, Biotium Inc., Fremont, CA, USA), to visualize cell nuclei.
L306: Images of stained cross‐sections were captured using a high‐resolution camera (Axiocam, Zeiss, Oberkochen, Germany) mounted on a light microscope (Axioskop‐2, Zeiss, Oberkochen, Germany), with a fluorescent light source (X‐Cite 120, EXFO Photonic Solutions Inc., Mississauga, Canada). Multiple images were taken using 20× objectives to capture the entirety of each cross‐section. For representative images, see  Figure 
L307:  3 . All analyses of muscle fibre characteristics were performed using automated procedures, ensuring unbiased quantification.
L308: Figure 3 Representative immunohistochemistry images of  (A)  myosin heavy chain I (green) and cell membrane (red),  (B)  myonuclei (blue) and cell membrane (dystrophin, red), and  (C)  myosin heavy chain I (blue), IIA (green), IIX (red), and IIA/IIX hybrids (orange). Images in  (A)  and  (B)  are from the same tissue cross‐section: triple‐staining myosin heavy chain I, dystrophin and cell nuclei.
L309: Analyses of muscle fibre type proportions were performed using the Cell Counter function in the Fiji software, 
L310:  66 
L311:   whereby muscle fibres were categorized as either type I, type IIA, type IIX or hybrid fibres type IIA/IIX. Sections and/or images with insufficient staining to distinguish between fibre types were excluded. Muscle fibre type‐specific CSA (type I or type II) were calculated using the TEMA software (CheckVision, Hadsund, Denmark). Myonuclei were counted using the CellProfiler software. 
L312:  68
L313: Total RNA extraction and qPCR
L314: Approximately 10–20 mg of wet muscle tissue (average 13 ± 4 mg, range 3–26 mg) was homogenized in a total volume of 1 mL TRIzol reagent (Invitrogen, Carlsbad, CA, USA) using 0.5 mm RNase‐free zirconium oxide beads and a bead homogenizer (Bullet Blender, Next Advance, Averill Park, NY, USA), as previously described. 
L315:  67 
L316:   To enable analysis of target gene expression per unit tissue weight, an exogenous RNA control (λ polyA External Standard Kit, Takara Bio Inc., Shiga, Japan) was added at a fixed amount (0.04 ng/mL of Trizol reagent) per extraction prior to homogenization, as previously described. 
L317:  69 
L318:  ,  
L319:  70 
L320:   Following phase separation, 450 μL of the upper phase was transferred to a new tube and RNA was precipitated using isopropanol. The resulting RNA pellet was washed three times with 75% ethanol, eluted in 30 μL TE buffer, and diluted to 100 ng RNA/μL, following quantification of total RNA concentration using μDrop plate and the Multiskan GO microplate spectrophotometer (Thermo Fisher Scientific, Waltham, MA, USA). RNA integrity was assessed using capillary electrophoresis (Experion Automated Electrophoresis Station using RNA StdSens Assay, Bio‐Rad, Hercules, CA, USA) with average integrity score (RNA quality indicator; RQI): 8.9 ± 0.8.
L321: Five hundred nanograms of RNA were reverse transcribed using anchored oligo‐dT (Thermo Fisher Scientific, Waltham, MA, USA), random hexamer primers (Thermo Fisher Scientific, Waltham, MA, USA) and Super‐Script IV Reverse Transcriptase (Invitrogen, Carlsbad, CA, USA), according to manufacturers' instructions. All samples were reverse transcribed in duplicates and diluted 1:50 prior to quantitative real‐time polymerase chain reaction (qPCR). qPCR reactions were conducted using a fast‐cycling real‐time detection system (Applied Biosystems 7500 fast Real‐Time PCR Systems, Life Technologies AS), with total volumes of 10 μL, containing 2 μL cDNA (1:25 dilutions), target gene‐specific primers (final concentration 0.5 μM) and a commercial master mix (2× SYBR Select Master Mix, Applied Biosystems, Life Technologies Corp., Carlsbad, CA, USA). qPCR reactions consisted of 40 cycles (3 s 95°C denaturing and 30 s 60°C annealing). Melt‐curve analyses were performed for all reactions to verify single‐product amplification. Gene‐specific primers were designed using Primer3Plus 
L322:  71 
L323:   and synthesized by Thermo Scientific, except for the external RNA control, for which primers were supplied with the kit (λ polyA External Standard Kit, Takara Bio Inc., Shiga, Japan). Raw fluorescence data were exported from the platform‐specific software and amplification curves were modelled using a best‐fit sigmoidal model using the qpcR‐package 
L324:  72 
L325:   written for R. 
L326:  73 
L327:   Threshold cycles (Ct) were estimated from the models by the second‐derivate maximum method with technical duplicates modelled independently. Amplification efficiencies were estimated for every reaction. 
L328:  74 
L329:   For every primer pair, mean amplification efficiencies ( E ) were utilized to transform data to the linear scale using  E 
L330:  –Ct . Primer sequences and primer characteristics (i.e. average primer efficiencies and Ct values) are presented in Supporting Information,  Table 
L331:  S1 . Gene expression data were log‐transformed prior to statistical analysis. As Ct values, but not primer efficiencies depend on RNA integrity, 
L332:  75 
L333:   RQI scores were used as a random variable on a per‐target basis to control for potential degradation during statistical analyses (see below).
L334: RNA sequencing
L335: RNA sequencing was performed on pairwise muscle samples collected before the RCT (vitamin D 3 ,  n  = 11; placebo,  n  = 13), after 12 weeks of supplementation‐only (vitamin D 3 ,  n  = 24; placebo,  n  = 29), after 3.5 weeks of introduction to resistance training (vitamin D 3 ,  n  = 23; placebo,  n  = 28), and after 13 weeks of resistance training (vitamin D 3  arm,  n  = 24; placebo arm,  n  = 29). Samples was selected based on quality of total RNA samples (RQI > 7.0, avg 9.0 ± 0.5). Participants with complete sets of muscle biopsies were prioritized. For each muscle sample, mRNA sequencing libraries were prepared from 1000 ng of total RNA using TruSeq Stranded Total RNA Library Prep (Illumina, San Diego, CA, USA). Paired‐end sequencing (150 bp) was performed using an Illumina HiSeq 3000 (Illumina, San Diego, CA, USA) at the Norwegian Sequencing Centre, Oslo, Norway.
L336: Data analyses and statistics
L337: As defined in the pre‐registration of the study protocol (ClinicalTrials.gov Identifier: NCT02598830), the effects of vitamin D 3  supplementation for different outcome measures were evaluated using different baseline time points (outlined in  Figure 
L338:  2 ). For transparency, statistical comparisons of all outcome measures and all relevant time points are presented in Supporting Information,  Tables 
L339:  S2  and  S3 . These tables also specify the statistical models used for each specific variable and analysis. In general, for continuous variables, the effects of vitamin D 3  supplementation (compared with placebo) were investigated using linear mixed‐effects models with the relative change from baseline being defined as the dependent variable and the supplementation arms being defined as the fixed effect. The two different training loads (high‐ and low‐load) were added to the model as repeated measures/observations (for unilateral outcome measures), and baseline values were used as co‐variates. For all participants, random intercepts were specified. For all unilateral leg variables, interaction effects were explored between the fixed effect and health status (COPD vs. non‐COPD) and training loads. For other variables, interactions were investigated between the fixed effect (vitamin D 3  vs. placebo) and health status, with the exception for blood variables, for which the interaction with sex was also examined. For all statistical analyses of immunohistochemical variables (muscle fibre CSA, fibre type proportion, and myonuclei per fibre), the models were weighted for the number of counted fibres per biopsy. This was carried out to account for the reduced reliability accompanying fewer observations/fibres (see Supporting Information,  Figure 
L340:  S2 ). For non‐continuous variables, a different statistical approach was used to investigate the effects of the vitamin D 3  supplementation. For fibre type proportions (immunohistochemistry) and variables from the weekly health survey, a generalized linear mixed model (GLMM) with binomial error distribution and link function was used to examine differences in changes between supplementation arms (time*supplementation arm interactions). For gene family‐based analyses of myosin heavy‐chain mRNA data, 
L341:  76 
L342:   a GLMM with negative binomial distribution/link function (log‐link) was used following transformation to transcript counts. 
L343:  77 
L344:   Target gene mRNA abundance, expressed as per unit muscle weight using the external reference gene, were analysed using mixed linear models with within‐model normalization through the addition of random effects of technical replicates. To allow for gene‐specific variances, variance functions were specified per strata (per gene). RQI scores were included in the model on a per target basis to control for RNA degradation. The number of observations per statistical analysis is presented in Supporting Information,  Table 
L345:  S2 . For most outcome measures, the main effect of time was examined using mixed modelling, using absolute values for the dependent variable and time points as repeated measures/observations with random intercepts for each subject (Supporting Information,  Table 
L346:  S2  for complete overview).
L347: During transcriptome analyses, gene counts were modelled using negative binomial GLMM with the total library size modelled as a fixed effect 
L348:  78 
L349:   together with sex and study conditions (time point and supplementation arms). The effect of resistance training on gene counts was assessed as i) the effect of time and ii) its interaction with supplementation arm (vitamin D 3  and placebo supplementation). For analyses of the effect of time, differential expression was evaluated using GLMMs containing only the time factor, combining all data irrespective of supplementation arm. For analyses of the effect of supplementation over time, differential expression was evaluated using GLMMs containing the interaction between time and supplementation arm. The supplementation‐only period was modelled independently of the training period. In all models, a single random effect was used, giving each participant an individual intercept. Models were iteratively fitted using glmmTMB. 
L350:  79 
L351:   Model adequacy was tested for each model fit by assessing uniformity of simulated residuals. 
L352:  80 
L353:   A total of 15 093 genes were included in the RNA‐seq data set after initial filtering, and 0.4–3.7% of these were subsequently removed due to violation of the uniformity assumption ( P  < 0.05). Genes were identified as differentially expressed when the absolute log 2  fold‐change was greater than 0.5 and the adjusted  P ‐value (false discovery rate adjusted per model coefficient) was below 5%. Enrichment analyses of gene ontology (GO) gene sets were performed using two approaches. First, a non‐parametric rank test 
L354:  81 
L355:  ,  
L356:  82 
L357:   was performed based on gene‐specific minimum significant differences (MSD). MSD was defined as the lower limit of the 95% confidence interval (CI, based on estimated standard errors) around the log fold‐change (FC) when log (FC) > 0 and the negative inverse of the upper 95% CI when log (FC) < 0. Genes with MSD < 0 were further ranked based on  P ‐values. The rank test assessed non‐directional changes in gene sets. Second, gene set enrichment analysis (GSEA) 
L358:  83 
L359:   was performed to quantify directional regulation of the gene set. GSEA was performed using the fgsea package, 
L360:  84 
L361:   with −log 10 ( P ‐values)*log 2 (fold‐change) acting as the gene level metric. 
L362:  85 
L363:   Consensus results between the two analyses were given higher importance. GO gene sets (biological process, cellular component and molecular function), as well as Hallmark and KEGG gene sets were retrieved from the molecular signature database (version 7.1). 
L364:  86 
L365:   Overview of enrichment analyses with exact  P ‐values are presented in Supporting Information,  Tables 
L366:  S5 ,  S6 , and  S8–S10 .
L367: To achieve reliable assessment of the main outcome domains muscle strength, muscle mass, one‐legged endurance performance and whole‐body endurance performance, and thus to lower the risk of statistical errors, combined factors were calculated for outcome measures. For complete overview over the composition of each factor, see Supporting Information,  Table 
L368:  S4 . During factor calculation, each of the underlying variables were normalized to the participant with the highest value recorded during the RCT, resulting in individual scores ≤1. Thereafter, outcome domain factors were calculated as the mean of the normalized values for each variable for each subject (e.g. the muscle mass factor of the legs included muscle thickness, leg lean mass, and muscle fibre CSA). To evaluate the biological coherence of these factors, a factor analysis was performed to ensure correlation between the combined factors and their underlying outcome variables (Supporting Information,  Table 
L369:  S4 ). 
L370:  87 
L371:   To assess the effect of vitamin D 3  supplementation for changes in these combined factors, linear mixed‐effects models were used, as previously described. In addition, these factors were used to investigate the influence of pre‐RCT levels of 25(OH)D, body fat proportions and body mass index on the effects of vitamin D 3  supplementation. To perform these analyses, each of the two supplementation arms were divided into quartiles, defined by baseline 25(OH)D, body fat percentage and body mass index levels, respectively (quartile 1, lowest, … quartile 4, highest). For each of the calculated factors, the effect of quartile and the interaction between quartile and supplementation arm was examined using mixed modelling.
L372: Statistical significance was set to  P  < 0.05. In the text, data are presented as means ± standard deviation. In figures, data are shown as adjusted, estimated marginal means of relative changes and differences in relative changes between supplementation arms, with 95% confidence intervals, unless otherwise stated. Statistical analyses were performed using SPSS Statistics package version 24 (IBM, Chicago, IL, USA) and R software. 
L373:  73 
L374:   Figures were made using Prism Software (GraphPad 8, San Diego, CA, USA) and R software. 
L375:  73
L376: Results and discussion
L377: Effects of vitamin D 3  supplementation on 25(OH)D and 1,25(OH) 2 D in blood
L378: At pre‐RCT, participants in vitamin D 3  and placebo intervention arms had similar [25(OH)D] levels in serum (80 nmol/L vs. 78 nmol/L, range: 24–144 nmol/L,  Figure 
L379:  2 ). [25(OH)D] levels did not differ between participants with different health status (i.e. with or without COPD diagnosis). In the vitamin D 3  arm, the study was initiated by 14 days of high‐dosage vitamin D 3  intake (10 000 IU per day), which led to 42 nmol/L increases in [25(OH)D] (to 122 ± 24 nmol/L; range = 82–175 nmol/L;  P  < 0.001), with no change in the placebo arm (79 ± 31 nmol/L; range = 36–167 nmol/L) ( Figure 
L380:  2 ). During the remainder of the study (weeks 3–30), vitamin D 3  was ingested at 2000 IU per day, which led to stabilization of [25(OH)D] at elevated levels compared with the placebo arm (Week 13, Δ45 nmol/L; Week 17, Δ49 nmol/L; Week 29, Δ46 nmol/L;  Figure 
L381:  2 ), resembling the efficacy of previous studies with comparable study protocols (~2500 IU per day). 
L382:  88 
L383:  ,  
L384:  89 
L385:   Conversely, in the placebo arm, [25(OH)D] either declined or was similar to pre‐RCT levels (Week 13, −8 nmol/L; Week 17, −11 nmol/L; Week 29, −6 nmol/L;  Figure 
L386:  2 ), corroborating with changes typically seen in Northern populations during winter months, 
L387:  27 
L388:   with the notable observation that values were slightly higher than expected. 
L389:  28
L390: After the initial 14 days of supplementation‐only, the marked increases in 25(OH)D in the vitamin D 3  arm were accompanied by robust increases in [1,25(OH) 2 D] compared with the placebo arm (vitamin D 3 , +17 pmol/L; placebo, −7 pmol/L; ∆24 pmol/L,  P  = 0.004;  Figure 
L391:  2 ). During this time frame, change scores for [1,25(OH) 2 D] were correlated with change scores for [25(OH)D] ( r  = 0.429,  P  = 0.006; data not shown). At Week 13 and 29, the statistical difference in changes in [1,25(OH) 2 D] between supplementation arms had disappeared (∆11 pmol/L,  P  = 0.377, and ∆12 pmol/L,  P  = 0.224;  Figure 
L392:  2 ), and the correlation between changes in [1,25(OH) 2 D] and [25(OH)D] was no longer evident ( r  = 0.169–0.243,  P  = 0.131–0.298; data not shown). The initial period of high‐dosage vitamin D 3  supplementation thus led to rapid elevations in 1,25(OH) 2 D levels, which was subsequently reversed towards baseline levels during the follow‐up period with maintenance intake (2000 IU/day), although vitamin D 3  supplementation was still associated with increased numerically values and the levels of individual variation was large. In all but three samples, measures of [1,25(OH) 2 D] were within the normal range for adults (39–193 pmol/L), as defined by the manufacturer, 
L393:  90 
L394:   with all deviating samples being >193 pmol/L (vitamin D 3 ,  n  = 2; placebo,  n  = 1).
L395: At the onset of introduction to training (Week 13) and throughout the training intervention (Week 17, Week 29), participants in the vitamin D 3  arm were all vitamin D‐sufficient, as classified by the National Academy of Medicine ([25(OH)D] > 50 nmol/L), 
L396:  27 
L397:   while in the placebo arm, 13 (Week 13), 12 (Week 17) and 5 (Week 29) participants were vitamin D‐insufficient. In both supplementation arms, calcium was ingested at 500 mg/day throughout the intervention. Despite this, no changes were seen in calcium or albumin‐corrected calcium levels in blood at any time point (Supporting Information,  Table 
L398:  S11 ). Levels of the parathyroid hormone decreased throughout the intervention ( P  = 0.035; Supporting Information,  Table 
L399:  S11 ), most likely caused by an autoregulatory response to increased calcium intake. 
L400:  91 
L401:   Vitamin D 3  supplementation did not alter this response. Compliance to the supplementation protocol was high in both intervention arms (vitamin D 3 , 99.3%; placebo, 99.3%;  P  = 0.998). Together, these observations suggest that vitamin D 3  supplementation led to improved vitamin D‐status during the intervention, measured as 25(OH)D, whereas placebo led to reduced or maintained levels, with approximately 1/3 rd  of placebo‐receiving participants showing levels associated with impaired muscle functionality (<50 nmol/L) at the onset of resistance training. 
L402:  21 
L403:  ,  
L404:  22 
L405:  ,  
L406:  92
L407: Effects of vitamin D 3  supplementation on resistance training‐associated changes in myofibre cross‐sectional area and proportions (primary objectives)
L408: In contrast to our main hypotheses, vitamin D 3  supplementation did not enhance resistance training‐associated increases in muscle fibre cross‐sectional area or changes in muscle fibre proportions ( Figure 
L409:  4 ; pre‐defined as primary objectives of the study), despite clear improvements in vitamin D status (25(OH)D). The results are presented in more detail in later sections ( Effects of vitamin D 
L410:  3 
L411:  supplementation on training‐associated changes in maximal muscle strength and lower‐limb muscle mass  and  Effects of vitamin D 
L412:  3 
L413:  supplementation on training‐associated changes in muscle fibre characteristics and transcriptomics) .
L414: Figure 4 Primary outcome objectives of the study; effects of combined vitamin D 3  supplementation and resistance training on changes in muscle fibre cross‐sectional area  (A, B)  and fibre type proportions  (C–E)  in older adults. Alpha level at  P  < 0.05. Data are presented as means with 95% confidence intervals.
L415: Effects of 12 weeks of vitamin D 3 ‐supplementation only (weeks 1–12) on muscle strength, performance and characteristics
L416: The main purpose of the initial 12 weeks of vitamin D 3  supplementation‐only was to ensure physiologically elevated [25(OH)D] for a prolonged period prior to onset of resistance training, thus potentially priming muscle cells for plasticity. Vitamin D 3  supplementation itself had no effect on upper‐ and lower‐body muscle strength and performance, muscle fibre area and characteristics ( m. vastus lateralis ), or hormone concentrations in blood compared with placebo (Supporting Information,  Figure 
L417:  S1  and  Table 
L418:  S2 ), showing no interaction with health status. Surprisingly, the only exception was 1RM knee extension, for which vitamin D 3  led to negative changes compared with placebo (Δ−8.4%;  P  = 0.008), opposing the seemingly accepted dogma that vitamin D supplementation  per se  exerts positive effects on leg muscle strength. 
L419:  35 
L420:  ,  
L421:  93 
L422:   Notably, for all muscle strength and muscular performance variables, the initial 12 week supplementation period was associated with improved performance in all performance tests (5–71%; for details, see Supporting Information,  Figure 
L423:  S1 ). These improvements occurred without any apparent changes in muscle cell characteristics in thigh muscle, including muscle fibre CSA (type I, 4%,  P  = 0.573; type II, 9%,  P  = 0.312), muscle fibre type proportions ( P  = 0.127–0.901), and total RNA/rRNA expression ( P  = 0.604–1.000) (Supporting Information,  Figure 
L424:  S1 ). They were hence likely caused by technical, psychological and neural learning effects, 
L425:  94 
L426:   effectuated by repeated exposure to testing prior to and during the supplementation period (Supporting Information,  Figure 
L427:  S1 ), as is typically seen in older subjects. 
L428:  95 
L429:   Indeed, dynamic exercises like knee extension and chest press are associated with lower intra‐rater reliability than the grip strength test, 
L430:  94 
L431:   which remains unaffected by test–retest, 
L432:  94 
L433:   as was likely the case in the present study.
L434: Overall, the 12‐weeks supplementation‐only period did not lead to marked changes in mRNA transcriptome profiles in the two supplementation arms combined (vitamin D 3 ,  n  = 11; placebo,  n  = 13). Vitamin D 3  supplementation was, however, associated with differential changes in the expression of a selected genes compared with placebo; 27 genes ↑ and 27 genes ↓ ( Figure 
L435:  5A  and Supporting Information,  Table 
L436:  S7 ). This included increased expression of B‐cell lymphoma 6 and prolyl 4‐hydroxylase subunit alpha‐1 ( BCL6  and  P4HA1 ;  Figure 
L437:  5A ), both of which are known to oppose accumulation of reactive oxygen species (ROS), 
L438:  96 
L439:  ,  
L440:  97 
L441:  ,  
L442:  98 
L443:   and decreased expression of angiopoietin‐like protein 4 ( ANGPTL4 ;  Figure 
L444:  5A ), which is closely correlated with levels of mitochondrial respiration. 
L445:  99 
L446:   These findings were reaffirmed by gene enrichment analyses, which showed a general reduction in the expression of gene sets relating to both oxidative and glycolytic metabolism in the vitamin D 3  arm ( Figure 
L447:  5B  and Supporting Information,  Tables 
L448:  S5 – S6 ). This is in line with previous observations whereby vitamin D has been shown to counteract ROS and mitochondrial oxidative stress. 
L449:  100 
L450:   The seemingly negative effect of vitamin D 3  supplementation for expression of mitochondrial genes may thus be due to reduced mitochondrial turnover. Of note, expression of the vitamin D receptor (VDR) was observed in the data set, but was not affected by supplementation.
L451: Figure 5 Effects of 12 weeks of vitamin D 3  supplementation‐only on whole‐genome transcriptome profiles in  m. vastus lateralis  of older adults. After 12 weeks of supplementation‐only, numerous genes were differentially expressed between the vitamin D 3  and the placebo arm  (A) ; ∆, pre‐introduction to resistance training/pre‐RCT). Gene ontology (GO) enrichment analyses showed that these genes were primarily related to mitochondrial function and cell cortex/cell‐substrate junction  (B) ; positive/negative GSEA‐normalized enrichment scores indicates higher/lower expression of gene sets in the vitamin D 3  arm compared with the placebo arm). The seven differentially expressed gene sets were clustered into two distinct groups of genes  (C) .
L452: Introductory observations on the quality and general efficacy of the resistance training protocol (weeks 13–28)
L453: Before assessing the effects of combined vitamin D 3  supplementation and resistance training, it is vital to reaffirm that the protocols and methods held sufficient validity and reliability, including a general assessment of the efficacy of the resistance training intervention. All training sessions were supervised by qualified personnel, as suggested by others, 
L454:  46 
L455:   which likely contributed to the very low drop‐out rate ( n  = 4 during the training period, ~5%,  Table 
L456:  1 ), and ensured high adherence to the protocol (98%, range 81–100%,  Table 
L457:  1 ) and appropriate training progression throughout the intervention ( Figure 
L458:  2 ). Training volume (repetitions x kg) increased by 20% (knee extension) and 30% (leg press) from Week 14 (the first week of training) to Week 18 (the 4th week of training), by 48% and 54% to Week 22 (the 8th week of training) and by 65% and 68% to Week 27 (the last week of training) ( Figure 
L459:  2 ). This resembles or exceeds training progression seen in similar studies on previously untrained participants 
L460:  101 
L461:  ,  
L462:  102 
L463:   and was accompanied by progressive increases in perceived exercise intensities (using the Borg RPE‐scale 
L464:  103 
L465:  ) ( Figure 
L466:  2 ). For these training characteristics, no differences were observed between supplementation arms ( P  = 0.897–0.980). The arguably successful completion of the resistance training intervention was accompanied by marked functional and biological adaptations in the participants, including increased muscle strength and performance (e.g. 22% and 72% increases in 1RM and muscular performance in knee extension, respectively,  P  < 0.05, Supporting Information,  Figure 
L467:  S1 ), increased muscle mass (e.g. 16–24% increases in muscle fibre CSA for  m. vastus lateralis ,  P  < 0.05, Supporting Information,  Figure 
L468:  S1 ), increases in myonuclei number per fibre (30–37%,  P  < 0.05, Supporting Information,  Figure 
L469:  S1 ), alterations in muscle fibre proportions (e.g. type IIX fibre proportions changed from 10% to 7%,  P  < 0.05, Supporting Information,  Figure 
L470:  S1 ), and robust alterations in muscle transcriptome profiles (499 and 312 differentially expressed genes at post‐introduction resistance training and post‐RCT, compared with pre‐introduction to resistance training,  Figure 
L471:  11A,B ). Importantly, neither of these muscle fibre characteristics changed from pre‐RCT to before onset of resistance training (Week 13), suggesting that muscle biopsies sampled before and after the supplement‐only period could be regarded as a sampling‐resampling event (Supporting Information,  Figure 
L472:  S1 ). For muscle strength, the intervention had relative efficiencies of 0.86% (knee extension) and 1.43% (leg press) increase per session, which resemble or exceeds expectations based on previous studies of untrained older adults (0.5–1.0% per session). 
L473:  104 
L474:  ,  
L475:  105 
L476:  ,  
L477:  106
L478: Analytical measures to increase the validity of vitamin D 3 ‐based analyses
L479: To ensure valid analyses of the effects of vitamin D 3  supplementation on muscle‐related features, two precautionary measures were deemed to be necessary. First, for muscle strength and muscle performance (apparatus exercises), we defined baseline levels to be equivalent to values collected after 3.5 weeks of introduction to resistance training (main analyses,  Figure 
L480:  2 ), rather than values collected before its onset, as noted in the preregistration of the study (NCT02598830). At this time point, initial adaptations to training were likely to have occurred, preferably non‐hypertrophic effects relating to technical, psychological and neural learning effects, 
L481:  94 
L482:   phenomena that are particularly prominent in older subjects. 
L483:  95 
L484:   Using this time point as baseline arguably strengthens the association between changes in muscle strength and muscle mass, which was the main perspective of our vitamin D 3 ‐based analyses. For other outcome measures, baseline levels were either defined as values obtained at the onset of introduction to resistance training ( Figure 
L485:  2 , Week 13; muscle biological data, muscle thickness, body composition, endurance‐related outcome measures) or as values obtained pre‐RCT (Week −1,  Figure 
L486:  2 ; self‐reported health, blood variables, lung function).
L487: To further minimize the confounding effects of non‐hypertrophic increases in strength and performance, all participants conducted a series of repeated tests prior to baseline tests, including five repeated 1RM and muscular performance tests in knee extension and chest press (Supporting Information,  Figure 
L488:  S1 a,b,e,f), respectively, four of which was conducted prior to onset of introduction to training. As expected, this led to marked and progressive increases in strength/performance levels for all test procedures compared with pre‐RCT values (e.g. 4–8 – 14% for 1RM knee extension, 3–5 – 13% for 1RM bench press; the first test was conducted at ~95% of maximal effort and was thus removed from analyses) (Supporting Information,  Figure 
L489:  S1 ). For leg press, three tests were performed prior to the defined baseline test at post‐introduction to resistance training, resulting in similarly scaled improvements as observed for knee extension and chest press (Supporting Information,  Figure 
L490:  S1 , 14%; the first test was conducted at ~95% of maximal effort and was thus removed from analyses). These improvements occurred without any apparent hypertrophy in  m. vastus lateralis  of the dominant leg, measured as muscle fibre CSA (pre‐RCT vs. pre‐introduction to resistance training; type I,  P  = 0.573; type II,  P  = 0.312), as previously presented (Supporting Information,  Figure 
L491:  S1g ), strengthening the notion that the improvements were due to other factors. After adopting the post‐introduction‐to‐training time point as baseline for the strength outcome measures, the efficiency of the intervention on muscle strength was still somewhat higher than expected based on previous observations 
L492:  104 
L493:  ,  
L494:  105 
L495:  ,  
L496:  106 
L497:   (1RM knee extension, 0.8% per session; 1RM leg press, 1.3% per session). Notably, while these former studies contained less extensive measures to ensure reproducibility, they reported low test–retest variability, which does not concur with our results. 
L498:  104 
L499:  ,  
L500:  105 
L501:  ,  
L502:  106
L503: Second, for analyses of the effects of vitamin D 3  supplementation on changes in muscle mass, we found it necessary to reconsider our choice of using changes in muscle fibre CSA and fibre type proportions in  m. vastus lateralis  as the primary objective of the study. These data were associated with large degrees of sampling‐to‐resampling variation, as evaluated using repeated muscle biopsies from the dominant leg, sampled at weeks −1 and 13, i.e. prior to introduction to resistance training (Supporting Information,  Figure 
L504:  S2 ). Similar issues have been previously reported for such analyses, 
L505:  107 
L506:   although not in all studies 
L507:  108 
L508:  ,  
L509:  109 
L510:   and are likely exacerbated in older adults, for whom larger spatial heterogeneity are present in muscle fibre characteristics compared with young adults, 
L511:  110 
L512:   possibly relating to the age‐related remodeling of motor units. 
L513:  111 
L514:   Despite these issues, the data provided sufficient resolution to disclose marked increases in muscle fibre CSA and changes in muscle fibre proportions over the entirety of the training intervention, as previously presented ( Figure 
L515:  4  and Supporting Information,  Figure 
L516:  S1 ).
L517: In order to achieve reliable assessment of changes in muscle mass, we thus had to take on a different approach. Instead of relying on muscle fibre CSA data alone, we developed a combined muscle mass factor, in which change scores from a collection of muscle mass‐related outcome measures were combined in a weighted manner (Supporting Information,  Table 
L518:  S4 ). This factor included data on muscle fibre CSA, leg lean mass (DXA) and muscle thickness ( m. rectus  femoris,  m. vastus lateralis ; ultrasound), all of which are known to correlate. 
L519:  112 
L520:  ,  
L521:  113 
L522:  ,  
L523:  114 
L524:   Careful investigation of the computed muscle mass factor suggested that it increased the biological value of muscle mass‐related analyses (for more information, see Supporting Information,  Table 
L525:  S4 ). As such, it changed markedly from baseline to post‐RCT (9%,  P  < 0.001, Supporting Information,  Table 
L526:  S4 ). Following this logic, combined factors were also computed for other core outcome domains, including maximal muscle strength and one‐legged and whole‐body endurance performance (Supporting Information,  Table 
L527:  S4 ).
L528: Effects of vitamin D 3  supplementation on training‐associated changes in maximal muscle strength and lower‐limb muscle mass
L529: Participants in both vitamin D 3  and placebo arms showed increases for every measure of muscle strength and mass, assessed from baseline to after finalization of the resistance training intervention: 12–25% for upper‐ and lower body 1RM muscle strength, 6–11% for leg muscle torque, 7–26% for muscle fibre CSA and muscle thickness and 1–3% for leg lean mass ( Figures 
L530:  6  and  7 ). Unsurprisingly, after combining these measures into weighted muscle strength and muscle mass factors, similarly scaled increases were observed (13% ± 8% and 9% ± 8%, respectively;  Figures 
L531:  6  and  7 ), which was also the case for a calculated score of relative muscle quality (Δmuscle strength factor/Δmuscle mass factor; 4% ± 10%,  Figure 
L532:  7 ).
L533: Figure 6 Effects of combined vitamin D 3  supplementation and resistance training on maximal muscle strength in older adults. Changes in muscle strength from baseline (after three weeks of introduction to resistance training) to post‐RCT  (A) , and differences in changes between vitamin D 3  and placebo arms  (B) . KE, one‐legged knee extension; LP, one‐legged leg press; CP, chest press; maximal torque measured using one‐legged knee extension at three velocities; 60, 180, and 240° per second; #, significant difference between vitamin D 3  and placebo arms; combined strength factor, weighted combined strength factor of unilateral strength measures (one‐repetition maximum in KE and LP, and KE torque at 60, 180, and 240° per second). Alpha level at  P  < 0.05. Data are presented as means with 95% confidence intervals.
L534: Figure 7 Effects of combined vitamin D 3  supplementation and resistance training on lower‐limb muscle mass in older adults. Changes in lower‐limb muscle mass from baseline (before introduction to resistance training) to post‐RCT  (A) , and differences in changes between vitamin D 3  and placebo arms  (B) . CSA, cross‐sectional area (also presented in Figure  4 ); RF,  m. rectus 
L535:  femoris ; VL,  m. vastus lateralis ; LM per leg, leg lean mass per leg; #, significant difference between vitamin D 3  and placebo arms; combined muscle mass factor, weighted combined muscle mass factor including fibre cross‐sectional area (type I and type II), muscle thickness (RF and VL) and LM per leg; muscle quality, muscle strength factor/muscle mass factor. Alpha level at  P  < 0.05. Data are presented as means with 95% confidence intervals.
L536: Overall, vitamin D 3  supplementation did not affect these outcome measures compared with placebo in the participants, primarily evaluated as changes in muscle strength and muscle mass factors (strength, Δ2.5% (95% CI, −1.0, 6.0),  P  = 0.194; mass, Δ0.4% (95% CI, −3.5, 4.3),  P  = 0.940,  Figures 
L537:  6  and  7 ), and secondarily as changes in each of the underlying outcome measures (i.e. seven measures of muscle strength and three measures of muscle mass;  Figures 
L538:  6  and  7 ). This lack of a beneficial effect was also evident for changes in relative muscle quality (Δ1.9% (95% CI, −3.0, 6.8),  P  = 0.415;  Figure 
L539:  7 ). Vitamin D 3  supplementation thus had no main effect on training‐associated changes in muscle functionality or gross muscle biology. While this conclusion coheres with the few comparable studies assessing the effect of combined vitamin D 3  intake and resistance training, 
L540:  40 
L541:  ,  
L542:  42 
L543:  ,  
L544:  43 
L545:  ,  
L546:  44 
L547:   it contrasts the conclusion drawn in the only available meta‐analysis on this subject, wherein vitamin D 3  supplementation was associated with augmented increases in muscle strength in older adults. 
L548:  41 
L549:   Notably, among the selection of ten specific outcome measures, two did not conform with the main finding. Vitamin D 3  was associated with beneficial effects for changes in 1RM knee extension (Δ6.8% (95% CI, 1.3, 12.3),  P  = 0.016;  Figure 
L550:  6 ) and muscle thickness of  m. rectus 
L551:  femoris  (Δ7.5% (95% CI, 1.8, 13.2),  P  = 0.011;  Figure 
L552:  7 ). For 1RM knee extension, the effect was interrelated with the negative development seen from pre‐RCT to pre‐introduction to training in the vitamin D 3  arm (Supporting Information,  Figure 
L553:  S1 ). Indeed, when assessing the effect of vitamin D 3  on 1RM knee extension from pre‐ to post‐RCT (rather than from baseline at post‐introduction to training), no beneficial effect was observed compared with placebo (Δ−2% (95% CI, −12, 7),  P  = 0.628; Supporting Information,  Table 
L554:  S2 ). As for muscle thickness in  m. rectus  femoris , we did not collect data pre‐RCT and can thus not deduce if this variable followed the same pattern as 1RM knee extension. The observed benefits of vitamin D 3  supplementation for changes in  m. rectus  femoris  thickness contrasts observations made for  m. vastus lateralis  thickness (∆−0.3%,  P  = 0.838), and even oppose those made for lean mass of the legs, which tended to increase less in the vitamin D 3  arm compared with the placebo arm (∆−1.8%,  P  = 0.090).
L555: So far, analyses have focused on the main effect of vitamin D 3  supplementation for training‐induced development of muscle strength and mass, and have thus neglected potential interactions with other independent variables such as pre‐RCT levels of 25(OH)D, health status (COPD vs. non‐COPD) or training modality (high‐load, 10RM, vs. low‐load, 30RM). The benefits of vitamin D 3  supplementation were expected to be more pronounced in participants with low baseline levels of 25(OH)D (ClinicalTrials.gov Identifier: NCT02598830). This hypothesis was based on observations made in cohort studies, wherein subjects with levels <30–50 nmol/L are more likely to show adverse muscle phenotypes. 
L556:  21 
L557:  ,  
L558:  22 
L559:  ,  
L560:  23 
L561:   To investigate this perspective, participants in each supplementation arm were divided into quartiles based on pre‐RCT 25(OH)D levels in blood (Supporting Information,  Figure 
L562:  S3 ). This resulted in two lower quartiles, one for the vitamin D 3  arm (vitamin D3 low , [25(OH)D] mean  = 49.5 nmol/L,  n  = 8), and one for the placebo arm (placebo low , [25(OH)D] mean  = 47.4 nmol/L,  n  = 12) (Supporting Information,  Figure 
L563:  S3 ). At the onset of introduction to resistance training, 25(OH)D levels in vitamin D3 low  had increased to 103.3 nmol/L (range 76–138), with all participants being classified as sufficient (>50 nmol/L), 
L564:  17 
L565:   whereas 25(OH)D levels in placebo low  remained unchanged (45.5 nmol/L, range 22–71), with 9 out of 12 participants being classified as insufficient (<50 nmol/L). Within each of the pre‐RCT 25(OH)D quartiles, the effect of vitamin D 3  and placebo supplementation on training‐induced changes in muscle strength and mass (using the combined factors) were assessed. With exception of one quartile (muscle strength factor, quartile 3,  P  = 0.048; Supporting Information,  Figure 
L566:  S3 ), no beneficial effects of vitamin D 3  supplementation were observed in any quartile (e.g. vitamin D3 low  vs. placebo low , muscle strength, Δ−2.0% (95% CI, −8.0, 3.9,  P  = 0.496) (Supporting Information,  Figure 
L567:  S3 ). Instead, in vitamin D3 low , training‐associated changes in muscle mass were reduced compared with placebo low  (Δ−6.5% (95% CI, −12.7, −0.27),  P  = 0.041; Supporting Information,  Figure 
L568:  S3 ), suggesting that vitamin D 3  supplementation may even have compromised training adaptations in subjects with low pre‐RCT 25(OH)D levels. Adding to this, participants in the entire spectre of quartiles responded quite similarly to resistance training, irrespective of supplementation arms, evident as no interaction between 25(OH)D quartiles/supplementation arm and changes in muscle strength ( P  = 0.237) or muscle mass ( P  = 0.159). Arguably, the statistical power of these analyses were not sufficiently high to conclude on this perspective.
L569: The impact of vitamin D 3  supplementation for training‐associated changes in muscle strength and muscle mass factors did not interact with health status (COPD vs. non‐COPD) or training modality (10RM vs. 30RM) (Supporting Information,  Table 
L570:  S2 ). However, it should be noted that for selected specific outcome measures, interactions were found with both of these independent variables (summarized in Supporting Information,  Table 
L571:  S2 ), including an interaction between changes in type II‐fibre CSA and COPD/non‐COPD, and between changes in 1RM knee extension/vastus lateralis thickness and 10RM/30RM. In addition to these interaction analyses, we also investigated the potential relation between the effects of vitamin D 3  supplementation and baseline body fat proportions, as overweight and obese have been shown to have decreased bioavailability of vitamin D due to deposition of 25(OH)D in body fat compartments (while concomitantly showing attenuated anabolic response to resistance exercise 
L572:  115 
L573:  ). 
L574:  116 
L575:   To this end, we performed quartile‐based analyses, as previously described. These analyses did not reveal an effect of baseline body fat proportions for changes in [25(OH)D] (fat percentage,  P  = 0.432; BMI,  P  = 0.369) or muscle mass factor (fat percentage,  P  = 0.355; BMI,  P  = 0.293) (Supporting Information,  Figure 
L576:  S4 ). However, it did have an effect on changes in the muscle strength factor (fat percentage,  P  = 0.016; BMI,  P  = 0.706), that is, in quartile high fat percentage , vitamin D 3  supplementation was associated with larger increases in muscle strength compared with placebo (fat percentage, ∆ 5.8% (95% CI, 0.5, 11.0),  P  = 0.032; BMI, ∆7.8% (95% CI, 2.5, 13.1),  P  = 0.005; Supporting Information,  Figure 
L577:  S4  and  Table 
L578:  S2 ), suggesting beneficial effects of vitamin D 3  supplementations in subjects with high proportions of body fat, opposing our initial expectations.
L579: Effects of vitamin D 3  supplementation on training‐associated changes in one‐legged and whole‐body endurance performance
L580: Participants in both vitamin D 3  and placebo arms showed improvements in one‐legged and whole‐body endurance performance over the course of the resistance training intervention: 42–74% increases in one‐legged muscular performance ( Figure 
L581:  8 ), 7–9% increases in peak power output (W max ) in one‐ and two‐legged cycling ( Figure 
L582:  8 ), 3–5% reductions in O 2  costs of submaximal one‐legged cycling (Supporting Information,  Table 
L583:  S2 ), and 6–10% increases in functional performance (1‐min sit‐to‐stand test and 6‐min step test,  Figure 
L584:  8 ). In accordance with this, marked increases were observed in weighted one‐legged and whole‐body endurance performance factors (one‐legged, vitamin D 3  25% ± 19%, placebo 22% ± 11%; whole‐body, vitamin D 3  9% ± 8%, placebo 7% ± 6%;  Figure 
L585:  8 ). These effects cohere well with previously observed benefits of resistance training for endurance variables in older adults. 
L586:  117 
L587:  ,  
L588:  118 
L589:  ,  
L590:  119
L591: Figure 8 Effects of combined vitamin D 3  supplementation and resistance training on one‐legged and whole‐body endurance performance in older adults. Changes in endurance performance from baseline (before introduction to resistance training) to post‐RCT  (A) , and differences in changes between vitamin D 3  and placebo arms  (B) . 1KE, repetitions to failure in one‐legged knee extension (50% of pre‐intervention 1RM); CP, repetitions to failure in chest press (50% of pre‐intervention 1RM); W max , maximal power output; 6‐min step test, maximal number of steps achieved during 6 min; Sit‐to‐stand, maximal number of sit‐to‐stands achieved during 1 min; combined 1‐leg endurance performance factor, weighted combined one‐legged endurance factor including 1KE muscular performance and one‐legged cycling W max ; weighted combined whole‐body endurance factor including W max  bicycling, 6‐min step test and sit‐to‐stand test. Alpha level at  P  < 0.05. Data are presented as means with 95% confidence intervals.
L592: Vitamin D 3  supplementation had no effect for any of these outcome measures compared with placebo, neither for weighted endurance performance factors (one‐legged, Δ2% (95% CI, −5, 10),  P  = 0.773; two‐legged, Δ2% (95% CI, −2, 6),  P  = 0.636;  Figure 
L593:  8 ), nor for any of the specific outcome measures ( Figure 
L594:  8 ). For combined endurance factors, there was no interaction between baseline 25(OH)D quartiles and effects of vitamin D 3  supplementation (one‐legged,  P  = 0.950; whole‐body,  P  = 0.266; Supporting Information,  Figure 
L595:  S3  and  Table 
L596:  S2 ), nor was there any interactions with health status (one‐legged,  P  = 0.747, whole‐body,  P  = 0.129, Supporting Information,  Table 
L597:  S2 ) or training modality (one‐legged,  P  = 0.719, Supporting Information,  Table 
L598:  S2 ).
L599: Effects of vitamin D 3  supplementation on training‐associated changes in muscle fibre characteristics and transcriptomics
L600: Participants in both vitamin D 3  and placebo arms showed marked changes in muscle fibre characteristics over the course of the training intervention. These included decreased type IIX muscle fibre proportions from 10% to 7% ( Figure 
L601:  9 ), increased type IIA proportions from 26% to 29% ( Figure 
L602:  9 ), increased type IIA/IIX hybrid fibres abundances from 2.6% to 3.2% (Supporting Information,  Table 
L603:  S2 ), and 25–48% increases in myonuclei number per muscle fibre ( Figure 
L604:  9 ). Changes in IIX and IIA proportions were verified using qPCR, showing decreased levels of type IIX mRNA abundance and increased levels of type IIA ( Figure 
L605:  9 ), calculated using the gene family‐profiling approach. 
L606:  76 
L607:   These analyses also revealed increased proportions of type I mRNA after the training intervention ( Figure 
L608:  9 ), potentially caused by increased type I protein turnover. The observed changes in muscle fibre‐type characteristics corroborate well with previous studies in older adults, 
L609:  120 
L610:  ,  
L611:  121 
L612:  ,  
L613:  122 
L614:   although increased numbers of myonuclei per muscle fibre are not consistently reported. 
L615:  123 
L616:   Vitamin D 3  supplementation had no effect on training‐associated changes in muscle fibre proportions or myonuclei content compared with placebo ( Figure 
L617:  9 ).
L618: Figure 9 Effects of combined vitamin D 3  supplementation and resistance training on muscle fibre type proportions and myonuclei per fibre in  m. vastus lateralis  of older adults. Muscle fibre type proportions  (A–F)  at baseline (before introduction to resistance training) and post‐RCT measured using immunohistochemistry  (A–C)  and qPCR (gene family profiling (GeneFam)‐normalized myosin heavy chain mRNA expression,  (D–F) , and changes in myonuclei count per type I and type II fibre from baseline to post‐RCT  (G) . Significant changes were observed for fibre type IIA and IIX using both methods (significant increase and decrease, respectively;  P  < 0.05). For fibre type I, an increased expression was present using qPCR ( P  < 0.05), but no change was observed for immunohistochemistry ( P  = 0.322).  P ‐values denotes the statistical difference between the supplementation arms. RT, resistance training. Data are presented as means with 95% confidence intervals.
L619: The training intervention resulted in 1.14‐ to 1.16‐fold increases in total RNA per unit muscle tissue weight ( Figure 
L620:  10 ), a proxy marker for ribosomal RNA content that has previously been associated with training‐induced changes in muscle growth and strength. 
L621:  67 
L622:  ,  
L623:  124 
L624:   Similar increases were found for the mature ribosomal species 18 s (1.18‐fold) and 28 s (1.16‐fold), in addition to the 45 s pre‐ribosomal rRNA (1.19‐fold) using qPCR ( Figure 
L625:  10 ). No changes were observed for 5.8 s (1.07‐fold,  P  = 0.722) or 5 s (1.06,  P  = 0.940) following the entire training intervention. Notably, for analyses of total RNA and ribosomal RNA, an additional time point were included in main analyses, i.e. in muscle biopsies sampled after introduction to training (3.5 weeks, 7 sessions), as early increases in total RNA seem to associate with long‐term chronic responses to training, making it a potential hallmark of muscle plasticity. 
L626:  67 
L627:   As expected, 3.5 weeks of training led to marked increases in total RNA (1.10‐ to 1.21‐fold) and expression of all ribosomal RNA species (1.13‐ to 1.27‐fold) ( Figure 
L628:  10 ). Whereas these changes corroborates quite well with changes observed in healthy, young subjects, 
L629:  67 
L630:   although with a notable reduction in the relative increase, they contradict previous observations of no resistance training‐associated increases in total RNA per unit muscle tissue weight in older subjects. 
L631:  125 
L632:   Vitamin D 3  supplementation had no effect on training‐associated changes in total RNA or rRNA expression compared with placebo.
L633: Figure 10 Effects of combined vitamin D 3  supplementation and resistance training on total RNA abundances and rRNA expression in  m. vastus lateralis  of older adults. Total RNA  (A) , 18 s rRNA  (B) , 28 s rRNA  (C) , 5.8 s rRNA  (D) , 5 s rRNA  (E) , and 45 s pre‐rRNA  (F)  abundances at baseline (before introduction to resistance training) and post‐RCT. Significant increases from baseline–post‐introduction to resistance training were present for all variables ( P  < 0.05). From baseline–post‐RCT significant increases were present for all variables ( P  < 0.05), with the exception of 5.8 s rRNA ( P  = 0.722) and 5 s rRNA ( P  = 0.940). RT, resistance training.  P ‐values denotes the statistical difference between the supplementation arms. Alpha level at  P  < 0.05. Data are presented relative to amounts of tissue weight. Data are presented as means with 95% confidence intervals.
L634: The training intervention led to marked changes in muscle mRNA transcriptome profiles in the two supplementation arms combined, with 499 genes being differentially expressed (DE) after 3.5 weeks of resistance training (post‐intro RT; 436 genes ↑, 63 genes ↓,  Figure 
L635:  11A ) and 312 genes being DE after 13 weeks of resistance training (post‐RCT; 255 genes ↑, 57 genes ↓) ( Figure 
L636:  11A,B ). VDR was expressed, but unaffected by combined vitamin D 3  supplementation and resistance training, contradicting previous observations of a positive association between supplementation‐induced improvements in 25(OH)D status and leukocyte, 
L637:  126 
L638:   myoblast/myotube 
L639:  127 
L640:   and skeletal muscle 
L641:  128 
L642:   VDR expression. GO enrichment analyses revealed increased expression of gene sets associated with extracellular matrix, blood vessel morphogenesis and leukocyte migration at both 3.5 and 13 weeks ( Figure 
L643:  11C , Supporting Information,  Table 
L644:  S8 ), as well as increased expression of the inflammatory response gene set at 3.5 weeks (Supporting Information,  Table 
L645:  S8 ). Conversely, decreased expression was observed for gene sets involved in ribosomal functions at both 3.5 and 13 weeks ( Figure 
L646:  11C ). This could be interpreted as contradicting the likely important role of  de novo  ribosomal biogenesis for training‐associated muscular adaptations. 
L647:  67 
L648:  ,  
L649:  124 
L650:   Notably, as these analyses were performed using traditional library size‐based normalization, which basically provided target gene expression relative to the expression of all other genes. 
L651:  129 
L652:   In an alternative set of transcriptome analyses, which rather included normalization that corrected for muscle sample weight and thus provided gene expression analyses per sample size (tissue‐offset normalization), 
L653:  129 
L654:   the negative effects of resistance training on ribosomal gene expression was not evident (data not shown). This was the only major difference between library size and tissue‐offset normalization in the present study setting.
L655: Figure 11 Effects of 3.5/13 weeks of resistance training‐only  (A–C)  and 3.5/13 weeks of combined vitamin D 3  supplementation and resistance training  (D–G)  on mRNA transcriptome profiles in  m. vastus lateralis  of older adults. Resistance training‐only led to robust changes in gene expression at both 3.5 weeks ( A ; post‐intro resistance training – pre‐intro resistance training) and 13 weeks ( B ; post‐RCT – pre‐intro resistance training), including increased expression of collagen type IV α1 and α2 genes ( COL4A1  and  COL4A2 , respectively) and decreased expression of the myosin heavy chain IIX gene ( MYH1 ). The three most enriched gene sets with increased and decreased expression, in addition to the ‘blood vessel morphogenesis’ gene set are shown in  C  (light blue, 3.5 weeks; dark blue, 13 weeks; according to the GSEA enrichment score). Combined vitamin D 3  supplementation and resistance training did not lead to differential changes in expression for a singular gene compared with placebo at neither 3.5 weeks ( D ; ∆, post‐introduction to resistance training ‐ pre‐introduction to resistance training) nor 13 weeks of resistance training ( E ; ∆, post‐RCT ‐ pre‐introduction to resistance training; orange dots/genes denotes leading edge genes from the ‘blood vessel morphogenesis’ GO gene set, that is, the most highly enriched gene set between supplementation arms after 13 weeks of resistance training). GO enrichment analyses of differentially regulated gene sets between the vitamin D 3  and the placebo arms following 3.5 weeks (left panel,  F ) and 13 weeks of resistance training (right panel,  F ; positive/negative GSEA‐normalized enrichment scores indicates higher/lower expression of gene sets in the vitamin D 3  arm compared with the placebo arm). ( G ) Timeline for the 10 most affected genes between vitamin D 3  and placebo arms belonging to the ‘blood vessel morphogenesis’ GO gene set. RT, resistance training; Consensus, when both the non‐directional rank‐based enrichment test and the directional gene‐set enrichment analysis (GSEA) turned out significant. In  Figure 
L656:  11 
L657:  C,F , circle sizes of gene sets are relative to  P ‐values, i.e. larger circles indicate lower  P ‐values (see Supporting Information,  Tables 
L658:  
L659:  S5 
L660:  – 
L661:  S10 
L662:   for exact  P ‐values).
L663: Vitamin D 3  supplementation had no effect on training‐associated changes in gene expression, neither at 3.5 weeks ( Figure 
L664:  11D ) nor at 13 weeks ( Figure 
L665:  11E ), suggesting that no single gene was differentially affected by combined vitamin D 3  supplementation and resistance training and resistance training‐only. In contrast to this, enrichment analyses showed traces of vitamin D 3 ‐sensitive changes in expression at both 3.5 and 13 weeks of resistance training ( Figure 
L666:  11F  and Supporting Information,  Tables 
L667:  S9 – S10 ). After 3.5 weeks of training, there was differential expression of gene sets involved in cell junctions, blood vessel morphogenesis and muscle cell differentiation. These initial responses to resistance training should be interpreted with caution, as they were only evident in one of the two analyses (GSEA or rank‐based analyses;  Figure 
L668:  11F  and Supporting Information,  Tables 
L669:  S9 – S10 ). After 13 weeks of resistance training, the vitamin D 3  arm showed increased expression of gene sets involved in endothelial proliferation and blood vessel morphogenesis compared with placebo ( Figure 
L670:  11F ). This agrees with the previously observed positive relationship between 25(OH)D‐status and endothelial function, potentially interacting through the endothelium‐derived vasodilator, nitric oxide. 
L671:  100 
L672:   Indeed, this coheres well with a recent study, which showed favorable effects of combined vitamin D 3  supplementation and resistance training on flow‐mediated dilation of blood vessels and blood pressure in postmenopausal women. 
L673:  130 
L674:   Unfortunately, endothelial function was not assessed in the current study.
L675: Effects of vitamin D 3  on hormones in blood and health‐related outcome measures
L676: In general, the intervention was associated with beneficial changes for several health‐related variables, including reduced levels of lipids (triglycerides and low‐density lipoprotein/LDL), reduced levels of fat mass (total and visceral fat) and improved self‐reported health (Supporting Information,  Table 
L677:  S11 ). Conversely, a small but undesirable decrease was observed in lung capacity, measured as forced ventilatory capacity (FVC) (Supporting Information,  Table 
L678:  S2 ). The intervention was not associated with changes in whole‐body bone mineral density or changes in serum levels of hormones, except for decreased levels of parathyroid hormone (Supporting Information,  Table 
L679:  S11 ), as previously presented. For most of the health variables, there was no effect of vitamin D 3  supplementation (Supporting Information,  Tables 
L680:  S2  and  S11 ), with exception of cortisol levels in blood, which increased more in the vitamin D 3  arm ( Table 
L681:  S11 ), and lung function measured as FEV 1 /FVC‐ratios, which declined in subjects with COPD in the vitamin D 3  arm (Supporting Information,  Table 
L682:  S2 ).
L683: Sarcopenia
L684: The intervention proved effective for treating age‐related loss in muscle mass, leading to 1.4% increases in total lean body mass ( P  < 0.001) (Supporting Information,  Table 
L685:  S11 ). This reduced the number of participants that could be defined as sarcopenic from 16% (11 subjects) to 12% (8 subjects), with sarcopenia being defined as appendicular lean mass (kg)/m 2  greater than two standard deviations below the sex‐specific means of young adults. 
L686:  61 
L687:   Speculatively, the increase in total lean mass was supported by increased levels of serum creatinine in both supplementation arms (+6%; Supporting Information,  Table 
L688:  S11 ). Although serum creatinine is generally used for evaluation of renal function, 
L689:  131 
L690:   creatinine production and levels also increases with increases in total muscle mass. 
L691:  131 
L692:  ,  
L693:  132
L694: Steroid hormones
L695: Vitamin D 3  supplementation did not affect levels of anabolic steroid hormones such as testosterone. This was in discordance with our initial hypothesis, as we presumed a positive association between vitamin D levels (measured as 25(OH)D) and testosterone levels, based on previous observations from vitamin D 3  supplementation studies 
L696:  52 
L697:   and cohort studies. 
L698:  133 
L699:   Despite this, our finding is in line with several other vitamin D supplementation studies, which has reported no effect on testosterone in blood. 
L700:  134 
L701:  ,  
L702:  135 
L703:   Conversely, vitamin D 3  supplementation seemed to affect serum cortisol levels compared with placebo (∆48 nmol/L,  P  = 0.038; Supporting Information,  Table 
L704:  S11 ), although no main effect of time was observed (i.e. the observed increase in the vitamin D 3  arm was not statistically significant,  P  = 0.374) and there was no statistical difference between supplementation arms at the end of the intervention ( P  = 0.053).
L705: Lung function
L706: The small −1.95% reduction in FVC seen after the 28 week long RCT ( P  = 0.006; Supporting Information,  Table 
L707:  S2 ) was surprising, as exercise is generally accepted to be beneficial for lung functionality, including resistance training. 
L708:  136 
L709:  ,  
L710:  137 
L711:   Notably, other measures of lung function, such as forced ventilatory volume in one second (FEV 1  and predicted FEV 1 ) and FEV 1 /FVC, were not affected by the intervention (Supporting Information,  Table 
L712:  S2 ).
L713: The negative effects of vitamin D 3  on lung function, measured as FEV 1 /FVC (∆−2.9% points,  P  = 0.012; Supporting Information,  Table 
L714:  S2 ), were also surprising. This effect showed a clear interaction with health status, and as such was only evident in COPD patients in the vitamin D 3  arm, which showed ∆−8.4% reductions compared with placebo (Supporting Information,  Table 
L715:  S2 ). This subgroup analysis was however clearly weakened by the small sample size (COPD,  n  = 9 vs.  n  = 11, vitamin D 3  vs. placebo). The negative effect of vitamin D 3  on FEV 1 /FVC did not interact with pre‐RCT levels of FEV 1 /FVC, but surprisingly, in another subgroup‐analysis, the pre‐RCT 25(OH)D vitamin D3 low  quartile was associated with larger decrement in FEV 1 /FVC than placebo low  (∆−5.4% points,  P  = 0.009; data not shown). This observation is difficult to explain, as it indirectly opposes the notion that vitamin D deficiency leads to impaired lung functions. 
L716:  138 
L717:   More research is clearly needed to elucidate on the consequences of resistance training and vitamin D 3  supplementation for lung functionality.
L718: Adverse effects of the intervention
L719: Overall, neither vitamin D 3  supplementation nor resistance training was associated with adverse effects or events during the intervention, with potential exception of certain aspects of lung function, as previously discussed, and iron biology (see Supporting Information,  Table 
L720:  S11 ).
L721: Primarily, a health survey was administered to the participants on a weekly basis. This included rating of 11 potential discomforts relating to digestion problems, sleep problems, issues with the urinary system, issues with the vestibular system and dermal irritations (Supporting Information,  Table 
L722:  S2 ). No effect of vitamin D 3  supplementation was found for any of these variables. In the health survey, participants were also asked to rate their experienced health on a point‐scale from 0–10. This self‐reported conception of health improved from 6.3 ± 1.6 to 7.1 ± 1.6 ( P  < 0.001, Supporting Information,  Table 
L723:  S2 ), with no difference between supplementation arms ( P  = 0.433, Supporting Information,  Table 
L724:  S11 ).
L725: The intervention was not associated with training‐associated injuries, with only five participants (6%) reporting discomforts with training towards the end of the intervention and only four participants (5%) withdrawing from study during the resistance training intervention, neither of which were due to injuries associated with the training. As such, serum levels of markers of muscle tissue damage (creatine kinase and aspartate aminotransferase) even decreased during the intervention, with no effects of vitamin D 3  supplementation (Supporting Information,  Table 
L726:  S11 ). Supervised resistance training can safely be advocated for both healthy older adults and persons with COPD.
L727: Concluding remarks
L728: The study was conducted as a double‐blinded RCT, addressing the effects of 12 weeks of vitamin D 3  supplementation only (i.e. two weeks of 10 000 IU/day, followed by ten weeks of 2000 IU/day), and 13 weeks of combined vitamin D 3  (2000 IU/day) and resistance training on functional measures, health markers and muscle biology in a mixed population of older adults. Vitamin D 3  supplementation is often hailed as an ergogenic aid for optimizing the outcome of resistance training, and is recommended for a variety of human populations, ranging from healthy subjects to athletes and chronically diseased subjects. 
L729:  7 
L730:  ,  
L731:  20 
L732:   Vitamin D is thus presumed to play an important role in training‐associated muscle plasticity. Despite this, its importance for humans remains largely elusive, with current knowledge stemming predominantly from animal research, 
L733:  55 
L734:   and the few existing human studies providing limited, uncertain and contradicting results. 
L735:  41 
L736:  ,  
L737:  42 
L738:  ,  
L739:  43 
L740:  ,  
L741:  44 
L742:   Indeed, the present data do not support a role for vitamin D in training‐associated muscle plasticity and functionality, at least not in older adults (with and without moderate COPD) with suboptimal to adequate baseline levels of 25(OH)D. More precisely, vitamin D 3  supplementation had no effect on core outcome domains such as changes in muscle strength, muscle mass, endurance performance and general muscle cell characteristics, and its effects on the muscle transcriptome was largely limited to gene sets relating to endothelial and cardiovascular functions. The validity of this insight is fortified by the thorough methodological and analytical approach. This included accounting for previous methodological issues such as a lack of a pre‐training supplementation period, low vitamin D dosages, and neglecting to standardize test/training routines such as supervision of training sessions, test–retest analyses of functional and biological outcome measures, familiarization to training and a low reproducibility of singular outcome measures. The analytical approach also accounted for the potential confounding effects of the heterogeneity of the study population, as no interaction was found between effects of vitamin D 3  supplementation and disease status (healthy vs. COPD), or differences in pre‐RCT vitamin D status, as all [25(OH)D] baseline  quartiles responded in similar manners.
L743: Despite our substantial efforts to strengthen the ecological value of the data set, there are aspects of vitamin D biology that remain unresolved, and that may have affected the conclusions and outcomes of the study. First, in skeletal muscle, adequate vitamin D signaling may occur at 25(OH)D levels lower than the defined cutoff (insufficient, <50 nmol/L). 
L744:  27 
L745:   Speculatively, all participants in the placebo arm may thus have been vitamin D‐sufficient at the onset of resistance training, leaving our quartile‐based analyses with limited biological value. Indeed, studies have suggested that vitamin D insufficiency will affect human muscle in an adverse manner only at concentrations <30 nmol/L. 
L746:  139 
L747:   Second, although serum 25(OH)D level is widely regarded as an adequate measure of vitamin D status, 
L748:  63 
L749:   it may be a poor proxy marker for vitamin D biology, as it largely fails to reflect 1,25(OH) 2 D levels, the metabolically active form of vitamin D. 
L750:  140 
L751:   In line with this, in the present study, [25(OH)D] was not correlated with [1,25(OH) 2 D] at baseline (data not shown) and was not increased by long‐term vitamin D 3  supplementation (at weeks 13 and 29). Such decoupling of 25(OH)D and 1,25(OH) 2 D levels have several potential explanations. These include feedback‐mediated regulation of vitamin D biology, which is largely affected by PTH levels, 
L752:  141 
L753:   as well as impaired 25(OH)D → 1,25(OH) 2 D conversion in individuals with pathophysiological indications such as renal dysfunction. 
L754:  142 
L755:   The latter is unlikely to explain the lack of increases in [1,25(OH) 2 D] in the present study, as only two participants were indicated with renal dysfunction (estimated based on levels of creatinine in serum;  Table 
L756:  1 ). Rather, the initial two weeks of high‐dosage vitamin D 3  supplementation did lead to marked increases in [1,25(OH) 2 D], emphasizing that supplementation is indeed capable of increasing levels of metabolically active vitamin D, at least at high doses and within a short time frame. At weeks 13 and 29 were the PTH levels suppressed for both supplementation arms compared with pre‐RCT levels. This was possibly related to the calcium supplement, and may have contributed to the unaltered 1,25(OH) 2 D levels at these time points. Third, muscle cells may themselves possess the apparatus to convert 25(OH)D into 1,25(OH) 2 D, as they express the 25‐Hydroxyvitamin D 1‐alpha‐hydroxylase ( CYP27B1 ) protein. Indeed, in  in vitro  experiments on murine myoblast and myotubes, 25(OH)D and 1,25(OH) 2 D treatment seem to lead to similar increases in the expression of vitamin D markers such as VDR, suggesting that peripheral regulation of vitamin D biology is a biological opportunity. 
L757:  127 
L758:   Fourth, while 25(OH)D was assessed as [25(OH)D] total  in the present study, levels of unbound 25(OH)D (i.e. not bound to vitamin D binding protein or albumin; ~0.03%) may represent a more accurate measure of vitamin D status in a clinical setting. 
L759:  143 
L760:   Indeed, in mice lacking vitamin D binding protein, and therefore displaying very low [25(OH)D] total  (~8 nmol/L), no signs of vitamin D deficiency are seen unless they are put on a vitamin D deficient diet. 
L761:  144 
L762:   Fifth, in the present study, the resistance training intervention lasted for only 13 weeks. Speculatively, this may have been too short for vitamin D 3  supplementation to manifest its potential benefits for muscle plasticity, despite the presence of a 12‐week lead‐in supplementation period. Arguably, however, if vitamin D status and signaling is indeed important of muscle biological adaptations to training, even shorter interventions should lead to detectable changes in muscle biology, such as its transcriptome. This was not observed, neither in general, nor for specific vitamin D‐responsive genes such as VDR. 
L763:  128 
L764:   Sixth, the study protocol was unavoidably associated with large interindividual variation in responses. This variation may have been related to vitamin D 3  supplementation  per se , resistance training  per se  or to a combination of both, and may have affected groupwise comparisons. More research is clearly needed to elucidate on these perspectives.
L765: Despite these uncertainties, it seems clear that vitamin D 3  supplementation did not affect muscle biological characteristics in the present study, particularly those measured using RNA‐seq. Indeed, in our transcriptome analyses, not a single gene was found to be vitamin D 3 ‐sensitive after a period of resistance training, which is surprising given the accepted dogma that vitamin D primarily acts as a transcriptional regulator, 
L766:  55 
L767:   and that the VDR was rather highly expressed in the data set, although it did not change with vitamin D 3  supplementation. Moreover, gene sets that were identified as vitamin D 3 ‐sensitive in gene enrichment analyses were largely associated with vascular function rather than muscle cell biology.
L768: Despite the general lack of effects of vitamin D 3  supplementation on muscle mass and phenotype (primary objectives of the study), as well as the lack of effects on other muscle functional and biological traits, the data set contained a couple of interesting observations. First, in the muscle transcriptome data, the effects of vitamin D 3  supplementation  per se  on expression of mitochondrial genes and the effects of combined vitamin D 3  supplementation and resistance training on biomarkers of endothelial and vascular biology calls for further study. Arguably, these biological features would be more decisive for adaptations to endurance‐like training, posing the intriguing possibility that vitamin D 3  supplementation may be beneficial for the outcome of such training. Second, in participants with high baseline fat proportions/high BMI, vitamin D 3  supplementation led to increased training‐associated changes in muscle strength. In these participants, the bioavailability of vitamin D may have been compromised by the high fat content (in the placebo arm, although they did not exhibit lowered 25(OH)D levels), corroborating with previous observation of interactions between vitamin D biology and fat mass. 
L769:  116 
L770:   While this may indicate that vitamin D exerts direct effects on muscle biology, as muscle strength is predominately defined by muscle mass, 
L771:  145 
L772:   this still seems unlikely as no such vitamin D 3 ‐effect was seen for other muscle‐specific outcome measures (e.g. muscle mass and phenotype). The causality may thus involve other physiological adaptations such as motoneuron function, 
L773:  146 
L774:   which has indeed been suggested to be affected by vitamin D supplementation in rodents. 
L775:  147
L776: In retrospect, the pre‐identified primary objectives of the current study were not ideal (i.e. the effects of vitamin D 3  supplementation on muscle fibre CSA and proportions). The underlying rationale behind this choice was to investigate the effects of vitamin D 3  supplementation on a set of unbiased biological variables (not prone to test–retest fluctuations), adhering to the existing notion that vitamin D may affect muscle fibre size and fibre type proportions (e.g. elucidated in the review from Ceglia, 2009 
L777:  148 
L778:  ). This clearly underestimating the reliability issues associated with histological measures, which were indeed evident in the data set (Supporting Information,  Figure 
L779:  S2 ). Importantly, vitamin D 3  supplementation was not associated with beneficial effects for any of the investigated primary or secondary outcome measures, hence leaving the overall conclusion as unambiguous.
L780: In conclusion, in older adults with or without COPD, vitamin D 3  supplementation efficiently improved vitamin D‐status without any adverse effects, but did not lead to beneficial effects in resistance training‐associated changes in muscle function or characteristics. This rejects the notion that vitamin D 3  supplementation is necessary to obtain adequate muscular responses to resistance training in the general older population. Secondary analyses revealed positive effects of vitamin D 3  supplementation for participants with high proportions of fat mass and for gene sets involved in vascular functions, advocating further research to elucidate on these specific biological characteristics. Finally, the training programme was well‐tolerated and associated with pronounced effects for a variety of health variables, emphasizing the potency of resistance training for relieving sarcopenia and maintaining functional capacity in older adults with and without COPD.
L781: Funding
L782: The study was funded by Inland Norway University of Applied Sciences, Innlandet Hospital Trust (grant number 150339, S. E.) and Regional Research Fund Inland Norway (grant number 298419, S. E.).
L783: Conflict of interest
L784: None declared. Pharma Nord ApS procured supplements but was not in any way involved in data collection, analyses or interpretations.
L785: Supporting information
L786: Table S1.  qPCR primer sequences and performance.
L787: Table S2.  Statistical summary table.
L788: Table S3.  Statistical summary table, qPCR data.
L789: Table S4.  Computed factors for main outcome domains.
L790: Table S5.  Gene ontology analyses, effects of vitamin D 3  supplementation.
L791: Table S6.  KEGG and Hallmark analyses, effects of vitamin D 3  supplementation.
L792: Table S7.  Differentially expressed genes, effects of vitamin D 3  supplementation.
L793: Table S8.  Gene ontology analyses, effects of resistance training.
L794: Table S9.  Gene ontology analyses, effects of combined vitamin D 3  supplementation and resistance training.
L795: Table S10.  KEGG and Hallmark analyses, effects of combined vitamin D 3  supplementation and resistance training.
L796: Table S11.  Blood and health variables.
L797: Figure S1.  General efficacy of the RCT. 
L798:  Figure S2.  Sample‐resample reliability measures of immunohistochemical assessments. 
L799:  Figure S3.  Baseline vitamin D‐status and the interaction with the study's main outcomes. 
L800:  Figure S4.  Baseline body fat proportions/body mass index and the interaction with the study's main outcomes.
L801: 1 Ethgen 
L802:  O 
L803:  ,  
L804:  Beaudart 
L805:  C 
L806:  ,  
L807:  Buckinx 
L808:  F 
L809:  ,  
L810:  Bruyère 
L811:  O 
L812:  ,  
L813:  Reginster 
L814:  JY 
L815:  .  The future prevalence of sarcopenia in Europe: a claim for public health action .  Calcif Tissue Int 
L816:  2017 ; 100 : 229 – 234 . 28012107
L817: 2 Beaudart 
L818:  C 
L819:  ,  
L820:  Zaaria 
L821:  M 
L822:  ,  
L823:  Pasleau 
L824:  F 
L825:  ,  
L826:  Reginster 
L827:  JY 
L828:  ,  
L829:  Bruyère 
L830:  O 
L831:  .  Health outcomes of sarcopenia: a systematic review and meta‐analysis .  PLoS One 
L832:  2017 ; 12 : 1 – 16 .
L833: 3 Evans 
L834:  WJ 
L835:  ,  
L836:  Wayne 
L837:  A 
L838:  .  Symposium: aging and body composition: technological advances and physiological interrelationships sarcopenia and age‐related changes in body composition and functional capacity .  J Nutr 
L839:  1993 ; 123 : 465 – 468 . 8429405
L840: 4 Grimby 
L841:  G 
L842:  ,  
L843:  Saltin 
L844:  B 
L845:  .  The ageing muscle .  Clin Physiol 
L846:  1983 ; 3 : 209 – 218 . 6347501
L847: 5 Sobestiansky 
L848:  S 
L849:  ,  
L850:  Michaelsson 
L851:  K 
L852:  ,  
L853:  Cederholm 
L854:  T 
L855:  .  Sarcopenia prevalence and associations with mortality and hospitalisation by various sarcopenia definitions in 85‐89 year old community‐dwelling men: a report from the ULSAM study .  BMC Geriatr 
L856:  2019 ; 19 : 1 – 13 . 30606112
L857: 6 Cawthon 
L858:  PM 
L859:  ,  
L860:  Fox 
L861:  KM 
L862:  ,  
L863:  Gandra 
L864:  SR 
L865:  ,  
L866:  Delmonico 
L867:  MJ 
L868:  ,  
L869:  Chiou 
L870:  CF 
L871:  ,  
L872:  Anthony 
L873:  MS 
L874:  , et al.  Do muscle mass, muscle density, strength, and physical function similarly influence risk of hospitalization in older adults? 
L875:  J Am Geriatr Soc 
L876:  2009 ; 57 : 1411 – 1419 . 19682143
L877: 7 Robinson 
L878:  SM 
L879:  ,  
L880:  Reginster 
L881:  JY 
L882:  ,  
L883:  Rizzoli 
L884:  R 
L885:  ,  
L886:  Shaw 
L887:  SC 
L888:  ,  
L889:  Kanis 
L890:  JA 
L891:  ,  
L892:  Bautmans 
L893:  I 
L894:  , et al.  Does nutrition play a role in the prevention and management of sarcopenia? 
L895:  Clin Nutr 
L896:  2018 ; 37 : 1121 – 1132 . 28927897
L897: 8 Dalle 
L898:  S 
L899:  ,  
L900:  Rossmeislova 
L901:  L 
L902:  ,  
L903:  Koppo 
L904:  K 
L905:  .  The role of inflammation in age‐related sarcopenia .  Front Physiol 
L906:  2017 ; 8 : (DEC).
L907: 9 Hunter 
L908:  GR 
L909:  ,  
L910:  McCarthy 
L911:  JP 
L912:  ,  
L913:  Bamman 
L914:  MM 
L915:  .  Effects of resistance training on older adults .  Sports Med 
L916:  2004 ; 34 : 329 – 348 . 15107011
L917: 10 Suetta 
L918:  C 
L919:  ,  
L920:  Magnusson 
L921:  SP 
L922:  ,  
L923:  Beyer 
L924:  N 
L925:  ,  
L926:  Kjaer 
L927:  M 
L928:  .  Effect of strength training on muscle function in elderly hospitalized patients: review .  Scand J Med Sci Sports 
L929:  2007 ; 17 : 464 – 472 . 17924926
L930: 11 Nunes 
L931:  JP 
L932:  ,  
L933:  Pina 
L934:  F 
L935:  ,  
L936:  Ribeiro 
L937:  A 
L938:  ,  
L939:  Cunha 
L940:  P 
L941:  ,  
L942:  Kassiano 
L943:  W 
L944:  ,  
L945:  Costa 
L946:  D 
L947:  .  Responsiveness to muscle mass gain following 12 and 24 weeks of resistance training in older women .  Aging Clin Exp Res 
L948:  2020 ;(April).  10.1007/s40520-020-01587-z
L949: 12 Chmelo 
L950:  EA 
L951:  ,  
L952:  Crotts 
L953:  CI 
L954:  ,  
L955:  Newman 
L956:  JC 
L957:  ,  
L958:  Brinkley 
L959:  TE 
L960:  ,  
L961:  Lyles 
L962:  MF 
L963:  ,  
L964:  Leng 
L965:  X 
L966:  , et al.  Heterogeneity of physical function responses to exercise training in older adults .  J Am Geriatr Soc 
L967:  2015 ; 63 : 462 – 469 . 25752778
L968: 13 Thomaes 
L969:  T 
L970:  ,  
L971:  Thomis 
L972:  M 
L973:  ,  
L974:  Onkelinx 
L975:  S 
L976:  ,  
L977:  Goetschalckx 
L978:  K 
L979:  ,  
L980:  Fagard 
L981:  R 
L982:  ,  
L983:  Lambrechts 
L984:  D 
L985:  , et al.  Genetic predisposition scores associate with muscular strength, size, and trainability .  Med Sci Sports Exerc 
L986:  2013 ; 45 : 1451 – 1459 . 23439425
L987: 14 Rea 
L988:  IM 
L989:  .  Towards ageing well: use it or lose it: exercise, epigenetics and cognition .  Biogerontology 
L990:  2017 ; 18 : 679 – 691 . 28624982
L991: 15 Close 
L992:  G 
L993:  ,  
L994:  Hamilton 
L995:  L 
L996:  ,  
L997:  Philp 
L998:  A 
L999:  ,  
L1000:  Burke 
L1001:  L 
L1002:  ,  
L1003:  Morton 
L1004:  J 
L1005:  .  New strategies in sport nutrition to increase exercise performance .  Free Radic Biol Med 
L1006:  2016 ; 1 – 15 .
L1007: 16 Koopman 
L1008:  R 
L1009:  .  Dietary protein and exercise training in ageing .  Proc Nutr Soc 
L1010:  2011 ; 70 : 104 – 113 . 21092364
L1011: 17 Kraemer 
L1012:  WJ 
L1013:  ,  
L1014:  Ratamess 
L1015:  NA 
L1016:  .  Hormonal responses and adaptations to resistance exercise and training .  Sports Med 
L1017:  2005 ; 35 : 339 – 361 . 15831061
L1018: 18 Dahlquist 
L1019:  DT 
L1020:  ,  
L1021:  Dieter 
L1022:  BP 
L1023:  ,  
L1024:  Koehle 
L1025:  MS 
L1026:  .  Plausible ergogenic effects of vitamin D on athletic performance and recovery .  J Int Soc Sports Nutr 
L1027:  2015 ; 12 : 33 . 26288575
L1028: 19 Calle 
L1029:  MC 
L1030:  ,  
L1031:  Fernandez 
L1032:  ML 
L1033:  .  Effects of resistance training on the inflammatory response .  Nutr Res Pract 
L1034:  2010 ; 4 : 259 – 269 . 20827340
L1035: 20 Owens 
L1036:  DJ 
L1037:  ,  
L1038:  Allison 
L1039:  R 
L1040:  ,  
L1041:  Close 
L1042:  GL 
L1043:  .  Vitamin D and the athlete: current perspectives and new challenges .  Sports Med 
L1044:  2018 ; 48 : 3 – 16 . 29368183
L1045: 21 Houston 
L1046:  DK 
L1047:  ,  
L1048:  Cesari 
L1049:  M 
L1050:  ,  
L1051:  Ferrucci 
L1052:  L 
L1053:  , et al.  Association between vitamin D status and physical performance: the InCHIANTI study .  J Gerontol A Biol Sci Med Sci 
L1054:  2007 ; 62 : 440 – 446 . 17452740
L1055: 22 Mastaglia 
L1056:  SR 
L1057:  ,  
L1058:  Seijo 
L1059:  M 
L1060:  ,  
L1061:  Muzio 
L1062:  D 
L1063:  ,  
L1064:  Somoza 
L1065:  J 
L1066:  ,  
L1067:  Nuñez 
L1068:  M 
L1069:  ,  
L1070:  Oliveri 
L1071:  B 
L1072:  .  Effect of vitamin D nutritional status on muscle function and strength in healthy women aged over sixty‐five years .  J Nutr Health Aging 
L1073:  2011 ; 15 : 349 – 354 . 21528160
L1074: 23 Tieland 
L1075:  M 
L1076:  ,  
L1077:  Brouwer‐Brolsma 
L1078:  EM 
L1079:  ,  
L1080:  Nienaber‐Rousseau 
L1081:  C 
L1082:  ,  
L1083:  van Loon 
L1084:  LJC 
L1085:  ,  
L1086:  De Groot 
L1087:  LCPGM 
L1088:  .  Low vitamin D status is associated with reduced muscle mass and impaired physical performance in frail elderly people .  Eur J Clin Nutr 
L1089:  2013 ; 67 : 1050 – 1055 . 23942175
L1090: 24 Dawson‐Hughes 
L1091:  B 
L1092:  .  Vitamin D and muscle function .  J Steroid Biochem Mol Biol 
L1093:  2017 ; 173 : 313 – 316 . 28341251
L1094: 25 Remelli 
L1095:  F 
L1096:  ,  
L1097:  Vitali 
L1098:  A 
L1099:  ,  
L1100:  Zurlo 
L1101:  A 
L1102:  ,  
L1103:  Volpato 
L1104:  S 
L1105:  .  Vitamin D deficiency and sarcopenia in older persons .  Nutrients 
L1106:  2019 ; 11 : 1 – 14 .
L1107: 26 Klingberg 
L1108:  E 
L1109:  ,  
L1110:  Oleröd 
L1111:  G 
L1112:  ,  
L1113:  Konar 
L1114:  J 
L1115:  ,  
L1116:  Petzold 
L1117:  M 
L1118:  ,  
L1119:  Hammarsten 
L1120:  O 
L1121:  .  Seasonal variations in serum 25‐hydroxy vitamin D levels in a Swedish cohort .  Endocrine 
L1122:  2015 ; 49 : 800 – 808 . 25681052
L1123: 27 Dietary Reference Intakes for Calcium and Vitamin D .  Washington, D.C :  National Academies Press ;  2011 .
L1124: 28 Huotari 
L1125:  A 
L1126:  ,  
L1127:  Herzig 
L1128:  KH 
L1129:  .  Vitamin D and living in northern latitudes—an endemic risk area for vitamin D deficiency .  Int J Circumpolar Health 
L1130:  2008 ; 67 : 164 – 178 . 18767337
L1131: 29 Webb 
L1132:  AR 
L1133:  ,  
L1134:  Kline 
L1135:  L 
L1136:  ,  
L1137:  Holick 
L1138:  MF 
L1139:  .  Influence of season and latitude on the cutaneous synthesis of vitamin D3: exposure to winter sunlight in Boston and Edmonton will not promote vitamin D3 synthesis in human skin .  J Clin Endocrinol Metab 
L1140:  1988 ; 67 : 373 – 378 . 2839537
L1141: 30 Chiang 
L1142:  C‐M 
L1143:  ,  
L1144:  Ismaeel 
L1145:  A 
L1146:  ,  
L1147:  Griffis 
L1148:  RB 
L1149:  ,  
L1150:  Weems 
L1151:  S 
L1152:  .  Effects of vitamin D supplementation on muscle strength in athletes: a systematic review .  J Strength Cond Res 
L1153:  2017 ; 31 : 566 – 574 . 27379960
L1154: 31 Tomlinson 
L1155:  PB 
L1156:  ,  
L1157:  Joseph 
L1158:  C 
L1159:  ,  
L1160:  Angioi 
L1161:  M 
L1162:  .  Effects of vitamin D supplementation on upper and lower body muscle strength levels in healthy individuals. A systematic review with meta‐analysis .  J Sci Med Sport 
L1163:  2015 ; 18 : 575 – 580 . 25156880
L1164: 32 Muir 
L1165:  SW 
L1166:  ,  
L1167:  Montero‐Odasso 
L1168:  M 
L1169:  .  Effect of vitamin D supplementation on muscle strength, gait and balance in older adults: A systematic review and meta‐analysis .  J Am Geriatr Soc 
L1170:  2011 ; 59 : 2291 – 2300 . 22188076
L1171: 33 Bischoff‐Ferrari 
L1172:  HA 
L1173:  ,  
L1174:  Dawson‐Hughes 
L1175:  B 
L1176:  ,  
L1177:  Willett 
L1178:  WC 
L1179:  , et al.  Effect of vitamin D on falls .  JAMA 
L1180:  2004 ; 291 : 1999 – 2006 . 15113819
L1181: 34 Kalyani 
L1182:  RR 
L1183:  ,  
L1184:  Stein 
L1185:  B 
L1186:  ,  
L1187:  Valiyil 
L1188:  R 
L1189:  ,  
L1190:  Manno 
L1191:  R 
L1192:  ,  
L1193:  Maynard 
L1194:  JW 
L1195:  ,  
L1196:  Crews 
L1197:  DC 
L1198:  .  Vitamin D treatment for the prevention of falls in older adults: systematic review and meta‐analysis .  J Am Geriatr Soc 
L1199:  2010 ; 58 : 1299 – 1310 . 20579169
L1200: 35 Beaudart 
L1201:  C 
L1202:  ,  
L1203:  Buckinx 
L1204:  F 
L1205:  ,  
L1206:  Rabenda 
L1207:  V 
L1208:  ,  
L1209:  Gillain 
L1210:  S 
L1211:  ,  
L1212:  Cavalier 
L1213:  E 
L1214:  ,  
L1215:  Slomian 
L1216:  J 
L1217:  , et al.  The effects of vitamin D on skeletal muscle strength, muscle mass, and muscle power: a systematic review and meta‐analysis of randomized controlled trials .  J Clin Endocrinol Metab 
L1218:  2014 ; 99 : 4336 – 4345 . 25033068
L1219: 36 Knutsen 
L1220:  KV 
L1221:  ,  
L1222:  Madar 
L1223:  AA 
L1224:  ,  
L1225:  Lagerløv 
L1226:  P 
L1227:  ,  
L1228:  Brekke 
L1229:  M 
L1230:  ,  
L1231:  Raastad 
L1232:  T 
L1233:  ,  
L1234:  Stene 
L1235:  LC 
L1236:  , et al.  Does vitamin D improve muscle strength in adults? A randomized, double‐blind, placebo‐controlled trial among ethnic minorities in Norway .  J Clin Endocrinol Metab 
L1237:  2014 ; 99 : 194 – 202 . 24248184
L1238: 37 Stockton 
L1239:  KA 
L1240:  ,  
L1241:  Mengersen 
L1242:  K 
L1243:  ,  
L1244:  Paratz 
L1245:  JD 
L1246:  ,  
L1247:  Kandiah 
L1248:  D 
L1249:  ,  
L1250:  Bennell 
L1251:  KL 
L1252:  .  Effect of vitamin D supplementation on muscle strength: a systematic review and meta‐analysis .  Osteoporos Int 
L1253:  2011 ; 22 : 859 – 871 . 20924748
L1254: 38 Kenny 
L1255:  AM 
L1256:  ,  
L1257:  Biskup 
L1258:  B 
L1259:  ,  
L1260:  Robbins 
L1261:  B 
L1262:  ,  
L1263:  Marcella 
L1264:  G 
L1265:  ,  
L1266:  Burleson 
L1267:  JA 
L1268:  .  Effects of vitamin D supplementation on strength, physical function, and health perception in older, community‐dwelling men .  J Am Geriatr Soc 
L1269:  2003 ; 51 : 1762 – 1767 . 14687355
L1270: 39 Rosendahl‐Riise 
L1271:  H 
L1272:  ,  
L1273:  Spielau 
L1274:  U 
L1275:  ,  
L1276:  Ranhoff 
L1277:  AH 
L1278:  ,  
L1279:  Gudbrandsen 
L1280:  OA 
L1281:  ,  
L1282:  Dierkes 
L1283:  J 
L1284:  .  Vitamin D supplementation and its influence on muscle strength and mobility in community‐dwelling older persons: a systematic review and meta‐analysis .  J Hum Nutr Diet 
L1285:  2017 ; 30 : 3 – 15 . 27460044
L1286: 40 Antoniak 
L1287:  AE 
L1288:  ,  
L1289:  Greig 
L1290:  CA 
L1291:  .  The effect of combined resistance exercise training and vitamin D3 supplementation on musculoskeletal health and function in older adults: a systematic review and meta‐analysis .  BMJ Open 
L1292:  2017 ; 7 : 1 – 16 .
L1293: 41 Uusi‐Rasi 
L1294:  K 
L1295:  ,  
L1296:  Patil 
L1297:  R 
L1298:  ,  
L1299:  Karinkanta 
L1300:  S 
L1301:  , et al.  Exercise and vitamin din fall prevention among older women a randomized clinical trial .  JAMA Intern Med 
L1302:  2015 ; 175 : 703 – 711 . 25799402
L1303: 42 Carrillo 
L1304:  AE 
L1305:  ,  
L1306:  Flynn 
L1307:  MG 
L1308:  ,  
L1309:  Pinkston 
L1310:  C 
L1311:  ,  
L1312:  Markofski 
L1313:  MM 
L1314:  ,  
L1315:  Jiang 
L1316:  Y 
L1317:  ,  
L1318:  Donkin 
L1319:  SS 
L1320:  , et al.  Impact of vitamin D supplementation during a resistance training intervention on body composition, muscle function, and glucose tolerance in overweight and obese adults .  Clin Nutr 
L1321:  2013 ; 32 : 375 – 381 . 23034474
L1322: 43 Bunout 
L1323:  D 
L1324:  ,  
L1325:  Barrera 
L1326:  G 
L1327:  ,  
L1328:  Leiva 
L1329:  L 
L1330:  ,  
L1331:  Gattas 
L1332:  V 
L1333:  ,  
L1334:  de la Maza 
L1335:  MP 
L1336:  ,  
L1337:  Avendaño 
L1338:  M 
L1339:  , et al.  Effects of vitamin D supplementation and exercise training on physical performance in Chilean vitamin D deficient elderly subjects .  Exp Gerontol 
L1340:  2006 ; 41 : 746 – 752 . 16797903
L1341: 44 Agergaard 
L1342:  J 
L1343:  ,  
L1344:  Trøstrup 
L1345:  J 
L1346:  ,  
L1347:  Uth 
L1348:  J 
L1349:  ,  
L1350:  Iversen 
L1351:  JV 
L1352:  ,  
L1353:  Boesen 
L1354:  A 
L1355:  ,  
L1356:  Andersen 
L1357:  JL 
L1358:  , et al.  Does vitamin‐D intake during resistance training improve the skeletal muscle hypertrophic and strength response in young and elderly men? ‐ a randomized controlled trial .  Nutr Metab 
L1359:  2015 ; 12 : 1 – 14 .
L1360: 45 American College of Sports Medicine. American College of Sports Medicine position stand 
L1361: .  Progression models in resistance training for healthy adults .  Med Sci Sports Exerc 
L1362:  2009 ; 41 : 687 – 708 . 19204579
L1363: 46 Mazzetti 
L1364:  SA 
L1365:  ,  
L1366:  Kraemer 
L1367:  WJ 
L1368:  ,  
L1369:  Volek 
L1370:  JS 
L1371:  ,  
L1372:  Duncan 
L1373:  ND 
L1374:  ,  
L1375:  Ratamess 
L1376:  NA 
L1377:  ,  
L1378:  Gómez 
L1379:  AL 
L1380:  , et al.  The influence of direct supervision of resistance training on strength performance .  Med Sci Sports Exerc 
L1381:  2000 ; 32 : 1175 – 1184 . 10862549
L1382: 47 Zeitelhofer 
L1383:  M 
L1384:  ,  
L1385:  Adzemovic 
L1386:  MZ 
L1387:  ,  
L1388:  Gomez‐Cabrero 
L1389:  D 
L1390:  ,  
L1391:  Bergman 
L1392:  P 
L1393:  ,  
L1394:  Hochmeister 
L1395:  S 
L1396:  ,  
L1397:  N'diaye 
L1398:  M 
L1399:  , et al.  Functional genomics analysis of vitamin D effects on CD4+ T cells in vivo in experimental autoimmune encephalomyelitis .  Proc Natl Acad Sci 
L1400:  2017 ; 114 : E1678 – E1687 . 28196884
L1401: 48 Huang 
L1402:  Z 
L1403:  ,  
L1404:  Zhang 
L1405:  Y 
L1406:  ,  
L1407:  Li 
L1408:  H 
L1409:  ,  
L1410:  Zhou 
L1411:  Y 
L1412:  ,  
L1413:  Zhang 
L1414:  Q 
L1415:  ,  
L1416:  Chen 
L1417:  R 
L1418:  , et al.  Vitamin D promotes the cisplatin sensitivity of oral squamous cell carcinoma by inhibiting LCN2‐modulated NF‐κB pathway activation through RPS3 .  Cell Death Dis 
L1419:  2019 ; 10 .
L1420: 49 Ksiażek 
L1421:  A 
L1422:  ,  
L1423:  Zagrodna 
L1424:  A 
L1425:  ,  
L1426:  Słowińska‐Lisowska 
L1427:  M 
L1428:  .  Vitamin D, skeletal muscle function and athletic performance in athletes—a narrative review .  Nutrients 
L1429:  2019 ; 11 : 1 – 12 .
L1430: 50 Buitrago 
L1431:  CG 
L1432:  ,  
L1433:  Arango 
L1434:  NS 
L1435:  ,  
L1436:  Boland 
L1437:  RL 
L1438:  .  1α,25(OH) 2D 3‐dependent modulation of Akt in proliferating and differentiating C2C12 skeletal muscle cells .  J Cell Biochem 
L1439:  2012 ; 113 : 1170 – 1181 . 22095470
L1440: 51 Zhang 
L1441:  X 
L1442:  ,  
L1443:  Zanello 
L1444:  LP 
L1445:  .  Vitamin D receptor‐dependent 1α,25(OH)2 vitamin D 3‐induced anti‐apoptotic PI3K/AKT signaling in osteoblasts .  J Bone Miner Res 
L1446:  2008 ; 23 : 1238 – 1248 . 18410228
L1447: 52 Pilz 
L1448:  S 
L1449:  ,  
L1450:  Frisch 
L1451:  S 
L1452:  ,  
L1453:  Koertke 
L1454:  H 
L1455:  ,  
L1456:  Kuhn 
L1457:  J 
L1458:  ,  
L1459:  Dreier 
L1460:  J 
L1461:  ,  
L1462:  Obermayer‐Pietsch 
L1463:  B 
L1464:  , et al.  Effect of vitamin D supplementation on testosterone levels in men .  Horm Metab Res 
L1465:  2011 ; 43 : 223 – 225 . 21154195
L1466: 53 Todd 
L1467:  JJ 
L1468:  ,  
L1469:  Pourshahidi 
L1470:  LK 
L1471:  ,  
L1472:  McSorley 
L1473:  EM 
L1474:  ,  
L1475:  Madigan 
L1476:  SM 
L1477:  ,  
L1478:  Magee 
L1479:  PJ 
L1480:  .  Vitamin D: recent advances and implications for athletes .  Sports Med 
L1481:  2015 ; 45 .
L1482: 54 Roth 
L1483:  SM 
L1484:  ,  
L1485:  Zmuda 
L1486:  JM 
L1487:  ,  
L1488:  Cauley 
L1489:  JA 
L1490:  ,  
L1491:  Shea 
L1492:  PR 
L1493:  ,  
L1494:  Ferrell 
L1495:  RE 
L1496:  .  Vitamin D receptor genotype is associated with fat‐free mass and sarcopenia in elderly men .  Journals Gerontol Ser A Biol Sci Med Sci 
L1497:  2004 ; 59 : B10 – B15 .
L1498: 55 Girgis 
L1499:  CM 
L1500:  ,  
L1501:  Clifton‐Bligh 
L1502:  RJ 
L1503:  ,  
L1504:  Hamrick 
L1505:  MW 
L1506:  ,  
L1507:  Holick 
L1508:  MF 
L1509:  ,  
L1510:  Gunton 
L1511:  JE 
L1512:  .  The roles of vitamin D in skeletal muscle: form, function, and metabolism .  Endocr Rev 
L1513:  2013 ; 34 : 33 – 83 . 23169676
L1514: 56 Girgis 
L1515:  CM 
L1516:  ,  
L1517:  Cha 
L1518:  KM 
L1519:  ,  
L1520:  So 
L1521:  B 
L1522:  ,  
L1523:  Tsang 
L1524:  M 
L1525:  ,  
L1526:  Chen 
L1527:  J 
L1528:  ,  
L1529:  Houweling 
L1530:  PJ 
L1531:  , et al.  Mice with myocyte deletion of vitamin D receptor have sarcopenia and impaired muscle function .  J Cachexia Sarcopenia Muscle 
L1532:  2019 ; 10 : 1228 – 1240 . 31225722
L1533: 57 Bass 
L1534:  JJ 
L1535:  ,  
L1536:  Kazi 
L1537:  AA 
L1538:  ,  
L1539:  Deane 
L1540:  CS 
L1541:  ,  
L1542:  Nakhuda 
L1543:  A 
L1544:  ,  
L1545:  Ashcroft 
L1546:  SP 
L1547:  ,  
L1548:  Brook 
L1549:  MS 
L1550:  , et al.  The mechanisms of skeletal muscle atrophy in response to transient knockdown of the vitamin D receptor (VDR) in vivo .  J Physiol 
L1551:  December 2020 ; 599 : 963 – 979 . 33258480
L1552: 58 Hangelbroek 
L1553:  RWJ 
L1554:  ,  
L1555:  Vaes 
L1556:  AMM 
L1557:  ,  
L1558:  Boekschoten 
L1559:  MV 
L1560:  ,  
L1561:  Verdijk 
L1562:  LB 
L1563:  ,  
L1564:  Hooiveld 
L1565:  GJEJ 
L1566:  ,  
L1567:  van Loon 
L1568:  LJC 
L1569:  , et al.  No effect of 25‐hydroxyvitamin D supplementation on the skeletal muscle transcriptome in vitamin D deficient frail older adults .  BMC Geriatr 
L1570:  2019 ; 19 : 1 – 8 . 30606112
L1571: 59 Ogawa 
L1572:  S 
L1573:  ,  
L1574:  Yakabe 
L1575:  M 
L1576:  ,  
L1577:  Akishita 
L1578:  M 
L1579:  .  Age‐related sarcopenia and its pathophysiological bases .  Inflamm Regen 
L1580:  2016 ; 36 : 1 – 6 . 29259674
L1581: 60 Sanders 
L1582:  KJC 
L1583:  ,  
L1584:  Kneppers 
L1585:  AEM 
L1586:  ,  
L1587:  van de Bool 
L1588:  C 
L1589:  ,  
L1590:  Langen 
L1591:  RCJ 
L1592:  ,  
L1593:  Schols 
L1594:  AMWJ 
L1595:  .  Cachexia in chronic obstructive pulmonary disease: new insights and therapeutic perspective .  J Cachexia Sarcopenia Muscle 
L1596:  2016 ; 7 : 5 – 22 . 27066314
L1597: 61 Baumgartner 
L1598:  RN 
L1599:  ,  
L1600:  Koehler 
L1601:  KM 
L1602:  ,  
L1603:  Gallagher 
L1604:  D 
L1605:  ,  
L1606:  Romero 
L1607:  L 
L1608:  ,  
L1609:  Heymsfield 
L1610:  SB 
L1611:  ,  
L1612:  Ross 
L1613:  RR 
L1614:  , et al.  Epidemiology of sarcopenia among the elderly in New Mexico .  Am J Epidemiol 
L1615:  1998 ; 147 : 755 – 763 . 9554417
L1616: 62 Global Initiative for Chronic Obstructive Lung Disease: Global Strategy for the Diagnosis, Management, and Prevention of Chronic Obstructive Pulmonary Disease (2020 Report) ;  2020 .
L1617: 63 Holick 
L1618:  MF 
L1619:  ,  
L1620:  Vitamin 
L1621:  D 
L1622:  .  Status: measurement, interpretation, and clinical application .  Ann Epidemiol 
L1623:  2009 ; 19 : 73 – 78 . 18329892
L1624: 64 Dastani 
L1625:  Z 
L1626:  ,  
L1627:  Berger 
L1628:  C 
L1629:  ,  
L1630:  Langsetmo 
L1631:  L 
L1632:  ,  
L1633:  Fu 
L1634:  L 
L1635:  ,  
L1636:  Wong 
L1637:  BYL 
L1638:  ,  
L1639:  Malik 
L1640:  S 
L1641:  , et al.  In healthy adults, biological activity of vitamin D, as assessed by serum pth, is largely independent of DBP concentrations .  J Bone Miner Res 
L1642:  2014 ; 29 : 494 – 499 . 23857798
L1643: 65 Miller 
L1644:  MR 
L1645:  ,  
L1646:  Hankinson 
L1647:  J 
L1648:  ,  
L1649:  Brusasco 
L1650:  V 
L1651:  ,  
L1652:  Burgos 
L1653:  F 
L1654:  ,  
L1655:  Casaburi 
L1656:  R 
L1657:  ,  
L1658:  Coates 
L1659:  A 
L1660:  , et al.  Standardisation of spirometry .  Eur Respir J 
L1661:  2005 ; 26 : 319 – 338 . 16055882
L1662: 66 Schindelin 
L1663:  J 
L1664:  ,  
L1665:  Arganda‐Carreras 
L1666:  I 
L1667:  ,  
L1668:  Frise 
L1669:  E 
L1670:  ,  
L1671:  Kaynig 
L1672:  V 
L1673:  ,  
L1674:  Longair 
L1675:  M 
L1676:  ,  
L1677:  Pietzsch 
L1678:  T 
L1679:  , et al.  Fiji: an open‐source platform for biological‐image analysis .  Nat Methods 
L1680:  2012 ; 28 : 676 – 682 .
L1681: 67 Hammarström 
L1682:  D 
L1683:  ,  
L1684:  Øfsteng 
L1685:  S 
L1686:  ,  
L1687:  Koll 
L1688:  L 
L1689:  ,  
L1690:  Hanestadhaugen 
L1691:  M 
L1692:  ,  
L1693:  Hollan 
L1694:  I 
L1695:  ,  
L1696:  Apró 
L1697:  W 
L1698:  , et al.  Benefits of higher resistance‐training volume are related to ribosome biogenesis .  J Physiol 
L1699:  2020 ; 598 : 543 – 565 . 31813190
L1700: 68 McQuin 
L1701:  C 
L1702:  ,  
L1703:  Goodman 
L1704:  A 
L1705:  ,  
L1706:  Chernyshev 
L1707:  V 
L1708:  ,  
L1709:  Kamentsky 
L1710:  L 
L1711:  ,  
L1712:  Cimini 
L1713:  BA 
L1714:  ,  
L1715:  Karhohs 
L1716:  KW 
L1717:  , et al.  CellProfiler 3.0: next‐generation image processing for biology .  PLoS Biol 
L1718:  2018 ; 16 : 1 – 17 .
L1719: 69 Ellefsen 
L1720:  S 
L1721:  ,  
L1722:  Stensløkken 
L1723:  KO 
L1724:  ,  
L1725:  Sandvik 
L1726:  GK 
L1727:  ,  
L1728:  Kristensen 
L1729:  TA 
L1730:  ,  
L1731:  Nilsson 
L1732:  GE 
L1733:  .  Improved normalization of real‐time reverse transcriptase polymerase chain reaction data using an external RNA control .  Anal Biochem 
L1734:  2008 ; 376 : 83 – 93 . 18294949
L1735: 70 Ellefsen 
L1736:  S 
L1737:  ,  
L1738:  Vikmoen 
L1739:  O 
L1740:  ,  
L1741:  Slettaløkken 
L1742:  G 
L1743:  ,  
L1744:  Whist 
L1745:  JE 
L1746:  ,  
L1747:  Nygaard 
L1748:  H 
L1749:  ,  
L1750:  Hollan 
L1751:  I 
L1752:  , et al.  Irisin and FNDC5: effects of 12‐week strength training, and relations to muscle phenotype and body mass composition in untrained women .  Eur J Appl Physiol 
L1753:  2014 ; 114 : 1875 – 1888 . 24906447
L1754: 71 Untergasser 
L1755:  A 
L1756:  ,  
L1757:  Cutcutache 
L1758:  I 
L1759:  ,  
L1760:  Koressaar 
L1761:  T 
L1762:  ,  
L1763:  Ye 
L1764:  J 
L1765:  ,  
L1766:  Faircloth 
L1767:  BC 
L1768:  ,  
L1769:  Remm 
L1770:  M 
L1771:  , et al.  Primer3‐new capabilities and interfaces .  Nucleic Acids Res 
L1772:  2012 ; 40 : 1 – 12 . 21908400
L1773: 72 Ritz 
L1774:  C 
L1775:  ,  
L1776:  Spiess 
L1777:  AN 
L1778:  .  qpcR: an R package for sigmoidal model selection in quantitative real‐time polymerase chain reaction analysis .  Bioinformatics 
L1779:  2008 ; 24 : 1549 – 1551 . 18482995
L1780: 73 R Core Team. R 
L1781: .  A language and environment for statistical computing. R Foundation for Statistical Computing .  Vienna, Austria .
L1782: 74 Tichopad 
L1783:  A 
L1784:  ,  
L1785:  Dilger 
L1786:  M 
L1787:  ,  
L1788:  Schwarz 
L1789:  G 
L1790:  ,  
L1791:  Pfaffl 
L1792:  MW 
L1793:  .  Standardized determination of real‐time PCR efficiency from a single reaction set‐up .  Nucleic Acids Res 
L1794:  2003 ; 31 :e122: 122e – 1122e . 12519963
L1795: 75 Fleige 
L1796:  S 
L1797:  ,  
L1798:  Pfaffl 
L1799:  MW 
L1800:  .  RNA integrity and the effect on the real‐time qRT‐PCR performance .  Mol Aspects Med 
L1801:  2006 ; 27 : 126 – 139 . 16469371
L1802: 76 Ellefsen 
L1803:  S 
L1804:  ,  
L1805:  Vikmoen 
L1806:  O 
L1807:  ,  
L1808:  Zacharoff 
L1809:  E 
L1810:  ,  
L1811:  Rauk 
L1812:  I 
L1813:  ,  
L1814:  Slettaløkken 
L1815:  G 
L1816:  ,  
L1817:  Hammarström 
L1818:  D 
L1819:  , et al.  Reliable determination of training‐induced alterations in muscle fiber composition in human skeletal muscle using quantitative polymerase chain reaction .  Scand J Med Sci Sports 
L1820:  2014 ; 24 : e332 – e342 . 24924099
L1821: 77 Matz 
L1822:  MV 
L1823:  ,  
L1824:  Wright 
L1825:  RM 
L1826:  ,  
L1827:  Scott 
L1828:  JG 
L1829:  .  No control genes required: Bayesian analysis of qRT‐PCR data .  PLoS One 
L1830:  2013 ; 8 : 1 – 12 .
L1831: 78 Cui 
L1832:  S 
L1833:  ,  
L1834:  Ji 
L1835:  T 
L1836:  ,  
L1837:  Li 
L1838:  J 
L1839:  ,  
L1840:  Cheng 
L1841:  J 
L1842:  ,  
L1843:  Qiu 
L1844:  J 
L1845:  .  What if we ignore the random effects when analyzing RNA‐seq data in a multifactor experiment .  Stat Appl Genet Mol Biol 
L1846:  2016 ; 15 : 87 – 105 . 26926865
L1847: 79 Brooks 
L1848:  ME 
L1849:  ,  
L1850:  Kristensen 
L1851:  K 
L1852:  ,  
L1853:  Van Benthem 
L1854:  KJ 
L1855:  ,  
L1856:  Magnusson 
L1857:  A 
L1858:  ,  
L1859:  Berg 
L1860:  CW 
L1861:  ,  
L1862:  Nielsen 
L1863:  A 
L1864:  , et al.  glmmTMB balances speed and flexibility among packages for zero‐inflated generalized linear mixed modeling .  R I Dent J 
L1865:  2017 ; 9 : 378 .
L1866: 80 Hartig 
L1867:  F. 
L1868:  
L1869:  DHARMa: residual diagnostics for hierarchical (multi‐level/mixed) regression models .  2020 .  https://cran.r-project.org/package=DHARMa
L1870: 81 Yamaguchi 
L1871:  KD 
L1872:  ,  
L1873:  Ruderman 
L1874:  DL 
L1875:  ,  
L1876:  Croze 
L1877:  E 
L1878:  ,  
L1879:  Wagner 
L1880:  TC 
L1881:  ,  
L1882:  Velichko 
L1883:  S 
L1884:  ,  
L1885:  Reder 
L1886:  AT 
L1887:  , et al.  IFN‐β‐regulated genes show abnormal expression in therapy‐naïve relapsing‐remitting MS mononuclear cells: gene expression analysis employing all reported protein‐protein interactions .  J Neuroimmunol 
L1888:  2008 ; 195 : 116 – 120 . 18279974
L1889: 82 Zyla 
L1890:  J 
L1891:  ,  
L1892:  Marczyk 
L1893:  ,  
L1894:  Domaszewska 
L1895:  T 
L1896:  ,  
L1897:  Kaufmann 
L1898:  SHE 
L1899:  ,  
L1900:  Polanska 
L1901:  J 
L1902:  ,  
L1903:  Weiner 
L1904:  J 
L1905:  .  Gene set enrichment for reproducible science: comparison of CERNO and eight other algorithms .  Bioinformatics .  2019 ; 35 : 5146 – 5154 . 31165139
L1906: 83 Subramanian 
L1907:  A 
L1908:  ,  
L1909:  Tamayo 
L1910:  P 
L1911:  ,  
L1912:  Mootha 
L1913:  VK 
L1914:  ,  
L1915:  Mukherjee 
L1916:  S 
L1917:  ,  
L1918:  Ebert 
L1919:  BL 
L1920:  ,  
L1921:  Gillette 
L1922:  MA 
L1923:  , et al.  Gene set enrichment analysis: a knowledge‐based approach for interpreting genome‐wide expression profiles .  Proc Natl Acad Sci U S A 
L1924:  2005 ; 102 : 15545 – 15550 . 16199517
L1925: 84 Korotkevich 
L1926:  G 
L1927:  ,  
L1928:  Sukhov 
L1929:  V 
L1930:  .  Fast gene set enri analy bioRxiv 
L1931:  2019 ; 10.1101/060012
L1932: 85 Xiao 
L1933:  Y 
L1934:  ,  
L1935:  Hsiao 
L1936:  T‐H 
L1937:  ,  
L1938:  Suresh 
L1939:  U 
L1940:  ,  
L1941:  Chen 
L1942:  H‐IH 
L1943:  ,  
L1944:  Xiaowu 
L1945:  W 
L1946:  ,  
L1947:  Wolf 
L1948:  SE 
L1949:  , et al.  A novel significance score for gene selection and ranking .  Bioinformatics 
L1950:  2014 ; 30 : 801 – 807 . 22321699
L1951: 86 Liberzon 
L1952:  A 
L1953:  ,  
L1954:  Subramanian 
L1955:  A 
L1956:  ,  
L1957:  Pinchback 
L1958:  R 
L1959:  ,  
L1960:  Thorvaldsdóttir 
L1961:  H 
L1962:  ,  
L1963:  Tamayo 
L1964:  P 
L1965:  ,  
L1966:  Mesirov 
L1967:  JP 
L1968:  .  Molecular signatures database (MSigDB) 3.0 .  Bioinformatics 
L1969:  2011 ; 27 : 1739 – 1740 . 21546393
L1970: 87 Gerber 
L1971:  NL 
L1972:  ,  
L1973:  Price 
L1974:  JK 
L1975:  .  Measures of function and health‐related quality of life .  Elsevier Inc. ;  2018 .
L1976: 88 Gepner 
L1977:  AD 
L1978:  ,  
L1979:  Ramamurthy 
L1980:  R 
L1981:  ,  
L1982:  Krueger 
L1983:  DC 
L1984:  ,  
L1985:  Korcarz 
L1986:  CE 
L1987:  ,  
L1988:  Binkley 
L1989:  N 
L1990:  ,  
L1991:  Stein 
L1992:  JH 
L1993:  .  A prospective randomized controlled trial of the effects of vitamin D supplementation on cardiovascular disease risk .  PLoS One 
L1994:  2012 ; 7 : e36617 . 22586483
L1995: 89 Kimball 
L1996:  SM 
L1997:  ,  
L1998:  Mirhosseini 
L1999:  N 
L2000:  ,  
L2001:  Holick 
L2002:  MF 
L2003:  .  Evaluation of vitamin D3 intakes up to 15,000 international units/day and serum 25‐hydroxyvitamin D concentrations up to 300 nmol/L on calcium metabolism in a community setting .  Dermatoendocri 
L2004:  2017 ; 9 : e1300213 .
L2005: 90 Immunodiagnostic Systems 
L2006: .  1,25‐dihydroxy vitamin D EIA . Boldon;  2014 .  http://peramed.com/peramed/docs/AC-62F1_EN.pdf
L2007: 91 Kochersberger 
L2008:  G 
L2009:  ,  
L2010:  Bales 
L2011:  C 
L2012:  ,  
L2013:  Lobaugh 
L2014:  B 
L2015:  ,  
L2016:  Lyles 
L2017:  KW 
L2018:  .  Calcium supplementation lowers serum parathyroid hormone levels in elderly subjects .  J Gerontol 
L2019:  1990 ; 45 : M159 – M162 . 2203847
L2020: 92 Hirani 
L2021:  V 
L2022:  ,  
L2023:  Cumming 
L2024:  RG 
L2025:  ,  
L2026:  Naganathan 
L2027:  V 
L2028:  ,  
L2029:  Blyth 
L2030:  F 
L2031:  ,  
L2032:  Le Conteur 
L2033:  DG 
L2034:  ,  
L2035:  Handelsman 
L2036:  DJ 
L2037:  , et al.  Associations between serum 25‐hydroxyvitamin D concentrations and multiple health conditions, physical performance measures, disability, and all‐cause mortality: the concord health and ageing in men project .  J Am Geriatr Soc 
L2038:  2014 ; 62 : 417 – 425 . 24576190
L2039: 93 Rejnmark 
L2040:  L 
L2041:  .  Effects of vitamin D on muscle function and performance: a review of evidence from randomized controlled trials .  Ther Adv Chronic Dis 
L2042:  2011 ; 2 : 25 – 37 . 23251739
L2043: 94 Nuzzo 
L2044:  JL 
L2045:  ,  
L2046:  Taylor 
L2047:  JL 
L2048:  ,  
L2049:  Gandevia 
L2050:  SC 
L2051:  .  CORP: measurement of upper and lower limb muscle strength and voluntary activation .  J Appl Physiol 
L2052:  2018 ; 126 : 513 – 543 . 30496711
L2053: 95 Ploutz‐Snyder 
L2054:  LL 
L2055:  ,  
L2056:  Giamis 
L2057:  EL 
L2058:  .  Orientation and familiarization to 1RM strength testing in old and young women .  J Strength Cond Res 
L2059:  2001 ; 15 : 519 – 523 . 11726267
L2060: 96 Kurosu 
L2061:  T 
L2062:  ,  
L2063:  Fukuda 
L2064:  T 
L2065:  ,  
L2066:  Miki 
L2067:  T 
L2068:  ,  
L2069:  Miura 
L2070:  O 
L2071:  .  BCL6 overexpression prevents increase in reactive oxygen species and inhibits apoptosis induced by chemotherapeutic reagents in B‐cell lymphoma cells .  Oncogene 
L2072:  2003 ; 22 : 4459 – 4468 . 12881702
L2073: 97 Chen 
L2074:  D 
L2075:  ,  
L2076:  Zang 
L2077:  Y‐H 
L2078:  ,  
L2079:  Qiu 
L2080:  Y 
L2081:  ,  
L2082:  Zhang 
L2083:  F 
L2084:  ,  
L2085:  Chen 
L2086:  A‐D 
L2087:  ,  
L2088:  Wang 
L2089:  J‐J 
L2090:  , et al.  BCL6 Attenuates proliferation and oxidative stress of vascular smooth muscle cells in hypertension .  Oxid Med Cell Longev 
L2091:  January 2019 ; 1 – 9 .
L2092: 98 Xiong 
L2093:  G 
L2094:  ,  
L2095:  Stewart 
L2096:  RL 
L2097:  ,  
L2098:  Chen 
L2099:  J 
L2100:  ,  
L2101:  Gao 
L2102:  T 
L2103:  ,  
L2104:  Scott 
L2105:  TL 
L2106:  ,  
L2107:  Samayoa 
L2108:  LM 
L2109:  , et al.  Collagen prolyl 4‐hydroxylase 1 is essential for HIF‐1α stabilization and TNBC chemoresistance .  Nat Commun 
L2110:  2018 ; 9 .
L2111: 99 Wang 
L2112:  Y 
L2113:  ,  
L2114:  Lam 
L2115:  KSL 
L2116:  ,  
L2117:  Lam 
L2118:  JBB 
L2119:  ,  
L2120:  Lam 
L2121:  MC 
L2122:  ,  
L2123:  Leung 
L2124:  PTY 
L2125:  ,  
L2126:  Zhou 
L2127:  M 
L2128:  , et al.  Overexpression of angiopoietin‐like protein 4 alters mitochondria activities and modulates methionine metabolic cycle in the liver tissues of db/db diabetic mice .  Mol Endocrinol 
L2129:  2007 ; 21 : 972 – 986 . 17213385
L2130: 100 Kim 
L2131:  DH 
L2132:  ,  
L2133:  Meza 
L2134:  CA 
L2135:  ,  
L2136:  Clarke 
L2137:  H 
L2138:  ,  
L2139:  Kim 
L2140:  JS 
L2141:  ,  
L2142:  Hickner 
L2143:  RC 
L2144:  .  Vitamin D and endothelial function .  Nutrients 
L2145:  2020 ; 12 : 1 – 17 .
L2146: 101 Mitchell 
L2147:  CJ 
L2148:  ,  
L2149:  Churchward‐Venne 
L2150:  TA 
L2151:  ,  
L2152:  West 
L2153:  DWD 
L2154:  ,  
L2155:  Burd 
L2156:  NA 
L2157:  ,  
L2158:  Breen 
L2159:  L 
L2160:  ,  
L2161:  Baker 
L2162:  SK 
L2163:  , et al.  Resistance exercise load does not determine training‐mediated hypertrophic gains in young men .  J Appl Physiol 
L2164:  2012 ; 113 : 71 – 77 . 22518835
L2165: 102 Ellefsen 
L2166:  S 
L2167:  ,  
L2168:  Hammarström 
L2169:  D 
L2170:  ,  
L2171:  Strand 
L2172:  TA 
L2173:  ,  
L2174:  Zacharoff 
L2175:  E 
L2176:  ,  
L2177:  Whist 
L2178:  JE 
L2179:  ,  
L2180:  Rauk 
L2181:  I 
L2182:  , et al.  Blood flow‐restricted strength training displays high functional and biological efficacy in women: a within‐subject comparison with high‐load strength training .  Am J Physiol Regul Integr Comp Physiol 
L2183:  2015 ; 767 – 779 .
L2184: 103 Borg 
L2185:  GA 
L2186:  .  Psychophysical bases of perceived exertion .  Med Sci Sports Exerc 
L2187:  1982 ; 14 : 377 – 381 . 7154893
L2188: 104 Hamarsland 
L2189:  H 
L2190:  ,  
L2191:  Johansen 
L2192:  MK 
L2193:  ,  
L2194:  Seeberg 
L2195:  F 
L2196:  ,  
L2197:  Brochmann 
L2198:  M 
L2199:  ,  
L2200:  Garthe 
L2201:  I 
L2202:  ,  
L2203:  Benestad 
L2204:  HB 
L2205:  , et al.  Native whey induces similar adaptation to strength training as milk, despite higher levels of leucine, in elderly individuals .  Nutrients 
L2206:  2019 ; 11 : 2094 .
L2207: 105 Häkkinen 
L2208:  K 
L2209:  ,  
L2210:  Kallinen 
L2211:  M 
L2212:  ,  
L2213:  Linnamo 
L2214:  V 
L2215:  ,  
L2216:  Pastinen 
L2217:  U‐M 
L2218:  ,  
L2219:  Newton 
L2220:  RU 
L2221:  ,  
L2222:  Kraemer 
L2223:  WJ 
L2224:  .  Neuromuscular adaptations during bilateral versus unilateral strength training in middle aged and elderly men and women .  Acta Physiol Scand 
L2225:  1996 ; 158 : 77 – 88 . 8876751
L2226: 106 Ahtiainen 
L2227:  JP 
L2228:  ,  
L2229:  Walker 
L2230:  S 
L2231:  ,  
L2232:  Peltonen 
L2233:  H 
L2234:  ,  
L2235:  Holviala 
L2236:  J 
L2237:  ,  
L2238:  Sillanpää 
L2239:  E 
L2240:  ,  
L2241:  Karavirta 
L2242:  L 
L2243:  , et al.  Heterogeneity in resistance training‐induced muscle strength and mass responses in men and women of different ages .  Age 
L2244:  2016 ; 38 : 1 – 13 . 26695510
L2245: 107 Haun 
L2246:  CT 
L2247:  ,  
L2248:  Vann 
L2249:  CG 
L2250:  ,  
L2251:  Roberts 
L2252:  BM 
L2253:  ,  
L2254:  Vigotsky 
L2255:  AD 
L2256:  ,  
L2257:  Schoenfeld 
L2258:  BJ 
L2259:  ,  
L2260:  Roberts 
L2261:  MD 
L2262:  .  A critical evaluation of the biological construct skeletal muscle hypertrophy: size matters but so does the measurement .  Front Physiol 
L2263:  2019 ; 10 (MAR): 1 – 23 . 30723415
L2264: 108 Nederveen 
L2265:  JP 
L2266:  ,  
L2267:  Ibrahim 
L2268:  G 
L2269:  ,  
L2270:  Fortino 
L2271:  SA 
L2272:  ,  
L2273:  Snijders 
L2274:  T 
L2275:  ,  
L2276:  Kumbhare 
L2277:  D 
L2278:  ,  
L2279:  Parise 
L2280:  G 
L2281:  .  Variability in skeletal muscle fibre characteristics during repeated muscle biopsy sampling in human vastus lateralis .  Appl Physiol Nutr Metab 
L2282:  2020 ; 8 : 1 – 8 .
L2283: 109 McCall 
L2284:  GE 
L2285:  ,  
L2286:  Byrnes 
L2287:  WC 
L2288:  ,  
L2289:  Dickinson 
L2290:  AL 
L2291:  ,  
L2292:  Fleck 
L2293:  SJ 
L2294:  .  Sample size required for the accurate determination of fiber area and capillarity of human skeletal muscle .  Can J Appl Physiol 
L2295:  1998 ; 23 : 594 – 599 . 9822795
L2296: 110 Lexell 
L2297:  J 
L2298:  ,  
L2299:  Taylor 
L2300:  CC 
L2301:  .  Variability in muscle fibre areas in whole human quadriceps muscle. How much and why? 
L2302:  Acta Physiol Scand 
L2303:  1989 ; 136 : 561 – 568 . 2528889
L2304: 111 Miljkovic 
L2305:  N 
L2306:  ,  
L2307:  Lim 
L2308:  JY 
L2309:  ,  
L2310:  Miljkovic 
L2311:  I 
L2312:  ,  
L2313:  Frontera 
L2314:  WR 
L2315:  .  Aging of skeletal muscle fibers .  Ann Rehabil Med 
L2316:  2015 ; 39 : 155 – 162 . 25932410
L2317: 112 Campbell 
L2318:  IT 
L2319:  ,  
L2320:  Watt 
L2321:  T 
L2322:  ,  
L2323:  Withers 
L2324:  D 
L2325:  ,  
L2326:  England 
L2327:  R 
L2328:  ,  
L2329:  Sukumar 
L2330:  S 
L2331:  ,  
L2332:  Keegan 
L2333:  MA 
L2334:  , et al.  Muscle thickness, measured with ultrasound, may be an indicator of lean tissue wasting in multiple organ failure in the presence of edema .  Am J Clin Nutr 
L2335:  1995 ; 62 : 533 – 539 . 7661114
L2336: 113 Verdijk 
L2337:  LB 
L2338:  ,  
L2339:  Snijders 
L2340:  T 
L2341:  ,  
L2342:  Beelen 
L2343:  M 
L2344:  ,  
L2345:  Savelberg 
L2346:  HHCM 
L2347:  ,  
L2348:  Meijer 
L2349:  K 
L2350:  ,  
L2351:  Kuipers 
L2352:  H 
L2353:  , et al.  Characteristics of muscle fiber type are predictive of skeletal muscle mass and strength in elderly men .  J Am Geriatr Soc 
L2354:  2010 ; 58 : 2069 – 2075 . 21054286
L2355: 114 Lexell 
L2356:  J 
L2357:  ,  
L2358:  Taylor 
L2359:  CC 
L2360:  ,  
L2361:  Sjöström 
L2362:  M 
L2363:  .  What is the cause of the ageing atrophy?. Total number, size and proportion of different fiber types studied in whole vastus lateralis muscle from 15‐ to 83‐year‐old men .  J Neurol Sci 
L2364:  1988 ; 84 : 275 – 294 . 3379447
L2365: 115 Beals 
L2366:  JW 
L2367:  ,  
L2368:  Burd 
L2369:  NA 
L2370:  ,  
L2371:  Moore 
L2372:  DR 
L2373:  ,  
L2374:  van Vliet 
L2375:  S 
L2376:  .  Obesity alters the muscle protein synthetic response to nutrition and exercise .  Front Nutr 
L2377:  2019 ; 6 : 1 – 14 . 30805342
L2378: 116 Wortsman 
L2379:  J 
L2380:  ,  
L2381:  Matsuoka 
L2382:  LY 
L2383:  ,  
L2384:  Chen 
L2385:  TC 
L2386:  ,  
L2387:  Lu 
L2388:  Z 
L2389:  ,  
L2390:  Holick 
L2391:  MF 
L2392:  .  Decreased bioavailability of vitamin D in obesity .  Am J Clin Nutr 
L2393:  2000 ; 72 : 690 – 693 . 10966885
L2394: 117 Sipilä 
L2395:  S 
L2396:  ,  
L2397:  Multanen 
L2398:  J 
L2399:  ,  
L2400:  Kallinen 
L2401:  M 
L2402:  ,  
L2403:  Era 
L2404:  P 
L2405:  ,  
L2406:  Suominen 
L2407:  H 
L2408:  .  Effects of strength and endurance training on isometric muscle strength and walking speed in elderly women .  Acta Physiol Scand 
L2409:  1996 ; 156 : 457 – 464 . 8732251
L2410: 118 de Vos 
L2411:  NJ 
L2412:  ,  
L2413:  Singh 
L2414:  NAF 
L2415:  ,  
L2416:  Ross 
L2417:  DA 
L2418:  ,  
L2419:  Stavrinos 
L2420:  TM 
L2421:  ,  
L2422:  Orr 
L2423:  R 
L2424:  ,  
L2425:  Fiatarone Singh 
L2426:  MA 
L2427:  .  Optimal load for increasing muscle power during explosive resistance training in older adults .  Journals Gerontol Ser A Biol Sci Med Sci 
L2428:  2005 ; 60 : 638 – 647 .
L2429: 119 Solberg 
L2430:  PA 
L2431:  ,  
L2432:  Kvamme 
L2433:  NH 
L2434:  ,  
L2435:  Raastad 
L2436:  T 
L2437:  ,  
L2438:  Ommundsen 
L2439:  Y 
L2440:  ,  
L2441:  Tomten 
L2442:  SE 
L2443:  ,  
L2444:  Halvari 
L2445:  H 
L2446:  , et al.  Effects of different types of exercise on muscle mass, strength, function and well‐being in elderly .  Eur J Sport Sci 
L2447:  2013 ; 13 : 112 – 125 .
L2448: 120 Hikida 
L2449:  RS 
L2450:  ,  
L2451:  Staron 
L2452:  RS 
L2453:  ,  
L2454:  Hagerman 
L2455:  FC 
L2456:  ,  
L2457:  Walsh 
L2458:  S 
L2459:  ,  
L2460:  Kaiser 
L2461:  E 
L2462:  ,  
L2463:  Shell 
L2464:  S 
L2465:  , et al.  Effects of high‐intensity resistance training on untrained older men. II. Muscle fiber characteristics and nucleo‐cytoplasmic relationships .  Journals Gerontol Ser A Biol Sci Med Sci 
L2466:  2000 ; 55 : B347 – B354 .
L2467: 121 Sharman 
L2468:  MJ 
L2469:  ,  
L2470:  Newton 
L2471:  RU 
L2472:  ,  
L2473:  Triplett‐McBride 
L2474:  T 
L2475:  ,  
L2476:  McGuigan 
L2477:  MRM 
L2478:  ,  
L2479:  McBride 
L2480:  JM 
L2481:  ,  
L2482:  Häkkinen 
L2483:  A 
L2484:  , et al.  Changes in myosin heavy chain composition with heavy resistance training in 60‐ to 75‐year‐old men and women .  Eur J Appl Physiol 
L2485:  2001 ; 84 : 127 – 132 . 11394241
L2486: 122 Moro 
L2487:  T 
L2488:  ,  
L2489:  Brightwell 
L2490:  CR 
L2491:  ,  
L2492:  Volpi 
L2493:  E 
L2494:  ,  
L2495:  Rasmussen 
L2496:  BB 
L2497:  ,  
L2498:  Fry 
L2499:  CS 
L2500:  .  Resistance exercise training promotes fiber type‐specific myonuclear adaptations in older adults .  J Appl Physiol 
L2501:  2020 ; 128 : 795 – 804 . 32134710
L2502: 123 Karlsen 
L2503:  A 
L2504:  ,  
L2505:  Bechshøft 
L2506:  RL 
L2507:  ,  
L2508:  Malmgaard‐Clausen 
L2509:  NM 
L2510:  ,  
L2511:  Andersen 
L2512:  JL 
L2513:  ,  
L2514:  Schjerling 
L2515:  P 
L2516:  ,  
L2517:  Kjaer 
L2518:  M 
L2519:  , et al.  Lack of muscle fibre hypertrophy, myonuclear addition, and satellite cell pool expansion with resistance training in 83‐94‐year‐old men and women .  Acta Physiol 
L2520:  2019 ; 227 : 1 – 19 .
L2521: 124 Stec 
L2522:  MJ 
L2523:  ,  
L2524:  Kelly 
L2525:  NA 
L2526:  ,  
L2527:  Many 
L2528:  GM 
L2529:  ,  
L2530:  Windham 
L2531:  ST 
L2532:  ,  
L2533:  Tuggle 
L2534:  SC 
L2535:  ,  
L2536:  Bamman 
L2537:  MM 
L2538:  .  Ribosome biogenesis may augment resistance training‐induced myofiber hypertrophy and is required for myotube growth in vitro .  Am J Physiol Endocrinol Metab 
L2539:  2016 ; 310 : E652 – E661 . 26860985
L2540: 125 Brook 
L2541:  MS 
L2542:  ,  
L2543:  Wilkinson 
L2544:  DJ 
L2545:  ,  
L2546:  Mitchell 
L2547:  WK 
L2548:  ,  
L2549:  Lund 
L2550:  JN 
L2551:  ,  
L2552:  Phillips 
L2553:  BE 
L2554:  ,  
L2555:  Szewczyk 
L2556:  NJ 
L2557:  , et al.  Synchronous deficits in cumulative muscle protein synthesis and ribosomal biogenesis underlie age‐related anabolic resistance to exercise in humans .  J Physiol 
L2558:  2016 ; 594 : 7399 – 7417 . 27654940
L2559: 126 Medeiros 
L2560:  JFP 
L2561:  ,  
L2562:  de Oliveira Borges 
L2563:  MV 
L2564:  ,  
L2565:  Soares 
L2566:  AA 
L2567:  ,  
L2568:  dos Santos 
L2569:  JC 
L2570:  ,  
L2571:  de Oliveira 
L2572:  ABB 
L2573:  ,  
L2574:  da Costa 
L2575:  CHB 
L2576:  , et al.  The impact of vitamin D supplementation on VDR gene expression and body composition in monozygotic twins: randomized controlled trial .  Sci Rep 
L2577:  2020 ; 10 : 1 – 10 . 31913322
L2578: 127 van der Meijden 
L2579:  K 
L2580:  ,  
L2581:  Bravenboer 
L2582:  N 
L2583:  ,  
L2584:  Dirks 
L2585:  NF 
L2586:  ,  
L2587:  Heijboer 
L2588:  AC 
L2589:  ,  
L2590:  den Heijer 
L2591:  M 
L2592:  ,  
L2593:  de Wit 
L2594:  GMJ 
L2595:  , et al.  Effects of 1,25(OH)2D3 and 25(OH)D3 on C2C12 myoblast proliferation, differentiation, and myotube hypertrophy .  J Cell Physiol 
L2596:  2016 ; 231 : 2517 – 2528 . 27018098
L2597: 128 Pojednic 
L2598:  RM 
L2599:  ,  
L2600:  Ceglia 
L2601:  L 
L2602:  ,  
L2603:  Olsson 
L2604:  K 
L2605:  ,  
L2606:  Gustafsson 
L2607:  T 
L2608:  ,  
L2609:  Lichtenstein 
L2610:  AH 
L2611:  ,  
L2612:  Dawson‐Hughes 
L2613:  B 
L2614:  , et al.  Effects of 1,25‐dihydroxyvitamin D3 and vitamin D3 on the expression of the vitamin D receptor in human skeletal muscle cells .  Calcif Tissue Int 
L2615:  2015 ; 96 : 256 – 263 . 25479835
L2616: 129 Khan 
L2617:  Y 
L2618:  ,  
L2619:  Hammarström 
L2620:  D 
L2621:  ,  
L2622:  Rønnestad 
L2623:  BR 
L2624:  ,  
L2625:  Ellefsen 
L2626:  S 
L2627:  ,  
L2628:  Ahmad 
L2629:  R 
L2630:  .  Increased biological relevance of transcriptome analyses in human skeletal muscle using a model‐specific pipeline .  BMC Bioinformatics 
L2631:  2020 ; 21 : 1 – 32 . 31898485
L2632: 130 Kaviani 
L2633:  M 
L2634:  ,  
L2635:  Sharabiyani 
L2636:  S 
L2637:  ,  
L2638:  Rajabi 
L2639:  H 
L2640:  .  Effect of resistance training combined with vitamin D supplementation on adropin, NO and eNOS in stage‐1 hypertensive postmenopausal women .  Proc Cana Soc Exer Physio 51st An Ge Mee ‐ Health in Motion, Sci Exe 
L2641:  2018 ; 43 : S68 .
L2642: 131 Thongprayoon 
L2643:  C 
L2644:  ,  
L2645:  Cheungpasitporn 
L2646:  W 
L2647:  ,  
L2648:  Kashani 
L2649:  K 
L2650:  .  Serum creatinine level, a surrogate of muscle mass, predicts mortality in critically ill patients .  J Thorac Dis 
L2651:  2016 ; 8 : E305 – E311 . 27162688
L2652: 132 Baxmann 
L2653:  AC 
L2654:  ,  
L2655:  Ahmed 
L2656:  MS 
L2657:  ,  
L2658:  Marques 
L2659:  NC 
L2660:  ,  
L2661:  Menon 
L2662:  VB 
L2663:  ,  
L2664:  Pereira 
L2665:  AB 
L2666:  ,  
L2667:  Kirsztajn 
L2668:  GM 
L2669:  , et al.  Influence of muscle mass and physical activity on serum and urinary creatinine and serum cystatin C .  Clin J Am Soc Nephrol 
L2670:  2008 ; 3 : 348 – 354 . 18235143
L2671: 133 Wehr 
L2672:  E 
L2673:  ,  
L2674:  Pilz 
L2675:  S 
L2676:  ,  
L2677:  Boehm 
L2678:  BO 
L2679:  ,  
L2680:  März 
L2681:  W 
L2682:  ,  
L2683:  Obermayer‐Pietsch 
L2684:  B 
L2685:  .  Association of vitamin D status with serum androgen levels in men .  Clin Endocrinol (Oxf) 
L2686:  2010 ; 73 : 243 – 248 . 20050857
L2687: 134 Heijboer 
L2688:  AC 
L2689:  ,  
L2690:  Oosterwerff 
L2691:  M 
L2692:  ,  
L2693:  Schroten 
L2694:  NF 
L2695:  ,  
L2696:  Eekhoff 
L2697:  EMW 
L2698:  ,  
L2699:  Chel 
L2700:  VGM 
L2701:  ,  
L2702:  de Boer 
L2703:  RA 
L2704:  , et al.  Vitamin D supplementation and testosterone concentrations in male human subjects .  Clin Endocrinol (Oxf) 
L2705:  2015 ; 83 : 105 – 110 . 25557316
L2706: 135 Lerchbaum 
L2707:  E 
L2708:  ,  
L2709:  Trummer 
L2710:  C 
L2711:  ,  
L2712:  Theiler‐Schwetz 
L2713:  V 
L2714:  ,  
L2715:  Kollmann 
L2716:  M 
L2717:  ,  
L2718:  Wölfler 
L2719:  M 
L2720:  ,  
L2721:  Heijboer 
L2722:  AM 
L2723:  , et al.  Effects of vitamin D supplementation on androgens in men with low testosterone levels: a randomized controlled trial .  Eur J Nutr 
L2724:  2019 ; 58 : 3135 – 3146 . 30460609
L2725: 136 Luzak 
L2726:  A 
L2727:  ,  
L2728:  Karrasch 
L2729:  S 
L2730:  ,  
L2731:  Thorand 
L2732:  B 
L2733:  ,  
L2734:  Nowak 
L2735:  D 
L2736:  ,  
L2737:  Holle 
L2738:  R 
L2739:  ,  
L2740:  Peters 
L2741:  A 
L2742:  , et al.  Association of physical activity with lung function in lung‐healthy German adults: results from the KORA FF4 study .  BMC Pulm Med 
L2743:  2017 ; 17 : 1 – 9 . 28049457
L2744: 137 Hoff 
L2745:  J 
L2746:  ,  
L2747:  Tjønna 
L2748:  AE 
L2749:  ,  
L2750:  Steinshamn 
L2751:  S 
L2752:  ,  
L2753:  Høydal 
L2754:  M 
L2755:  ,  
L2756:  Richardson 
L2757:  RS 
L2758:  ,  
L2759:  Helgerud 
L2760:  J 
L2761:  .  Maximal strength training of the legs in COPD: a therapy for mechanical inefficiency .  Med Sci Sports Exerc 
L2762:  2007 ; 39 : 220 – 226 . 17277584
L2763: 138 Zosky 
L2764:  GR 
L2765:  ,  
L2766:  Berry 
L2767:  LJ 
L2768:  ,  
L2769:  Elliot 
L2770:  JG 
L2771:  ,  
L2772:  James 
L2773:  AL 
L2774:  ,  
L2775:  Gorman 
L2776:  S 
L2777:  ,  
L2778:  Hart 
L2779:  PH 
L2780:  .  Vitamin D deficiency causes deficits in lung function and alters lung structure .  Am J Respir Crit Care Med 
L2781:  2011 ; 183 : 1336 – 1343 . 21297070
L2782: 139 Aspell 
L2783:  N 
L2784:  ,  
L2785:  Laird 
L2786:  E 
L2787:  ,  
L2788:  Healy 
L2789:  M 
L2790:  ,  
L2791:  Lawlor 
L2792:  B 
L2793:  ,  
L2794:  O'Sullivan 
L2795:  M 
L2796:  .  Vitamin D deficiency is associated with impaired muscle strength and physical performance in community‐dwelling older adults: findings from the English longitudinal study of ageing .  Clin Interv Aging 
L2797:  2019 ; 14 : 1751 – 1761 . 31686797
L2798: 140 Tang 
L2799:  JCY 
L2800:  ,  
L2801:  Jackson 
L2802:  S 
L2803:  ,  
L2804:  Walsh 
L2805:  NP 
L2806:  ,  
L2807:  Greeves 
L2808:  J 
L2809:  ,  
L2810:  Fraser 
L2811:  WD 
L2812:  , 
L2813:  Bioanalytical Facility team 
L2814: .  The dynamic relationships between the active and catabolic vitamin D metabolites, their ratios, and associations with PTH .  Scientific Reports .  2019 ; 9 : 1 – 10 . 30626917
L2815: 141 Goltzman 
L2816:  D 
L2817:  ,  
L2818:  Mannstadt 
L2819:  M 
L2820:  ,  
L2821:  Marcocci 
L2822:  C 
L2823:  .  Physiology of the calcium‐parathyroid hormone‐vitamin D axis .  Front Horm Res 
L2824:  2018 ; 50 : 1 – 13 . 29597231
L2825: 142 Dusso 
L2826:  AS 
L2827:  .  Kidney disease and vitamin D levels: 25‐hydroxyvitamin D, 1,25‐dihydroxyvitamin D, and VDR activation .  Kidney Int Suppl 
L2828:  2011 ; 1 : 136 – 141 .
L2829: 143 Bikle 
L2830:  DD 
L2831:  ,  
L2832:  Schwartz 
L2833:  J 
L2834:  .  Vitamin D binding protein, total and free vitamin D levels in different physiological and pathophysiological conditions .  Front Endoc (Lausanne) 
L2835:  2019 ; 10 (MAY): 1 – 12 .
L2836: 144 Safadi 
L2837:  FF 
L2838:  ,  
L2839:  Thornton 
L2840:  P 
L2841:  ,  
L2842:  Magiera 
L2843:  H 
L2844:  ,  
L2845:  Hollis 
L2846:  BW 
L2847:  ,  
L2848:  Gentile 
L2849:  M 
L2850:  ,  
L2851:  Haddad 
L2852:  JG 
L2853:  , et al.  Osteopathy and resistance to vitamin D toxicity in mice null for vitamin D binding protein .  J Clin Invest 
L2854:  1999 ; 103 : 239 – 251 . 9916136
L2855: 145 Brechue 
L2856:  WF 
L2857:  ,  
L2858:  Abe 
L2859:  T 
L2860:  .  The role of FFM accumulation and skeletal muscle architecture in powerlifting performance .  Eur J Appl Physiol 
L2861:  2002 ; 86 : 327 – 336 . 11990746
L2862: 146 Netreba 
L2863:  AI 
L2864:  ,  
L2865:  Bravyy 
L2866:  YR 
L2867:  ,  
L2868:  Makarov 
L2869:  VA 
L2870:  ,  
L2871:  Ustyuzhanin 
L2872:  DV 
L2873:  ,  
L2874:  Vinogradova 
L2875:  OL 
L2876:  .  Evaluation of training effectiveness for improving maximal voluntary contraction without noticeable hypertrophy of muscles .  Hum Physiol 
L2877:  2011 ; 37 : 719 – 725 .
L2878: 147 Solomon 
L2879:  JA 
L2880:  ,  
L2881:  Gianforcaro 
L2882:  A 
L2883:  ,  
L2884:  Hamadeh 
L2885:  MJ 
L2886:  .  Vitamin D 3 deficiency differentially affects functional and disease outcomes in the G93A mouse model of amyotrophic lateral sclerosis .  PLoS One 
L2887:  2011 ; 6 .
L2888: 148 Ceglia 
L2889:  L 
L2890:  .  Vitamin D and its role in skeletal muscle .  Curr Opin Clin Nutr Metab Care 
L2891:  2009 ; 12 : 628 – 633 . 19770647
L2892: 149 von Haehling 
L2893:  S 
L2894:  ,  
L2895:  Morley 
L2896:  JE 
L2897:  ,  
L2898:  Coats 
L2899:  AJS 
L2900:  ,  
L2901:  Anker 
L2902:  SD 
L2903:  .  Ethical guidelines for publishing in the Journal of Cachexia, Sarcopenia and Muscle: update 2019 .  J Cachexia Sarcopenia Muscle 
L2904:  2019 ; 10 : 1143 – 1145 . 31661195
L2905: Acknowledgements
L2906: The authors would like to express their gratitude to students Katarina Alsvik, Karianne Pedersen, Nicolai Blindheim Jacobsen, Jan Christian Fjelltun, Håvard Berge Bredesen, Karoline Michalsen, Håkon Fure Jerpseth, Karin Heggeli Moen, Krister Flobergseter, Mads‐Henrik Hafsmo, Sondre Bjerke, Joachim Skjeseth Fjeller, Vilde Bakkhaug, Vetle Olsen, Hilde Juvik, Hallvard Underdal, Anniken Braaten, Anette Gårderløkken, Malene Wilhelmsen, Vemund Lien, Malene Grahl‐Madsen, Pauline Forren, Anders Kristoffersen, Jørn Klepp Thorgersen, Berit Hauge Aakvik, Ole‐Jørgen Folkestad, Simen Bratberg Ramstad, Lasse Løwstrøm Aulin, Simen Næss Berge, Marius Midtmageli Bekkemellem, Martine Pedersen, Kristian Lian, Even Hovland Rosenlund, Henrik Eckhoff, Synne Skogstad, Marte Johannson, Simen Longva Hedlund, Jon Sindre Aas, Marte Fosvold Løtveit, Stine Studsrød, and Marius Fagerås for invaluable assistance during intervention follow‐up and data sampling. The authors are grateful for the contribution from Tore J. Rødølen (Granheim Lung Hospital, Innlandet Hospital Trust) and Anne Sofie Lofthus, and the technical support from Bente Malerbakken (Lillehammer Hospital for Rheumatic Diseases) and Randi Christiansen. We also acknowledge Pharma Nord ApS for a good cooperation and sponsoring the vitamin D 3  and placebo supplements in the study. Further, the authors wish to thank Proteinfabrikken A/S for sponsoring the project with protein chocolate bars and Johanne Haugen, University of Bergen, for taking care of the third‐party randomization. Last but not least, thanks to all participants for your cooperation. Without your effort and dedication, this study had not been possible. The authors of this manuscript certify that they comply with the ethical guidelines for authorship and publishing in the  Journal of Cachexia, Sarcopenia and Muscle . 
L2907:  149
L2908: # JCSM-12-599-s001
L2909: Table S8  Functional annotation analysis of resistance training effects averaged over treatment arms.
L2910: | Comparison | Gene ontology category | Gene ontology | Significance categorya | Set sizeb | Rank P-valuec | % MSD > 0d | GSEA P-valuee | Normalized enrichment score | LEf | Log2 Fold-change in LE [min, max] |
L2911: | --- | --- | --- | --- | --- | --- | --- | --- | --- | --- | --- |
L2912: | Post-intro RT vs. pre-intro RT | Biological process | Blood vessel morphogenesis | Consensus | 455 (686) | 6.93e-18 | 51.2% | 4.94e-04 | 1.38 | 126 (100%) | 0.52 [0.16, 2.1] |
L2913: | Post-intro RT vs. pre-intro RT | Biological process | Extracellular structure organization | Consensus | 251 (373) | 7.24e-36 | 59.8% | 7.78e-08 | 1.54 | 94 (100%) | 0.66 [0.2, 2.1] |
L2914: | Post-intro RT vs. pre-intro RT | Biological process | Inflammatory response | Consensus | 436 (765) | 4.23e-23 | 53.9% | 0.017 | 1.32 | 152 (100%) | 0.51 [0.17, 1.89] |
L2915: | Post-intro RT vs. pre-intro RT | Biological process | Leukocyte migration | Consensus | 272 (502) | 1.26e-21 | 62.1% | 0.046 | 1.35 | 101 (100%) | 0.5 [0.15, 1.8] |
L2916: | Post-intro RT vs. pre-intro RT | Cellular component | Collagen containing extracellular matrix | Consensus | 262 (408) | 1.45e-37 | 62.2% | 6.59e-07 | 1.50 | 94 (100%) | 0.67 [0.2, 2.08] |
L2917: | Post-intro RT vs. pre-intro RT | Cellular component | Collagen trimer | Consensus | 54 (87) | 1.31e-15 | 72.2% | 0.019 | 1.53 | 21 (100%) | 0.89 [0.39, 2.08] |
L2918: | Post-intro RT vs. pre-intro RT | Cellular component | External side of plasma membrane | Consensus | 184 (388) | 1.31e-19 | 65.2% | 0.008 | 1.44 | 79 (100%) | 0.53 [0.17, 3.09] |
L2919: | Post-intro RT vs. pre-intro RT | Cellular component | Extracellular matrix | Consensus | 321 (531) | 8.26e-42 | 59.8% | 6.59e-07 | 1.48 | 107 (100%) | 0.7 [0.2, 2.08] |
L2920: | Post-intro RT vs. pre-intro RT | Cellular component | Side of membrane | Consensus | 324 (582) | 2.20e-16 | 56.2% | 0.007 | 1.36 | 103 (100%) | 0.49 [0.15, 3.09] |
L2921: | Post-intro RT vs. pre-intro RT | Molecular function | Extracellular matrix structural constituent | Consensus | 111 (165) | 2.29e-27 | 67.6% | 8.67e-04 | 1.58 | 45 (100%) | 0.8 [0.2, 2.08] |
L2922: | Post-intro RT vs. pre-intro RT | Biological process | Nuclear transcribed mRNA catabolic process | GSEA | 174 (208) | 0.678 | 48.3% | 1.13e-06 | -2.04 | 85 (84.7%) | -0.17 [-0.49, -0.09] |
L2923: | Post-intro RT vs. pre-intro RT | Biological process | Ribosome biogenesis | GSEA | 268 (290) | 1.000 | 38.4% | 2.19e-10 | -2.24 | 137 (73%) | -0.14 [-0.54, -0.07] |
L2924: | Post-intro RT vs. pre-intro RT | Biological process | RNA splicing via transesterification reactions | GSEA | 311 (345) | 0.941 | 49.2% | 1.33e-08 | -2.08 | 138 (93.5%) | -0.13 [-0.3, -0.05] |
L2925: | Post-intro RT vs. pre-intro RT | Biological process | rRNA metabolic process | GSEA | 204 (221) | 1.000 | 38.2% | 5.82e-06 | -2.01 | 108 (70.4%) | -0.13 [-0.31, -0.07] |
L2926: | Post-intro RT vs. pre-intro RT | Biological process | Translational initiation | GSEA | 158 (192) | 0.360 | 51.3% | 1.13e-06 | -2.12 | 83 (86.7%) | -0.17 [-0.4, -0.08] |
L2927: | Post-intro RT vs. pre-intro RT | Biological process | Viral gene expression | GSEA | 167 (194) | 0.807 | 47.9% | 4.97e-05 | -1.91 | 85 (83.5%) | -0.17 [-0.31, -0.08] |
L2928: | Post-intro RT vs. pre-intro RT | Cellular component | Ribosomal subunit | GSEA | 158 (186) | 1.000 | 44.3% | 1.26e-06 | -1.98 | 77 (81.8%) | -0.18 [-0.87, -0.08] |
L2929: | Post-intro RT vs. pre-intro RT | Cellular component | Ribosome | GSEA | 196 (228) | 1.000 | 42.3% | 6.59e-07 | -2.03 | 84 (83.3%) | -0.18 [-0.87, -0.08] |
L2930: | Post-intro RT vs. pre-intro RT | Cellular component | Spliceosomal complex | GSEA | 169 (186) | 0.950 | 52.1% | 1.13e-04 | -1.78 | 83 (90.4%) | -0.13 [-0.25, -0.05] |
L2931: | Post-intro RT vs. pre-intro RT | Molecular function | Structural constituent of ribosome | GSEA | 132 (162) | 0.992 | 47% | 4.03e-05 | -2.05 | 70 (81.4%) | -0.17 [-0.31, -0.08] |
L2932: | Post-intro RT vs. pre-intro RT | Biological process | Cell chemotaxis | Rank | 178 (306) | 1.13e-14 | 59.6% | 0.066 | 1.39 | 66 (100%) | 0.56 [0.15, 1.8] |
L2933: | Post-intro RT vs. pre-intro RT | Biological process | Collagen fibril organization | Rank | 36 (55) | 2.14e-14 | 72.2% | 0.089 | 1.53 | 18 (100%) | 0.93 [0.32, 2.08] |
L2934: | Post-intro RT vs. pre-intro RT | Biological process | Leukocyte cell cell adhesion | Rank | 210 (343) | 2.84e-13 | 53.3% | 0.112 | 1.34 | 77 (100%) | 0.49 [0.17, 1.78] |
L2935: | Post-intro RT vs. pre-intro RT | Biological process | Lymphocyte activation | Rank | 430 (736) | 5.72e-14 | 49.5% | 0.080 | 1.28 | 117 (100%) | 0.5 [0.19, 1.78] |
L2936: | Post-intro RT vs. pre-intro RT | Biological process | Positive regulation of cell adhesion | Rank | 269 (401) | 4.09e-13 | 52% | 0.139 | 1.29 | 72 (100%) | 0.53 [0.17, 1.78] |
L2937: | Post-intro RT vs. pre-intro RT | Biological process | Regulation of cell adhesion | Rank | 466 (695) | 1.20e-14 | 48.1% | 0.057 | 1.27 | 120 (100%) | 0.5 [0.17, 1.78] |
L2938: | Post-intro RT vs. pre-intro RT | Biological process | Response to wounding | Rank | 434 (687) | 4.09e-13 | 50.7% | 0.051 | 1.29 | 108 (100%) | 0.47 [0.15, 2.08] |
L2939: | Post-intro RT vs. pre-intro RT | Biological process | T cell activation | Rank | 291 (468) | 5.86e-13 | 50.5% | 0.068 | 1.31 | 87 (100%) | 0.52 [0.2, 1.78] |
L2940: | Post-intro RT vs. pre-intro RT | Biological process | Taxis | Rank | 407 (652) | 1.54e-14 | 51.8% | 0.135 | 1.23 | 136 (99.3%) | 0.46 [0.15, 1.8] |
L2941: | Post-intro RT vs. pre-intro RT | Molecular function | Integrin binding | Rank | 108 (135) | 8.32e-13 | 59.3% | 0.052 | 1.48 | 35 (100%) | 0.67 [0.2, 2.08] |
L2942: | Post-RCT vs. pre-intro RT | Biological process | Blood vessel morphogenesis | Consensus | 455 (686) | 1.56e-25 | 52.1% | 5.70e-08 | 1.65 | 127 (100%) | 0.45 [0.16, 1.64] |
L2943: | Post-RCT vs. pre-intro RT | Biological process | Extracellular structure organization | Consensus | 251 (373) | 5.53e-32 | 59.8% | 3.48e-08 | 1.77 | 90 (100%) | 0.54 [0.16, 1.64] |
L2944: | Post-RCT vs. pre-intro RT | Biological process | Leukocyte migration | Consensus | 272 (502) | 1.36e-10 | 47.8% | 0.014 | 1.53 | 69 (100%) | 0.45 [0.16, 1.35] |
L2945: | Post-RCT vs. pre-intro RT | Biological process | Regulation of vasculature development | Consensus | 246 (425) | 5.30e-13 | 52.8% | 5.51e-04 | 1.64 | 70 (100%) | 0.44 [0.17, 1.64] |
L2946: | Post-RCT vs. pre-intro RT | Cellular component | Basement membrane | Consensus | 72 (95) | 9.21e-13 | 61.1% | 0.006 | 1.72 | 23 (100%) | 0.62 [0.18, 1.15] |
L2947: | Post-RCT vs. pre-intro RT | Cellular component | Collagen containing extracellular matrix | Consensus | 262 (408) | 3.91e-23 | 52.7% | 3.48e-09 | 1.77 | 77 (100%) | 0.59 [0.17, 1.64] |
L2948: | Post-RCT vs. pre-intro RT | Cellular component | Collagen trimer | Consensus | 54 (87) | 1.86e-10 | 57.4% | 0.003 | 1.69 | 21 (100%) | 0.69 [0.28, 1.53] |
L2949: | Post-RCT vs. pre-intro RT | Cellular component | Extracellular matrix | Consensus | 321 (531) | 1.09e-26 | 52.6% | 4.67e-09 | 1.74 | 90 (100%) | 0.6 [0.17, 1.64] |
L2950: | Post-RCT vs. pre-intro RT | Molecular function | Extracellular matrix structural constituent | Consensus | 111 (165) | 1.65e-22 | 64% | 5.84e-05 | 1.78 | 40 (100%) | 0.67 [0.18, 1.64] |
L2951: | Post-RCT vs. pre-intro RT | Molecular function | Extracellular matrix structural constituent conferring tensile strength | Consensus | 28 (41) | 2.79e-10 | 67.9% | 0.042 | 1.62 | 14 (100%) | 0.79 [0.42, 1.53] |
L2952: | Post-RCT vs. pre-intro RT | Biological process | mRNA processing | GSEA | 452 (503) | 1.000 | 43.4% | 1.13e-07 | -1.80 | 167 (95.8%) | -0.13 [-0.33, -0.06] |
L2953: | Post-RCT vs. pre-intro RT | Biological process | NcRNA metabolic process | GSEA | 424 (471) | 1.000 | 34.4% | 6.67e-06 | -1.72 | 118 (93.2%) | -0.15 [-0.37, -0.08] |
L2954: | Post-RCT vs. pre-intro RT | Biological process | NcRNA processing | GSEA | 346 (378) | 1.000 | 35.8% | 6.41e-07 | -1.81 | 108 (93.5%) | -0.15 [-0.37, -0.08] |
L2955: | Post-RCT vs. pre-intro RT | Biological process | Ribonucleoprotein complex biogenesis | GSEA | 383 (419) | 0.983 | 41.3% | 2.16e-15 | -2.11 | 141 (96.5%) | -0.16 [-0.38, -0.07] |
L2956: | Post-RCT vs. pre-intro RT | Biological process | Ribosome biogenesis | GSEA | 268 (290) | 1.000 | 38.8% | 2.34e-09 | -2.07 | 90 (97.8%) | -0.17 [-0.38, -0.08] |
L2957: | Post-RCT vs. pre-intro RT | Biological process | RNA catabolic process | GSEA | 339 (404) | 0.064 | 47.2% | 1.24e-07 | -1.86 | 107 (100%) | -0.21 [-0.44, -0.09] |
L2958: | Post-RCT vs. pre-intro RT | Biological process | RNA splicing | GSEA | 390 (433) | 0.971 | 45.6% | 5.29e-10 | -1.91 | 156 (95.5%) | -0.13 [-0.33, -0.06] |
L2959: | Post-RCT vs. pre-intro RT | Biological process | RNA splicing via transesterification reactions | GSEA | 311 (345) | 0.865 | 47.6% | 3.15e-09 | -1.94 | 132 (97%) | -0.13 [-0.33, -0.06] |
L2960: | Post-RCT vs. pre-intro RT | Biological process | rRNA metabolic process | GSEA | 204 (221) | 1.000 | 38.2% | 6.67e-06 | -1.93 | 79 (91.1%) | -0.15 [-0.37, -0.07] |
L2961: | Post-RCT vs. pre-intro RT | Cellular component | Spliceosomal complex | GSEA | 169 (186) | 0.675 | 51.5% | 1.68e-05 | -1.98 | 68 (100%) | -0.14 [-0.33, -0.08] |
L2962: | Post-RCT vs. pre-intro RT | Biological process | Cell substrate adhesion | Rank | 262 (348) | 1.19e-09 | 48.9% | 0.144 | 1.40 | 54 (100%) | 0.45 [0.17, 1.53] |
L2963: | Post-RCT vs. pre-intro RT | Biological process | Collagen fibril organization | Rank | 36 (55) | 7.77e-12 | 72.2% | 0.076 | 1.60 | 17 (100%) | 0.75 [0.25, 1.53] |
L2964: | Post-RCT vs. pre-intro RT | Biological process | Epithelial cell proliferation | Rank | 289 (441) | 1.37e-10 | 46.4% | 0.079 | 1.46 | 62 (100%) | 0.45 [0.16, 1.33] |
L2965: | Post-RCT vs. pre-intro RT | Biological process | Positive regulation of cell adhesion | Rank | 269 (401) | 1.38e-08 | 46.8% | 0.256 | 1.29 | 72 (100%) | 0.39 [0.17, 1.35] |
L2966: | Post-RCT vs. pre-intro RT | Biological process | Positive regulation of locomotion | Rank | 411 (604) | 5.47e-11 | 46.7% | 0.074 | 1.38 | 91 (100%) | 0.41 [0.17, 1.35] |
L2967: | Post-RCT vs. pre-intro RT | Biological process | Regulation of cell adhesion | Rank | 466 (695) | 5.55e-11 | 45.5% | 0.122 | 1.32 | 114 (100%) | 0.39 [0.16, 1.35] |
L2968: | Post-RCT vs. pre-intro RT | Biological process | Taxis | Rank | 407 (652) | 4.06e-10 | 46.4% | 0.075 | 1.37 | 108 (99.1%) | 0.41 [0.13, 1.25] |
L2969: | Post-RCT vs. pre-intro RT | Molecular function | Cell adhesion molecule binding | Rank | 403 (501) | 4.33e-08 | 45.4% | 0.078 | 1.38 | 68 (100%) | 0.47 [0.17, 1.53] |
L2970: | Post-RCT vs. pre-intro RT | Molecular function | Integrin binding | Rank | 108 (135) | 6.13e-11 | 52.8% | 0.096 | 1.50 | 31 (100%) | 0.56 [0.17, 1.53] |
L2971: | Post-RCT vs. pre-intro RT | Molecular function | Structural molecule activity | Rank | 433 (670) | 2.48e-19 | 51.7% | 0.078 | 1.37 | 56 (100%) | 0.62 [0.18, 1.64] |
L2972: a Consensus significance indicates agreement between directional (GSEA) and non-directional (Rank) hypothesis test of overrepresentation (see methods for details). b Indicates number identified genes in gene set and total number of gene in gene set in parentheses. c, rank-based enrichment test based on minimum significant difference identifies gene-sets that are over-represented among top-ranked genes without a directional hypothesis. d Fraction of genes in gene set with unadjusted 95% CI not spanning zero i.e. minimum significant difference (MSD) > 0. e, Gene-set enrichment analysis (GSEA) tests for over-representation among top and bottom genes based on Log2 fold-changes × -log10(P-values) in time-point with effects averaged over treatment arms (n = 53). Positive normalized enrichment scores (NES) indicates gene sets with higher expression in post-intro resistance training (RT) or post-RCT compared to pre-intro RT, negative NES indicates gene sets with lower expression at respective time-points. f Number of genes in leading edge (LE, genes that contributes to the enrichment score) with the fraction of leading edge genes with unadjusted 95% CI not spanning zero (MSD > 0). P-values are adjusted for FDR.
L2973: # JCSM-12-599-s002
L2974: Table S9  Functional annotation analysis time-effect between vitamin D3 and placebo treatment
L2975: | Comparison | Gene ontology category | Gene ontology | Significance categorya | Set sizeb | Rank P-valuec | % MSD > 0d | GSEA P-valuee | Normalized enrichment score | LEf | Log2 Fold-change in LE [min, max] |
L2976: | --- | --- | --- | --- | --- | --- | --- | --- | --- | --- | --- |
L2977: | Post-intro RT: Vitamin D3 vs. placebo | Biological process | Acetyl coa metabolic process | GSEA | 33 (38) | 0.859 | 6.1% | 0.038 | -1.94 | 3 (66.7%) | -1.05 [-2.62, -0.2] |
L2978: | Post-intro RT: Vitamin D3 vs. placebo | Biological process | Blood vessel morphogenesis | GSEA | 452 (686) | 0.612 | 5.1% | 0.013 | 1.63 | 75 (24%) | 0.34 [0.12, 0.94] |
L2979: | Post-intro RT: Vitamin D3 vs. placebo | Biological process | Cell cell junction organization | GSEA | 136 (188) | 0.750 | 6.6% | 0.030 | 1.76 | 30 (30%) | 0.33 [0.1, 1.35] |
L2980: | Post-intro RT: Vitamin D3 vs. placebo | Biological process | Cell junction organization | GSEA | 231 (293) | 0.907 | 5.2% | 0.030 | 1.69 | 43 (25.6%) | 0.32 [0.1, 1.35] |
L2981: | Post-intro RT: Vitamin D3 vs. placebo | Biological process | Muscle cell differentiation | GSEA | 280 (383) | 0.753 | 5.7% | 0.037 | 1.63 | 35 (34.3%) | 0.43 [0.12, 1.35] |
L2982: | Post-intro RT: Vitamin D3 vs. placebo | Biological process | Muscle system process | GSEA | 342 (470) | 0.909 | 4.7% | 0.030 | 1.60 | 34 (32.4%) | 0.46 [0.18, 1.39] |
L2983: | Post-intro RT: Vitamin D3 vs. placebo | Biological process | Striated muscle cell differentiation | GSEA | 213 (291) | 0.760 | 6.1% | 0.030 | 1.70 | 32 (31.2%) | 0.42 [0.11, 1.35] |
L2984: | Post-intro RT: Vitamin D3 vs. placebo | Biological process | Thioester metabolic process | GSEA | 85 (105) | 1.000 | 2.4% | 0.030 | -1.92 | 3 (66.7%) | -1.05 [-2.62, -0.2] |
L2985: | Post-intro RT: Vitamin D3 vs. placebo | Biological process | Tissue migration | GSEA | 233 (363) | 0.938 | 3.4% | 0.037 | 1.64 | 33 (21.2%) | 0.34 [0.12, 1.39] |
L2986: | Post-intro RT: Vitamin D3 vs. placebo | Biological process | Heterophilic cell cell adhesion via plasma membrane cell adhesion molecules | Rank | 27 (46) | 0.018 | 18.5% | 0.432 | 1.48 | 6 (66.7%) | 0.69 [0.26, 1.35] |
L2987: | Post-intro RT: Vitamin D3 vs. placebo | Biological process | Negative regulation of cell differentiation | Rank | 465 (750) | 0.018 | 5.4% | 0.075 | 1.48 | 68 (26.5%) | 0.37 [0.13, 1.2] |
L2988: | Post-intro RT: Vitamin D3 vs. placebo | Biological process | Negative regulation of notch signaling pathway | Rank | 36 (44) | 0.014 | 16.7% | 0.825 | 1.08 | 16 (25%) | 0.3 [0.1, 0.62] |
L2989: | Post-intro RT: Vitamin D3 vs. placebo | Biological process | Regulation of notch signaling pathway | Rank | 76 (107) | 0.018 | 13.2% | 0.840 | 1.05 | 14 (35.7%) | 0.38 [0.22, 0.62] |
L2990: | Post-RCT: Vitamin D3 vs. placebo | Biological process | Blood vessel morphogenesis | Consensus | 452 (686) | 0.002 | 9.5% | 9.78e-08 | 1.79 | 135 (28.1%) | 0.31 [0.12, 1.27] |
L2991: | Post-RCT: Vitamin D3 vs. placebo | Biological process | Endothelial cell proliferation | Consensus | 115 (191) | 0.046 | 10.4% | 0.032 | 1.60 | 33 (30.3%) | 0.31 [0.14, 0.68] |
L2992: | Post-RCT: Vitamin D3 vs. placebo | Biological process | Establishment of endothelial barrier | Consensus | 31 (43) | 0.022 | 22.6% | 0.031 | 1.66 | 12 (58.3%) | 0.28 [0.15, 0.44] |
L2993: | Post-RCT: Vitamin D3 vs. placebo | Biological process | Actin filament organization | GSEA | 299 (393) | 0.481 | 7.7% | 1.73e-04 | 1.73 | 72 (25%) | 0.3 [0.11, 0.95] |
L2994: | Post-RCT: Vitamin D3 vs. placebo | Biological process | Cell junction organization | GSEA | 231 (293) | 0.614 | 7.4% | 5.48e-05 | 1.80 | 62 (24.2%) | 0.3 [0.12, 0.78] |
L2995: | Post-RCT: Vitamin D3 vs. placebo | Biological process | Endothelial cell migration | GSEA | 170 (275) | 0.691 | 7.1% | 2.64e-04 | 1.79 | 56 (21.4%) | 0.26 [0.13, 0.7] |
L2996: | Post-RCT: Vitamin D3 vs. placebo | Biological process | Extracellular structure organization | GSEA | 251 (373) | 0.730 | 6.4% | 2.64e-04 | 1.73 | 79 (17.7%) | 0.3 [0.11, 1.27] |
L2997: | Post-RCT: Vitamin D3 vs. placebo | Biological process | Leukocyte migration | GSEA | 275 (502) | 0.155 | 8.7% | 2.06e-04 | 1.72 | 63 (33.3%) | 0.35 [0.13, 0.95] |
L2998: | Post-RCT: Vitamin D3 vs. placebo | Biological process | Lymphocyte activation | GSEA | 429 (736) | 0.813 | 5.6% | 5.48e-05 | 1.68 | 89 (20.2%) | 0.35 [0.15, 0.77] |
L2999: | Post-RCT: Vitamin D3 vs. placebo | Biological process | Regulation of cell activation | GSEA | 354 (619) | 0.735 | 6.2% | 1.91e-04 | 1.68 | 79 (21.5%) | 0.34 [0.15, 0.76] |
L3000: | Post-RCT: Vitamin D3 vs. placebo | Biological process | Regulation of supramolecular fiber organization | GSEA | 273 (351) | 0.640 | 6.2% | 2.64e-04 | 1.71 | 63 (23.8%) | 0.3 [0.11, 0.95] |
L3001: | Post-RCT: Vitamin D3 vs. placebo | Biological process | Regulation of vasculature development | GSEA | 244 (425) | 0.083 | 10.2% | 3.63e-04 | 1.71 | 77 (29.9%) | 0.29 [0.14, 0.88] |
L3002: | Post-RCT: Vitamin D3 vs. placebo | Biological process | T cell activation | GSEA | 292 (468) | 0.876 | 6.5% | 2.64e-04 | 1.71 | 60 (25%) | 0.36 [0.15, 0.77] |
L3003: | Post-RCT: Vitamin D3 vs. placebo | Biological process | Negative regulation of notch signaling pathway | Rank | 36 (44) | 0.041 | 16.7% | 0.268 | 1.44 | 16 (31.2%) | 0.36 [0.17, 0.75] |
L3004: | Post-RCT: Vitamin D3 vs. placebo | Biological process | Regulation of notch signaling pathway | Rank | 76 (107) | 0.037 | 10.5% | 0.236 | 1.41 | 16 (43.8%) | 0.41 [0.19, 0.75] |
L3005: a Consensus significance indicates agreement between directional (GSEA) and non-directional (Rank) hypothesis test of overrepresentation (see methods for details). b Indicates number identified genes in gene set and total number of gene in gene set in parentheses. c, rank-based enrichment test based on minimum significant difference identifies gene-sets that are over-represented among top-ranked genes without a directional hypothesis. d Fraction of genes in gene set with unadjusted 95% CI not spanning zero i.e. minimum significant difference (MSD) > 0. e, Gene-set enrichment analysis (GSEA) tests for over-representation among top and bottom genes based on Log2 fold-changes × -log10(P-values) in comparing changes over time (Δ) in Δ vitamin D3 (n = 24) to Δ placebo arm (n = 29). Positive normalized enrichment scores (NES) indicates gene sets with higher expression in post-intro resistance training (RT) or Post-RCT compared to pre-intro RT, negative NES indicates gene sets with lower expression at respective time-points. f Number of genes in leading edge (LE, genes that contributes to the enrichment score) with the fraction of leading edge genes with unadjusted 95% CI not spanning zero (MSD > 0). P-values are adjusted for FDR.
L3006: # JCSM-12-599-s003
L3007: Table S10  Functional annotation analysis of placebo compared to Vitamin D3 supplementation combined with training using KEGG and Hallmark gene set collections
L3008: | Comparison | Database | Gene set | Significance categorya | GSEA P-valueb | NES | Rank P-valuec |
L3009: | --- | --- | --- | --- | --- | --- | --- |
L3010: | Post-intro RT: Vitamin D3 vs. placebo | Hallmark | Apical junction | GSEA | 0.008 | 1.65 | 0.274 |
L3011: | Post-RCT: Vitamin D3 vs. placebo | Hallmark | Coagulation | GSEA | 0.007 | 1.70 | 1.000 |
L3012: | Post-RCT: Vitamin D3 vs. placebo | Hallmark | Epithelial mesenchymal transition | GSEA | 0.007 | 1.60 | 1.000 |
L3013: | Post-RCT: Vitamin D3 vs. placebo | KEGG | Cytokine cytokine receptor interaction | GSEA | 0.010 | 1.65 | 0.201 |
L3014: | Post-RCT: Vitamin D3 vs. placebo | KEGG | Leukocyte transendothelial migration | GSEA | 0.008 | 1.73 | 0.201 |
L3015: | Post-RCT: Vitamin D3 vs. placebo | KEGG | Chemokine signaling pathway | GSEA | 0.010 | 1.66 | 1.000 |
L3016: | Post-RCT: Vitamin D3 vs. placebo | KEGG | Ecm receptor interaction | GSEA | 0.019 | 1.67 | 1.000 |
L3017: | Post-RCT: Vitamin D3 vs. placebo | KEGG | Fc gamma r mediated phagocytosis | GSEA | 0.019 | 1.69 | 1.000 |
L3018: | Post-RCT: Vitamin D3 vs. placebo | KEGG | Focal adhesion | GSEA | 0.008 | 1.65 | 1.000 |
L3019: | Post-RCT: Vitamin D3 vs. placebo | KEGG | Natural killer cell mediated cytotoxicity | GSEA | 0.026 | 1.60 | 1.000 |
L3020: | Post-RCT: Vitamin D3 vs. placebo | KEGG | Regulation of actin cytoskeleton | GSEA | 0.019 | 1.57 | 1.000 |
L3021: a Consensus significance indicates agreement between directional (GSEA) and non-directional (Rank) hypothesis test of overrepresentation (see methods for details). b Gene-set enrichment analysis (GSEA) tests for over-representation among top and bottom genes based on Log2 fold-changes × -log10(P-values) in comparing changes from pre-intro RT to Post-RCT (Δ) in Δ vitamin D3 (n = 24) to Δ placebo arm (n = 29). c Rank-based enrichment test based on minimum significant difference identifies gene-sets that are over-represented among top-ranked genes without a directional hypothesis. P-values are adjusted for FDR.
L3022: # JCSM-12-599-s004
L3023: Table S6  Functional annotation analysis of placebo compared to Vitamin D3 supplementation using KEGG and Hallmark gene set collections
L3024: | Database | Gene set | Significance categorya | GSEA P-valueb | NES | Rank P-valuec |
L3025: | --- | --- | --- | --- | --- | --- |
L3026: | Hallmark | Glycolysis | Consensus | 0.0222660 | -1.416601 | 0.0035221 |
L3027: | Hallmark | Oxidative phosphorylation | Consensus | 0.0000008 | -1.705525 | 0.0164380 |
L3028: | Hallmark | Apical junction | Consensus | 0.0002589 | -1.581541 | 0.0243787 |
L3029: | Hallmark | Myogenesis | GSEA | 0.0000597 | -1.621807 | 0.0801965 |
L3030: | Hallmark | Spermatogenesis | GSEA | 0.0222660 | 1.608497 | 0.8502940 |
L3031: | Hallmark | Adipogenesis | Rank | 0.2330750 | -1.225707 | 0.0035221 |
L3032: | Hallmark | Hypoxia | Rank | 0.5569932 | -1.052236 | 0.0243832 |
L3033: | KEGG | Focal adhesion | Consensus | 0.0408189 | -1.455807 | 0.0108574 |
L3034: | KEGG | Oxidative phosphorylation | Consensus | 0.0005303 | -1.718086 | 0.0306703 |
L3035: | KEGG | Parkinsons disease | Consensus | 0.0129755 | -1.610688 | 0.0306703 |
L3036: | KEGG | Alzheimers disease | Consensus | 0.0274953 | -1.533430 | 0.0328614 |
L3037: | KEGG | Ecm receptor interaction | GSEA | 0.0129755 | -1.679383 | 0.1129705 |
L3038: | KEGG | Pathogenic escherichia coli infection | GSEA | 0.0361533 | -1.623002 | 0.2248120 |
L3039: a Consensus significance indicates agreement between directional (GSEA) and non-directional (Rank) hypothesis test of overrepresentation (see methods for details). b Gene-set enrichment analysis (GSEA) tests for over-representation among top and bottom genes based on Log2 fold-changes × -log10(P-values) in comparing changes from pre-RCT to pre-intro RT (Δ) in Δ vitamin D3 (n = 11) to Δ placebo arm (n = 13). c Rank-based enrichment test based on minimum significant difference identifies gene-sets that are over-represented among top-ranked genes without a directional hypothesis. P-values are adjusted for FDR.
L3040: # JCSM-12-599-s005
L3041: | Gene (symbol) | Primer sequence  (forward and reverse) | Ct mean (SD) | E |
L3042: | --- | --- | --- | --- |
L3043: | Myosin heavy chain 1 (MYH7) | 5’-AGGAGCTCACCTACCAGACG-3’ 5’-TGCAGCTTGTCTACCAGGTC-3’ | 20.4 (2.0) | 1.88 |
L3044: | Myosin heavy chain 2A (MYH2) | 5’-AACATGAGAGGCGAGTGAAG-3’ 5’-GTGTTGGATTGTTCCTCAGC-3’ | 19.6 (1.8) | 1.82 |
L3045: | Myosin heavy chain 2X (MYH1) | 5’-TGGTGGACAAACTGCAAGC-3’ 5’-TTGTTCCTCCGCTTCTTCAG-3’ | 21.7 (2.9) | 1.89 |
L3046: | 5.8S ribosomal RNA (rRNA5.8s) | 5’-ACTCTTAGCGGTGGATCACTC-3’ 5’-GTGTCGATGATCAATGTGTCCTG-3’ | 14.4 (2.3) | 1.87 |
L3047: | 28S ribosomal RNA (rRNA28s) | 5’-TGACGCGATGTGATTTCTGC-3’ 5’-TAGATGACGAGGCATTTGGC-3’ | 9.5 (1.9) | 1.84 |
L3048: | 18S ribosomal RNA (rRNA18s) | 5’-TGCATGGCCGTTCTTAGTTG-3’ 5’-AACGCCACTTGTCCCTCTAAG-3’ | 10.0 (2.3) | 1.93 |
L3049: | 5S ribosomal RNA (rRNA5s) | 5’-TACGGCCATACCACCCTGAAC-3’ 5’-GGTCTCCCATCCAAGTACTAACC-3’ | 16.4 (1.4) | 1.82 |
L3050: | 45S pre-ribosomal RNA (rRNA45s) | 5’-GCCTTCTCTAGCGATCTGAGAG-3’ 5’-CCATAACGGAGGCAGAGACA-3’ | 21.2 (1.7) | 1.87 |
L3051: | External Standard Kit (λ polyA) | Proprietary sequences | 23.2 (1.7) | 1.86 |
L3052: Table S1  Primer sequences and performance
L3053: Average threshold cycles (Ct) and priming efficiencies (E) were calculated from all qPCR reactions
L3054: # JCSM-12-599-s006
L3055: Table S2
L3056: Statistical summary table
L3057: Manuscript Title: Vitamin D3 supplementation does not enhance the effects of resistance training in older adults
L3058: Authors: Mølmen KS, Hammarström D, Pedersen K, Lian Lie AC, Steile RB, Nygaard H, Khan Y, Hamarsland H, Koll L, Hanestadhaugen M, Lie Eriksen A, Grindaker E, Whist JE, Buck D, Ahmad R, Strand TA, Rønnestad BR, Ellefsen S
L3059: In general, two types of analyses are performed per outcome measure. First, main effect (i.e. “general efficacy of intervention”) was examined using mixed modelling with absolute values of the dependent variable and the time points as repeated statements/observations (in addition, training modality, i.e. 10RM and 30RM, as a repeated statement for unilateral measures) with random intercepts. For main analyses, i.e. comparison of effect between vitamin D3 and placebo arm, mixed modelling were used with change scores (% or absolute changes) for the dependent variable with supplementation arms (vitamin D3 and placebo arm) as the fixed effect, unless otherwise stated in “statistical model” column. Interaction effects were checked between the fixed effect and health status (COPD vs. non-COPD) and training modality for the unilateral measures. For blood variables were the interaction between the fixed effect and sex examined as well.  Definitions of ‘n’: Number of ‘pre-to-post-measures’ per supplementation arm. Time points: Pre-RCT (week -1); pre-intro resistance training (week 11-13); post-intro resistance training (week 17); post-RCT (week 28-30). See Figure 2 for overview of the study protocol.
L3060: |  |  |  |  | General efficacy of intervention | Comparison of efficacy, vitamin D3 vs placebo arm | Comparison of efficacy, vitamin D3 vs placebo arm | Comparison of efficacy, vitamin D3 vs placebo arm | Comparison of efficacy, vitamin D3 vs placebo arm | Comparison of efficacy, vitamin D3 vs placebo arm | Comparison of efficacy, vitamin D3 vs placebo arm | Comparison of efficacy, vitamin D3 vs placebo arm | Comparison of efficacy, vitamin D3 vs placebo arm | Comparison of efficacy, vitamin D3 vs placebo arm | Comparison of efficacy, vitamin D3 vs placebo arm | Comparison of efficacy, vitamin D3 vs placebo arm | Comparison of efficacy, vitamin D3 vs placebo arm |
L3061: | --- | --- | --- | --- | --- | --- | --- | --- | --- | --- | --- | --- | --- | --- | --- | --- | --- |
L3062: | Variable | Time points | Body part | Uni- or bilateral limb | Main effect of time (p < 0.05) | Units | Compa-rison | Raw mean (SD) | n | Esti-mate | Esti-mate | 95% CI | P-value | Statistical model | Figure/Table | Interactions | Estimates (95% CI) |
L3063: | Strength variables |  |  |  |  |  |  |  |  |  |  |  |  |  |  |  |  |
L3064: | 1RM knee extension | Pre-RCT – Pre-intro resistance training | Leg | Unilateral | Yes (↑) | % change | Vitamin D - placebo | 4.0 (12.9) vs 10.6 (15.7) | 72 vs 90 | -8.35 | -8.35 | (-14.45, -2.24) | 0.008 | Mixed model with baseline values as covariate | - | No |  |
L3065: | 1RM knee extension | Pre-intro resistance training – Post-RCT | Leg | Unilateral | Yes (↑) | “ | “ | 26.0 (19.5) vs 18.6 (15.8) | 64 vs 84 | 7.16 | 7.16 | (-0.71, 15.04) | 0.074 | “ | - | Yes, with training modality (p = 0.001) | Placebo: 10RM, 23.6 (17.9, 29.3); 30RM, 16.5 (10.8, 22.1) Vitamin D: 10RM, 28.4 (22.2, 34.6); 30RM, 26.0 (19.8, 32.1) |
L3066: | 1RM knee extension | Post-intro resistance training – Post-RCT | Leg | Unilateral | Yes (↑) | “ | “ | 19.0 (14.9) vs 12.0 (10.5) | 59 vs 74 | 6.79 | 6.79 | (1.29, 12.30) | 0.016 | “ | Figure 4 | Yes, with training modality (p = 0.004) | Placebo: 10RM, 14.8 (10.3, 19.2); 30RM, 10.0 (6.1, 14.0) Vitamin D: 10RM, 22.3 (17.3, 27.2); 30RM 16.1 (11.6, 20.6) |
L3067: | 1RM knee extension | Pre-RCT – Post-RCT | Leg | Unilateral | Yes (↑) | “ | “ | 29.9 (20.9) vs 30.5 (23.8) | 64 vs 75 | -2.37 | -2.37 | (-12.09, 7.35) | 0.628 | “ | - | Yes, with training modality (p = 0.024) and health status (p = 0.029) | Placebo: 10RM, 37.6 (30.1, 45.0); 30RM, 31.8 (25.1, 38.5) Vitamin D: 10RM, 34.4 (26.4, 42.5); 30RM, 30.1 (23.0, 37.3) Placebo: Healthy, 26.7 (20.3, 33.2); COPD, 42.6 (30.9, 54.3) Vitamin D: Healthy, 27.2 (19.8, 34.5); COPD, 37.4 (25.3, 49.5) |
L3068: | 1RM leg press | Pre-intro resistance training – Post-RCT | Leg | Unilateral | Yes (↑) | “ | “ | 40.4 (25.2) vs 33.2 (21.0) | 63 vs 84 | 6.75 | 6.75 | (-4.66, 18.15) | 0.242 | “ | - | No |  |
L3069: | 1RM leg press | Post-intro resistance training – Post-RCT | Leg | Unilateral | Yes (↑) | “ | “ | 25.6 (20.5) vs 22.9 (14.2) | 58 vs 74 | 1.55 | 1.55 | (-7.89, 10.99) | 0.744 | “ | Figure 4 | No |  |
L3070: | 1RM chest press | Pre-RCT – Pre-intro resistance training | Arm | Bilateral | Yes (↑) | “ | “ | 4.3 (10.5) vs 5.7 (9.3) | 34 vs 43 | -0.41 | -0.41 | (-5.37, 4.55) | 0.871 | “ | - | No |  |
L3071: | 1RM chest press | Pre-intro resistance training – Post-RCT | Arm | Bilateral | Yes (↑) | “ | “ | 21.7 (8.4) vs 23.2 (11.8) | 32 vs 38 | -2.60 | -2.60 | (-8.38, 3.18) | 0.372 | “ | - | No |  |
L3072: | 1RM chest press | Post-intro resistance training – Post-RCT | Arm | Bilateral | Yes (↑) | “ | “ | 14.8 (7.6) vs 14.9 (8.4) | 29 vs 35 | -2.25 | -2.25 | (-6.76, 2.29) | 0.325 | “ | Figure 4 | No |  |
L3073: | 1RM chest press | Pre-RCT – Post-RCT | Arm | Bilateral | Yes (↑) | “ | “ | 27.7 (12.8) vs 30.1 (15.1) | 32 vs 38 | -2.54 | -2.54 | (-10.11, 5.03) | 0.505 | “ | - | No |  |
L3074: | Handgrip strength | Pre-RCT – Pre-intro resistance training | Arm | Unilateral | No | “ | “ | 0.6 (7.9) vs 3.9 (17.3) | 36 vs 45 | -3.29 | -3.29 | (-10.53, 3.95) | 0.369 | “ | - | No |  |
L3075: | Handgrip strength | Pre-intro resistance training – Post-RCT | Arm | Unilateral | No | “ | “ | 0.6 (13.9) vs -0.2 (21.1) | 33 vs 43 | 1.00 | 1.00 | (-8.5, 10.5) | 0.835 | “ | - | No |  |
L3076: | Handgrip strength | Post-intro resistance training – Post-RCT | Arm | Unilateral | No | “ | “ | 0.2 (13.4) vs. -2.8 (8.7) | 30 vs 37 | 2.22 | 2.22 | (-3.93, 8.38) | 0.473 | “ | Figure 4 | No |  |
L3077: | Handgrip strength | Pre-RCT – Post-RCT | Arm | Unilateral | No | “ | “ | 0.4 (10.3) vs 2.1 (20.0) | 33 vs 43 | -2.08 | -2.08 | (-10.95, 6.80) | 0.642 | “ | - | No |  |
L3078: | Peak torque 60°/s | Pre-intro resistance training – Post-RCT | Leg | Unilateral | Yes (↑) | “ | “ | 6.2 (11.9) vs 6.7 (14.7) | 64 vs 85 | -1.18 | -1.18 | (-6.65, 4,29) | 0.668 | “ | - | Yes, with health status (p = 0.008) | Placebo: Healthy, 4.5 (0.9, 8.1); COPD, 14.1 (7.5, 20.6) Vitamin D: Healthy, 4.0 (-0.1, 8.2); COPD, 12.1 (5.2, 19.0) |
L3079: | Peak torque 60°/s | Post-intro resistance training – Post-RCT | Leg | Unilateral | Yes (↑) | “ | “ | 7.4 (13.0) vs 4.9 (10.3) | 59 vs 77 | 2.482 | 2.482 | (-2.76, 7.72) | 0.346 | “ | Figure 4 | No |  |
L3080: | Peak torque 180°/s | Pre-intro resistance training – Post-RCT | Leg | Unilateral | Yes (↑) | “ | “ | 8.4 (13.9) vs 10.6 (14.7) | 64 vs 84 | -3.51 | -3.51 | (-10.04, 3.02) | 0.287 | “ | - | No |  |
L3081: | Peak torque 180°/s | Post-intro resistance training – Post-RCT | Leg | Unilateral | Yes (↑) | “ | “ | 7.1 (12.3) vs 7.9 (11.3) | 59 vs 76 | -1.67 | -1.67 | (-6.61, 3.27) | 0.501 | “ | Figure 4 | No |  |
L3082: | Peak torque 240°/s | Pre-intro resistance training – Post-RCT | Leg | Unilateral | Yes (↑) | “ | “ | 8.5 (21.2) vs 9.8 (15.9) | 64 vs 84 | -0.45 | -0.45 | (-7.26, 6.36) | 0.895 | “ | - | Yes, with training modality (p = 0.038) | Placebo: 10RM, 9.3 (3.0, 15.6); 30RM, 12.8 (7.9, 17.8) Vitamin D: 10RM, 15.2 (8.1, 22.3); 30RM, 6.0 (0.5, 11.4) |
L3083: | Peak torque 240°/s | Post-intro resistance training – Post-RCT | Leg | Unilateral | Yes (↑) | “ | “ | 7.7 (14.0) vs 9.5 (13.4) | 59 vs 77 | -0.92 | -0.92 | (-7.01, 5.17) | 0.764 | “ | Figure 4 | No |  |
L3084: | Leg strength factor | Post-intro resistance training – Post-RCT | Leg | Unilateral | Yes (↑) | “ | “ | 14.5 (8.1) vs 11.6 (7.3) | 56 vs 69 | 2.51 | 2.51 | (-1.00, 6.02) | 0.158 | “ | Figure 4 | No |  |
L3085: |  |  |  |  |  |  |  |  |  |  |  |  |  |  |  |  |  |
L3086: | Lower-limb muscle mass variables |  |  |  |  |  |  |  |  |  |  |  |  |  |  |  |  |
L3087: | Type 1 fibre-CSA, dominant leg | Pre-RCT – Pre-intro resistance training | Leg, muscle | Unilateral | No | % change | Vitamin D - placebo | 7.6 (32.0) vs 1.0 (23.3) | 35 vs 38 | 0.09 | 0.09 | (-15.78, 15.96) | 0.991 | Mixed model with baseline values as covariate, weighted for lowest number of included muscle fibres | - | No |  |
L3088: | Type 1 fibre-CSA | Pre-intro resistance training – Post-RCT | Leg, muscle | Unilateral | Yes (↑) | “ | “ | 15.5 (34.8) vs 15.8 (26.6) | 58 vs 69 | 4.07 | 4.07 | (-8.97, 17.12) | 0.537 | “ | Figure 5 | No |  |
L3089: | Type 1 fibre-CSA | Post-intro resistance training – Post-RCT | Leg, muscle | Unilateral | Yes (↑) | “ | “ | 27.6 (46.2) vs 17.7 (31.1) | 47 vs 62 | 8.31 | 8.31 | (-10.41, 27.03) | 0.379 | “ | - | No |  |
L3090: | Type 2 fibre-CSA, dominant leg | Pre-RCT – Pre-intro resistance training | Leg, muscle | Unilateral | No | “ | “ | 12.3 (36.2) vs 6.0 (30.5) | 35 vs 38 | -3.31 | -3.31 | (-17.87, 11.25) | 0.651 | “ | - | No |  |
L3091: | Type 2 fibre-CSA | Pre-intro resistance training – Post-RCT | Leg, muscle | Unilateral | Yes (↑) | “ | “ | 24.4 (35.8) vs 23.1 (36.8) | 58 vs 69 | 3.15 | 3.15 | (-11.8, 18.1) | 0.675 | “ | Figure 5 | No |  |
L3092: | Type 2 fibre-CSA | Post-intro resistance training – Post-RCT | Leg, muscle | Unilateral | Yes (↑) | “ | “ | 24.7 (49.6) vs 26. 1 (44.0) | 47 vs 63 | -5.06 | -5.06 | (-28.91, 18.78) | 0.672 | “ | - | Yes, with health status (p = 0.042) | Placebo: Healthy, 20.3 (4.6, 36.0); COPD, 57.4 (31.1, 83.8) Vitamin D: Healthy, 25.8 (8.6, 43.0); COPD, 41.8 (10.2, 73.4) |
L3093: | Rectus femoris thickness | Pre-intro resistance training – Post-RCT | Leg, muscle | Unilateral | Yes (↑) | “ | “ | 15.4 (3.8) vs 12.2 (10.9) | 65 vs 82 | 7.49 | 7.49 | (1.80, 13.18) | 0.011 | Mixed model with baseline values as covariate | Figure 5 | Yes, with health status (p = 0.046) | Placebo: Healthy, 12.0 (8.3, 15.7); COPD, 10.7 (3.8, 17.7) Vitamin D: Healthy, 13.7 (9.4, 18.0); COPD, 24.1 (17.0, 31.2) |
L3094: | Vastus lateralis thickness | Pre-intro resistance training – Post-RCT | Leg, muscle | Unilateral | Yes (↑) | “ | “ | 7.0 (7.6) vs 7.6 (7.1) | 64 vs 81 | -0.30 | -0.30 | (-3.20, 2.60) | 0.838 | “ | Figure 5 | Yes, with training modality (p = 0.009) | Placebo: 10RM, 7.3 (5.0, 9.7); 30RM, 6.7 (4.3, 9.1) Vitamin D: 10RM, 4.2 (1.5, 6.9); 30RM, 9.2 (6.5, 11.9) |
L3095: | Leg lean mass | Pre-intro resistance training – Post-RCT | Leg, muscle | Unilateral | Yes (↑) | “ | “ | 1.0 (4.8) vs 2.5 (3.9) | 58 vs 74 | -1.82 | -1.82 | (-3.93, 0.29) | 0.090 | “ | Figure 5 | No |  |
L3096: | Muscle mass factor | Pre-intro resistance training – Post-RCT | Leg, muscle | Unilateral | Yes (↑) | “ | “ | 8.4 (7.9) vs 9.0 (8.3) | 51 vs 58 | 0.39 | 0.39 | (-3.55, 4.33) | 0.843 | “ | Figure 5 | No |  |
L3097: |  |  |  |  |  |  |  |  |  |  |  |  |  |  |  |  |  |
L3098: | Muscle quality |  |  |  |  |  |  |  |  |  |  |  |  |  |  |  |  |
L3099: | Muscle strength factor / muscle mass factor | Baseline – post intervention | Leg | Unilateral | Yes (↑) | % change | “ | 5.6 (9.1) vs 2.4 (10.0) | 44 vs 47 | 1.92 | 1.92 | (-3.00, 6.84) | 0.436 | Mixed model with baseline values as covariate | Figure 5 | No |  |
L3100: |  |  |  |  |  |  |  |  |  |  |  |  |  |  |  |  |  |
L3101: | Muscle fibre characteristics |  |  |  |  |  |  |  |  |  |  |  |  |  |  |  |  |
L3102: | Total RNA per tissue weight, dominant leg | Pre-RCT – Pre-intro resistance training | Leg, muscle | Unilateral | No | % change | Vitamin D - placebo | 3.8 (31.5) vs 1.1 (19.7) | 37 vs 42 | -5.11 | -5.11 | (-17.63, 7.41) | 0.419 | Mixed model with baseline values as covariate | - | No |  |
L3103: | Total RNA per tissue weight | Pre-intro resistance training – Post-intro resistance training | Leg, muscle | Unilateral | Yes (↑) | “ | “ | 15.1 (36.0) vs 18.5 (33.2) | 61 vs 73 | -10.69 | -10.69 | (-24.00, 2.62) | 0.114 | “ | - | No |  |
L3104: | Total RNA per tissue weight | Pre-intro resistance training – Post-RCT | Leg, muscle | Unilateral | Yes (↑) | “ | “ | 21.6 (41.7) vs 14.2 (28.2) | 62 vs 76 | -2.32 | -2.32 | (-13.22, 8.59) | 0.673 | “ | Figure 8 | No |  |
L3105: | Myonuclei per fibre, type 1 fibres, dominant leg | Pre-RCT – Pre-intro resistance training | Leg, muscle | Unilateral | No | % change | Vitamin D - placebo | -16 (39) vs  -9 (35) | 16 vs 22 | 8.39 | 8.39 | (-17.48, 34.27) | 0.514 | Mixed model with baseline values as covariate, weighted for lowest number of included muscle fibres | - | No |  |
L3106: | Myonuclei per fibre, type 2 fibres, dominant leg | Pre-RCT – Pre-intro resistance training | Leg, muscle | Unilateral | Yes (↓) | “ | “ | -13.3 (31.8) vs -7.9 (26.3) | 16 vs 22 | -6.40 | -6.40 | (-28.73, 15.93) | 0.564 | “ | - | No |  |
L3107: | Myonuclei per fibre, type 1 fibres | Pre-intro resistance training – Post-intro resistance training | Leg, muscle | Unilateral | Yes (↑) | “ | “ | 23.2 (29.4) vs 24.5 (61.4) | 25 vs 33 | -2.13 | -2.13 | (-26.57, 22.30) | 0.861 | “ | - | No |  |
L3108: | Myonuclei per fibre, type 2 fibres | Pre-intro resistance training – Post-intro resistance training | Leg, muscle | Unilateral | Yes (↑) | “ | “ | 21.6 (59.4) vs 32.2 (90.6) | 25 vs 33 | -19.97 | -19.97 | (-52.45, 12.50) | 0.222 | “ | - | No |  |
L3109: | Myonuclei per fibre, type 1 fibres | Pre-intro resistance training – Post-RCT | Leg, muscle | Unilateral | Yes (↑) | “ | “ | 25.7 (69.1) vs 48.1 (98.1) | 29 vs 32 | -0.40 | -0.40 | (-40.13, 39.33) | 0.984 | “ | Figure 7 | No |  |
L3110: | Myonuclei per fibre, type 2 fibres | Pre-intro resistance training – Post-RCT | Leg, muscle | Unilateral | Yes (↑) | “ | “ | 24.9 (48.3) vs 34.3 (103.4) | 29 vs 32 | 3.91 | 3.91 | (-27.65, 35.46) | 0.804 | “ | Figure 7 | No |  |
L3111: | Myonuclear domain (mean fibre CSA per myonucleus), type 1 fibres, dominant leg | Pre-RCT – Pre-intro resistance training | Leg, muscle | Unilateral | Yes (↑) | “ | “ | 22.9 (32.9) vs 27.1 (49.2) | 16 vs 22 | -2.77 | -2.77 | (-33.78, 28.24) | 0.857 | “ | - | No |  |
L3112: | Myonuclear domain (mean fibre CSA per myonucleus), type 2 fibres, dominant leg | Pre-RCT – Pre-intro resistance training | Leg, muscle | Unilateral | No | “ | “ | 18.1 (39.3) vs 29.1 (67.6) | 16 vs 22 | -6.77 | -6.77 | (-46.87, 33.32) | 0.733 | “ | - | No |  |
L3113: | Myonuclear domain (mean fibre CSA per myonucleus), type 1 fibres | Pre-intro resistance training – Post-intro resistance training | Leg, muscle | Unilateral | Yes (↓) | “ | “ | -14.4 (18.1) vs -9.0 (45.9) | 25 vs 33 | -10.61 | -10.61 | (-23.24, 2.03) | 0.098 | “ | - | No |  |
L3114: | Myonuclear domain (mean fibre CSA per myonucleus), type 2 fibres | Pre-intro resistance training – Post-intro resistance training | Leg, muscle | Unilateral | Yes (↓) | “ | “ | -3.1 (21.6) vs -13.8 (24.6) | 25 vs 33 | 8.71 | 8.71 | (-0.31, 17.74) | 0.058 | “ | - | No |  |
L3115: | Myonuclear domain (mean fibre CSA per myonucleus), type 1 fibres | Pre-intro resistance training – Post-RCT | Leg, muscle | Unilateral | Yes (↓) | “ | “ | -11.0 (28.0) vs -9.5 (31.0) | 29 vs 32 | -12.35 | -12.35 | (-25.05, 0.36) | 0.057 | “ | - | No |  |
L3116: | Myonuclear domain (mean fibre CSA per myonucleus), type 2 fibres | Pre-intro resistance training – Post-RCT | Leg, muscle | Unilateral | No | “ | “ | -1.7 (24.7) vs 2.8 (29.1) | 29 vs 32 | -14.53 | -14.53 | (-26.94, -2.12) | 0.023 | “ | - | No |  |
L3117: | Proportion of fibre type I, dominant leg (IHC) | Pre-RCT – Pre-intro resistance training | Leg, muscle | Unilateral | No | Fraction (n fibres type I/total n fibres) | “ | Vitamin D: Pre-interv., 0.62 (0.13);  Pre-intro ST, 0.63 (0.14). Placebo: Pre-interv., 0.57 (0.16);  Pre-intro ST, 0.63 (0.17) | - | - | - | - | 0.546 | Generalized mixed model with binomial error distribution and logit-link, weighted for number of included fibres. Interaction of time and supplementation arm | - | - |  |
L3118: | Proportion of fibre type IIA, dominant leg (IHC) | Pre-RCT – Pre-intro resistance training | Leg, muscle | Unilateral | No | Fraction (n fibres type 2X/total n fibres) | “ | Vitamin D: Pre-interv., 0.27 (0.11);  Pre-intro ST, 0.24 (0.13). Placebo: Pre-interv., 0.30 (0.11);  Pre-intro ST, 0.25 (0.11) | - | - | - | - | 0.841 | “ | - | - |  |
L3119: | Proportion of fibre type IIX, dominant leg (IHC) | Pre-RCT – Pre-intro resistance training | Leg, muscle | Unilateral | No | Fraction (n fibres type 2X/total n fibres) | “ | Vitamin D: Pre-interv., 0.09 (0.06);  Pre-intro ST, 0.10 (0.06). Placebo: Pre-interv., 0.10 (0.09);  Pre-intro ST, 0.10 (0.07) | - | - | - | - | 0.347 | “ | - | - |  |
L3120: | Proportion of hybrid fibres IIA/IIX, dominant leg (IHC) | Pre-RCT – Pre-intro resistance training | Leg, muscle | Unilateral | No | Fraction (n fibres type 2AX/total n fibres) | “ | Vitamin D: Pre-interv., 0.02 (0.02);  Pre-intro ST, 0.02 (0.03). Placebo: Pre-interv., 0.03 (0.03);  Pre-intro ST, 0.03 (0.03) | - | - | - | - | 0.200 | “ | - | - |  |
L3121: | Proportion of fibre type I (IHC) | Pre-intro resistance training – Post-RCT | Leg, muscle | Unilateral | No | Fraction (n fibres type I/total n fibres) | “ | Vitamin D: Pre-intro ST, 0.62 (0.15); Post-interv., 0.58 (0.13). Placebo: Pre-intro ST, 0.61 (0.16); Post-interv., 0.61 (0.16). | - | - | - | - | 0.888 | “ | Figure 7 | - |  |
L3122: | Proportion of fibre type IIA (IHC) | Pre-intro resistance training – Post-RCT | Leg, muscle | Unilateral | Yes (↑) | Fraction (n fibres type 2A/total n fibres) | “ | Vitamin D: Pre-intro ST, 0.25 (0.11); Post-interv., 0.30 (0.12). Placebo: Pre-intro ST, 0.26 (0.12); Post-interv., 0.29 (0.12). | - | - | - | - | 0.710 | “ | Figure 7 | - |  |
L3123: | Proportion of fibre type IIX (IHC) | Pre-intro resistance training – Post-RCT | Leg, muscle | Unilateral | Yes (↓) | Fraction (n fibres type 2X/total n fibres) | “ | Vitamin D: Pre-intro ST, 0.10 (0.07); Post-interv., 0.07 (0.06). Placebo: Pre-intro ST, 0.10 (0.07); Post-interv., 0.07 (0.06). | - | - | - | - | 0.925 | “ | Figure 7 | - |  |
L3124: | Proportion of hybrid fibres IIA/IIX (IHC) | Pre-intro resistance training – Post-RCT | Leg, muscle | Unilateral | Yes (↑) | Fraction (n fibres type 2AX/total n fibres) | “ | Vitamin D: Pre-intro ST, 0.03 (0.03); Post-interv., 0.03 (0.03). Placebo: Pre-intro ST, 0.03 (0.02); Post-interv., 0.03 (0.03). | - | - | - | - | 0.595 | “ | - | - |  |
L3125: | Endurance performance (one-legged and whole-body) |  |  |  |  |  |  |  |  |  |  |  |  |  |  |  |
L3126: | --- | --- | --- | --- | --- | --- | --- | --- | --- | --- | --- | --- | --- | --- | --- | --- |
L3127: | Muscular performance, knee extension | Pre-RCT – Pre-intro resistance training | Leg | Unilateral | Yes (↑) | % change | Vitamin D - placebo | 9.6 (23.8) vs. 15.3 (29.2) | 72 vs 88 | -2.76 | (-13.87, 8.28) | 0.621 | Mixed model with baseline values as covariate | - | No |  |
L3128: | Muscular performance, knee extension | Pre-RCT – Post-RCT | Leg | Unilateral | Yes (↑) | “ | “ | 97.5 (70.5) vs 84.1 (46.7) | 65 vs 82 | 8.63 | (-18.90, 36.16) | 0.534 | “ | - | No |  |
L3129: | Muscular performance, knee extension | Pre-intro resistance training – Post-RCT | Leg | Unilateral | Yes (↑) | “ | “ | 80.2 (55.7) vs 65.8 (40.7) | 65 vs 84 | 6.16 | (-16.16, 28.47) | 0.584 | “ | - | No |  |
L3130: | Muscular performance, knee extension | Post-intro resistance training – Post-RCT | Leg | Unilateral | Yes (↑) | “ | “ | 53.5 (33.3) vs 42.3 (29.8) | 59 vs 74 | 4.32 | (-9.98, 18.63) | 0.548 | “ | Figure 6 | Yes, with health status (p = 0.014) | Placebo: Healthy, 42.6 (32.8, 52.5); COPD, 41.0 (24.9, 57.0) Vitamin D: Healthy, 61.4 (50.5, 72.3); COPD, 30.8 (13.1, 48.5) |
L3131: | Muscular performance, chest press | Pre-RCT – Pre-intro resistance training | Arm | Bilateral | Yes (↑) | “ | “ | 73.6 (112.1) vs 68.5 (80.9) | 34 vs 42 | -8.67 | (-50.66, 33.31) | 0.682 | “ | - | No |  |
L3132: | Muscular performance, chest press | Pre-RCT – Post-RCT | Arm | Bilateral | Yes (↑) | “ | “ | 188.3 (172.2) vs 227.1 (305.4) | 32 vs 37 | -90.04 | (-210.12, 30.05) | 0.138 | “ | - | No |  |
L3133: | Muscular performance, chest press | Pre-intro resistance training – Post-RCT | Arm | Bilateral | Yes (↑) | “ | “ | 66.6 (32.0) vs 95.3 (173.5) | 32 vs 38 | -45.13 | (-113.97, 23.70) | 0.195 | “ | - | No |  |
L3134: | Muscular performance, chest press | Post-intro resistance training – Post-RCT | Arm | Bilateral | Yes (↑) | “ | “ | 41.7 (30.3) vs 56.8 (109.2) | 29 vs 35 | -15.07 | (-62.43, 32.29) | 0.527 | “ | Figure 6 | No |  |
L3135: | Maximal workload, one-legged cycling | Pre-intro resistance training – Post-RCT | Leg | Unilateral | Yes (↑) | “ | “ | 8.6 (13.4) vs 9.0 (7.3) | 62 vs 74 | 1.84 | (-3.04, 6.71) | 0.455 | “ | Figure 6 | No |  |
L3136: | Maximal workload, bicycling | Pre-intro resistance training – Post-RCT | Whole-body | Bilateral | Yes (↑) | “ | “ | 7.8 (8.5) vs 7.4 (11.4) | 32 vs 41 | -0.25 | (-5.79, 5.30) | 0.929 | “ | Figure 6 | No |  |
L3137: | 6-min step-test | Pre-intro resistance training – Post-RCT | Whole-body | Bilateral | Yes (↑) | “ | “ | 9.6 (10.6) vs 6.0 (7.5) | 31 vs 44 | 3.68 | (-1.25, 8.61) | 0.141 | “ | Figure 6 | No |  |
L3138: | 1-min sit-to-stand test | Pre-intro resistance training – Post-RCT | Whole-body | Bilateral | Yes (↑) | “ | “ | 9.3 (13.1) vs 7.8 (11.6) | 32 vs 43 | 3.37 | (-2.43, 9.17) | 0.251 | “ | Figure 6 | No |  |
L3139: | One-legged endurance performance factor | Pre-intro resistance training – Post-RCT | Leg | Unilateral | Yes (↑) | “ | “ | 24.7 (18.9) vs 21.5 (11.1) | 61 vs 73 | 2.44 | (-4.84, 9.72) | 0.505 | “ | Figure 6 | No |  |
L3140: | Whole-body performance factor | Pre-intro resistance training – Post-RCT | Whole-body | Bilateral | Yes (↑) | “ | “ | 8.7 (8.0) vs 7.0 (6.5) | 30 vs 40 | 1.78 | (-2.09, 5.65) | 0.362 | “ | Figure 6 | No |  |
L3141: |  |  |  |  |  |  |  |  |  |  |  |  |  |  |  |  |
L3142: | Endurance variables (one-legged and whole-body) |  |  |  |  |  |  |  |  |  |  |  |  |  |  |  |
L3143: | VO2max (mL min-1), one-legged cycling | Pre-intro resistance training – Post-RCT | Leg | Unilateral | Yes (↑) | % change | Vitamin D - placebo | 0.3 (9.4) vs 2.9 (9.1) | 62 vs 72 | -1.19 | (-5.91, 3.54) | 0.618 | Mixed model with baseline values as covariate | - | No |  |
L3144: | Work economy, one-legged cycling | Pre-intro resistance training – Post-RCT | Leg | Unilateral | Yes  (↓) | “ | “ | -3.4 (7.0) vs -4.9 (6.4) | 120 vs 146 | 1.60 | (-1.72, 4.92) | 0.539 | Mixed model with power output as covariate; training modality and the two 5-min steps as repeated measures | - | No |  |
L3145: | VO2max (mL min-1), bicycling | Pre-intro resistance training – Post-RCT | Whole-body | Bilateral | No | “ | “ | 0.6 (12.8) vs 3.7 (11.6) | 31 vs 38 | -5.90 | (-12.89, 1.08) | 0.096 | Mixed model with baseline values as covariate | - | No |  |
L3146: | VO2max (mL kg-1 min-1), bicycling | Pre-intro resistance training – Post-RCT | Whole-body | Bilateral | No | “ | “ | 0.9 (13.1) vs 4.1 (11.8) | 31 vs 38 | -5.81 | (-13.08, 1.47) | 0.116 | “ | - | No |  |
L3147: |  |  |  |  |  |  |  |  |  |  |  |  |  |  |  |  |
L3148: | Dual-energy x-ray absorptiometry variables |  |  |  |  |  |  |  |  |  |  |  |  |  |  |  |
L3149: | Whole-body lean mass | Pre-intro resistance training – Post-RCT | Whole-body | - | Yes (↑) | % change | Vitamin D - placebo | 1.2 (2.7) vs 1.5 (2.0) | 30 vs 37 | -0.44 | (-1.72, 0.85) | 0.498 | Mixed model with baseline values as covariate | Table S8 | No |  |
L3150: | Upper-body lean mass | Pre-intro resistance training – Post-RCT | Upper-body | - | Yes (↑) | “ | “ | 1.4 (3.7) vs 1.3 (2.8) | 30 vs 37 | 0.04 | (-1.74, 1.82) | 0.964 | “ | - | No |  |
L3151: | Whole-body bone mineral density | Pre-intro resistance training – Post-RCT | Whole-body | - | No | “ | “ | -0.2 (2.6) vs -0.4 (1.9) | 30 vs 37 | 0.43 | (-0.77, 1.64) | 0.476 | “ | Table S8 | No |  |
L3152: | Leg bone mineral density | Pre-intro resistance training – Post-RCT | Leg | Unilateral | No | “ | “ | -0.5 (2.5) vs 0.0 (2.1) | 58 vs 74 | -0.30 | (-1.27, 0.68) | 0.547 | “ | - | Yes, with health status (p = 0.046) | Placebo: Healthy, 0.3 (-0.4, 1.0); COPD, -1.1 (-2.2, 0.1)  Vitamin D: Healthy, -0.2 (-1.0, 0.6); COPD, -1.1 (-2.3, 0.0) |
L3153: | Whole-body fat mass | Pre-intro resistance training – Post-RCT | Whole-body | - | Yes (↓) | “ | “ | -2.1 (6.7) vs -3.3 (8.6) | 30 vs 37 | 0.96 | (-3.29, 5.21) | 0.654 | “ | Table S8 | No |  |
L3154: | Leg fat mass | Pre-intro resistance training – Post-RCT | Leg | Unilateral | Yes (↓) | “ | “ | -2.1 (6.6) vs -2.2 (8.8) | 58 vs 74 | -0.57 | (-4.61, 3.47) | 0.778 | “ | - | No |  |
L3155: | Whole-body fat percentage | Pre-intro resistance training – Post-RCT | Whole-body | - | Yes (↓) | Change | “ | -0.8 (1.7) vs -0.9 (1.8) | 30 vs 37 | 0.17 | (-0.80, 1.14) | 0.722 | “ | - | No |  |
L3156: | Visceral fat | Pre-intro resistance training – Post-RCT | Abdomen | - | Yes (↓) | % change | “ | -3.2 (15.1) vs -8.0 (24.2) | 28 vs 35 | 3.843 | (-7.78, 15.47) | 0.511 | “ | Table S8 | No |  |
L3157: |  |  |  |  |  |  |  |  |  |  |  |  |  |  |  |  |
L3158: | Lung function |  |  |  |  |  |  |  |  |  |  |  |  |  |  |  |
L3159: | Forced vital capacity | Pre-RCT – Post-RCT | Lungs | - | Yes (↓) | % change | Vitamin D - placebo | -0.9 (9.8) vs -2.8 (7.9) | 34 vs 44 | 2.33 | (-2.21, 6.87) | 0.310 | Mixed model with baseline values as covariate | - | No |  |
L3160: | FEV1/FVC | Pre-RCT – Post-RCT | Lungs | - | No | Change | “ | 0.38 (4.54) vs 1.05 (4.34) | 34 vs 44 | -2.89 | (-5.11, -0.67) | 0.012 | “ | - | Yes, with health status (p = 0.001) | Placebo: Healthy, 1.7 (-0.3, 3.6); COPD, 0.2 (-3.5, 4.0)  Vitamin D: Healthy, 2.3 (0.5, 4.1); COPD, -6.1 (-10.5, -1.8) |
L3161: | FEV1 | Pre-RCT – Post-RCT | Lungs | - | No | % change | “ | -1.1 (10.1) vs -1.1 (6.8) | 34 vs 44 | -2.65 | (-6.15, 0.85) | 0.221 | “ | - | No |  |
L3162: | Predicted FEV1 | Pre-RCT – Post-RCT | Lungs | - | No | Change | “ | -0.6 (7.6) vs -0.4 (6.8) | 34 vs 44 | -2.98 | (-6.71, 0.74) | 0.114 | “ | - | Yes, with health status (p = 0.048) | Placebo: Healthy, -0.8 (-3.8, 2.2); COPD, 2.1 (-3.4, 7.5)  Vitamin D: Healthy, 0.7 (-2.2, 3.6); COPD, -5.4 (-11.7, 0.9) |
L3163: | Peak expiratory flow | Pre-RCT – Post-RCT | Lungs | - | No | % change | “ | -3.6 (18.0) vs 1.1 (12.3) | 34 vs 44 | -2.07 | (-8.23, 4.01) | 0.506 | “ | - | No |  |
L3164: |  |  |  |  |  |  |  |  |  |  |  |  |  |  |  |  |
L3165: | Blood variables |  |  |  |  |  |  |  |  |  |  |  |  |  |  |  |
L3166: | 25-hydroxyvitamin D | Pre-RCT – Pre-intro resistance training | Blood | - | Yes (↑) | Change in nmol L-1 | Vitamin D - placebo | 35.3 (19.9) vs -7.4 (10.7) | 36 vs 45 | 44.75 | (37.77, 51.72) | <0.001 | Mixed model with baseline values as covariate | - | Yes, with health status (p = 0.035) | Placebo: Healthy, -9.2 (14.0, -4.3); COPD, -2.9 (-10.9, 5.0)  Vitamin D: Healthy, 32.3 (26.8, 37.8); COPD, 45.1 (35.8, 54.4) |
L3167: | Testosterone | Pre-RCT – Pre-intro resistance training | Blood | - | No | Change in nmol L-1 | “ | -0.05 (2.24) vs 0.29 (1.58) | 16 vs 21 | -0.64 | (-3.48, 2.21) | 0.652 | “ | - | No |  |
L3168: | Growth hormone | Pre-RCT – Pre-intro resistance training | Blood | - | No | Change in ug L-1 | “ | 0.05 (1.81) vs -0.14 (1.87) | 36 vs 45 | 0.41 | (-0.50, 1.32) | 0.374 | “ | - | No |  |
L3169: | Androstenedione | Pre-RCT – Pre-intro resistance training | Blood | - | No | Change in nmol L-1 | “ | 0.15 (2.39) vs -0.08 (1.09) | 36 vs 45 | 0.11 | (-0.85, 1.07) | 0.814 | “ | - | No |  |
L3170: | Parathyroid hormone | Pre-RCT – Pre-intro resistance training | Blood | - | Yes (↓) | Change in pmol L-1 | “ | -0.6 (1.2) vs -0.5 (1.6) | 36 vs 45 | -0.40 | (-1.13, 0.32) | 0.272 | “ | - | No |  |
L3171: | IGF-1 | Pre-RCT – Pre-intro resistance training | Blood | - | No | Change in nmol L-1 | “ | 0.6 (1.6) vs 0.0 (2.3) | 36 vs 45 | 0.17 | (-0.84, 1.18) | 0.737 | “ | - | No |  |
L3172: | Sex-hormone binding globulin | Pre-RCT – Pre-intro resistance training | Blood | - | No | Change in nmol L-1 | “ | 0.7 (10.6) vs 0.9 (9.1) | 36 vs 45 | 0.99 | (-3.92, 5.90) | 0.688 | “ | - | No |  |
L3173: | Cortisol | Pre-RCT – Pre-intro resistance training | Blood | - | No | Change in nmol L-1 | “ | 4.0 (102.8) vs -18.1 (92.4) | 36 vs 45 | 37.79 | (-7.23, 82.8) | 0.099 | “ | - | No |  |
L3174: | Thyroid-stimulating hormone | Pre-RCT – Pre-intro resistance training | Blood | - | No | Change in mIU L-1 | “ | 0.12 (0.48) vs -0.05 (0.72) | 36 vs 45 | -0.01 | (-0.32, 0.30) | 0.956 | “ | - | No |  |
L3175: | Free T4 | Pre-RCT – Pre-intro resistance training | Blood | - | No | Change in pmol L-1 | “ | 0.11 (1.62) vs 0.31 (1.61) | 36 vs 45 | -0.30 | (-1.14, 0.54) | 0.477 | “ | - | No |  |
L3176: | Free T3 | Pre-RCT – Pre-intro resistance training | Blood | - | No | Change in pmol L-1 | “ | -0.14 (0.47) vs 0.07 (0.47) | 36 vs 45 | -0.09 | (-0.30, 0.11) | 0.382 | “ | - | No |  |
L3177: | Triglycerides | Pre-RCT – Pre-intro resistance training | Blood | - | No | Change in mmol L-1 | “ | 0.08 (0.36) vs -0.03 (0.31) | 36 vs 45 | 0.10 | (-0.06, 0.27) | 0.206 | “ | - | No |  |
L3178: | HDL | Pre-RCT – Pre-intro resistance training | Blood | - | Yes (↓) | Change in mmol L-1 | “ | -0.06 (0.18) vs -0.08 (0.29) | 36 vs 45 | 0.06 | (-0.07, 0.19) | 0.374 | “ | - | No |  |
L3179: | LDL | Pre-RCT – Pre-intro resistance training | Blood | - | No | Change in mmol L-1 | “ | -0.05 (0.48) vs -0.17 (0.57) | 36 vs 45 | 0.15 | (-0.11, 0.42) | 0.250 | “ | - | No |  |
L3180: | LDL/HDL | Pre-RCT – Pre-intro resistance training | Blood | - | No | Change | “ | 0.06 (0.32) vs 0.43 (2.87) | 36 vs 45 | -0.73 | (-1.82, 0.35) | 0.183 | “ | - | No |  |
L3181: | Iron | Pre-RCT – Pre-intro resistance training | Blood | - | Yes (↓) | Change in µmol L-1 | “ | -2.6 (7.7) vs -2.2 (5.2) | 36 vs 45 | 0.80 | (-2.23, 3.83) | 0.599 | “ | - | No |  |
L3182: | Transferrin | Pre-RCT – Pre-intro resistance training | Blood | - | No | Change in g L-1 | “ | 0.0 (0.2) vs 0.0 (0.2) | 36 vs 45 | -0.01 | (-0.11, 0.08) | 0.805 | “ | - | No |  |
L3183: | Ferritin | Pre-RCT – Pre-intro resistance training | Blood | - | Yes (↓) | Change in µg L-1 | “ | -10.3 (38.0) vs -17.2 (28.0) | 36 vs 44 | 8.72 | (-7.75, 25.18) | 0.295 | “ | - | No |  |
L3184: | TIBC | Pre-RCT – Pre-intro resistance training | Blood | - | No | Change in µmol L-1 | “ | 0.5 (4.9) vs 0.6 (4.9) | 36 vs 45 | -0.02 | (-2.45, 2.40) | 0.984 | “ | - | Yes, with health status (p = 0.045) | Placebo: Healthy, -0.6 (-2.4, 1.1); COPD, 3.3 (0.5, 6.1)  Vitamin D: Healthy, 0.2 (-1.7, 2.2); COPD, 2.4 (-0.8, 5.6) |
L3185: | Iron/TIBC | Pre-RCT – Pre-intro resistance training | Blood | - | Yes (↓) | Change | “ | -0.04 (0.13) vs -0.04 (0.08) | 36 vs 45 | 0.00 | (-0.05, 0.05) | 0.905 | “ | - | No |  |
L3186: | Calcium | Pre-RCT – Pre-intro resistance training | Blood | - | No | Change in mmol L-1 | “ | 0.01 (0.07) vs 0.02 (0.09) | 36 vs 45 | -0.01 | (-0.05, 0.03) | 0.529 | “ | - | No |  |
L3187: | Albumin-corrected calcium | Pre-RCT – Pre-intro resistance training | Blood | - | Yes (↑) | Change in mmol L-1 | “ | 0.01 (0.07) vs 0.02 (0.07) | 36 vs 45 | -0.02 | (-0.05, 0.02) | 0.335 | “ | - | No |  |
L3188: | Albumin | Pre-RCT – Pre-intro resistance training | Blood | - | No | Change in g L-1 | “ | 0.06 (2.23) vs -0.02 (2.21) | 36 vs 45 | 0.32 | (-0.77, 1.42) | 0.558 | “ | - | No |  |
L3189: | Creatinine | Pre-RCT – Pre-intro resistance training | Blood | - | Yes (↑) | Change in µmol L-1 | “ | 1.6 (6.4) vs 4.2 (7.8) | 36 vs 45 | -4.80 | (-8.40, -1.20) | 0.010 | “ | - | Yes, with health status (p = 0.012) | Placebo: Healthy, 2.3 (-0.2, 4.8); COPD, 9.1 (5.0, 13.2)  Vitamin D: Healthy, 2.6 (-0.2, 5.4); COPD, -0.8 (-5.5, 3.9) |
L3190: | Aspartate transaminase | Pre-RCT – Pre-intro resistance training | Blood | - | No | Change in units L-1 | “ | -0.1 (26.0) vs -3.1 (8.7) | 36 vs 45 | 0.31 | (-8.95, 9.57) | 0.947 | “ | - | No |  |
L3191: | Creatine kinase | Pre-RCT – Pre-intro resistance training | Blood | - | Yes (↓) | Change in units L-1 | “ | -78 (136) vs -64 (188) | 36 vs 45 | -14.00 | (-39.05, 11.05) | 0.269 | “ | - | Yes, with sex (p = 0.005) | Placebo: Female, -85 (-107, -63); Male, -37 (-60, -14)  Vitamin D: Female, -87 (-113, -61); Male, -63 (-89, -38) |
L3192: | C-reactive protein | Pre-RCT – Pre-intro resistance training | Blood | - | No | Change in mg L-1 | “ | -0.4 (3.5) vs -0.2 (5.7) | 36 vs 45 | -1.23 | (-2.90, 0.45) | 0.148 | “ | - | No |  |
L3193: | 25-hydroxyvitamin D | Pre-RCT – Post-RCT | Blood | - | Yes (↑) | Change in nmol L-1 | “ | 40.7 (21.6) vs -3.9 (15.4) | 34 vs 44 | 46.75 | (38.30, 55.21) | <0.001 | Mixed model with baseline values as covariate | Figure 2 | No |  |
L3194: | Testosterone | Pre-RCT – Post-RCT | Blood | - | No | Change in nmol L-1 | “ | 1.34 (2.98) vs -0.02 (2.41) | 15 vs 20 | 0.42 | (-3.57, 4.40) | 0.832 | “ | Table S8 | No |  |
L3195: | Growth hormone | Pre-RCT – Post-RCT | Blood | - | No | Change in ug L-1 | “ | 0.34 (1.56) vs -0.12 (2.39) | 29 vs 41 | -0.01 | (-1.04, 1.02) | 0.985 | “ | Table S8 | No |  |
L3196: | Androstenedione | Pre-RCT – Post-RCT | Blood | - | No | Change in nmol L-1 | “ | 0.27 (1.82) vs -0.10 (1.40) | 31 vs 37 | 0.30 | (-0.61, 1.22) | 0.507 | “ | Table S8 | No |  |
L3197: | Parathyroid hormone | Pre-RCT – Post-RCT | Blood | - | Yes (↓) | Change in pmol L-1 | “ | -0.69 (1.74) vs -0.20 (1.53) | 34 vs 44 | -0.61 | (-1.44, 0.22) | 0.145 | “ | Table S8 | No |  |
L3198: | IGF-1 | Pre-RCT – Post-RCT | Blood | - | No | Change in nmol L-1 | “ | -0.49 (2.35) vs -0.52 (2.57) | 34 vs 44 | 0.02 | (-1.25, 1.29) | 0.971 | “ | Table S8 | No |  |
L3199: | Sex-hormone binding globulin | Pre-RCT – Post-RCT | Blood | - | No | Change in nmol L-1 | “ | 1.41 (8.81) vs 0.02 (9.06) | 34 vs 44 | 1.80 | (-2.96, 6.56) | 0.453 | “ | Table S8 | No |  |
L3200: | Cortisol | Pre-RCT – Post-RCT | Blood | - | No | Change in nmol L-1 | “ | 18.0 (93.6) vs -18.0 (95.7) | 34 vs 44 | 48.23 | (2.85, 93.60) | 0.038 | “ | Table S8 | No |  |
L3201: | Thyroid-stimulating hormone | Pre-RCT – Post-RCT | Blood | - | No | Change in mIU L-1 | “ | 0.13 (0.71) vs -0.07 (0.78) | 34 vs 44 | 0.13 | (-0.24, 0.50) | 0.488 | “ | - | Yes, with sex (p = 0.033) | Placebo: Female, 0.27 (-0.05, 0.59); Male, -0.29 (-0.62, 0.05)  Vitamin D: Female, 0.22 (-0.16, 0.60); Male, 0.02 (-0.36, 0.40) |
L3202: | Free T4 | Pre-RCT – Post-RCT | Blood | - | No | Change in pmol L-1 | “ | -0.03 (1.80) vs -0.14 (1.71) | 34 vs 44 | 0.17 | (-0.74, 1.09) | 0.707 | “ | - | No |  |
L3203: | Free T3 | Pre-RCT – Post-RCT | Blood | - | No | Change in pmol L-1 | “ | -0.12 (0.37) vs 0.07 (0.60) | 34 vs 44 | -0.01 | (-0.27, 0.25) | 0.922 | “ | - | No |  |
L3204: | Triglycerides | Pre-RCT – Post-RCT | Blood | - | Yes (↓) | Change in mmol L-1 | “ | -0.06 (0.44) vs -0.13 (0.40) | 34 vs 44 | 0.05 | (-0.17, 0.27) | 0.659 | “ | Table S8 | No |  |
L3205: | HDL | Pre-RCT – Post-RCT | Blood | - | No | Change in mmol L-1 | “ | -0.06 (0.25) vs -0.02 (0.22) | 34 vs 44 | -0.06 | (-0.15, 0.09) | 0.570 | “ | Table S8 | No |  |
L3206: | LDL | Pre-RCT – Post-RCT | Blood | - | Yes (↓) | Change in mmol L-1 | “ | -0.21 (0.50) vs -0.14 (0.42) | 34 vs 44 | -0.04 | (-0.26, 0.19) | 0.752 | “ | Table S8 | No |  |
L3207: | LDL/HDL | Pre-RCT – Post-RCT | Blood | - | No | Change | “ | -0.08 (0.36) vs -0.05 (0.32) | 34 vs 44 | 0.02 | (-0.15, 0.19) | 0.799 | “ | - | No |  |
L3208: | Iron | Pre-RCT – Post-RCT | Blood | - | Yes (↓) | Change in µmol L-1 | “ | -4.0 (7.2) vs -2.4 (5.5) | 34 vs 44 | -0.50 | (-3.26, 2.26) | 0.718 | “ | Table S8 | No |  |
L3209: | Transferrin | Pre-RCT – Post-RCT | Blood | - | No | Change in g L-1 | “ | -0.02 (0.19) vs -0.00 (0.16) | 34 vs 44 | -0.05 | (-0.10, 0.08) | 0.782 | “ | Table S8 | No |  |
L3210: | Ferritin | Pre-RCT – Post-RCT | Blood | - | Yes (↓) | Change in µg L-1 | “ | -19.6 (30.8) vs -26.4 (29.8) | 34 vs 43 | -0.70 | (-13.32, 11.92) | 0.912 | “ | Table S8 | Yes, with health status (p = 0.005) | Placebo: Healthy, -21.1 (-30.0, -12.2); COPD, 34.3 (-49.1, -19.4)  Vitamin D: Healthy, -12.9 (-23.9, -2.7); COPD, -43.9 (-60.3, -27.5) |
L3211: | TIBC | Pre-RCT – Post-RCT | Blood | - | No | Change in µmol L-1 | “ | -0.38 (4.94) vs 0.50 (3.90) | 34 vs 44 | -0.62 | (-2.89, 1.64) | 0.586 | “ | - | No |  |
L3212: | Iron/TIBC | Pre-RCT – Post-RCT | Blood | - | Yes (↓) | Change | “ | -0.06 (0.11) vs -0.04 (0.87) | 34 vs 44 | -0.02 | (-0.06, 0.03) | 0.496 | “ | - | No |  |
L3213: | Calcium | Pre-RCT – Post-RCT | Blood | - | No | Change in mmol L-1 | “ | 0.00 (0.07) vs 0.01 (0.08) | 34 vs 44 | -0.02 | (-0.05, 0.02) | 0.410 | “ | Table S8 | No |  |
L3214: | Albumin-corrected calcium | Pre-RCT – Post-RCT | Blood | - | No | Change in mmol L-1 | “ | 0.01 (0.07) vs 0.02 (0.07 | 34 vs 44 | -0.02 | (-0.06, 0.01) | 0.149 | “ | Table S8 | No |  |
L3215: | Albumin | Pre-RCT – Post-RCT | Blood | - | No | Change in g L-1 | “ | -0.06 (1.76) vs -0.36 (2.40) | 34 vs 44 | 0.70 | (-0.23, 1.63) | 0.139 | “ | - | No |  |
L3216: | Creatinine | Pre-RCT – Post-RCT | Blood | - | Yes (↑) | Change in µmol L-1 | “ | 4.3 (7.8) vs 4.8 (5.9) | 34 vs 44 | -1.11 | (-4.70, 2.49) | 0.542 | “ | - | No |  |
L3217: | Aspartate aminotransferase | Pre-RCT – Post-RCT | Blood | - | Yes (↓) | Change in units L-1 | “ | -2.7 (10.4) vs -3.0 (7.7) | 34 vs 44 | -0.38 | (-3.29, 2.52) | 0.794 | “ | Table S8 | Yes, with health status (p = 0.034) | Placebo: Healthy, -2.2 (-4.2, -0.3); COPD, -5.0 (-8.4, -1.7))  Vitamin D: Healthy, -1.4 (-3.7, 1.0); COPD, -6.6 (-10.6, -2.7) |
L3218: | Creatine kinase | Pre-RCT – Post-RCT | Blood | - | Yes (↓) | Change in units L-1 | “ | -48.0 (161.3) vs -44.8 (191.8) | 34 vs 44 | 13.37 | (-22.09, 48.83) | 0.455 | “ | Table S8 | Yes, with sex (p = 0.013) | Placebo: Female, -69.9 (-100.8, -38.9); Male, -36.2 (-69.1, -3.2))  Vitamin D: Female, -71.7 (-108.2, -35.3); Male, -7.6 (-44.0, 28.9) |
L3219: | C-reactive protein | Pre-RCT – Post-RCT | Blood | - | No | Change in mg L-1 | “ | 0.29 (5.82) vs -0.50 (5.01) | 34 vs 44 | -0.55 | (-2.45, 1.35) | 0.565 | “ | - | No |  |
L3220: |  |  |  |  |  |  |  |  |  |  |  |  |  |  |  |  |
L3221: | Quartile analysis of [25(OH)D]-status at Pre-RCT |  |  |  |  |  |  |  |  |  |  |  |  |  |  |  |
L3222: | Leg strength factor | Post-intro resistance training – Post-RCT | Leg | Unilateral | - | % change | Quartiles of [25(OH)D] at Pre-RCT in vitamin D vs placebo arm | Vitamin D: Q1, 12 (5); Q2, 14 (9); Q3, 19 (5); Q4, 13 (8). Placebo: Q1, 12 (6); Q2, 12 (6); Q3, 9 (5); Q4, 13 (7). | 56 vs 62 | - | - | 0.237 | Interaction effect quartiles [25(OH)D] Pre-RCT and supplementation arm, baseline values as covariate | Figure S3 | - | - |
L3223: | Muscle mass factor | Pre-intro resistance training – Post-RCT | Leg, muscle | Unilateral | - | “ | “ | Vitamin D: Q1, 7 (7); Q2, 12 (8); Q3, 7 (7); Q4, 4 (10). Placebo: Q1, 12 (8); Q2, 11 (8); Q3, 10 (8); Q4, 3 (7). | 51 vs 58 | - | - | 0.159 | “ | Figure S3 | - | - |
L3224: | One-legged endurance performance factor | Pre-intro resistance training – Post-RCT | Leg | Unilateral | - | “ | “ | Vitamin D: Q1, 24 (15); Q2, 19 (13); Q3, 36 (29); Q4, 22 (10). Placebo: Q1, 26 (9); Q2, 21 (11); Q3, 20 (10); Q4, 19 (13). | 61 vs 73 | - | - | 0.950 | “ | Figure S3 | - | - |
L3225: | Whole-body performance factor | Pre-intro resistance training – Post-RCT |  | Whole-body | - | “ | “ | Vitamin D: Q1, 10 (8); Q2, 9 (4); Q3, 12 (12); Q4, 4 (6). Placebo: Q1, 4 (5); Q2, 11 (8); Q3, 6 (7); Q4, 7 (6). | 30 vs 39 | - | - | 0.266 | “ | Figure S3 | - | - |
L3226: |  |  |  |  |  |  |  |  |  |  |  |  |  |  |  |  |
L3227: | Quartile analysis of baseline fat percentage |  |  |  |  |  |  |  |  |  |  |  |  |  |  |  |
L3228: | Leg strength factor | Post-intro resistance training – Post-RCT | Leg | Unilateral | - |  | Quartiles of fat percentage at Pre-RCT in vitamin D vs placebo arm | Vitamin D: Q1, 13 (8); Q2, 13 (10); Q3, 18 (7); Q4, 14 (6). Placebo: Q1, 9 (6); Q2, 10 (8); Q3, 15 (8); Q4, 9 (5). | 48 vs 58 | - | - | 0.068 | Interaction effect quartiles fat percentage at Pre-RCT and supplementation arm, baseline values as covariate | Figure S4 | - | - |
L3229: | Muscle mass factor | Pre-intro resistance training – Post-RCT | Leg, muscle | Unilateral | - |  | “ | Vitamin D: Q1, 10 (9); Q2, 5 (9); Q3, 10 (5); Q4, 7 (8). Placebo: Q1, 8 (11); Q2, 11 (8); Q3, 1 (6); Q4, 6 (3). | 51 vs 58 | - | - | 0.428 | “ | Figure S4 | - | - |
L3230: | One-legged endurance performance factor | Pre-intro resistance training – Post-RCT | Leg | Unilateral | - |  | “ | Vitamin D: Q1, 17 (9); Q2, 20 (9); Q3, 32 (26); Q4, 32 (24). Placebo: Q1, 14 (8); Q2, 25 (8); Q3, 23 (11); Q4, 29 (11). | 53 vs 62 | - | - | 0.100 | “ | Figure S4 | - | - |
L3231: | Whole-body performance factor | Pre-intro resistance training – Post-RCT | - | Whole-body | - |  | “ | Vitamin D: Q1, 7 (3); Q2, 6 (6); Q3, 15 (10); Q4, 9 (10). Placebo: Q1, 5 (4); Q2, 8 (9); Q3, 7 (7); Q4, 8 (7). | 26 vs 35 | - | - | 0.192 | “ | Figure S4 | - | - |
L3232: | Quartile analysis of baseline body mass index |  |  |  |  |  |  |  |  |  |  |  |  |  |  |  |
L3233: | Leg strength factor | Post-intro resistance training – Post-RCT | Leg | Unilateral | - |  | Quartiles of BMI at Pre-RCT in vitamin D vs placebo arm | Vitamin D: Q1, 16 (8); Q2, 13 (7); Q3, 15 (8); Q4, 15 (9). Placebo: Q1, 12 (7); Q2, 12 (6); Q3, 12 (8); Q4, 10 (8). | 56 vs 69 | - | - | 0.030 | Interaction effect quartiles BMI at Pre-RCT and supplementation arms, baseline values as covariate | Figure S4 | - | - |
L3234: | Muscle mass factor | Pre-intro resistance training – Post-RCT | Leg, muscle | Unilateral | - |  | “ | Vitamin D: Q1, 9 (8); Q2, 12 (8); Q3, 6 (7); Q4, 7 (8). Placebo: Q1, 10 (6); Q2, 9 (9); Q3, 9 (10); Q4, 8 (7). | 51 vs 58 | - | - | 0.590 | “ | Figure S4 | - | - |
L3235: | One-legged endurance performance factor | Pre-intro resistance training – Post-RCT | Leg | Unilateral | - |  | “ | Vitamin D: Q1, 30 (23); Q2, 30 (24); Q3, 18 (10); Q4, 20 (8). Placebo: Q1, 21 (9); Q2, 17 (11); Q3, 24 (10); Q4, 25 (12). | 61 vs 73 | - | - | 0.127 | “ | Figure S4 | - | - |
L3236: | Whole-body performance factor | Pre-intro resistance training – Post-RCT | - | Whole-body | - |  | “ | Vitamin D: Q1, 9 (10); Q2, 7 (10); Q3, 9 (5); Q4, 10 (9). Placebo: Q1, 4 (5); Q2, 7 (6); Q3, 9 (6); Q4, 9 (8). | 30 vs 40 | - | - | 0.675 | “ | Figure S4 | - | - |
L3237: |  |  |  |  |  |  |  |  |  |  |  |  |  |  |  |  |
L3238: | Weekly health diary |  |  |  |  |  |  |  |  |  |  |  |  |  |  |  |
L3239: | Self-reported health-week (0-10) | Entire intervention period | - | - | Yes (↑) | Avg score | Vitamin D - placebo | 6.3 (1.2) vs 6.6 (1.5) | 33 vs 42 | -0.25 | (-0.87, 0.37) | 0.433 | Independent t-test | Table S8 | - | - |
L3240: | Nausea |  | - | - |  | Raw, % incidence (events/total number of weeks*100); | “ | 3.70 (16.69) vs 3.47 (5.07) | 33 vs 42 | - | - | 0.204 | Generalized mixed model with binomial error distribution and logit-link | - | - | - |
L3241: | Stomach ache-week | “ | - | - | - | “ | “ | 6.87 (19.5) vs 3.54 (7.93) | 33 vs 42 | - | - | 0.916 | “ | - | - | - |
L3242: | Loose stools or diarrhoea-week | “ | - | - | - | “ | “ | 7.57 (16.13) vs 10.35 (19.15) | 33 vs 42 | - | - | 0.338 | “ | - | - | - |
L3243: | Bloated stomach-week | “ | - | - | - | “ | “ | 9.04 (18.80) vs 7.64 (17.76) | 33 vs 42 | - | - | 0.762 | “ | - | - | - |
L3244: | Dizziness-week | “ | - | - | - | “ | “ | 5.87 (17.65) vs 7.15 (10.75) | 33 vs 42 | - | - | 0.285 | “ | - | - | - |
L3245: | Sleep problems-week | “ | - | - | - | “ | “ | 11.35 (23.19) vs 17.19 (27.52) | 33 vs 42 | - | - | 0.428 | “ | - | - | - |
L3246: | Balance problems-week | “ | - | - | - | “ | “ | 4.47 (17.71) vs 6.16 (17.70) | 33 vs 42 | - | - | 0.432 | “ | - | - | - |
L3247: | Rash-week | “ | - | - | - | “ | “ | 0.82 (2.07) vs 3.60 (12.53) | 33 vs 42 | - | - | 0.398 | “ | - | - | - |
L3248: | Itchiness-week | “ | - | - | - | “ | “ | 6.57 (21.25) vs 6.92 (17.92) | 33 vs 42 | - | - | 0.696 | “ | - | - | - |
L3249: | Blood in urine-week | “ | - | - | - | “ | “ | 0.30 (1.74) vs 0.00 (0.00) | 33 vs 42 | - | - | 1.000 | “ | -- | - | - |
L3250: | Pain when urinating-week | “ | - | - | - | “ | “ | 0.52 (1.91) vs 0.00 (0.00 | 33 vs 42 | - | - | 0.997 | “ | - | - | - |
L3251: |  |  |  |  |  |  |  |  |  |  |  |  |  |  |  |  |
L3252: | Vitamin D exposure |  |  |  |  |  |  |  |  |  |  |  |  |  |  |  |
L3253: | Taken the supplement as prescribed-week | Entire intervention period | - | - | - | Fraction (events/total number of weeks) | Vitamin D - placebo | 0.993 (0.020) vs 0.993 (0.017) | 33 vs 42 | Vitamin D: 0.993 (0.983, 0.997) Placebo: 0.993 (0.981, 0.997) | Vitamin D: 0.993 (0.983, 0.997) Placebo: 0.993 (0.981, 0.997) | 0.998 | Generalized mixed model with binomial error distribution and logit-link | - | - | - |
L3254: | Number of hours outdoors-week | “ | - | - | - | Avg events/week | “ | 8.8 (6.0) vs 8.9 (6.4) | 33 vs 42 | -0.11 | (-2.99, 2.78) | 0.941 | Independent t-test | - | - | - |
L3255: | Fish for dinner-week | “ | - | - | - | “ | “ | 1.9 (0.8) vs 1.8 (0.7) | 33 vs 42 | 0.09 | (-0.26, 0.43) | 0.612 | “ | - | - | - |
L3256: | Fish to other meals-week | “ | - | - | - | “ | “ | 2.0 (1.7) vs 1.6 (1.1) | 33 vs 42 | -0.40 | (-0.27, 1.07) | 0.233 | “ | - | - | - |
L3257: | Cod liver oil (teaspoons-week) | “ | - | - | - | Raw, incidence (events/total number of weeks); estimate, MLE | “ | 1.2 (3.8) vs 1.6 (3.4) | 33 vs 42 | -0.29 | (-0.68, 0.10) | 0.154 | Generalized model with Poisson distribution | - | - | - |
L3258: | Cod liver oil (capsules-week) | “ | - | - | - | “ | “ | 1.5 (3.8) vs 2.0 (3.8) | 33 vs 42 | -0.27 | (-0.62, 0.08) | 0.131 | “ | - | - | - |
L3259: | Number of eggs eaten-week | “ | - | - | - | Events/week | “ | 3.2 (1.8) vs 2.9 (2.2) | 33 vs 42 | 0.35 | (-0.57, 1.26) | 0.452 | Independent t-test | - | - | - |
L3260: |  |  |  |  |  |  |  |  |  |  |  |  |  |  |  |  |
L3261: | Habitual dietary data |  |  |  |  |  |  |  |  |  |  |  |  |  |  |  |
L3262: | Kcal | Week 23 | - | - | - | Day-1 | Vitamin D - placebo | 1777 (529) vs 1985 (611) | 32 vs 43 | -876 | (-1980, 228) | 0.118 | Independent t-test | - | - | - |
L3263: | Protein | “ | - | - | - | Gram kg-1 day-1 | “ | 1.26 (0.40) vs 1.27 (0.36) | 32 vs 43 | -0.02 | (-0.20, 0.16) | 0.845 | “ | - | - | - |
L3264: | Fat | “ | - | - | - | Gram kg-1 day-1 | “ | 0.99 (0.47) vs 1.05 (0.38) | 32 vs 43 | -0.06 | (-0.26, 0.14) | 0.580 | “ | - | - | - |
L3265: | CHO | “ | - | - | - | Gram kg-1 day-1 | “ | 2.46 (1.05) vs 2.88 (1.03) | 32 vs 43 | -0.41 | (-0.90, 0.07) | 0.094 | “ | - | - | - |
L3266: | Alcohol | “ | - | - | - | Units day-1 | “ | 0.76 (0.92) vs 0.67 (1.04) | 32 vs 43 | 0.10 | (-0.36, 0.55) | 0.674 | “ | - | - | - |
L3267: | Vitamin D | “ | - | - | - | IU day-1 | “ | 281 (235) vs 331 (260) | 32 vs 43 | -49.3 | (-163.6, 65.1) | 0.393 | “ | - | - | - |
L3268: # JCSM-12-599-s007
L3269: Table S7  Genes identified as differentially expressed between Vitamin D3 after the supplementation period (Time × Treatment)
L3270: | Ensembl gene ID | Gene Symbol | Log fold-change | SE | Z-value | P-value | Adjusted P-valuea | Uniformity (P-value)b |
L3271: | --- | --- | --- | --- | --- | --- | --- | --- |
L3272: | ENSG00000145819 | ARHGAP26 | 0.45 | 0.08 | 5.405 | 6.49e-08 | 9.49e-04 | 0.993 |
L3273: | ENSG00000184898 | RBM43 | 0.50 | 0.10 | 5.285 | 1.26e-07 | 9.49e-04 | 0.826 |
L3274: | ENSG00000170619 | COMMD5 | -0.74 | 0.15 | -5.021 | 5.14e-07 | 0.002 | 0.939 |
L3275: | ENSG00000012211 | PRICKLE3 | -0.70 | 0.14 | -4.874 | 1.10e-06 | 0.003 | 0.517 |
L3276: | ENSG00000276023 | DUSP14 | -0.63 | 0.13 | -4.806 | 1.54e-06 | 0.003 | 0.381 |
L3277: | ENSG00000113916 | BCL6 | 0.57 | 0.12 | 4.694 | 2.68e-06 | 0.004 | 0.916 |
L3278: | ENSG00000241399 | CD302 | 0.54 | 0.12 | 4.625 | 3.74e-06 | 0.005 | 0.947 |
L3279: | ENSG00000122884 | P4HA1 | 0.40 | 0.09 | 4.464 | 8.04e-06 | 0.010 | 0.807 |
L3280: | ENSG00000117410 | ATP6V0B | -0.40 | 0.09 | -4.308 | 1.65e-05 | 0.016 | 0.967 |
L3281: | ENSG00000167772 | ANGPTL4 | -1.57 | 0.37 | -4.285 | 1.83e-05 | 0.016 | 0.878 |
L3282: | ENSG00000072657 | TRHDE | 0.87 | 0.21 | 4.254 | 2.10e-05 | 0.018 | 0.781 |
L3283: | ENSG00000112394 | SLC16A10 | 0.42 | 0.10 | 4.177 | 2.96e-05 | 0.020 | 0.509 |
L3284: | ENSG00000184307 | ZDHHC23 | -0.85 | 0.20 | -4.195 | 2.73e-05 | 0.020 | 0.924 |
L3285: | ENSG00000248713 | C4orf54 | 0.47 | 0.11 | 4.186 | 2.84e-05 | 0.020 | 0.976 |
L3286: | ENSG00000211899 | Not mappedd | -1.52 | 0.37 | -4.141 | 3.47e-05 | 0.023 | 0.387 |
L3287: | ENSG00000130402 | ACTN4 | -0.57 | 0.14 | -4.116 | 3.85e-05 | 0.023 | 0.992 |
L3288: | ENSG00000146278 | PNRC1 | 0.44 | 0.11 | 4.125 | 3.70e-05 | 0.023 | 0.904 |
L3289: | ENSG00000279668 | Not mappedd | 0.73 | 0.18 | 4.108 | 4.00e-05 | 0.023 | 0.797 |
L3290: | ENSG00000145358 | DDIT4L | 0.63 | 0.16 | 4.081 | 4.49e-05 | 0.024 | 0.583 |
L3291: | ENSG00000156804 | FBXO32 | 0.56 | 0.14 | 4.070 | 4.71e-05 | 0.024 | 0.993 |
L3292: | ENSG00000138379 | MSTN | 0.60 | 0.15 | 4.036 | 5.44e-05 | 0.026 | 0.965 |
L3293: | ENSG00000091136 | LAMB1 | -0.39 | 0.10 | -4.004 | 6.23e-05 | 0.027 | 0.441 |
L3294: | ENSG00000232079 | LINC01697 | 0.53 | 0.13 | 4.016 | 5.91e-05 | 0.027 | 0.157 |
L3295: | ENSG00000250978 | Not mappedd | 0.68 | 0.17 | 3.988 | 6.67e-05 | 0.027 | 0.283 |
L3296: | ENSG00000013306 | SLC25A39 | -0.79 | 0.20 | -3.958 | 7.56e-05 | 0.028 | 0.854 |
L3297: | ENSG00000138376 | BARD1 | 0.38 | 0.10 | 3.940 | 8.16e-05 | 0.029 | 0.821 |
L3298: | ENSG00000167553 | TUBA1C | -0.54 | 0.14 | -3.942 | 8.08e-05 | 0.029 | 0.683 |
L3299: | ENSG00000164823 | OSGIN2 | 0.35 | 0.09 | 3.922 | 8.77e-05 | 0.029 | 0.489 |
L3300: | ENSG00000149923 | PPP4C | -0.65 | 0.17 | -3.896 | 9.80e-05 | 0.030 | 0.629 |
L3301: | ENSG00000172890 | NADSYN1 | -0.46 | 0.12 | -3.885 | 1.03e-04 | 0.031 | 0.642 |
L3302: | ENSG00000143554 | SLC27A3 | -0.72 | 0.19 | -3.866 | 1.10e-04 | 0.033 | 0.463 |
L3303: | ENSG00000172493 | AFF1 | 0.36 | 0.09 | 3.853 | 1.17e-04 | 0.033 | 0.995 |
L3304: | ENSG00000182492 | BGN | -0.85 | 0.22 | -3.821 | 1.33e-04 | 0.036 | 0.901 |
L3305: | ENSG00000138600 | SPPL2A | 0.38 | 0.10 | 3.793 | 1.49e-04 | 0.038 | 0.843 |
L3306: | ENSG00000266524 | GDF10 | -0.90 | 0.24 | -3.796 | 1.47e-04 | 0.038 | 0.454 |
L3307: | ENSG00000274180 | NATD1 | -0.59 | 0.16 | -3.800 | 1.45e-04 | 0.038 | 0.823 |
L3308: | ENSG00000099991 | CABIN1 | -0.39 | 0.10 | -3.760 | 1.70e-04 | 0.041 | 0.569 |
L3309: | ENSG00000156219 | ART3 | 0.36 | 0.10 | 3.736 | 1.87e-04 | 0.042 | 0.919 |
L3310: | ENSG00000160783 | PMF1 | -0.65 | 0.17 | -3.736 | 1.87e-04 | 0.042 | 0.870 |
L3311: | ENSG00000113272 | THG1L | 0.38 | 0.10 | 3.730 | 1.92e-04 | 0.042 | 0.885 |
L3312: | ENSG00000007312 | CD79B | -1.20 | 0.32 | -3.713 | 2.05e-04 | 0.042 | 0.689 |
L3313: | ENSG00000115461 | IGFBP5 | 0.43 | 0.12 | 3.714 | 2.04e-04 | 0.042 | 0.552 |
L3314: | ENSG00000125845 | BMP2 | 0.64 | 0.17 | 3.709 | 2.08e-04 | 0.042 | 0.691 |
L3315: | ENSG00000197070 | ARRDC1 | -0.90 | 0.24 | -3.720 | 1.99e-04 | 0.042 | 0.941 |
L3316: | ENSG00000137727 | ARHGAP20 | 0.85 | 0.23 | 3.695 | 2.20e-04 | 0.043 | 0.509 |
L3317: | ENSG00000159228 | CBR1 | -0.54 | 0.15 | -3.701 | 2.15e-04 | 0.043 | 0.723 |
L3318: | ENSG00000165915 | SLC39A13 | -0.93 | 0.25 | -3.685 | 2.29e-04 | 0.044 | 0.738 |
L3319: | ENSG00000176108 | CHMP6 | -0.70 | 0.19 | -3.676 | 2.37e-04 | 0.045 | 0.926 |
L3320: | ENSG00000224051 | CPTP | -0.78 | 0.21 | -3.677 | 2.36e-04 | 0.045 | 0.748 |
L3321: | ENSG00000069667 | RORA | 0.47 | 0.13 | 3.671 | 2.42e-04 | 0.045 | 0.988 |
L3322: | ENSG00000214970 | Not mappedd | 0.59 | 0.16 | 3.664 | 2.49e-04 | 0.046 | 0.766 |
L3323: | ENSG00000182809 | CRIP2 | -1.35 | 0.37 | -3.647 | 2.66e-04 | 0.048 | 0.706 |
L3324: | ENSG00000162989 | KCNJ3 | 0.66 | 0.18 | 3.635 | 2.77e-04 | 0.049 | 0.271 |
L3325: | ENSG00000121068 | TBX2 | -0.70 | 0.19 | -3.622 | 2.92e-04 | 0.050 | 0.967 |
L3326: a P-values are adjusted for FDR. b Raw P-values from simulation based tests of uniformity of residuals where low values indicates problematic models (see methods). d No official gene symbol available, not included in enrichment analyses.
L3327: # JCSM-12-599-s008
L3328: Table S11  Blood and health variables
L3329: |  |  | Vitamin D3  arm | Vitamin D3  arm | Placebo arm | Placebo arm |  |  |
L3330: | --- | --- | --- | --- | --- | --- | --- | --- |
L3331: |  |  | Baseline | Post-RCT | Baseline | Post-RCT | Time effect (p <  0.05) | Vitamin D3 vs placebo arm (p-value) |
L3332: | Dual-energy x-ray absorptiometry | Dual-energy x-ray absorptiometry |  |  |  |  |  |  |
L3333: |  | Whole-body bone mineral density (g . cm2) | 1.15 (0.16) | 1.15 (0.16) | 1.14 (0.18) | 1.13 (0.18) | No | 0.476 |
L3334: |  | Total lean mass (kg) | 47.7 (11.1) | 48.2 (11.1) | 47.7 (9.0) | 48.4 (9.2) | Yes (↑) | 0.498 |
L3335: |  | Total fat mass | 25.6 (8.5) | 25.0 (7.9) | 25.6 (11.2) | 24.9 (11.3) | Yes (↓) | 0.654 |
L3336: |  | Visceral fat (gram) | 1411 (1004) | 1296 (906) | 1124 (988) | 1060 (1011) | Yes (↓) | 0.865 |
L3337: |  |  |  |  |  |  |  |  |
L3338: | Hormones | Hormones |  |  |  |  |  |  |
L3339: |  | Cortisol (nmol . L-1) | 367 (89) | 378 (79) | 356 (95) | 339 (119) | No | 0.038 |
L3340: |  | Growth hormone (µg . L-1) | 1.04 (1.51) | 1.40 (1.59) | 1.38 (1.73) | 1.22 (2.36) | No | 0.985 |
L3341: |  | IGF-1 (nmol . L-1) | 14.1 (3.6) | 13.5 (3.3) | 14.8 (2.9) | 14.3 (3.7) | No | 0.971 |
L3342: |  | Testosterone (nmol . L-1) * | 10.8 (2.4) | 12.1 (3.1) | 12.1 (4.7) | 12.0 (4.0) | No | 0.832 |
L3343: |  | Sex-hormone binding globulin (nmol . L-1) | 57 (22) | 59 (23) | 61 (27) | 61 (27) | No | 0.453 |
L3344: |  | Androstenedione (nmol . L-1) | 4.0 (2.5) | 4.3 (2.9) | 3.4 (1.5) | 3.3 (1.8) | No | 0.507 |
L3345: |  | Parathyroid hormone  (pmol . L-1) | 5.5 (2.2) | 4.8 (1.5) | 5.9 (2.3) | 5.8 (2.8) | Yes (↓) | 0.145 |
L3346: |  |  |  |  |  |  |  |  |
L3347: | Lipid profile variables | Lipid profile variables |  |  |  |  |  |  |
L3348: |  | Triglycerides (mmol . L-1) | 1.26 (0.42) | 1.20 (0.59) | 1.15 (0.57) | 1.02 (0.54) | Yes (↓) | 0.659 |
L3349: |  | HDL (mmol . L-1) | 1.69 (0.54) | 1.65 (0.50 | 1.76 (0.47) | 1.75 (0.49) | No | 0.570 |
L3350: |  | LDL (mmol . L-1) | 3.3 (1.0) | 3.0 (0.8) | 3.4 (1.0) | 3.3 (1.0) | Yes (↓) | 0.752 |
L3351: |  |  |  |  |  |  |  |  |
L3352: | Iron biology variables | Iron biology variables |  |  |  |  |  |  |
L3353: |  | Fe2+ (µmol L-1) | 21.3 (4.7) | 17.5 (5.9) | 20.1 (5.2) | 17.7 (4.9) | Yes (↓) | 0.718 |
L3354: |  | Transferrin (g . L-1) | 2.50 (0.25) | 2.48 (0.30) | 2.42 (0.36) | 2.43 (0.40) | No | 0.782 |
L3355: |  | Ferritin (µg . L-1) | 135 (78) | 116 (71) | 155 (91) | 126 (75) | Yes (↓) | 0.912 |
L3356: |  |  |  |  |  |  |  |  |
L3357: | Calcium status | Calcium status |  |  |  |  |  |  |
L3358: |  | Calcium (mmol . L-1) | 2.38 (0.11) | 2.39 (0.11) | 2.36 (0.08) | 2.37 (0.08) | No | 0.410 |
L3359: |  | Albumin-corrected calcium (mmol . L-1) | 2.28 (0.12) | 2.28 (0.11) | 2.27 (0.07) | 2.30 (0.09) | No | 0.149 |
L3360: |  |  |  |  |  |  |  |  |
L3361: | Renal function | Renal function |  |  |  |  |  |  |
L3362: |  | Creatinine (µmol . L-1) | 77.8 (17.8) | 82.0 (19.6) | 80.3 (22.2) | 85.0 (24.7) | Yes (↑) | 0.542 |
L3363: |  |  |  |  |  |  |  |  |
L3364: | Tissue damage variables | Tissue damage variables |  |  |  |  |  |  |
L3365: |  | Aspartate transaminase  (units . L-1) | 28.1 (11.5) | 24.9 (6.7) | 28.4 (9.8) | 25.2 (6.4) | Yes (↓) | 0.794 |
L3366: |  | Creatine kinase (units . L-1) | 168 (148) | 126 (85) | 172 (192) | 124 (60) | Yes (↓) | 0.455 |
L3367: |  |  |  |  |  |  |  |  |
L3368: | Self-reported health | Self-reported health |  |  |  |  |  |  |
L3369: |  | Avg. score per week (0-10) | 6.3 (1.2) | 6.3 (1.2) | 6.6 (1.5) | 6.6 (1.5) | Yes (↑) | 0.433 |
L3370: For assessing the efficacy of vitamin D3 supplementation, mixed models with change scores as the dependent variable and baseline values as a covariate was performed. For self-reported health, an independent t-test was performed for the same purpose. *, men-only were included in the testosterone analysis. Alpha level at p < 0.05. Values are means with standard deviation.
L3371: For the general health benefits of the intervention, the -6 % reductions in triglyceride levels and the -4 % reductions of LDL in serum are of particular interest (with no changes being observed for HDL). This lowered the number of participants with diagnostically elevated LDL levels (≥ 4.1 mmol . L-1)1 from 17 to 13, emphasizing the potential benefits of resistance training for lipid profiles, as has previously been shown to be equivocal.2,3 This was accompanied by -2.7 % reductions in whole-body fat mass and -5.9 % reductions in visceral fat mass. The observed reduction in visceral fat mass is noteworthy, as its relative change was 2.1-fold greater than the change in overall fat mass, though they were largely correlated (Pearson’s r = 0.70; p < 0.001). This is not an uncommon observation4–6 and suggests that resistance training leads to targeted metabolism of visceral fat. Overall, these data support the notion that resistance training is an effective strategy for improving long-term cardiovascular health.2,7
L3372: The intervention was associated with alterations in serum levels of markers of iron biology. Specifically, serum levels of Fe2+ and ferritin decreased (-12 % and -16 %, respectively), while 

[output truncated at 250000 chars]

