Found 450 papers  [s_4919fe29]

  1. Does Vitamin C and E Supplementation Impair the Favorable Adaptations of Regular Exercise?
     Michalis G. Nikolaidis, Chad M. Kerksick, Manfred Lamprecht, Steven R. McAnulty
     PMC3425865 · Oxidative Medicine and Cellular Longevity · 2012-01-01
     https://doi.org/10.1155/2012/707941
     "This study investigated whether vitamin C and E supplementation interferes with exercise adaptations. High doses of these vitamins are not recommended for exercising individuals due to conflicting evidence on their efficacy and potential harm."

  2. Can supplementation with vitamin C and E alter physiological adaptations to strength training?
     Gøran Paulsen, Kristoffer T Cumming, Håvard Hamarsland, Elisabet Børsheim, Sveinung Berntsen, Truls ...
     PMC4114441 · BMC Sports Science, Medicine and Rehabilitation · 2014-01-01
     https://doi.org/10.1186/2052-1847-6-28
     "High doses of vitamins C and E were tested for their effects on strength training adaptations in young and older men. Supplementation blunted adaptations in young men but showed potential benefits in older men."

  3. Effects of vitamin C and E supplementation on endogenous antioxidant systems and heat shock proteins in response to endurance training
     Kristoffer T. Cumming, Truls Raastad, Geir Holden, Nasser E. Bastani, Damaris Schneeberger, Maria Pa...
     PMC4254089 · Physiological Reports · 2014-10-01
     https://doi.org/10.14814/phy2.12142
     "This study examined vitamin C and E supplementation's effects on antioxidant and heat shock protein systems during endurance training. Supplementation did not alter long-term training adaptations but increased acute exercise stress responses."

  4. Effect of high-dose vitamin C and E supplementation on muscle recovery and training adaptation: a mini review
     Jooyoung Kim
     PMC10440181 · Physical Activity and Nutrition · 2023-06-01
     https://doi.org/10.20463/pan.2023.0012
     "This review examined high-dose vitamin C and E supplementation's effects on exercise-induced muscle recovery and training adaptation. Evidence suggests potential negative impacts on adaptation, with unclear benefits for recovery."

  5. Controversies of antioxidant vitamins supplementation in exercise: ergogenic or ergolytic effects in humans?
     Cainara Lins Draeger, Andréia Naves, Natália Marques, Ana Beatriz Baptistella, Renata Alves Carnauba...
     PMC3975949 · Journal of the International Society of Sports Nutrition · 2014-01-01
     https://doi.org/10.1186/1550-2783-11-4
     "This commentary reviews recent studies on antioxidant vitamin supplementation and exercise-induced oxidative stress. Findings are controversial, with supplementation showing ergogenic, ergolytic, or no effects on physiological parameters and antioxidant enzyme activity."

  6. The effects of antioxidant vitamin supplementation on resistance exercise induced lipid peroxidation in trained and untrained participants
     Peter E Viitala, Ian J Newhouse, Norm LaVoie, Christine Gottardo
     PMC479696 · Lipids in Health and Disease · 2004-01-01
     https://doi.org/10.1186/1476-511X-3-14
     "This study investigated the impact of vitamin E supplementation on exercise-induced lipid peroxidation in trained and untrained individuals. Vitamin E supplementation did not reduce oxidative damage, and training status did not affect lipid peroxidation levels post-exercise."

  7. Vitamin C and E Supplementation Effects in Professional Soccer Players Under Regular Training
     Claudio C Zoppi, Rodrigo Hohl, Fernando C Silva, Fernanda L Lazarim, Joaquim MF Antunes Neto, Mirtes...
     PMC2129167 · Journal of the International Society of Sports Nutrition · 2006-01-01
     https://doi.org/10.1186/1550-2783-3-2-37
     "This study investigated vitamin C and E supplementation in professional soccer players during training. Supplementation reduced lipid peroxidation and muscle damage but did not improve performance."

  8. Dietary thiols in exercise: oxidative stress defence, exercise performance, and adaptation
     Yanita McLeay, Stephen Stannard, Stuart Houltham, Carlene Starck
     PMC5408473 · Journal of the International Society of Sports Nutrition · 2017-04-27
     https://doi.org/10.1186/s12970-017-0168-9
     "This paper reviews dietary thiols, focusing on their role in exercise-induced oxidative stress defense and performance. It suggests that thiol donors, like keratin, may enhance antioxidant capacity and performance without negatively impacting training adaptations."

  9. Vitamin C and glutathione supplementation: a review of their additive effects on exercise performance
     Eunjoo Lee, Hun-Young Park, Sung-Woo Kim, Jisu Kim, Kiwon Lim
     PMC10636510 · Physical Activity and Nutrition · 2023-09-01
     https://doi.org/10.20463/pan.2023.0027
     "This review examined vitamin C and glutathione supplementation's effects on exercise performance. Combined supplementation's additive effects are anticipated but remain largely unexplored and require further study."

  10. The Effect of Vitamins C and E Supplementation on Muscle Damage, Performance, and Body Composition in Athlete Women: A Clinical Trial
     Maryam Taghiyar, Reza Ghiasvand, Gholamreza Askari, Awat Feizi, Mitra Hariri, Nafiseh Shokri Mashhad...
     PMC3665021 · International Journal of Preventive Medicine · 2013-04-01
     "This clinical trial examined the effects of vitamin C and E supplementation on muscle damage, performance, and body composition in trained female athletes over four weeks. The study found no significant improvements in any of these parameters due to the supplementation."

  11. Prior exercise and antioxidant supplementation: effect on oxidative stress and muscle injury
     Richard J Bloomer, Michael J Falvo, Brian K Schilling, Webb A Smith
     PMC2131751 · Journal of the International Society of Sports Nutrition · 2007-01-01
     https://doi.org/10.1186/1550-2783-4-9
     "This study investigated the effects of prior eccentric exercise and antioxidant supplementation on muscle injury and oxidative stress in resistance-trained men. Neither intervention, alone or combined, significantly reduced markers of muscle injury or oxidative stress."

  12. A Vitamin E-Enriched Antioxidant Diet Interferes with the Acute Adaptation of the Liver to Physical Exercise in Mice
     Miriam Hoene, Martin Irmler, Johannes Beckers, Martin Hrabě de Angelis, Hans-Ulrich Häring, Cora Wei...
     PMC5986427 · Nutrients · 2018-04-28
     https://doi.org/10.3390/nu10050547
     "A study examined how a vitamin E-enriched diet affects the liver's response to exercise in mice. High vitamin E intake disrupted the liver's normal metabolic and inflammatory adaptations to physical activity."

  13. The Effect of Vitamin C and E Supplementation on Muscle Damage and Oxidative Stress in Female Athletes: A Clinical Trial
     Maryam Taghiyar, Leila Darvishi, Gholamrez Askari, Awat Feizi, Mitra Hariri, Nafiseh Shokri Mashhadi...
     PMC3665020 · International Journal of Preventive Medicine · 2013-04-01
     "This study investigated vitamin C and E supplementation's effects on muscle damage and oxidative stress in female athletes. Results showed vitamin C and E supplementation reduced muscle damage and oxidative stress markers."

  14. Effects of vitamins C and E supplementation combined with 12-week resistance training in older women with sarcopenia: A randomized, double-blind, placebo-controlled trial
     Xu Liu, Bo Chen, Yutian Jin, Feiyan Zhong, Yunjuan Zhang, Yu Li, Yun Zhang, Runhong Cui, Bing Wu, Cu...
     PMC12384908 · Medicine · 2025-08-22
     https://doi.org/10.1097/MD.0000000000043976
     "This study investigated the effects of combined vitamin C, E, and resistance training in older women with sarcopenia. Supplementation with vitamins C and E enhanced muscle mass and strength gains compared to placebo."

  15. Supplementation with α-Lipoic Acid, CoQ10, and Vitamin E Augments Running Performance and Mitochondrial Function in Female Mice
     Arkan Abadi, Justin D. Crane, Daniel Ogborn, Bart Hettinga, Mahmood Akhtar, Andrew Stokl, Lauren Mac...
     PMC3614986 · PLoS ONE · 2013-01-01
     https://doi.org/10.1371/journal.pone.0060722
     "This study investigated the effects of an antioxidant cocktail on running performance and mitochondrial function in mice. The supplement improved performance and mitochondrial function in untrained female mice, but not in trained mice."

  16. Antioxidant Supplementation Impairs Changes in Body Composition Induced by Strength Training in Young Women
     MAURILIO T. DUTRA, SÁVIO ALEX, ALYSON F. SILVA, LEE E. BROWN, MARTIM BOTTARO
     PMC6413849 · International Journal of Exercise Science · 2019-01-01
     "This study examined the effects of strength training with antioxidant supplementation on body composition in young women. Antioxidant supplementation impaired strength training-induced gains in fat-free mass and reductions in fat mass."

  17. Influence of Vitamin C Supplementation on Oxidative Stress and Neutrophil Inflammatory Response in Acute and Regular Exercise
     Ljiljana M. Popovic, Nebojsa R. Mitic, Dijana Miric, Boban Bisevac, Mirjana Miric, Brankica Popovic
     PMC4352897 · Oxidative Medicine and Cellular Longevity · 2015-01-01
     https://doi.org/10.1155/2015/295497
     "This study investigated vitamin C's impact on oxidative stress and neutrophil inflammation from exercise. Vitamin C supplementation reduced exercise-induced lipid peroxidation but did not affect neutrophil inflammatory response."

  18. Elevated hepcidin serum level in response to inflammatory and iron signals in exercising athletes is independent of moderate supplementation with vitamin C and E
     Víctor Díaz, Ana B Peinado, Laura Barba-Moreno, Sandro Altamura, Javier Butragueño, Marcela González...
     PMC4562561 · Physiological Reports · 2015-08-01
     https://doi.org/10.14814/phy2.12475
     "This study investigated hepcidin levels in athletes after exercise. Hepcidin remained elevated despite vitamin C and E supplementation, indicating these vitamins do not alter the response to inflammatory and iron signals."

  19. Vitamin C, A and E supplementation decreases the expression of  HSPA1A  and  HSPB1  genes in the leukocytes of young polish figure skaters during a 10-day training camp
     Małgorzata Żychowska, Zbigniew Jastrzębski, Grzegorz Chruściński, Monika Michałowska–Sawczyn, Alicja...
     PMC4342201 · Journal of the International Society of Sports Nutrition · 2015-02-11
     https://doi.org/10.1186/s12970-015-0069-8
     "This study examined the effect of vitamin A, C, and E supplementation on gene expression in young figure skaters during a training camp. Supplementation significantly decreased the expression of stress-related genes HSPA1A and HSPB1 in leukocytes."

  20. Antioxidants and Sports Performance
     Vicente Javier Clemente-Suárez, Álvaro Bustamante-Sanchez, Juan Mielgo-Ayuso, Ismael Martínez-Guarda...
     PMC10220679 · Nutrients · 2023-05-18
     https://doi.org/10.3390/nu15102371
     "This review analyzes the role of reactive oxygen species (ROS) and antioxidant responses in sports performance and training adaptations. ROS production during exercise significantly impacts performance, and antioxidants can aid recovery and performance."

  21. Resistance-based training improves mitochondrial capacity and redox balance in aging adults, independent of polyphenol supplementation
     Mathias Flensted-Jensen, Cecilie Moe Weinreich, Ann-Sofie Kleis-Olsen, Filip Hansen, Nadia Stenner S...
     PMC12808611 · Redox Biology · 2025-12-17
     https://doi.org/10.1016/j.redox.2025.103972
     "Resistance training improved mitochondrial capacity and redox balance in older adults. Polyphenol supplementation did not enhance these adaptations and may have altered some vitamin responses."

  22. Vitamin A Oral Supplementation Induces Oxidative Stress and Suppresses IL-10 and HSP70 in Skeletal Muscle of Trained Rats
     Lyvia Lintzmaier Petiz, Carolina Saibro Girardi, Rafael Calixto Bortolin, Alice Kunzler, Juciano Gas...
     PMC5409692 · Nutrients · 2017-04-02
     https://doi.org/10.3390/nu9040353
     "Vitamin A supplementation was studied in trained rats. It impaired exercise-induced antioxidant capacity and suppressed anti-inflammatory responses in skeletal muscle."

  23. Antioxidants and Skeletal Muscle Performance: “Common Knowledge” vs. Experimental Evidence
     Andrés Hernández, Arthur Cheng, Håkan Westerblad
     PMC3298958 · Frontiers in Physiology · 2012-03-12
     https://doi.org/10.3389/fphys.2012.00046
     "This paper reviews experimental evidence on the effects of antioxidants on skeletal muscle performance. Findings suggest that common beliefs about antioxidant benefits may not be supported by scientific data and could potentially be harmful."

  24. Effects of vitamin E supplementation on renal non-enzymatic antioxidants in young rats submitted to exhaustive exercise stress
     Sérvio A Bucioli, Luiz Carlos de Abreu, Vitor E Valenti, Claudio Leone, Helio Vannucchi
     PMC3306763 · BMC Complementary and Alternative Medicine · 2011-01-01
     https://doi.org/10.1186/1472-6882-11-133
     "This study investigated vitamin E's effects on renal antioxidants in young rats undergoing exhaustive exercise. Vitamin E supplementation significantly reduced oxidative stress markers and increased antioxidant levels in the kidneys."

  25. Vitamin C and E supplementation and high intensity interval training induced changes in lipid profile and haematological variables of young males
     Surojit Sarkar, Swapan Kr Dey, Gouriprosad Datta, Amit Bandyopadhyay
     PMC10323915 · Sports Medicine and Health Science · 2023-04-03
     https://doi.org/10.1016/j.smhs.2023.03.006
     "This study investigated the effects of vitamin C and E supplementation on high-intensity interval training (HIIT) in young males. Supplementation protected against negative hematological changes and improved lipid profiles and explosive strength without affecting endurance."

  26. The effect of an acute antioxidant supplementation compared with placebo on performance and hormonal response during a high volume resistance training session
     James Ackerman, Tom Clifford, Lars R McNaughton, David J Bentley
     PMC4234291 · Journal of the International Society of Sports Nutrition · 2014-01-01
     https://doi.org/10.1186/1550-2783-11-10
     "An antioxidant supplement was compared to a placebo before a high-volume resistance training session. The antioxidant group showed improved muscle performance and a blunted growth hormone response."

  27. Short-Term High-Dose Vitamin C and E Supplementation Attenuates Muscle Damage and Inflammatory Responses to Repeated Taekwondo Competitions: A Randomized Placebo-Controlled Trial
     Chun-Chung Chou, Yu-Chi Sung, Glen Davison, Chung-Yu Chen, Yi-Hung Liao
     PMC6097262 · International Journal of Medical Sciences · 2018-01-01
     https://doi.org/10.7150/ijms.26340
     "This study investigated the effects of vitamin C and E supplementation on elite Taekwondo athletes. Supplementation attenuated muscle damage, hemolysis, and inflammatory responses to repeated competitions."

  28. Effect of vitamin E (Tri E ® ) on antioxidant enzymes and DNA damage in rats following eight weeks exercise
     Noor Aini Abd Hamid, Mohd A Hasrul, Rusdiah J Ruzanna, Ibrahim A Ibrahim, Prasamit S Baruah, Musalma...
     PMC3107782 · Nutrition Journal · 2011-01-01
     https://doi.org/10.1186/1475-2891-10-37
     "This study investigated the effects of vitamin E supplementation on antioxidant enzymes and DNA damage in rats undergoing exercise. Vitamin E supplementation reduced DNA damage in exercising rats, likely due to enhanced antioxidant defense."

  29. Enhancing Supplemental Effects of Acute Natural Antioxidant Derived from Yeast Fermentation and Vitamin C on Sports Performance in Triathlon Athletes: A Randomized, Double-Blinded, Placebo-Controlled, Crossover Trial
     Eunjoo Lee, Hun-Young Park, Sung-Woo Kim, Yerin Sun, Jae-Ho Choi, Jisoo Seo, Yanghoon Peter Jung, Ah...
     PMC10421245 · Nutrients · 2023-07-26
     https://doi.org/10.3390/nu15153324
     "This study examined the effects of combined vitamin C and glutathione supplementation on middle-aged triathletes during exercise. The combination improved metabolic, skeletal muscle oxygenation, cardiac, and antioxidant functions compared to individual supplements or placebo."

  30. Exhaustive exercise and vitamins C and E modulate thyroid hormone levels at low and high altitudes
     Fahaid Al-Hashem, Mahmoud Alkhateeb, Bahjat Al-Ani, Hussein Sakr, Mohammad Khalil
     PMC4983714 · EXCLI Journal · 2012-08-20
     "Exhaustive exercise and vitamin C/E supplementation were studied in rats at low and high altitudes. The study found that exercise and antioxidants increased thyroid hormones, with reduced T4 to T3 conversion."

  31. Antioxidative properties of phenolic compounds and their effect on oxidative stress induced by severe physical exercise
     Joanna Kruk, Basil Hassan Aboul-Enein, Ewa Duchnik, Mariola Marchlewicz
     PMC10717775 · The Journal of Physiological Sciences : JPS · 2022-08-05
     https://doi.org/10.1186/s12576-022-00845-1
     "This paper reviews phenolic compounds' antioxidant properties and their impact on exercise-induced oxidative stress. Phenolic compounds can reduce exercise-induced oxidative stress and inflammation, but their effect on physical performance is inconsistent."

  32. Creatine supplementation post-exercise does not enhance training-induced adaptations in middle to older aged males
     Matthew B. Cooke, Brian Brabham, Thomas W. Buford, Brian D. Shelmadine, Matthew McPheeters, Geoffrey...
     PMC4019834 · European Journal of Applied Physiology · 2014-03-16
     https://doi.org/10.1007/s00421-014-2866-1
     "This study investigated creatine supplementation post-exercise in older males undergoing resistance training. Creatine did not enhance training-induced gains in body composition or muscle strength compared to placebo."

  33. Oligomerized lychee fruit extract (OLFE) and a mixture of vitamin C and vitamin E for endurance capacity in a double blind randomized controlled trial
     Seung Wan Kang, Seokyung Hahn, Jung-Kyu Kim, Seung-Min Yang, Byung-Joo Park, Sang Chul Lee
     PMC3303472 · Journal of Clinical Biochemistry and Nutrition · 2012-03-01
     https://doi.org/10.3164/jcbn.11-46
     "Oligomerized lychee fruit extract (OLFE) and a vitamin C/E mixture were tested for endurance effects in exercising males. OLFE significantly improved running time and anaerobic threshold, while the vitamin mixture unexpectedly reduced VO2 max."

  34. Exercise-Induced Oxidative Stress and the Effects of Antioxidant Intake from a Physiological Viewpoint
     Takuji Kawamura, Isao Muraoka
     PMC6162669 · Antioxidants · 2018-09-05
     https://doi.org/10.3390/antiox7090119
     "This review examines exercise-induced oxidative stress and the impact of antioxidant intake in healthy individuals. It finds that while exercise increases reactive oxygen species, antioxidant supplementation's effects are extensively studied but complex."

  35. Exercise-Induced Oxidative Stress and Dietary Antioxidants
     Abbas Yavari, Maryam Javadi, Parvin Mirmiran, Zahra Bahadoran
     PMC4393546 · Asian Journal of Sports Medicine · 2015-02-20
     https://doi.org/10.5812/asjsm.24898
     "This review examined evidence on antioxidant supplementation and exercise-induced oxidative stress. A balanced diet rich in natural antioxidants is recommended over supplementation for athletes."

  36. Use of Saliva Biomarkers to Monitor Efficacy of Vitamin C in Exercise-Induced Oxidative Stress
     Levi W. Evans, Stanley T. Omaye
     PMC5384169 · PMC · 2017-01-12
     https://www.ncbi.nlm.nih.gov/pmc/articles/PMC5384169/
     "This review examines the use of saliva biomarkers to monitor vitamin C's efficacy against exercise-induced oxidative stress. Saliva shows promise as a non-invasive biospecimen for reflecting systemic oxidative stress and antioxidant status."

  37. Training Enhances Immune Cells Mitochondrial Biosynthesis, Fission, Fusion, and Their Antioxidant Capabilities Synergistically with Dietary Docosahexaenoic Supplementation
     Carla Busquets-Cortés, Xavier Capó, Miquel Martorell, Josep A. Tur, Antoni Sureda, Antoni Pons
     PMC5028859 · Oxidative Medicine and Cellular Longevity · 2016-01-01
     https://doi.org/10.1155/2016/8950384
     "Training and DHA supplementation increased mitochondrial proteins and activity in immune cells. This combined intervention enhanced mitochondrial function more than training alone."

  38. (–)-Epicatechin Supplementation Inhibits Aerobic Adaptations to Cycling Exercise in Humans
     Neil A. Schwarz, Zachary J. Blahnik, Srihari Prahadeeswaran, Sarah K. McKinley-Barnard, Shelley L. H...
     PMC6308990 · Frontiers in Nutrition · 2018-12-21
     https://doi.org/10.3389/fnut.2018.00132
     "This study investigated if (–)-epicatechin supplementation enhances cycling training adaptations. The findings indicate that (–)-epicatechin supplementation inhibits aerobic adaptations, specifically peak VO2 and succinate dehydrogenase content, compared to a placebo."

  39. Effect of vitamin E succinate on inflammatory cytokines induced by high-intensity interval training
     Hadi Sarir, Ghodsieh Emdadifard, Homayoun Farhangfar, Hossein TaheriChadorneshin
     PMC4766825 · Journal of Research in Medical Sciences : The Official Journal of Isfahan University of Medical Sciences · 2015-12-01
     https://doi.org/10.4103/1735-1995.172986
     "This study investigated vitamin E succinate's effect on inflammatory cytokines after high-intensity interval training in rats. Vitamin E succinate supplementation reduced HIIT-induced increases in IL-6 and TNF-α."

  40. Combination of vitamin E and vitamin C alleviates renal function in hyperoxaluric rats via antioxidant activity
     Orapun JATURAKAN, Thasinas DISSAYABUTRA, Narongsak CHAIYABUTR, Anusak KIJTAWORNRAT, Piyaratana TOSUK...
     PMC5447979 · The Journal of Veterinary Medical Science · 2017-04-08
     https://doi.org/10.1292/jvms.17-0083
     "This study investigated the effects of vitamin E and C on hyperoxaluric rats. Combined vitamin E and C supplementation protected against oxalate-induced kidney damage by reducing oxidative stress."

  41. The effect of green tea extract supplementation on exercise-induced oxidative stress parameters in male sprinters
     Ewa Jówko, Barbara Długołęcka, Beata Makaruk, Igor Cieśliński
     PMC4500852 · European Journal of Nutrition · 2014-08-14
     https://doi.org/10.1007/s00394-014-0757-1
     "This study investigated the effects of green tea extract on oxidative stress markers in male sprinters. Green tea extract supplementation reduced exercise-induced oxidative stress without negatively impacting sprint performance or antioxidant enzyme adaptation."

  42. Exercise performance and physiological responses: the potential role of redox imbalance
     Kavey Vidal, Nathaniel Robinson, Stephen J. Ives
     PMC5392515 · Physiological Reports · 2017-03-31
     https://doi.org/10.14814/phy2.13225
     "This study investigated the effects of hyperoxia and an antioxidant cocktail on cycling performance and physiological responses. Ingesting an antioxidant cocktail impaired performance, ventilation, and economy, suggesting a disruption of redox balance."

  43. Oxidants, Antioxidants, and the Beneficial Roles of Exercise-Induced Production of Reactive Species
     Elisa Couto Gomes, Albená Nunes Silva, Marta Rubino de Oliveira
     PMC3372226 · Oxidative Medicine and Cellular Longevity · 2012-01-01
     https://doi.org/10.1155/2012/756132
     "This review examines reactive species produced during exercise and their impact on adaptation. Exercise-induced reactive species promote beneficial adaptations like angiogenesis and muscle growth."

  44. Exercise, oxidants, and antioxidants change the shape of the bell-shaped hormesis curve
     Zsolt Radak, Kazunari Ishihara, Eva Tekus, Csaba Varga, Aniko Posa, Laszlo Balogh, Istvan Boldogh, E...
     PMC5345970 · Redox Biology · 2017-03-03
     https://doi.org/10.1016/j.redox.2017.02.015
     "This paper examines how exercise and antioxidant treatments affect the relationship between ROS and physiological function. It concludes that antioxidant timing relative to exercise intensity dictates whether function is attenuated or enhanced, and that fitness influences this response."

  45. Effects of ascorbic acid supplementation on oxidative stress markers in healthy women following a single bout of exercise
     Manita Yimcharoen, Suwatsin Kittikunnathum, Chawannut Suknikorn, Wichuda Nak-on, Petcharee Yeethong,...
     PMC6341721 · Journal of the International Society of Sports Nutrition · 2019-01-21
     https://doi.org/10.1186/s12970-019-0269-8
     "This study investigated ascorbic acid's effects on oxidative stress markers in women after exercise. Ascorbic acid improved antioxidant capacity but did not prevent exercise-induced muscle damage."

  46. Antioxidant Effects and Insulin Resistance Improvement of Chromium Combined with Vitamin C and E Supplementation for Type 2 Diabetes Mellitus
     Ming-Hoang Lai
     PMC2581761 · Journal of Clinical Biochemistry and Nutrition · 2008-11-01
     https://doi.org/10.3164/jcbn.2008064
     "This study investigated the effects of chromium, vitamin C, and E supplementation on type 2 diabetes patients. Combined supplementation significantly reduced oxidative stress and improved glucose metabolism."

  47. Impact of pre‐exercise feeding status on metabolic adaptations to endurance‐type exercise training
     Robert M. Edinburgh, Francoise Koumanov, Javier T. Gonzalez
     PMC11497303 · The Journal of Physiology · 2021-01-27
     https://doi.org/10.1113/JP280748
     "This study investigated how pre-exercise feeding status affects metabolic adaptations to endurance training. Performing exercise in a fasted state may enhance certain metabolic adaptations compared to exercising after nutrient ingestion."

  48. Polyphenol Supplementation: Benefits for Exercise Performance or Oxidative Stress?
     Kathryn H. Myburgh
     PMC4008802 · Sports Medicine (Auckland, N.z.) · 2014-05-03
     https://doi.org/10.1007/s40279-014-0151-4
     "This review examines polyphenol supplementation's effects on exercise performance and oxidative stress. Current evidence is insufficient to recommend polyphenol use for athletes due to study limitations."

  49. Antioxidants and Exercise: A Redox-Informed Framework for Training Adaptation, Performance, and Recovery
     Dan Cristian Mănescu; Andrei Tudor; Andreea Maria Mănescu; Iulius Radulian Mărgărit; Cătălin Octavia...
     PMC13113188 · biomedrxiv · 2026-04-07
     https://doi.org/10.3390/antiox15040456
     "Antioxidants can hinder training adaptations by blunting exercise-induced signals. However, certain food-derived antioxidants may aid recovery without impairing gains. A framework called Redox-Adaptive Periodization is proposed to optimize antioxidant use based on training goals."

  50. Systematic review and meta-analysis of antioxidants with or without exercise training improving muscle condition in older adults
     Yijie Wang, Ziping He, Chunye Long, Yue Li, Yuzhe Yuan, Tianlong Huang
     PMC12491480 · Scientific Reports · 2025-10-02
     https://doi.org/10.1038/s41598-025-16917-2
     "This systematic review and meta-analysis examined the effects of antioxidants and exercise on muscle condition in older adults. Combining antioxidants with exercise yielded greater improvements in muscle strength and physical function than either intervention alone."

  51. Vitamin D Supplementation Does Not Enhance Gains in Muscle Strength and Lean Body Mass or Influence Cardiorespiratory Fitness in Vitamin D-Insufficient Middle-Aged Men Engaged in Resistance Training
     Lauri Savolainen, Saima Timpmann, Martin Mooses, Evelin Mäestu, Luule Medijainen, Märt Lellsaar, Kri...
     PMC11478703 · Nutrients · 2024-10-02
     https://doi.org/10.3390/nu16193356
     "This study investigated vitamin D supplementation's effect on resistance training outcomes in vitamin D-insufficient men. Vitamin D supplementation did not enhance muscle strength, lean body mass, or cardiorespiratory fitness gains."

  52. The Effects of Antioxidant Supplementation on Soccer Performance and Recovery: A Critical Review of the Available Evidence
     Athanasios Poulios, Konstantinos Papanikolaou, Dimitrios Draganidis, Panagiotis Tsimeas, Athanasios ...
     PMC11597853 · Nutrients · 2024-11-06
     https://doi.org/10.3390/nu16223803
     "This review examined antioxidant supplements' effects on soccer performance and recovery. Several antioxidants were found to reduce muscle damage, inflammation, and oxidative stress, with some potentially enhancing performance."

  53. Aerobic Exercise Training Adaptations Are Increased by Postexercise Carbohydrate-Protein Supplementation
     Lisa Ferguson-Stegall, Erin McCleave, Zhenping Ding, Phillip G. Doerner III, Yang Liu, Bei Wang, Mar...
     PMC3136187 · Journal of Nutrition and Metabolism · 2011-01-01
     https://doi.org/10.1155/2011/623182
     "This study investigated the effects of post-exercise chocolate milk, carbohydrate, or placebo supplementation on aerobic training adaptations. Chocolate milk supplementation led to greater improvements in aerobic capacity and body composition compared to carbohydrate or placebo."

  54. The effect of combined resistance exercise training and vitamin D 3  supplementation on musculoskeletal health and function in older adults: a systematic review and meta-analysis
     Anneka Elizabeth Antoniak, Carolyn A Greig
     PMC5541589 · BMJ Open · 2017-01-01
     https://doi.org/10.1136/bmjopen-2016-014619
     "This systematic review evaluated combined resistance exercise and vitamin D supplementation in older adults. The combination significantly improved lower limb muscle strength compared to exercise alone."

  55. Cashew apple juice supplementation enhanced fat utilization during high-intensity exercise in trained and untrained men
     Piyapong Prasertsri, Thapanee Roengrit, Yupaporn Kanpetta, Terdthai Tong-un, Supaporn Muchimapura, J...
     PMC3610290 · Journal of the International Society of Sports Nutrition · 2013-01-01
     https://doi.org/10.1186/1550-2783-10-13
     "Cashew apple juice supplementation was studied for its effect on substrate utilization during high-intensity exercise. CAJ supplementation increased fat oxidation and decreased carbohydrate oxidation during exercise in both trained and untrained men."

  56. Effect of Antioxidant Supplementation on Exercise-Induced Cardiac Troponin Release in Cyclists: A Randomized Trial
     Lieke J. J. Klinkenberg, Peter T. Res, Guido R. Haenen, Aalt Bast, Luc J. C. van Loon, Marja P. van ...
     PMC3834092 · PLoS ONE · 2013-01-01
     https://doi.org/10.1371/journal.pone.0079280
     "This study investigated the impact of astaxanthin supplementation on exercise-induced cardiac troponin release in cyclists. Astaxanthin supplementation did not reduce cardiac troponin release after prolonged cycling, nor did it improve antioxidant capacity or markers of muscle damage."

  57. The effect of short-term vitamin D on the antioxidant capacity following exhaustive aerobic exercise
     Vahid Parvizi Mastali, Rastegar Hoseini, Mohammad Azizi
     PMC10398448 · PMC · 2023-03-01
     https://www.ncbi.nlm.nih.gov/pmc/articles/PMC10398448/
     "This study examined the impact of short-term vitamin D supplementation on antioxidant capacity in inactive men after exhaustive aerobic exercise. Six weeks of vitamin D supplementation significantly enhanced antioxidant enzyme activity and vitamin D levels, suggesting a protective effect against exercise-induced oxidative stress."

  58. Effect of exercise training on saliva brain derived neurotrophic factor, catalase and vitamin c
     Parvin Babaei, Arsalan Damirchi, Bahram Soltani Tehrani, Yazgaldi Nazari, Reyhaneh Sariri, Rastegar ...
     PMC5419233 · Medical Journal of the Islamic Republic of Iran · 2016-01-01
     "This study examined salivary antioxidants and BDNF in sedentary men after exhaustive exercise. Acute exercise reduced catalase, vitamin C, and BDNF, with BDNF showing a prolonged decrease."

  59. Supplementation with a Multi-ingredient Pre-workout Supplement does not Augment Resistance Training Adaptations in Females
     ANNA NELSON, CLAYTON L. CAMIC, CARL FOSTER, BROOKE ZAJAC, KAELA HOECHERL, JACOB ERICKSON, ANDREW R. ...
     PMC6355134 · International Journal of Exercise Science · 2019-01-01
     "This study examined the effects of a multi-ingredient pre-workout supplement on female resistance training adaptations. The supplement did not enhance body composition or strength gains compared to a placebo."

  60. Effects of vitamin D 3  supplementation on oxidative stress and antioxidant enzyme after strenuous endurance exercise in healthy young men: a double-blind, placebo-controlled trial
     Cheng-Tse Yang, Pei-Wei Weng, Li-Hui Chien, Sunil Kumar, Ming-Ta Yang
     PMC11694191 · Biology of Sport · 2024-07-31
     https://doi.org/10.5114/biolsport.2025.139087
     "This study investigated vitamin D3 supplementation's effects on oxidative stress after endurance exercise. Vitamin D3 supplementation mitigated exercise-induced oxidative stress markers in healthy young men."

  61. Effects of Vitamin E and Zinc Supplementation on Antioxidants in Beta thalassemia major Patients
     Mohammadreza Rashidi, Maryam Aboomardani, Maryam Rafraf, Seyed-Rafie Arefhosseini, Abbasali Keshtkar...
     PMC3446117 · PMC · 2011-03-01
     https://www.ncbi.nlm.nih.gov/pmc/articles/PMC3446117/
     "This study investigated the effects of vitamin E and zinc supplementation on antioxidant levels in beta-thalassemia major patients. Supplementation with vitamin E and/or zinc increased serum levels of these nutrients and BMI, but decreased glutathione peroxidase activity."

  62. Vitamin 25(OH)D 3 , E, and C Supplementation Impact the Inflammatory and Antioxidant Responses in Piglets Fed a Deoxynivalenol-Contaminated Diet and Challenged with Lipopolysaccharides
     Béatrice Sauvé, Younes Chorfi, Marie-Pierre Létourneau-Montminy, Frédéric Guay
     PMC11281576 · Toxins · 2024-06-28
     https://doi.org/10.3390/toxins16070297
     "This study investigated the effects of vitamin 25(OH)D₃, E, and C supplementation on piglets fed a deoxynivalenol-contaminated diet and challenged with lipopolysaccharides. Vitamins E and C, or all three vitamins, protected against deoxynivalenol by reducing oxidative stress and inflammation."

  63. The effects of physical training on antioxidative status under exercise-induced oxidative stress
     Eun-Young Choi, Youn-Ok Cho
     PMC2882571 · Nutrition Research and Practice · 2007-01-01
     https://doi.org/10.4162/nrp.2007.1.1.14
     "Physical training's effects on antioxidant status and lipid profiles under exercise-induced oxidative stress were studied in rats. Moderate training enhances antioxidant defenses and reduces the atherosclerotic index, especially during and after exercise."

  64. Acute exercise and oxidative stress: a 30 year history
     Kelsey Fisher-Wellman, Richard J Bloomer
     PMC2642810 · Dynamic Medicine : DM · 2009-01-01
     https://doi.org/10.1186/1476-5918-8-1
     "Acute exercise can induce oxidative stress, with its extent influenced by exercise and subject factors. This stress, however, appears to be a necessary stimulus for enhancing endogenous antioxidant defenses."

  65. Effect of Vitamins A, C, and E Supplementation in the Treatment of Metabolic Syndrome in Albino Rats
     L. S. Bilbis, S. A. Muhammad, Y. Saidu, Y. Adamu
     PMC3431076 · Biochemistry Research International · 2012-01-01
     https://doi.org/10.1155/2012/678582
     "This study examined the effects of vitamins A, C, and E on metabolic syndrome in rats fed a high-salt diet. Vitamin supplementation significantly reduced blood pressure, improved lipid profiles, and increased antioxidant status, suggesting a protective role."

  66. Astaxanthin Supplementation as a Potential Strategy for Enhancing Mitochondrial Adaptations in the Endurance Athlete: An Invited Review
     Hunter Waldman
     PMC11175114 · Nutrients · 2024-06-03
     https://doi.org/10.3390/nu16111750
     "This review examines astaxanthin's potential to enhance mitochondrial adaptations in endurance athletes. Findings suggest astaxanthin may improve performance, recovery, and antioxidant capacity when combined with training."

  67. Does quercetin and vitamin C improve exercise performance, muscle damage, and body composition in male athletes?
     Gholamreza Askari, Reza Ghiasvand, Jahangir Karimian, Awat Feizi, Zamzam Paknahad, Gholamreza Sharif...
     PMC3526124 · Journal of Research in Medical Sciences : The Official Journal of Isfahan University of Medical Sciences · 2012-04-01
     "This study investigated the effects of quercetin and vitamin C supplementation on male athletes' exercise performance, muscle damage, and body composition. The supplementation did not improve exercise performance but reduced muscle damage and body fat percentage."

  68. Vitamin C‐Dependent Intergenerational Inheritance of Enhanced Endurance Performance Following Maternal Exercise
     Haiwang Shi, Jie Li, Fan Li, Haoyang Yu, Fulong Zhang, Tao Wu, Luodan Yang, Yuecheng Li, Rui Hu, Men...
     PMC11967756 · Advanced Science · 2025-02-08
     https://doi.org/10.1002/advs.202408912
     "Maternal exercise enhances offspring endurance through muscle and mitochondrial changes, with benefits inherited across generations. This effect is mediated by vitamin C's role in regulating DNA methylation via the TET2-SVCT2 pathway."

  69. The Effect of Antioxidant Supplementation on Fatigue during Exercise: Potential Role for NAD + (H)
     John Mach, Adrian W. Midgley, Steve Dank, Ross S. Grant, David J. Bentley
     PMC3257644 · Nutrients · 2010-03-10
     https://doi.org/10.3390/nu2030319
     "This study investigated the impact of antioxidant supplementation on exercise fatigue and NAD+ levels. Antioxidant supplementation increased exercise time to fatigue and serum NAD+ levels, suggesting reduced oxidative stress improved aerobic respiration."

  70. Role of creatine supplementation on exercise-induced cardiovascular function and oxidative stress
     Michael IC Kingsley, Daniel Cunningham, Laura Mason, Liam P Kilduff, Jane McEneny
     PMC2763263 · Oxidative Medicine and Cellular Longevity · 2009-01-01
     "This study investigated creatine supplementation's effects on oxidative stress markers after exhaustive cycling. Creatine supplementation did not improve antioxidant defenses or reduce exercise-induced lipid peroxidation in healthy males."

  71. Modification of the Effect of Vitamin E Supplementation on the Mortality of Male Smokers by Age and Dietary Vitamin C
     Harri Hemilä, Jaakko Kaprio
     PMC2661323 · American Journal of Epidemiology · 2009-04-15
     https://doi.org/10.1093/aje/kwn413
     "Vitamin E supplementation's effect on mortality in male smokers was examined. Its impact varied significantly by age and dietary vitamin C intake, suggesting heterogeneous effects in different population subgroups."

  72. Combined effect of antioxidant supplementation and resistance training on oxidative stress markers, muscle and body composition in an elderly population
     F. Bobeuf; M. Labonte; I.J. Dionne; Abdelouahed Khalil
     PMC12878122 · The Journal of Nutrition, Health & Aging · 2011-07-04
     https://doi.org/10.1007/s12603-011-0097-2
     "This study was aimed to examine the effect of vitamin C/E intake alone or combined with resistance training on antioxidant/pro-oxidant status, muscle strength and body composition in an elderly popula"

  73. International Society of Sports Nutrition position stand: effects of dietary antioxidants on exercise and sports performance
     Drew E. Gonzalez; Broderick L. Dickerson; Brandon M. Roberts; Jennifer A. Kurtz; Hunter S. Waldman; ...
     PMC12915426 · Journal of the International Society of Sports Nutrition · 2026-02-17
     https://doi.org/10.1080/15502783.2026.2629828
     "Following a comprehensive review, the International Society of Sports Nutrition (ISSN) has developed an official position on the role of dietary antioxidants in exercise and sport. Antioxidants play a"

  74. Potential Vitamin E Signaling Mediators in Skeletal Muscle
     Elisabetta Meacci, Antony Chirco, Mercedes Garcia-Gil
     PMC11591548 · PMC · 2024-11-13
     https://www.ncbi.nlm.nih.gov/pmc/articles/PMC11591548/
     "This review examines Vitamin E's role in skeletal muscle and potential signaling mediators. It discusses bioactive sphingolipids and myokines as effectors and the benefits of Vitamin E supplementation for muscle health."

  75. Vitamin C and E antioxidant supplementation may significantly reduce pain symptoms in endometriosis: A systematic review and meta-analysis of randomized controlled trials
     Patrick Bayu *, Jacobus Jeno Wibisono
     PMC11142610 · PLOS ONE · 2024-05-31
     https://doi.org/10.1371/journal.pone.0301867
     "This systematic review and meta-analysis examined the efficacy of vitamin C and E supplementation for endometriosis pain. The findings suggest that this antioxidant combination significantly reduces chronic pelvic pain, dysmenorrhea, and dyspareunia compared to placebo."

  76. Radioiodine-induced oxidative stress in patients with differentiated thyroid carcinoma and effect of supplementation with vitamins C and E and selenium (antioxidants)
     Pedro Weslley Rosário, Kelly Cristina Siqueira Batista, Maria Regina Calsolari
     PMC10118725 · Archives of Endocrinology and Metabolism · 2016-02-11
     https://doi.org/10.1590/2359-3997000000128
     "Radioiodine therapy for thyroid cancer was studied for its oxidative stress effects. Antioxidant supplementation significantly reduced this stress."

  77. Oxidant Antioxidants and Adaptive Responses to Exercise
     Paola Venditti, Mari Carmen Gomez-Cabrera, Yong Zhang, Zsolt Radak
     PMC4388022 · Oxidative Medicine and Cellular Longevity · 2015-01-01
     https://doi.org/10.1155/2015/290190

  78. Effect of Antioxidant Supplementation on NET Formation Induced by LPS In Vitro; the Roles of Vitamins E and C, Glutathione, and N-acetyl Cysteine
     Germán Muñoz-Sánchez, Lucila A. Godínez-Méndez, Mary Fafutis-Morris, Vidal Delgado-Rizo
     PMC10487622 · International Journal of Molecular Sciences · 2023-08-24
     https://doi.org/10.3390/ijms241713162
     "This study investigated how antioxidant supplementation affects LPS-induced NET formation in neutrophils. Antioxidant combinations significantly reduced NET formation and oxidative stress markers in vitro."

  79. Can Antioxidants Protect Against Disuse Muscle Atrophy?
     Scott K. Powers
     PMC4213375 · Sports Medicine (Auckland, N.z.) · 2014-10-30
     https://doi.org/10.1007/s40279-014-0255-x
     "This review examines the role of radicals in disuse muscle atrophy and analyzes literature on antioxidant effects. Evidence suggests specific antioxidants may help delay muscle loss due to inactivity."

  80. Dietary nanocomposite of vitamin C and vitamin E enhanced the performance of  Nile tilapia
     Ahmed H. Sherif, Riad H. Khalil, Talaat S. Talaat, Mohamed Z. Baromh, Mahmoud A. Elnagar
     PMC11231345 · Scientific Reports · 2024-07-08
     https://doi.org/10.1038/s41598-024-65507-1
     "A nanocomposite of vitamins C and E was fed to Nile tilapia. This dietary nanocomposite significantly improved fish growth, immunity, and antioxidant levels, with the combined VCE-nanoparticle form showing the greatest benefits."

  81. Effects of Quercetin and Citrulline on Nitric Oxide Metabolites and Antioxidant Biomarkers in Trained Cyclists
     Jennifer A. Kurtz, Rafaela G. Feresin, Jacob Grazer, Jeff Otis, Kathryn E. Wilson, J. Andrew Doyle, ...
     PMC11767657 · Nutrients · 2025-01-09
     https://doi.org/10.3390/nu17020224
     "This study investigated the effects of quercetin and citrulline supplementation on nitric oxide and antioxidant biomarkers in trained cyclists. Neither combined nor independent supplementation significantly improved these biomarkers, suggesting limited ergogenic efficacy in this context."

  82. Redox Mechanism of Reactive Oxygen Species in Exercise
     Feng He, Juan Li, Zewen Liu, Chia-Chen Chuang, Wenge Yang, Li Zuo
     PMC5097959 · Frontiers in Physiology · 2016-11-07
     https://doi.org/10.3389/fphys.2016.00486
     "This review examines reactive oxygen species (ROS) production and antioxidant defenses during various exercise types. Moderate ROS exposure is crucial for adaptive responses, while excessive ROS can cause damage."

  83. Skeletal Muscle Redox Signaling in Health and Disease: From Molecular Mechanisms to Therapeutic Exercise Strategies
     Hyeong Rok Yun; Manish Kumar Singh; Sunhee Han; Jyotsna S. Ranbhise; Hanjoon Seo; Sung Soo Kim; Insu...
     PMC13295415 · Antioxidants · 2026-05-28
     https://doi.org/10.3390/antiox15060678
     "Skeletal muscle plasticity is modulated by a delicate equilibrium between reactive oxygen species (ROS)-mediated signaling and oxidative distress. Although excessive oxidant accumulation impairs excit"

  84. Resistance-Trained Individuals Are Less Susceptible to Oxidative Damage after Eccentric Exercise
     Ypatios Spanidis, Dimitrios Stagos, Christina Papanikolaou, Konstantina Karatza, Andria Theodosi, Ar...
     PMC6079342 · Oxidative Medicine and Cellular Longevity · 2018-01-01
     https://doi.org/10.1155/2018/6857190
     "Resistance-trained individuals experienced less oxidative damage and had a stronger antioxidant profile after eccentric exercise compared to untrained individuals. This suggests training status significantly influences exercise-induced oxidative stress and recovery."

  85. Complex Effects of Vitamin E and Vitamin C Supplementation on  in Vitro  Neonatal Mononuclear Cell Responses to Allergens
     Heather J. H. Wassall, Graham Devereux, Anthony Seaton, Robert N. Barker
     PMC3798907 · Nutrients · 2013-08-26
     https://doi.org/10.3390/nu5093337
     "This study examined how vitamin E and C supplementation affects neonatal immune cells' response to allergens. Vitamin E showed complex effects, sometimes reducing proliferation and other times increasing it, while vitamin C had varied impacts on cytokine production."

  86. Additional Effects of Nutritional Antioxidant Supplementation on Peripheral Muscle during Pulmonary Rehabilitation in COPD Patients: A Randomized Controlled Trial
     Fares Gouzi, Jonathan Maury, Nelly Héraud, Nicolas Molinari, Héléna Bertet, Bronia Ayoub, Marine Bla...
     PMC6501222 · Oxidative Medicine and Cellular Longevity · 2019-01-01
     https://doi.org/10.1155/2019/5496346
     "This study investigated the effects of antioxidant supplementation during pulmonary rehabilitation in COPD patients. Supplementation did not improve muscle endurance but enhanced muscle strength and reduced muscle weakness."

  87. Comparison of the effects of two antioxidant diets on oxidative stress markers in triathletes
     Claudia D. Schneider, Patricia M. Bock, Georgia F. Becker, Jose Claudio F. Moreira, Adriane Bello-Kl...
     PMC6234303 · Biology of Sport · 2018-03-30
     https://doi.org/10.5114/biolsport.2018.74194
     "This study compared the effects of regular and high antioxidant diets on oxidative stress markers in triathletes. A high antioxidant diet improved several markers of redox status in the athletes."

  88. The Antioxidant Role of Glutathione and N-Acetyl-Cysteine Supplements and Exercise-Induced Oxidative Stress
     Chad Kerksick, Darryn Willoughby
     PMC2129149 · Journal of the International Society of Sports Nutrition · 2005-01-01
     https://doi.org/10.1186/1550-2783-2-2-38
     "This paper examines the antioxidant roles of glutathione and N-acetyl-cysteine supplements in mitigating exercise-induced oxidative stress. These antioxidants may help maintain cellular function and DNA integrity by reducing oxidative damage."

  89. Haptoglobin Phenotype, Preeclampsia Risk and the Efficacy of Vitamin C and E Supplementation to Prevent Preeclampsia in a Racially Diverse Population
     Tracey L. Weissgerber, Robin E. Gandley, Paula L. McGee, Catherine Y. Spong, Leslie Myatt, Kenneth J...
     PMC3616124 · PLoS ONE · 2013-01-01
     https://doi.org/10.1371/journal.pone.0060479
     "This study investigated haptoglobin phenotype, preeclampsia risk, and vitamin supplementation efficacy. No association was found between haptoglobin phenotype and preeclampsia risk or vitamin efficacy, except for increased risk in Hispanic Hp 2-2 women."

  90. Low-Frequency Fatigue as an Indicator of Eccentric Exercise-Induced Muscle Injury: The Role of Vitamin E
     Antonios Kyparos, Michalis G. Nikolaidis, Konstantina Dipla, Andreas Zafeiridis, Vassilis Paschalis,...
     PMC3400461 · Oxidative Medicine and Cellular Longevity · 2012-01-01
     https://doi.org/10.1155/2012/628352
     "This study examined if vitamin E reduces eccentric exercise-induced muscle injury in rats, using low-frequency fatigue as an indicator. Vitamin E supplementation improved muscle force decline and recovery, suggesting it attenuates exercise-induced injury."

  91. Effect of Antioxidant Vitamin Supplementation on Cardiovascular Outcomes: A Meta-Analysis of Randomized Controlled Trials
     Yizhou Ye, Jing Li, Zhongxiang Yuan
     PMC3577664 · PLoS ONE · 2013-01-01
     https://doi.org/10.1371/journal.pone.0056803
     "A meta-analysis of randomized controlled trials examined antioxidant vitamin supplementation's effect on cardiovascular outcomes. The study found no significant impact on major cardiovascular events, myocardial infarction, stroke, or death."

  92. Effect of Eicosapentaenoic Acid (EPA) and Vitamin E on the Blood Levels of Inflammatory Markers, Antioxidant Enzymes, and Lipid Peroxidation in Iranian Basketball Players
     R Ghiasvand, M Djalali, SA Djazayery, SA Keshavarz, M Hosseini, Gh Askari, N Jani, N Fardad, F Fateh...
     PMC3468972 · PMC · 2010-03-31
     https://www.ncbi.nlm.nih.gov/pmc/articles/PMC3468972/
     "This study examined the effects of EPA and vitamin E supplementation on inflammatory markers and antioxidant enzymes in basketball players. EPA with vitamin E reduced TNF-α and increased glutathione reductase, while EPA alone increased MDA."

  93. Mitochondria-Targeted Antioxidants and Skeletal Muscle Function
     Sophie C. Broome, Jonathan S. T. Woodhead, Troy L. Merry
     PMC6116009 · Antioxidants · 2018-08-08
     https://doi.org/10.3390/antiox7080107
     "This review summarizes literature on mitochondria-targeted antioxidants and skeletal muscle function. These antioxidants show benefits for muscle capacity, insulin sensitivity, and age-related decline, but effects depend on the specific antioxidant used."

  94. A metabolomic investigation of the effects of vitamin E supplementation in humans
     Max Wong, John K Lodge
     PMC3541165 · Nutrition & Metabolism · 2012-01-01
     https://doi.org/10.1186/1743-7075-9-110
     "This study investigated plasma metabolome changes after vitamin E supplementation in healthy males. Vitamin E supplementation altered lysophosphatidylcholine levels, suggesting an influence on phospholipid metabolism."

  95. Tribbles 3 blunts exercise-induced skeletal muscle adaptation
     Ran Hee Choi, Abigail McConahay, Mackenzie B. Johnson, Morgan Ojemuyiwa, Brooklyn J. Phillips, Ha-Wo...
     PMC12338650 · bioRxiv · 2025-07-19
     https://doi.org/10.1101/2025.07.16.665065
     "This study investigated the role of Tribbles 3 (TRB3) in exercise-induced skeletal muscle adaptation. TRB3 overexpression blunts exercise benefits, impairing glucose tolerance and metabolic gene expression, while TRB3 knockout improves glucose tolerance."

  96. Redox correlation in muscle lengthening and immune response in eccentric exercise
     Feng He, Chia-Chen Chuang, Tingyang Zhou, Qing Jiang, Darlene A. Sedlock, Li Zuo
     PMC6307742 · PLoS ONE · 2018-12-27
     https://doi.org/10.1371/journal.pone.0208799
     "Eccentric exercise in mice and humans was studied for its effects on muscle function and immune cells. Antioxidant supplementation attenuated exercise-induced changes in anti-apoptotic proteins and may protect against muscle dysfunction."

  97. High-Dose Astaxanthin Supplementation Suppresses Antioxidant Enzyme Activity during Moderate-Intensity Swimming Training in Mice
     Yingsong Zhou, Julien S Baker, Xiaoping Chen, Yajun Wang, Haimin Chen, Gareth W Davison, Xiaojun Yan
     PMC6627865 · Nutrients · 2019-05-31
     https://doi.org/10.3390/nu11061244
     "High-dose astaxanthin supplementation was administered to mice undergoing swimming training. This supplementation suppressed antioxidant enzyme activity and downregulated Nrf2 signaling."

  98. Effects of Resistance Training Combined with Vitamin D Supplementation on Health-Related Variables in the Elderly: Muscle Strength, Body Composition, and Inflammatory Status
     Lorena Cristina Ribeiro da Rosa, Paulo de Tarso Veras Farinatti, Maria Izabel Ferreira Batista, Hile...
     PMC12652358 · International Journal of Environmental Research and Public Health · 2025-11-10
     https://doi.org/10.3390/ijerph22111695
     "This study examined the effects of resistance training plus vitamin D supplementation on older adults. The combination did not improve strength, body composition, or inflammation more than resistance training alone."

  99. Combined high-intensity interval training and green tea supplementation enhance metabolic and antioxidant status in response to acute exercise in overweight women
     Elham Ghasemi, Mohammad Esmaeil Afzalpour, Shila Nayebifar
     PMC10718018 · The Journal of Physiological Sciences : JPS · 2020-06-25
     https://doi.org/10.1186/s12576-020-00756-z
     "High-intensity interval training combined with green tea supplementation was studied in overweight women. This combination significantly improved metabolic and antioxidant status compared to training or supplementation alone."

  100. Vitamin C may alleviate exercise-induced bronchoconstriction: a meta-analysis
     Harri Hemilä
     PMC3686214 · BMJ Open · 2013-01-01
     https://doi.org/10.1136/bmjopen-2012-002416
     "This meta-analysis examined if vitamin C affects exercise-induced bronchoconstriction. Vitamin C administration significantly reduced post-exercise FEV1 decline and the proportion of participants experiencing EIB."

  101. The Effects of a Multiflavonoid Supplement on Vascular and Hemodynamic Parameters following Acute Exercise
     Rebecca M. Kappus, Chelsea D. Curry, Steve McAnulty, Janice Welsh, David Morris, David C. Nieman, Je...
     PMC3236420 · Oxidative Medicine and Cellular Longevity · 2011-01-01
     https://doi.org/10.1155/2011/210798
     "A study investigated the effects of a multiflavonoid supplement on vascular and hemodynamic parameters during postexercise hypotension. The supplement enhanced postexercise blood pressure reduction and improved vascular distensibility compared to placebo."

  102. Individualised Exercise Training Enhances Antioxidant Buffering Capacity in Idiopathic Pulmonary Fibrosis
     Tim J. M. Wallis, Magdalena Minnion, Anna Freeman, Andrew Bates, James M. Otto, Stephen A. Wootton, ...
     PMC10451244 · Antioxidants · 2023-08-20
     https://doi.org/10.3390/antiox12081645
     "An 8-week individualized exercise program was studied in idiopathic pulmonary fibrosis (IPF) patients. The program improved exercise capacity and antioxidant buffering capacity, suggesting a potential mechanism for exercise benefits."

  103. Marginal vitamin C status is associated with reduced fat oxidation during submaximal exercise in young adults
     Carol S Johnston, Corinne Corte, Pamela D Swan
     PMC1564400 · Nutrition & Metabolism · 2006-01-01
     https://doi.org/10.1186/1743-7075-3-35
     "Marginal vitamin C status was studied in relation to fat oxidation during submaximal exercise. Low vitamin C status was associated with reduced fat oxidation, which was improved by vitamin C repletion."

  104. Effect of endurance training and cinnamon supplementation on post-exercise oxidative responses in rats
     Gholamreza Dehghan, Mehrnoosh Shaghaghi, Afshar Jafari, Mustafa Mohammadi, Reza Badalzadeh
     PMC5019312 · Molecular Biology Research Communications · 2014-12-01
     "This study investigated the effects of endurance training and cinnamon supplementation on oxidative stress in rats after exhaustive exercise. The findings indicate that combining training and cinnamon supplementation offers the greatest protection against exercise-induced oxidative damage."

  105. Reactive oxygen species promote endurance exercise-induced adaptations in skeletal muscles
     Scott K. Powers, Zsolt Radak, Li Li Ji, Malcolm Jackson
     PMC11336304 · Journal of Sport and Health Science · 2024-05-07
     https://doi.org/10.1016/j.jshs.2024.05.001
     "Contracting skeletal muscles produce reactive oxygen species (ROS), particularly hydrogen peroxide, which are essential for exercise-induced adaptations. These ROS activate signaling pathways that promote mitochondrial biogenesis and the expression of key muscle proteins."

  106. The effect of vitamin C on bronchoconstriction and respiratory symptoms caused by exercise: a review and statistical analysis
     Harri Hemilä
     PMC4363347 · PMC · 2014-11-27
     https://www.ncbi.nlm.nih.gov/pmc/articles/PMC4363347/
     "Vitamin C was studied for its effects on exercise-induced bronchoconstriction and respiratory symptoms. It significantly reduced post-exercise lung function decline and the incidence of respiratory symptoms."

  107. The interaction effects of aerobic exercise training and vitamin D supplementation on plasma lipid profiles and insulin resistance in ovariectomized rats
     Parvin Babaei, Arsalan Damirchi, Rastegar Hoseini
     PMC4624118 · Journal of Exercise Nutrition & Biochemistry · 2015-09-01
     https://doi.org/10.5717/jenb.2015.15070703
     "This study investigated the combined effects of aerobic exercise and vitamin D on ovariectomized rats. The combination significantly improved lipid profiles and reduced insulin resistance."

  108. Impact of Polyphenol Supplementation on Acute and Chronic Response to Resistance Training
     Kyle S. Beyer, Jeffrey R. Stout, David H. Fukuda, Adam R. Jajtner, Jeremy R. Townsend, David D. Chur...
     PMC5662159 · Journal of Strength and Conditioning Research · 2017-11-01
     https://doi.org/10.1519/JSC.0000000000002104
     "This study examined polyphenol blend supplementation's effects on resistance training adaptations. Supplementation increased antioxidant capacity but did not alter strength gains compared to placebo."

  109. Vitamin E Supplementation Delays Cellular Senescence  In Vitro
     Giorgio La Fata, Nicole Seifert, Peter Weber, M. Hasan Mohajeri
     PMC4647025 · BioMed Research International · 2015-01-01
     https://doi.org/10.1155/2015/563247
     "This study investigated vitamin E's effect on cellular senescence in human cells. Vitamin E supplementation reduced senescent cells by downregulating P21 expression."

  110. Effects of protein supplementation on body composition, physiological adaptations, and performance during endurance training: a systematic review and meta-analysis
     Yang Xiao, ZhengWu Deng, Wei Sun, JiaYi Li, WeiFeng Gao
     PMC12369418 · Frontiers in Nutrition · 2025-08-07
     https://doi.org/10.3389/fnut.2025.1663860
     "This systematic review and meta-analysis examined protein supplementation's effects during endurance training. Protein supplementation modestly improved time to exhaustion and lean body mass, with potential VO2max benefits for untrained individuals."

  111. Repeated Supramaximal Exercise-Induced Oxidative Stress: Effect of β-Alanine Plus Creatine Supplementation
     Muaz Belviranli, Nilsel Okudan, Serkan Revan, Serdar Balci, Hakki Gokbel
     PMC4870821 · Asian Journal of Sports Medicine · 2016-03-01
     https://doi.org/10.5812/asjsm.26843
     "This study examined the impact of beta-alanine and creatine supplementation on oxidative stress markers during repeated high-intensity exercise. Beta-alanine supplementation showed a limited antioxidant effect, with some improvements in glutathione levels and total antioxidant capacity observed."

  112. Food-Based Antioxidant Nutrition for Exercise Recovery and Training Adaptation: A Narrative Review and Conceptual Framework for Redox Signaling, Dietary Matrices, and Periodized Application
     Hua Yang; Jingmei Dong; Jing Yang; Chieh-Chen Wu; Chun-Hsien Su
     PMC13363514 · Nutrients · 2026-06-29
     https://doi.org/10.3390/nu18132115
     "Exercise-induced reactive oxygen and nitrogen species (RONS) serve as crucial signaling molecules for training adaptation, mitochondrial biogenesis, and inflammatory resolution, rather than being mere"

  113. Impact of Polyphenol Antioxidants on Cycling Performance and Cardiovascular Function
     Joel D. Trinity, Matthew D. Pahnke, Justin R. Trombold, Edward F. Coyle
     PMC3967193 · Nutrients · 2014-03-24
     https://doi.org/10.3390/nu6031273
     "Polyphenol antioxidants were supplemented to endurance athletes for 7 days, followed by exercise testing in the heat. Supplementation did not improve cycling performance or alter cardiovascular and thermoregulatory responses."

  114. Comparative effects of vitamin D and vitamin C supplementations with and without endurance physical activity on metabolic syndrome patients: a randomized controlled trial
     Halgord Ali M. Farag, Mohammad Javad Hosseinzadeh-Attar, Belal A. Muhammad, Ahmad Esmaillzadeh, Abde...
     PMC6225665 · Diabetology & Metabolic Syndrome · 2018-11-08
     https://doi.org/10.1186/s13098-018-0384-8
     "This study compared vitamin D and C supplementation with and without exercise in metabolic syndrome patients. Combining supplements with exercise maximized benefits, particularly for vitamin D regarding glucose, cholesterol, and blood pressure."

  115. Resistance Exercise Associated with Camu-Camu ( Myrciaria dubia ) and Creatine Supplementation Modulates Antioxidant Response and Cardiac Parameters in Wistar Rats
     Thaís Cupertino Fialho, Lívia Carvalho Sette Abrantes, Karina Vitória Cipriana Martins, Renner Phili...
     PMC12655332 · Nutrients · 2025-11-17
     https://doi.org/10.3390/nu17223587
     "Resistance exercise combined with camu-camu and creatine supplementation was studied in rats. This combination improved antioxidant capacity, enzyme activity, and cardiac muscle fiber size."

  116. Vitamin D3 supplementation enhances the effect of aerobic water-based training on physical fitness indices in obese and overweight menopausal women: A randomized controlled trial
     Foroozandeh Zaravar, Golamhossein Tamaddon, Mohammadamin Safari, Leila Zaravar, Maryam Koushkie Jahr...
     PMC12317169 · Women's Health · 2025-07-30
     https://doi.org/10.1177/17455057251361255
     "This study investigated the effects of water-based aerobic training and vitamin D3 supplementation on overweight/obese postmenopausal women. Combining both interventions significantly improved BMI, handgrip strength, and gait speed more than either alone."

  117. Update: Is exercise-induced oxidative stress a friend or foe?
     Scott K. Powers; Mari Carmen Gomez-Cabrera
     PMC13159460 · biomedrxiv · 2026-04-01
     https://doi.org/10.1016/j.smhs.2026.03.006
     "Exercise increases reactive oxygen species (ROS), which can cause oxidative damage. However, these ROS also act as signaling molecules, promoting beneficial exercise adaptations like increased mitochondria and antioxidant capacity. The net effect of exercise-induced ROS is a balance between damage and adaptive signaling."

  118. Supplemental Oxygen during Exercise Training in Chronic Obstructive Pulmonary Disease
     SARA FAGGIAN, FRANCESCA BATTISTA, MARCO VECCHIATO, RICHARD CASABURI, MARGARETA EMTNER, NICOLA BORASI...
     PMC12520020 · Medicine and Science in Sports and Exercise · 2025-11-01
     https://doi.org/10.1249/MSS.0000000000003782
     "This review examines supplemental oxygen's role in COPD exercise training. Supplemental oxygen may benefit specific patients and conditions, particularly with high-intensity training, to enhance exercise tolerance and adaptations."

  119. Lower vascular conductance responses to handgrip exercise are improved following acute antioxidant supplementation in young individuals with post‐traumatic stress disorder
     Jennifer B. Weggen, Ashley M. Darling, Aaron S. Autler, Austin C. Hogwood, Kevin P. Decker, Jacob Ri...
     PMC11140166 · Experimental Physiology · 2024-05-06
     https://doi.org/10.1113/EP091762
     "This study examined vascular responses to handgrip exercise in young individuals with PTSD. Antioxidant supplementation improved vascular conductance during exercise in the PTSD group."

  120. The effects of multi mineral-vitamin D and vitamins (C+E) supplementation in the prevention of preeclampsia: An RCT
     Milad Azami, Tayebe Azadi, Sepidezahra Farhang, Shoobo Rahmati, Khadijeh Pourtaghi
     PMC5510580 · International Journal of Reproductive Biomedicine · 2017-05-01
     "A randomized trial investigated multimineral-vitamin D and vitamins C+E supplementation in pregnant women. Multimineral-vitamin D significantly reduced preeclampsia incidence and neonatal complications compared to controls."

  121. Effects of Exercise Alone or Combined With Cognitive Training and Vitamin D Supplementation to Improve Cognition in Adults With Mild Cognitive Impairment
     Manuel Montero-Odasso, Guangyong Zou, Mark Speechley, Quincy J. Almeida, Teresa Liu-Ambrose, Laura E...
     PMC10359965 · JAMA Network Open · 2023-07-20
     https://doi.org/10.1001/jamanetworkopen.2023.24465
     "A 20-week multidomain intervention combining exercise and cognitive training improved cognition in adults with mild cognitive impairment. Adding vitamin D did not enhance these cognitive benefits."

  122. Synergistic Role of Aerobic Exercise and Vitamin C in Reducing Hypertension and Restoring Redox–Inflammatory Balance
     Sheraz Ahmad, Khalid Abdul Majeed, Saima Masood, Muhammad Shahbaz Yousaf, Muhammad Bilal Akram, Abdu...
     PMC12787866 · Nutrients · 2026-01-02
     https://doi.org/10.3390/nu18010153
     "Aerobic exercise and vitamin C were studied for their effects on hypertension in rats. Combined intervention most effectively lowered blood pressure and improved hypertension-related changes."

  123. Nordic Walking Training Causes a Decrease in Blood Cholesterol in Elderly Women Supplemented with Vitamin D
     Krzysztof Prusik, Jakub Kortas, Katarzyna Prusik, Jan Mieszkowski, Joanna Jaworska, Wojciech Skrobot...
     PMC5826219 · Frontiers in Endocrinology · 2018-02-20
     https://doi.org/10.3389/fendo.2018.00042
     "Nordic Walking training combined with vitamin D supplementation was studied in elderly women. This intervention significantly decreased total cholesterol, LDL-C, and triglycerides."

  124. Effects of Dietary Vitamin C Supplementation on Vitamin C Synthesis, Transport, and Egg Deposition in Breeding Geese
     Yanglei Hu, Rong Xu, Yating Zhou, Ning Li, Haiming Yang, Jian Wang, Hongchang Zhao, Jun Yu
     PMC12785077 · Animals : an Open Access Journal from MDPI · 2026-01-05
     https://doi.org/10.3390/ani16010148
     "This study investigated the impact of dietary vitamin C on vitamin C levels and transport in breeding geese. Supplementation increased vitamin C in egg yolks and serum by enhancing intestinal absorption and yolk deposition, while suppressing synthesis."

  125. Antioxidant Vitamin C Prevents Decline in Endothelial Function during Sitting
     Saurabh S. Thosar, Sylvanna L. Bielko, Chad S. Wiggins, James E. Klaunig, Kieren J. Mather, Janet P....
     PMC4401065 · PMC · 2015-01-01
     https://www.ncbi.nlm.nih.gov/pmc/articles/PMC4401065/
     "This study investigated if Vitamin C prevents endothelial function decline during prolonged sitting. Vitamin C supplementation prevented the impairment of femoral artery dilation after three hours of sitting."

  126. Effect of vitamin C and vitamin E on lung contusion: A randomized clinical trial study
     Davoodabadi Abdoulhossein, Iman Taheri, Mohammad ali Saba, Hossein Akbari, Shima Shafagh, Asemi Zata...
     PMC6240669 · Annals of Medicine and Surgery · 2018-11-09
     https://doi.org/10.1016/j.amsu.2018.10.026
     "This study investigated the effect of vitamins C and E on lung contusion patients. Co-administration of these vitamins improved arterial blood gas parameters and reduced ICU stay."

  127. Effects of Vitamin E Intake and Voluntary Wheel Running on Whole-Body and Skeletal Muscle Metabolism in Ovariectomized Mice
     Youngyun Jin, Hee-Jung Yoon, Ki-Woong Park, Hanall Lee, Yuan Tan, Byung-Jun Ryu, Seung-Min Lee, Chae...
     PMC11944365 · PMC · 2025-03-12
     https://www.ncbi.nlm.nih.gov/pmc/articles/PMC11944365/
     "This study examined vitamin E intake and exercise effects on ovariectomized mice. Vitamin E improved skeletal muscle mitochondrial function and reduced oxidative stress, independent of exercise."

  128. Combined Effects of Phytochemicals and Exercise on Fatty Acid Oxidation
     Jong-Hee Kim, Yoonjung Park
     PMC5545207 · Journal of Exercise Nutrition & Biochemistry · 2016-12-01
     https://doi.org/10.20463/jenb.2016.0053
     "This review examines how phytochemicals and exercise affect fatty acid oxidation. Certain phytochemicals combined with exercise can increase fatty acid oxidation without increasing total energy expenditure."

  129. Effects of a combined protein and antioxidant supplement on recovery of muscle function and soreness following eccentric exercise
     Stephen J. Ives, Samuel Bloom, Alexs Matias, Noelle Morrow, Natalya Martins, Yookee Roh, Daniel Eben...
     PMC5496333 · Journal of the International Society of Sports Nutrition · 2017-07-03
     https://doi.org/10.1186/s12970-017-0179-6
     "This study investigated the effects of combined protein and antioxidant supplementation on muscle recovery after eccentric exercise. The combined supplement improved muscle soreness more than protein or carbohydrate alone."

  130. Potential Benefits of Nitrate Supplementation on Antioxidant Defense System and Blood Pressure Responses after Exercise Performance
     Eduardo F. Menezes, Leonardo G. Peixoto, Renata R. Teixeira, Allisson B. Justino, Guilherme M. Puga,...
     PMC6458846 · Oxidative Medicine and Cellular Longevity · 2019-01-01
     https://doi.org/10.1155/2019/7218936
     "This study investigated the effects of sodium nitrate supplementation on oxidative stress and blood pressure after aerobic exercise. Five-day nitrate supplementation reduced systolic blood pressure and improved antioxidant capacity in healthy young men."

  131. Effects of low-volume walking programme and vitamin E supplementation on oxidative damage and health-related variables in healthy older adults
     Jong-Hwan Park, Masashi Miyashita, Masaki Takahashi, Noriaki Kawanishi, Seong-Ryu Bae, Hyun-Shik Kim...
     PMC3664611 · Nutrition & Metabolism · 2013-01-01
     https://doi.org/10.1186/1743-7075-10-38
     "A low-volume walking program and vitamin E supplementation were studied in older adults. Both interventions, individually or combined, reduced oxidative damage markers."

  132. Long-term quercetin supplementation reduces lipid peroxidation but does not improve performance in endurance runners
     Shane D Scholten, Igor N Sergeev
     PMC3871649 · Open Access Journal of Sports Medicine · 2013-01-01
     https://doi.org/10.2147/OAJSM.S39632
     "Quercetin supplementation was studied in endurance runners for six weeks. It reduced lipid peroxidation but did not improve running performance."

  133. Physiological and Neural Adaptations to Eccentric Exercise: Mechanisms and Considerations for Training
     Nosratollah Hedayatpour, Deborah Falla
     PMC4620252 · BioMed Research International · 2015-01-01
     https://doi.org/10.1155/2015/193741
     "This review examines physiological and neural adaptations to eccentric exercise. It concludes that despite initial damage, eccentric exercise effectively stimulates muscle hypertrophy, increased cortical activity, and improved motor unit function for enhanced muscle performance."

  134. Effects of acute and 14-day coenzyme Q10 supplementation on exercise performance in both trained and untrained individuals
     Matthew Cooke, Mike Iosia, Thomas Buford, Brian Shelmadine, Geoffrey Hudson, Chad Kerksick, Christop...
     PMC2315638 · Journal of the International Society of Sports Nutrition · 2008-01-01
     https://doi.org/10.1186/1550-2783-5-8
     "This study investigated the effects of acute and 14-day CoQ10 supplementation on exercise performance in trained and untrained individuals. CoQ10 supplementation increased plasma CoQ10 levels, but did not significantly improve exercise performance."

  135. The effect of probiotic supplementation combined with aerobic exercise on the antioxidant capacity of college students
     Tong Wu, Yingfeng Chen, Kai Zhao, Chenzhe Liu, Wei Jiang
     PMC12171151 · Frontiers in Physiology · 2025-06-02
     https://doi.org/10.3389/fphys.2025.1586888
     "This study investigated the effects of probiotic supplementation and aerobic exercise on college students' antioxidant capacity. Combining probiotics with aerobic exercise significantly improved antioxidant capacity and reduced oxidative stress markers after high-intensity exercise."

  136. Efficacy of vitamin and antioxidant supplements in prevention of cardiovascular disease: systematic review and meta-analysis of randomised controlled trials
     Seung-Kwon Myung, Woong Ju, Belong Cho, Seung-Won Oh, Sang Min Park, Bon-Kwon Koo, Byung-Joo Park
     PMC3548618 · The BMJ · 2013-01-01
     https://doi.org/10.1136/bmj.f10
     "This meta-analysis reviewed 50 randomized controlled trials on vitamin and antioxidant supplements for cardiovascular disease prevention. These supplements showed no overall benefit, with some minor risks and benefits disappearing in high-quality trials."

  137. Editorial: Exercise-induced oxidative stress and the role of antioxidants in sport and exercise
     Hannah J. Moir, Marcin Maciejczyk, Mateusz Maciejczyk, Felipe J. Aidar, Hamid Arazi
     PMC10466035 · Frontiers in Sports and Active Living · 2023-08-15
     https://doi.org/10.3389/fspor.2023.1269826

  138. Laying performance, digestibility and plasma hormones in laying hens exposed to chronic heat stress as affected by betaine, vitamin C, and/or vitamin E supplementation
     Youssef A. Attia, Abd El-Hamid E. Abd El-Hamid, Ahmed A. Abedalla, Marfat A. Berika, Mohammed A. Al-...
     PMC5028346 · SpringerPlus · 2016-09-20
     https://doi.org/10.1186/s40064-016-3304-0
     "This study investigated the effects of betaine, vitamin C, and vitamin E supplementation on laying hens under chronic heat stress. Vitamin C supplementation showed the greatest improvement in laying performance and combatted heat stress effects."

  139. Effects of vitamin E supplementation on sow gestation: a meta-analysis
     Ni Wayan Helpina Widyasanti, Sari Yanti Hayanti, Cecep Hidayat, I. Putu Cahyadi Putra, Jonathan Anug...
     PMC12483425 · Open Veterinary Journal · 2025-01-01
     https://doi.org/10.5455/OVJ.2025.v15.i7.31
     "This meta-analysis evaluated vitamin E supplementation in pregnant sows. Vitamin E significantly increased serum α-tocopherol in sows and piglets, but did not affect litter size or weight."

  140. Excessive Vitamin E Supplementation: Implications for Ovarian Physiology and Reproductive Health
     Farzaneh Rabiee, Masoud Fattahi, Mohammad Iranzad, Mohsen Rahimi Andani, Farnoosh Jafarpour, Mohamma...
     PMC12824594 · Oxidative Medicine and Cellular Longevity · 2026-01-22
     https://doi.org/10.1155/omcl/1330508
     "This study investigated the effects of different vitamin E doses on mouse reproductive health. Excessive vitamin E supplementation impaired fertility, oocyte and embryo development, and ovarian function by altering oxidative stress markers."

  141. The effect of endurance training with and without vitamin E on expression of p53 and PTEN tumor suppressing genes in prostate glands of male rats
     Amin Allah Dashtiyan, Masood Sepehrimanesh, Nader Tanideh, Mohammad Esmaeil Afzalpour
     PMC5801830 · Biochimie Open · 2017-04-01
     https://doi.org/10.1016/j.biopen.2017.03.005
     "Endurance training was studied for its effect on prostate tumor suppressor genes in rats, with and without vitamin E. Endurance training reduced p53 expression, while vitamin E alone increased PTEN expression."

  142. Tissue-Specific Effects of Vitamin E Supplementation
     Eugene Jansen, Dale Viezeliene, Piet Beekhof, Eric Gremmer, Leonid Ivanov
     PMC4964537 · International Journal of Molecular Sciences · 2016-07-19
     https://doi.org/10.3390/ijms17071166
     "A study supplemented mice with varying vitamin E doses, including a high dose (25× RDI). High vitamin E intake showed beneficial effects in male mouse livers but caused toxicity and inflammation in male mouse kidneys."

  143. Combined effects of green tea supplementation and eccentric exercise on nuclear factor erythroid 2-related factor 2 activity
     Josh Thorley, Craig Thomas, Nicolas Thon, Hannah Nuttall, Neil R. W. Martin, Nicolette Bishop, Steph...
     PMC10786739 · European Journal of Applied Physiology · 2023-07-13
     https://doi.org/10.1007/s00421-023-05271-8
     "This study examined the combined effects of green tea supplementation and eccentric exercise on NRF2 activity. Eccentric exercise, with or without green tea, did not significantly increase NRF2 activity."

  144. The effects of exercise training and acute exercise duration on plasma folate and vitamin B 12
     Young-Nam Kim, Ji Hyeon Hwang, Youn-Ok Cho
     PMC4819126 · Nutrition Research and Practice · 2016-04-01
     https://doi.org/10.4162/nrp.2016.10.2.161
     "This study examined how exercise training and acute exercise duration affect plasma folate and vitamin B12 in rats. Regular exercise training lowered folate and raised vitamin B12, but acute exercise duration had no significant impact on these vitamins."

  145. Protective Role of Vitamin C Intake on Muscle Damage in Male Adolescents Performing Strenuous Physical Activity
     Shreef G. N. Gabrial, Marie-Christine R. Shakib, Gamal N. Gabrial
     PMC6182534 · Open Access Macedonian Journal of Medical Sciences · 2018-09-25
     https://doi.org/10.3889/oamjms.2018.337
     "This study investigated vitamin C's effect on muscle damage in male adolescents during strenuous exercise. Vitamin C supplementation significantly reduced markers of muscle damage, oxidative stress, and inflammation."

  146. Enhanced Human Neutrophil Vitamin C Status, Chemotaxis and Oxidant Generation Following Dietary Supplementation with Vitamin C-Rich  SunGold  Kiwifruit
     Stephanie M. Bozonet, Anitra C. Carr, Juliet M. Pullar, Margreet C. M. Vissers
     PMC4425162 · Nutrients · 2015-04-09
     https://doi.org/10.3390/nu7042574
     "Dietary supplementation with vitamin C-rich kiwifruit was studied in men with suboptimal vitamin C status. Supplementation improved neutrophil chemotaxis and oxidant generation, suggesting enhanced immunity."

  147. Vitamin E (α-tocopherol) supplementation in diabetic rats: effects on the proximal colon
     Luciana P Roldi, Renata VF Pereira, Eleandro A Tronchini, Gabriela V Rizo, Célia R Scoaris, Jacqueli...
     PMC2788574 · BMC Gastroenterology · 2009-01-01
     https://doi.org/10.1186/1471-230X-9-88
     "This study investigated the effects of vitamin E supplementation on the proximal colons of diabetic rats. Vitamin E (2%) reduced blood sugar and protected myenteric neurons, but did not alter intestinal wall structure."

  148. Effect of vitamins C or E supplementation to Tris diluent on the semen quality of Awassi rams preserved at 5 ˚C
     Osama Ibrahim Azawi, Elias Khudhur Hussein
     PMC4312374 · Veterinary Research Forum · 2013-01-01
     "This study investigated the effect of adding vitamins C or E to a semen diluent for Awassi rams stored at 5°C. Adding vitamins C or E improved sperm motility, viability, and reduced abnormalities during storage."

  149. Dietary and supplemental intake of vitamins C and E is associated with altered DNA methylation in an epigenome-wide association study meta-analysis
     Amena Keshawarz, Roby Joehanes, Jiantao Ma, Gha Young Lee, Ricardo Costeira, Pei-Chien Tsai, Olatz M...
     PMC10228397 · Epigenetics · 2023-05-26
     https://doi.org/10.1080/15592294.2023.2211361
     "This study meta-analyzed EWAS results to assess vitamin C and E intake's association with DNA methylation. Vitamin C intake was linked to numerous CpG sites, potentially influencing systems development and immune response."

  150. The role of resistance training and creatine supplementation on oxidative stress, antioxidant defense, muscle strength, and quality of life in older adults
     Ehsan Amiri, Dariush Sheikholeslami-Vatani
     PMC10189876 · Frontiers in Public Health · 2023-05-02
     https://doi.org/10.3389/fpubh.2023.1062832
     "Resistance training with creatine supplementation was studied in older adults. This intervention improved antioxidant defense, muscle strength, and quality of life, with creatine enhancing strength gains."

  151. Prevention of Mammary Tumorigenesis in Acatalasemic Mice by Vitamin E Supplementation
     Kunihiko Ishii, Li‐Xue Zhen, Da‐hong Wang, Yuka Funamori, Katsuo Ogawa, Kazuhisa Taketa
     PMC5921155 · Japanese Journal of Cancer Research : Gann · 1996-07-01
     https://doi.org/10.1111/j.1349-7006.1996.tb00277.x
     "Acatalasemic mice were studied to assess vitamin E's effect on mammary tumors. Vitamin E supplementation significantly reduced mammary tumor incidence in these mice."

  152. Effects of creatine supplementation associated with resistance training on oxidative stress in different tissues of rats
     Giuseppe Potrick Stefani, Ramiro Barcos Nunes, André Zuanazzi Dornelles, Jadson Pereira Alves, Marce...
     PMC3994392 · Journal of the International Society of Sports Nutrition · 2014-01-01
     https://doi.org/10.1186/1550-2783-11-11
     "This study investigated creatine supplementation with resistance training on strength and oxidative stress in rats. Creatine, alone or with training, reduced oxidative stress and enhanced strength gain, acting as a non-enzymatic antioxidant."

  153. Effects of vitamin D supplementation and circuit training on indices of obesity and insulin resistance in T2D and vitamin D deficient elderly women
     Hyoung-Jun Kim, Chang-Kyun Kang, Hyon Park, Man-Gyoon Lee
     PMC4241902 · Journal of Exercise Nutrition & Biochemistry · 2014-09-01
     https://doi.org/10.5717/jenb.2014.18.3.249
     "This study examined the effects of vitamin D and circuit training on obese, vitamin D-deficient elderly women with type 2 diabetes. Circuit training alone improved body composition, abdominal fat, and blood lipids, while combined treatment showed a trend toward improved insulin resistance."

  154. Effect of an 8-weeks aerobic training program in elderly on oxidative stress and Hsp72 expression in leukocytes during antioxidant supplementation
     David Simar; D. Malatesta; E. Mas; M. Delage; C. Caillaud
     PMC12878004 · The Journal of Nutrition, Health & Aging · 2011-07-04
     https://doi.org/10.1007/s12603-011-0106-5
     "To investigate the effect of aerobic training in the context of antioxidant supplementation on systemic oxidative stress and leukocytes heat shock protein (Hsp)72 expression in the elderly. Sixteen se"

  155. Influence of Vitamin D Supplementation by Sunlight or Oral D3 on Exercise Performance
     ALEXANDER T. CARSWELL, SAMUEL J. OLIVER, LAUREL M. WENTZ, DANIEL S. KASHI, ROSS ROBERTS, JONATHAN C....
     PMC6282681 · Medicine and Science in Sports and Exercise · 2018-12-01
     https://doi.org/10.1249/MSS.0000000000001721
     "A prospective study found vitamin D status positively correlated with endurance, but not strength or power. Supplementing to achieve vitamin D sufficiency via sunlight or oral D3 did not improve exercise performance."

  156. The effect of aquatic training and vitamin D3 supplementation on bone metabolism in postmenopausal obese women
     Foroozandeh Zaravar, Gholamhossein Tamaddon, Leila Zaravar, Maryam Koushkie Jahromi
     PMC10828811 · Journal of Exercise Science and Fitness · 2024-01-12
     https://doi.org/10.1016/j.jesf.2024.01.002
     "This study investigated the effects of aquatic training and vitamin D3 supplementation on bone metabolism in postmenopausal obese women. Combining both interventions was most effective for improving bone metabolism, while vitamin D alone was insufficient and aquatic training did not improve vitamin D levels."

  157. Vitamin E supplementation and pneumonia risk in males who initiated smoking at an early age: effect modification by body weight and dietary vitamin C
     Harri Hemilä, Jaakko Kaprio
     PMC2603040 · Nutrition Journal · 2008-01-01
     https://doi.org/10.1186/1475-2891-7-33
     "This study examined vitamin E's effect on pneumonia risk in early-smoking males. Vitamin E increased pneumonia risk in underweight and very overweight smokers, especially those with high dietary vitamin C."

  158. Effects of antioxidant-rich  foods  on altitude-induced oxidative stress and inflammation in elite endurance athletes: A randomized controlled trial
     Anu Elisa Koivisto, Thomas Olsen, Ingvild Paur, Gøran Paulsen, Nasser Ezzatkhah Bastani, Ina Garthe,...
     PMC6563980 · PLoS ONE · 2019-06-13
     https://doi.org/10.1371/journal.pone.0217895
     "Elite endurance athletes consumed antioxidant-rich foods during altitude training. This increased antioxidant capacity and reduced some inflammatory markers, but did not affect oxidative stress."

  159. Vitamin E Dietary Supplementation Improves Neurological Symptoms and Decreases c-Abl/p73 Activation in Niemann-Pick C Mice
     Tamara Marín, Pablo Contreras, Juan Francisco Castro, David Chamorro, Elisa Balboa, Mònica Bosch-Mor...
     PMC4145291 · Nutrients · 2014-07-30
     https://doi.org/10.3390/nu6083000
     "Dietary vitamin E supplementation was studied in Niemann-Pick C mice to assess its impact on neurological symptoms and disease progression. The supplementation delayed neurodegeneration, improved motor function, and reduced markers of oxidative stress and apoptosis."

  160. Marginal Ascorbate Status (Hypovitaminosis C) Results in an Attenuated Response to Vitamin C Supplementation
     Anitra C. Carr, Juliet M. Pullar, Stephanie M. Bozonet, Margreet C. M. Vissers
     PMC4924182 · Nutrients · 2016-06-03
     https://doi.org/10.3390/nu8060341
     "This study analyzed vitamin C supplementation in individuals with low baseline levels. A 50 mg/day supplement was insufficient to restore adequate vitamin C status in these individuals."

  161. Effect of resistance training plus enriched probiotic supplement on sestrin2, oxidative stress, and mitophagy markers in elderly male Wistar rats
     Majid Mohabbat, Hamid Arazi
     PMC10987664 · PMC · 2024-04-02
     https://www.ncbi.nlm.nih.gov/pmc/articles/PMC10987664/
     "Resistance training with a probiotic supplement was studied in aged rats. This combination improved antioxidant capacity and mitophagy markers, suggesting it may help reduce age-related muscle strength loss."

  162. Proteome-Driven Elucidation of Adaptive Responses
to Combined Vitamin E and C Deficiency in Zebrafish
     Ievgen Motorykin, Maret
G. Traber, Robert L. Tanguay, Claudia S. Maier
     PMC3993953 · Journal of Proteome Research · 2015-01-29
     https://doi.org/10.1021/pr401108d
     "This study investigated the proteomic changes in zebrafish due to combined vitamin E and C deficiency. Vitamin C deficiency, especially with vitamin E deficiency, induces stress responses and shifts cellular energy metabolism."

  163. Acute vitamin C improves cardiac function, not exercise capacity, in adults with type 2 diabetes
     Rebecca L. Scalzo, Timothy A. Bauer, Kylie Harrall, Kerrie Moreau, Cemal Ozemek, Leah Herlache, Shaw...
     PMC5813393 · Diabetology & Metabolic Syndrome · 2018-02-14
     https://doi.org/10.1186/s13098-018-0306-9
     "Acute vitamin C infusion was studied in adults with type 2 diabetes and healthy adults. Vitamin C improved diastolic cardiac function but did not affect exercise capacity or other measures of vascular function."

  164. Carbon tetrachloride-induced liver disease in rats: the potential effect of supplement oils with vitamins E and C on the nutritional status
     Rasha S. A. Ismail, Ashraf A. A. El-Megeid, Aly R. Abdel-Moemin
     PMC2716554 · GMS German Medical Science · 2009-06-30
     https://doi.org/10.3205/000064
     "This study investigated the effects of different oils and vitamin supplementation on carbon tetrachloride-induced liver damage in rats. Supplementing oils with vitamins E and C, particularly flaxseed oil, significantly improved liver function and histology."

  165. Effects of vitamin D supplementation combined with exercise on glucolipid metabolism in adults: A meta-analysis
     Yue Feng, Wenxing Zhou, Yanjun Niu
     PMC12392328 · iScience · 2025-07-29
     https://doi.org/10.1016/j.isci.2025.113243
     "This meta-analysis evaluated the effects of vitamin D and exercise combined on glucolipid metabolism. The combination significantly improved blood glucose, fasting insulin, and insulin resistance, and increased vitamin D levels."

  166. Effects of Methoxyisoflavone, Ecdysterone, and Sulfo-Polysaccharide Supplementation on Training Adaptations in Resistance-Trained Males
     Colin D Wilborn, Lemuel W Taylor, Bill I Campbell, Chad Kerksick, Chris J Rasmussen, Michael Greenwo...
     PMC2129166 · Journal of the International Society of Sports Nutrition · 2006-01-01
     https://doi.org/10.1186/1550-2783-3-2-19
     "Methoxyisoflavone, ecdysterone, and sulfo-polysaccharide were studied for their effects on resistance-trained males. Supplementation did not improve body composition, strength, or anabolic/catabolic markers."

  167. Effects of Vitamin C Supplementation on Plasma and Urinary Vitamin C Concentration in Korean Women
     Jayoung Choi, Do-Yeon Kim, Ryowon Choue, Hyunjung Lim
     PMC5539213 · Clinical Nutrition Research · 2017-07-01
     https://doi.org/10.7762/cnr.2017.6.3.198
     "This study investigated the effects of 100 mg and 2,000 mg vitamin C supplements on Korean women. Both doses increased plasma and urinary vitamin C, with the higher dose reducing oxidative stress and the lower dose reducing fatigue."

  168. Reexamination of a Meta-Analysis of the Effect of Antioxidant Supplementation on Mortality and Health in Randomized Trials
     Hans K. Biesalski, Tilman Grune, Jana Tinz, Iris Zöllner, Jeffrey B. Blumberg
     PMC3257709 · Nutrients · 2010-08-30
     https://doi.org/10.3390/nu2090929
     "This paper re-examines a meta-analysis on antioxidant supplementation. The re-evaluation found that most trials showed neutral or positive outcomes, suggesting benefits should be considered alongside risks."

  169. Influence of training status on high-intensity intermittent performance in response to β-alanine supplementation
     Vitor de Salles Painelli, Bryan Saunders, Craig Sale, Roger Charles Harris, Marina Yázigi Solis, Ham...
     PMC3984416 · Amino Acids · 2014-02-06
     https://doi.org/10.1007/s00726-014-1678-2
     "This study examined the impact of β-alanine supplementation on high-intensity cycling performance in trained and non-trained individuals. β-alanine improved performance in both groups, demonstrating its effectiveness regardless of training status."

  170. Effects of Resveratrol Supplementation and Exercise Training on Exercise Performance in Middle-Aged Mice
     Nai-Wen Kan, Chin-Shan Ho, Yen-Shuo Chiu, Wen-Ching Huang, Pei-Yu Chen, Yu-Tang Tung, Chi-Chang Huan...
     PMC6273571 · Molecules · 2016-05-18
     https://doi.org/10.3390/molecules21050661
     "This study investigated the combined effects of resveratrol supplementation and exercise training on middle-aged mice. The combination significantly improved muscle strength and endurance compared to individual interventions."

  171. Effects of 12-weeks resistance training and vitamin E supplementation on aminotransferases, CTRP-2, and CTRP-9 levels in males with nonalcoholic fatty liver disease: a double-blind, randomized trial
     Irfan Varmazyar, Amir Abbas Monazzami, Mozhgan Moradi, Andrew J McAinch
     PMC11373101 · PMC · 2024-09-04
     https://www.ncbi.nlm.nih.gov/pmc/articles/PMC11373101/
     "Resistance training and vitamin E supplementation were studied in males with NAFLD. Resistance training improved health markers, with vitamin E adding benefits only for aminotransferase levels."

  172. Regular sling core stabilization training improves bone density based on calcium and vitamin D supplementation
     Jing Liu, Daoming Xu, Lanying Liu, Chihuan Huang, Zhijie Guo, Di Zhang, Liyu Wei
     PMC10576283 · BMC Musculoskeletal Disorders · 2023-10-13
     https://doi.org/10.1186/s12891-023-06896-8
     "This paper reports on a case study of a 70-year-old woman with osteoporosis. Regular sling core stabilization training, combined with calcium and vitamin D supplementation, improved her bone density and relieved back pain."

  173. The combination of exercise training and  Zataria multiflora  supplementation increase serum irisin levels in postmenopausal women
     Abbass Ghanbari-Niaki, Ayoub Saeidi, Mehdi Ahmadian, Leila Gharahcholo, Nooshin Naghavi, Mohammad Fa...
     PMC5884011 · Integrative Medicine Research · 2018-01-31
     https://doi.org/10.1016/j.imr.2018.01.007
     "This study investigated the effects of exercise and *Zataria multiflora* supplementation on irisin levels in postmenopausal women. Combining exercise and supplementation significantly increased irisin compared to a control group."

  174. Vitamins C and E alleviate the deleterious effects of electronic cigarettes on tongue muscles and nerves in rat model
     Yasmine M. Tolba, Raghda A. Abou ayana, Dina A. Nagui
     PMC12269154 · BMC Oral Health · 2025-07-16
     https://doi.org/10.1186/s12903-025-06523-z
     "This study investigated electronic cigarette effects on rat tongue muscles and nerves, and the protective roles of vitamins C and E. Vitamins E and C, but not C alone, significantly mitigated electronic cigarette-induced oxidative damage and ultrastructural harm."

  175. Combined Effects of Spirulina Liquid Extract and Endurance Training on Aerobic Performance and Muscle Metabolism Adaptation in Wistar Rats
     Jordi Vignaud, Céline Loiseau, Martine Côme, Isabelle Martin, Rova Rasoanarivo, Josiane Hérault, Cla...
     PMC11769088 · Nutrients · 2025-01-14
     https://doi.org/10.3390/nu17020283
     "This study investigated the effects of Spirulina liquid extract and endurance training on Wistar rats. Spirulina supplementation improved aerobic performance and muscle adaptation by enhancing antioxidant defenses and mitochondrial biogenesis."

  176. The association of oxidative stress of neonatal hyperbilirubinemia and vitamin E supplementation
     Mohamed Zaeim Hafez Ahmed, Reham Helmy Amin Helmy Saad, Ahmad Gadalla, Ramadan Hassan Ibrahim Thabet...
     PMC11100342 · Clinical and Experimental Hepatology · 2024-03-17
     https://doi.org/10.5114/ceh.2024.136230
     "This study investigated the effect of vitamin E supplementation on neonatal hyperbilirubinemia treated with phototherapy. Vitamin E significantly reduced serum bilirubin levels and the duration of phototherapy."

  177. Resistance Training Diminishes Mitochondrial Adaptations to Subsequent Endurance Training
     Paulo H. C. Mesquita, Joshua S. Godwin, Bradley A. Ruple, Casey L. Sexton, Mason C. McIntosh, Breann...
     PMC10104141 · bioRxiv · 2023-04-06
     https://doi.org/10.1101/2023.04.06.535919
     "Resistance training followed by endurance training was studied in young adults. Prior resistance training diminished mitochondrial adaptations to subsequent endurance training."

  178. Effects of aerobic training and vitamin D supplementation on glycemic indices and adipose tissue gene expression in type 2 diabetic rats
     Kimya Khaledi, Rastegar Hoseini, Ahmad Gharzi
     PMC10290097 · Scientific Reports · 2023-06-23
     https://doi.org/10.1038/s41598-023-37489-z
     "Aerobic training and vitamin D supplementation were studied in type 2 diabetic rats. Combined intervention significantly upregulated key genes in visceral adipose tissue compared to individual treatments."

  179. The Effects of Omega-3 Supplementation Combined with Strength Training on Neuro-Biomarkers, Inflammatory and Antioxidant Responses, and the Lipid Profile in Physically Healthy Adults
     Sedat Okut, Murat Ozan, Yusuf Buzdağli, Halil Uçar, Muhammet Raşit İnaç, Muhammet Talha Han, Esra Ba...
     PMC12251297 · Nutrients · 2025-06-24
     https://doi.org/10.3390/nu17132088
     "This study examined the effects of omega-3 supplementation alongside strength training in healthy adults. The combination significantly improved lipid profiles, reduced inflammation, enhanced antioxidant status, boosted neuro-biomarkers, and increased physical performance."

  180. The Impact of Exercise Training and Supplemental Oxygen on Peripheral Muscles in Chronic Obstructive Pulmonary Disease: A Randomized Controlled Trial
     DANIEL NEUNHÄUSERER, MARTIN HUDELMAIER, DAVID NIEDERSEER, MARCO VECCHIATO, WOLFGANG WIRTH, EVA STEID...
     PMC10662626 · Medicine and Science in Sports and Exercise · 2023-12-01
     https://doi.org/10.1249/MSS.0000000000003268
     "This study investigated the effects of exercise training with or without supplemental oxygen on peripheral muscles in COPD patients. Supplemental oxygen enhanced exercise training's impact on peak work rate and muscle cross-sectional area, suggesting it aids training adaptations."

  181. Antioxidant supplementation in hypertension
     Mohammad Reza Ardalan, Mahmoud Rafieian-Kopaei
     PMC4206049 · Journal of Renal Injury Prevention · 2014-01-01
     https://doi.org/10.12861/jrip.2014.13

  182. Protein and the Adaptive Response With Endurance Training: Wishful Thinking or a Competitive Edge?
     Pim Knuiman, Maria T. E. Hopman, Conor Verbruggen, Marco Mensink
     PMC5974122 · Frontiers in Physiology · 2018-05-23
     https://doi.org/10.3389/fphys.2018.00598
     "This perspective reviews the current evidence on protein's role in endurance training adaptations. While acute exercise may increase amino acid oxidation, the impact of dietary protein on endurance performance remains largely unproven."

  183. The Synergistic Effects of Resveratrol combined with Resistant Training on Exercise Performance and Physiological Adaption
     Nai-Wen Kan, Mon-Chien Lee, Yu-Tang Tung, Chien-Chao Chiu, Chi-Chang Huang, Wen-Ching Huang
     PMC6212981 · Nutrients · 2018-09-22
     https://doi.org/10.3390/nu10101360
     "This study investigated the combined effects of resveratrol and resistance training on exercise performance and physiological adaptations in mice. The combination showed synergistic benefits for grip strength, anaerobic capacity, and lactate levels, suggesting potential for improved health and physical activity."

  184. The Effects of Supplementation with a Vitamin and Mineral Complex with Guaraná Prior to Fasted Exercise on Affect, Exertion, Cognitive Performance, and Substrate Metabolism: A Randomized Controlled Trial
     Rachel C. Veasey, Crystal F. Haskell-Ramsay, David O. Kennedy, Karl Wishart, Silvia Maggini, Caspar ...
     PMC4555111 · Nutrients · 2015-07-27
     https://doi.org/10.3390/nu7085272
     "A vitamin and mineral complex with guaraná was given to active males before fasted exercise. This supplementation reduced perceived exertion during exercise and improved subsequent memory performance."

  185. Aerobic training and vitamin E administration ameliorates cardiac apoptosis markers in rats exposed to methamphetamine
     Hamidreza Salimi, Amir Hossein Haghighi, Shima Ababzadeh, Hamid Marefati, Sadegh Abbasian, Amber L. ...
     PMC10811645 · European Journal of Translational Myology · 2023-12-11
     https://doi.org/10.4081/ejtm.2023.12112
     "This study investigated the effects of aerobic training and vitamin E on cardiac apoptosis markers in rats exposed to methamphetamine. Both aerobic training and vitamin E reduced markers of cardiac apoptosis induced by methamphetamine."

  186. Vitamin E Supplementation with  Rauwolfia Vomitoria  Root Bark Extract Improves Hematological Indices
     Akpanabiatu Monday Isaiah, Otitoju Olawale, Edet Emmanuel Effiong, Ndem Jessie Idongesit, Uwah Antho...
     PMC3296325 · PMC · 2012-02-01
     https://www.ncbi.nlm.nih.gov/pmc/articles/PMC3296325/
     "This study investigated the effects of vitamin E supplementation with *Rauwolfia vomitoria* root bark extract on rat hematology. The combination improved immunity and enhanced hematological indices, suggesting a therapeutic interaction."

  187. Vitamin C Supplementation Slightly Improves Physical Activity Levels and Reduces Cold Incidence in Men with Marginal Vitamin C Status: A Randomized Controlled Trial
     Carol S. Johnston, Gillean M. Barkyoumb, Sara S. Schumacher
     PMC4113757 · Nutrients · 2014-07-09
     https://doi.org/10.3390/nu6072572
     "This study investigated vitamin C supplementation's effects on physical activity and colds in men with marginal vitamin C status. Supplementation slightly increased physical activity and reduced cold incidence and duration."

  188. Serum Oxidant and Antioxidant Status in Adolescents Undergoing Professional Endurance Sports Training
     Tom K. Tong, Hua Lin, Giuseppe Lippi, Jinlei Nie, Ye Tian
     PMC3345234 · Oxidative Medicine and Cellular Longevity · 2012-01-01
     https://doi.org/10.1155/2012/741239
     "This study examined serum oxidant and antioxidant levels in adolescent endurance athletes versus untrained individuals. Athletes showed increased antioxidant enzymes, suggesting adaptation to exercise helps maintain redox balance."

  189. Effect of Antioxidants Supplementation on Aging and Longevity
     Izabela Sadowska-Bartosz, Grzegorz Bartosz
     PMC3982418 · BioMed Research International · 2014-01-01
     https://doi.org/10.1155/2014/404680
     "This paper reviews studies on antioxidant supplementation in model organisms to test the free radical theory of aging. Findings suggest that antioxidant effects on lifespan are often indirect or unrelated to their antioxidant properties, questioning the legitimacy of human supplementation."

  190. L-arginine Supplementation Does Not Enhance Anaerobic Performance in Trained Female Handball Players
     Mozhgan Mardokhi, Mohammad Rahman Rahimi, Saber Saedmocheshi, Manuel Vasquez-Muñoz, David Cristobal ...
     PMC12612831 · Journal of Human Kinetics · 2025-07-21
     https://doi.org/10.5114/jhk/197336
     "This study examined the effects of L-arginine supplementation combined with high-intensity interval training (HIIT) on female handball players. L-arginine supplementation did not enhance anaerobic performance beyond HIIT alone and may negatively impact agility."

  191. Dietary Nitrate Supplementation and Exercise Performance
     Andrew M. Jones
     PMC4008816 · PMC · 2014-05-03
     https://www.ncbi.nlm.nih.gov/pmc/articles/PMC4008816/
     "This review examines how dietary nitrate supplementation affects exercise performance. Findings suggest nitrate can reduce exercise oxygen cost and improve performance by increasing nitric oxide availability."

  192. Independent and Combined Effects of Antioxidant Supplementation and Circuit Resistance Training on Selected Adipokines in Postmenopausal Women
     Ayoub Saeidi, Georges Jabbour, Mehdi Ahmadian, Asieh Abbassi-Daloii, Fatemeh Malekian, Anthony C. Ha...
     PMC6499001 · Frontiers in Physiology · 2019-04-26
     https://doi.org/10.3389/fphys.2019.00484
     "Circuit resistance training and Zataria Multiflora supplementation were studied in postmenopausal women. The combination of both interventions showed greater improvements in selected adipokines than either intervention alone."

  193. The effects of exercise training and nutritional supplementation on taekwondo performance: a systematic review and meta-analysis
     Chen Xu, Wenxin Zhang, Lin Luo
     PMC12739882 · Frontiers in Nutrition · 2025-12-11
     https://doi.org/10.3389/fnut.2025.1618612
     "This systematic review and meta-analysis quantified the effects of exercise training and nutritional supplementation on taekwondo performance. Both interventions significantly improved agility, kick performance, and aerobic capacity, though results should be generalized cautiously."

  194. Vitamin E in Sarcopenia: Current Evidences on Its Role in Prevention and Treatment
     Shy Cian Khor, Norwahidah Abdul Karim, Wan Zurinah Wan Ngah, Yasmin Anum Mohd Yusof, Suzana Makpol
     PMC4109111 · Oxidative Medicine and Cellular Longevity · 2014-01-01
     https://doi.org/10.1155/2014/914853
     "This review examines vitamin E's potential role in preventing and treating sarcopenia, an age-related muscle loss syndrome. While promising antioxidant properties exist, current evidence for its direct impact on muscle health remains inconclusive."

  195. Effects of ingesting a pre-workout dietary supplement with and without synephrine for 8 weeks on training adaptations in resistance-trained males
     Y. Peter Jung, Conrad P. Earnest, Majid Koozehchian, Minye Cho, Nick Barringer, Dillon Walker, Chris...
     PMC5234097 · Journal of the International Society of Sports Nutrition · 2017-01-03
     https://doi.org/10.1186/s12970-016-0158-3
     "This study investigated the effects of a pre-workout supplement with and without synephrine on resistance-trained males over 8 weeks. No significant differences were found in most training adaptations, but some improvements in cognitive function and strength were observed with the supplement."

  196. Chronic CaMKII inhibition blunts the cardiac contractile response to exercise training
     Guri Kaurstad, Marcia N. Alves, Ole J. Kemi, Natale Rolim, Morten A. Høydal, Helene Wisløff, Tomas O...
     PMC3258410 · European Journal of Applied Physiology · 2011-05-26
     https://doi.org/10.1007/s00421-011-1994-0
     "Chronic CaMKII inhibition was studied in mice undergoing exercise training. This inhibition blunted the improvement in cardiac contractile function typically seen with exercise, despite a paradoxical increase in maximal oxygen uptake."

  197. Biomarkers of Antioxidant Status, Inflammation, and Cartilage Metabolism Are Affected by Acute Intense Exercise but Not Superoxide Dismutase Supplementation in Horses
     Emily D. Lamprecht, Carey A. Williams
     PMC3423952 · Oxidative Medicine and Cellular Longevity · 2012-01-01
     https://doi.org/10.1155/2012/920932
     "Acute intense exercise in horses increased biomarkers of inflammation and cartilage metabolism, but not antioxidant status. Superoxide dismutase supplementation did not alter these responses."

  198. Association of vitamin C, vitamin D, vitamin E and risk of bladder cancer: a dose-response meta-analysis
     Fuqiang Chen, Qingshu Li, Yang Yu, Wenrong Yang, Fei Shi, Yan Qu
     PMC5386108 · Scientific Reports · 2015-04-23
     https://doi.org/10.1038/srep09599
     "This meta-analysis examined the link between vitamins C, D, and E and bladder cancer risk. Higher vitamin D and E intake, particularly alpha-tocopherol, may reduce risk, while gamma-tocopherol might increase it, with effects more pronounced in smokers."

  199. Cornu cervi pantotrichum  supplementation improves physiological adaptions during intensive endurance training
     Wen-Ching HUANG, Chi-Chang HUANG, Hsiao-Li CHUANG, Chien-Chao CHIU, Wen-Chyuan CHEN, Mei-Chich HSU
     PMC5383196 · The Journal of Veterinary Medical Science · 2017-02-03
     https://doi.org/10.1292/jvms.16-0623
     "This study investigated the effects of Cornu cervi pantotrichum (CCP) supplementation on mice undergoing intensive endurance training. CCP supplementation improved physiological adaptations related to fatigue and energy consumption, and maintained fat composition compared to training alone."

  200. Vitamin E and Bone Structural Changes: An Evidence-Based Review
     Isa Naina Mohamed, Boekhtiar Borhanuddin, Ahmad Nazrun Shuid, Nur Farhana Mohd Fozi
     PMC3483709 · PMC · 2012-01-01
     https://www.ncbi.nlm.nih.gov/pmc/articles/PMC3483709/
     "This review examined vitamin E's effects on bone structure, analyzing 11 studies. Some animal studies showed positive bone changes with vitamin E, particularly tocotrienols, suggesting potential for osteoporosis research."

  201. Concurrent effects of high-intensity interval training and vitamin D supplementation on bone metabolism among women diagnosed with osteoporosis: a randomized controlled trial
     Ahmad H. Alghadir, Sami A. Gabr, Amir Iqbal
     PMC12010601 · BMC Musculoskeletal Disorders · 2025-04-21
     https://doi.org/10.1186/s12891-025-08275-x
     "This study examined the effects of 16 weeks of high-intensity interval training (HIIT) and vitamin D supplementation on bone metabolism in women with osteoporosis. Concurrent HIIT and vitamin D supplementation significantly improved bone mineral density and bone metabolism markers more than either intervention alone."

  202. Effects of Exercise Training under Hyperbaric Oxygen on Oxidative Stress Markers and Endurance Performance in Young Soccer Players: A Pilot Study
     Carlos Burgos, Carlos Henríquez-Olguín, David Cristóbal Andrade, Rodrigo Ramírez-Campillo, Oscar F. ...
     PMC5204103 · PMC · 2016-01-01
     https://www.ncbi.nlm.nih.gov/pmc/articles/PMC5204103/
     "This pilot study investigated the effects of hyperbaric oxygen training on young soccer players. The training improved endurance performance without increasing oxidative stress markers."

  203. Sex differences in the effect of fish-oil supplementation on the adaptive response to resistance exercise training in older people: a randomized controlled trial 1 2
     Mariasole Da Boit, Rachael Sibson, Selvaraj Sivasubramaniam, Judith R Meakin, Carolyn A Greig, Richa...
     PMC5183731 · The American Journal of Clinical Nutrition · 2017-01-01
     https://doi.org/10.3945/ajcn.116.140780
     "This study investigated fish oil supplementation's effect on resistance training adaptations in older adults, comparing men and women. Fish oil enhanced muscle strength and quality in women, but not in men, though it lowered triglycerides in both sexes."

  204. Effects of ovariectomy and resistance training on oxidative stress markers in the rat liver
     Maria Fernanda Cury Rodrigues, Uliana Sbeguen Stotzer, Mateus Moraes Domingos, Rafael Deminice, Gilb...
     PMC3782731 · PMC · 2013-09-01
     https://www.ncbi.nlm.nih.gov/pmc/articles/PMC3782731/
     "This study investigated resistance training's effects on liver oxidative stress in ovariectomized rats. The training did not reduce oxidative stress and worsened the oxidative balance in these rats."

  205. Evidence for beneficial effects of vitamin E
     Etsuo Niki
     PMC4578028 · PMC · 2015-09-01
     https://www.ncbi.nlm.nih.gov/pmc/articles/PMC4578028/
     "This review discusses vitamin E's role as an antioxidant in diseases linked to oxidative stress. Vitamin E benefits individuals with oxidative stress if administered correctly in terms of timing and duration."

  206. Beet supplementation mitigates post-exercise inflammation
     David C. Nieman, Camila A. Sakaguchi, James C. Williams, Fayaj A. Mulani, Patil Shivprasad Suresh, A...
     PMC11169660 · PMC · 2024-05-30
     https://www.ncbi.nlm.nih.gov/pmc/articles/PMC11169660/
     "A mixed beet-based supplement was tested against a placebo in cyclists after intensive exercise. The supplement increased nitrate/nitrite levels and reduced inflammation-related proteins and oxylipins post-exercise."

  207. A blinded, placebo‐controlled study on the clinical effects of vitamin E supplementation in dogs with osteoarthritis
     Casey L. Gordon, Samantha J. Reeves, Richard K. Burchell, Craig Thomson, Arnon Gal, Nicolas Lopez‐Vi...
     PMC10472994 · Journal of Veterinary Internal Medicine · 2023-07-31
     https://doi.org/10.1111/jvim.16816
     "This study investigated vitamin E supplementation in dogs with osteoarthritis. Vitamin E did not improve pain, lameness, quality of life, or reduce pain medication needs."

  208. Effects of medium-term green tea extract supplementation combined with CrossFit workout on blood antioxidant status and serum brain-derived neurotrophic factor in young men: a pilot study
     Ewa Sadowska-Krępa, Przemysław Domaszewski, Ilona Pokora, Aleksandra Żebrowska, Agnieszka Gdańska, T...
     PMC6429762 · Journal of the International Society of Sports Nutrition · 2019-03-21
     https://doi.org/10.1186/s12970-019-0280-0
     "This pilot study examined the effects of green tea extract (GTE) and CrossFit on young men's antioxidant status and BDNF. GTE supplementation, combined with CrossFit, showed a greater increase in antioxidant capacity compared to placebo, with some improvements in antioxidant enzymes."

  209. Effects of arachidonic acid supplementation on training adaptations in resistance-trained males
     Michael D Roberts, Mike Iosia, Chad M Kerksick, Lem W Taylor, Bill Campbell, Colin D Wilborn, Travis...
     PMC2217562 · Journal of the International Society of Sports Nutrition · 2007-01-01
     https://doi.org/10.1186/1550-2783-4-21
     "This study investigated arachidonic acid (AA) supplementation's effects on resistance-trained males. AA supplementation enhanced anaerobic capacity and reduced inflammation, but did not significantly improve strength, muscle mass, or hypertrophy markers."

  210. Vitamin C: should we supplement?
     Angélique M.E. Spoelstra-de Man, Paul W.G. Elbers, Heleen M. Oudemans-Van Straaten
     PMC6039380 · Current Opinion in Critical Care · 2018-08-01
     https://doi.org/10.1097/MCC.0000000000000510
     "This paper reviews vitamin C's role in critically ill patients, where deficiency is common. Pharmacological doses may reduce organ dysfunction and mortality, but more research is needed."

  211. Arginine and antioxidant supplement on performance in elderly male cyclists: a randomized controlled trial
     Steve Chen, Woosong Kim, Susanne M Henning, Catherine L Carpenter, Zhaoping Li
     PMC2860344 · Journal of the International Society of Sports Nutrition · 2010-01-01
     https://doi.org/10.1186/1550-2783-7-13
     "An L-arginine and antioxidant supplement was tested on elderly male cyclists. The supplement increased anaerobic threshold but did not affect VO2 max."

  212. A functional evaluation of anti-fatigue and exercise performance improvement following vitamin B complex supplementation in healthy humans, a randomized double-blind trial
     Mon-Chien Lee, Yi-Ju Hsu, Sih-Yu Shen, Chin-Shan Ho, Chi-Chang Huang
     PMC10542023 · International Journal of Medical Sciences · 2023-01-01
     https://doi.org/10.7150/ijms.86738
     "This study investigated the effects of vitamin B complex supplementation on exercise performance and fatigue. Supplementation significantly improved endurance and reduced fatigue markers without adverse effects."

  213. Effects of multi-ingredient supplementation on resistance training in young males
     Mark ET Willems, Chris W Sallis, Jonathan A Haskell
     PMC3588667 · Journal of Human Kinetics · 2012-06-01
     https://doi.org/10.2478/v10078-012-0048-y
     "A multi-ingredient supplement was tested alongside resistance training in young males. The supplement enhanced some strength and endurance measures, but not others."

  214. Effects of Endurance Training on Antioxidant and Hormonal Status in Peripheral Blood of Young Healthy Men
     Stanimir Stojiljković, Ljubica Gavrilović, Snežana Pejić, Snežana B. Pajović, Marija Macura, Dragan ...
     PMC11355762 · Life · 2024-07-24
     https://doi.org/10.3390/life14080921
     "An 8-week endurance running program was studied in young men. The training improved antioxidant capacity and hormonal balance, indicating adaptation without persistent oxidative stress."

  215. A Comparison of Natural (D-α-tocopherol) and Synthetic (DL-α-tocopherol Acetate) Vitamin E Supplementation on the Growth Performance, Meat Quality and Oxidative Status of Broilers
     K. Cheng, Y. Niu, X. C. Zheng, H. Zhang, Y. P. Chen, M. Zhang, X. X. Huang, L. L. Zhang, Y. M. Zhou,...
     PMC4852230 · Asian-Australasian Journal of Animal Sciences · 2016-05-01
     https://doi.org/10.5713/ajas.15.0819
     "This study compared natural and synthetic vitamin E supplementation in broilers. Natural vitamin E enhanced muscle α-tocopherol retention, improved meat quality, and boosted antioxidant capacity more than synthetic vitamin E."

  216. Influence of Vitamin E Supplementation on Glycaemic Control: A Meta-Analysis of Randomised Controlled Trials
     Renfan Xu, Shasha Zhang, Anyu Tao, Guangzhi Chen, Muxun Zhang
     PMC3989270 · PLoS ONE · 2014-01-01
     https://doi.org/10.1371/journal.pone.0095008
     "This meta-analysis examined vitamin E supplementation's effect on glycaemic control in type 2 diabetes. Vitamin E supplementation did not significantly improve HbA1c, fasting glucose, or fasting insulin, except in patients with low baseline vitamin E."

  217. EFFECTS OF L-ASCORBIC ACID AND ALPHA-TOCOPHEROL ON BIOCHEMICAL PARAMETERS OF SWIMMING-INDUCED OXIDATIVE STRESS IN SERUM OF GUINEA PIGS
     Marija Bursać-Mitrović, Dragan R. Milovanović, Radoslav Mitić, Danijela Jovanović, Miroslav Sovrlić,...
     PMC5566150 · PMC · 2016-01-01
     https://www.ncbi.nlm.nih.gov/pmc/articles/PMC5566150/
     "This study investigated the effects of L-ascorbic acid and alpha-tocopherol on biochemical markers of oxidative stress in guinea pigs after swimming. The vitamins demonstrated protective antioxidant activity, with combined treatments showing a synergistic effect."

  218. Efficacy of Vitamin C Supplements in Prevention of Cancer: A Meta-Analysis of Randomized Controlled Trials
     Bobae Lee, Seung-Won Oh, Seung-Kwon Myung
     PMC4666862 · Korean Journal of Family Medicine · 2015-11-01
     https://doi.org/10.4082/kjfm.2015.36.6.278
     "A meta-analysis of seven randomized controlled trials examined vitamin C supplements for cancer prevention. The analysis found no significant association between vitamin C supplementation and reduced cancer risk."

  219. Effect of vitamin D supplementation on upper and lower limb muscle strength and muscle power in athletes: A meta-analysis
     Lin Zhang, Minghui Quan, Zhen-Bo Cao
     PMC6490896 · PLoS ONE · 2019-04-30
     https://doi.org/10.1371/journal.pone.0215826
     "This meta-analysis examined the effect of vitamin D supplementation on athlete muscle strength and power. Vitamin D supplementation positively impacted lower limb muscle strength, but not upper limb strength or muscle power."

  220. Cardioprotection conferred by exercise training is blunted by blockade of the opioid system
     Tatiana F G Galvão, Katt C Matos, Patrícia C Brum, Carlos E Negrão, Protásio Lemos da Luz, Antônio C...
     PMC3044560 · Clinics · 2011-01-01
     https://doi.org/10.1590/S1807-59322011000100026
     "Exercise training and other interventions were studied for their cardioprotective effects. Opioid receptor blockade blunted the cardioprotective benefits of exercise training, suggesting a role for opioids in this protection."

  221. Effect of thyme extract supplementation on lipid peroxidation, antioxidant capacity, PGC-1α content and endurance exercise performance in rats
     Mostafa Khani, Pezhman Motamedi, Mohammad Reza Dehkhoda, Saeed Dabagh Nikukheslat, Pouran Karimi
     PMC5401469 · Journal of the International Society of Sports Nutrition · 2017-04-21
     https://doi.org/10.1186/s12970-017-0167-x
     "This study investigated the effects of thyme extract supplementation on endurance exercise in rats. Thyme extract supplementation prolonged exercise tolerance but did not improve antioxidant capacity or mitochondrial biogenesis markers."

  222. Does vitamin-D intake during resistance training improve the skeletal muscle hypertrophic and strength response in young and elderly men? – a randomized controlled trial
     Jakob Agergaard, Jeanette Trøstrup, Jacob Uth, Jonas Vestergard Iversen, Anders Boesen, Jesper L. An...
     PMC4589960 · Nutrition & Metabolism · 2015-09-30
     https://doi.org/10.1186/s12986-015-0029-y
     "This study investigated vitamin-D's impact on muscle growth and strength during resistance training in young and elderly men. Vitamin-D supplementation did not enhance muscle hypertrophy or strength gains, though some molecular changes were observed in young men."

  223. Metabolomic Analysis of Vitamin E Supplement Use in the Prostate, Lung, Colorectal, and Ovarian Cancer Screening Trial
     Jungeun Lim, Hyokyoung G. Hong, Stephanie J. Weinstein, Mary C. Playdon, Amanda J. Cross, Rachael St...
     PMC10343751 · Nutrients · 2023-06-22
     https://doi.org/10.3390/nu15132836
     "This study analyzed serum metabolomic profiles in relation to vitamin E dosages from a cancer screening trial. Vitamin E supplementation was associated with changes in various metabolites, including steroid hormones, with sex-specific differences observed."

  224. Exercise without Weight Loss Prevents Seasonal Decline in Vitamin D Metabolites: The VitaDEx Randomized Controlled Trial
     Oliver J. Perkin, Sophie E. Davies, Martin Hewison, Kerry S. Jones, Javier T. Gonzalez, James A. Bet...
     PMC12165100 · Advanced Science · 2025-05-11
     https://doi.org/10.1002/advs.202416312
     "This randomized controlled trial studied the effect of exercise on vitamin D metabolites in overweight adults during winter. Regular exercise maintained active vitamin D levels and may prevent declines in other vitamin D metabolites, independent of weight loss."

  225. Antioxidants to Supplement or Not to Supplement That Is the Question
     Stanley Omaye, Nabil Elsayed
     PMC4665397 · Antioxidants · 2012-09-25
     https://doi.org/10.3390/antiox1010001

  226. Effects of Zinc Magnesium Aspartate (ZMA) Supplementation on Training Adaptations and Markers of Anabolism and Catabolism
     Colin D Wilborn, Chad M Kerksick, Bill I Campbell, Lem W Taylor, Brandon M Marcello, Christopher J R...
     PMC2129161 · Journal of the International Society of Sports Nutrition · 2004-01-01
     https://doi.org/10.1186/1550-2783-1-2-12
     "This study investigated ZMA supplementation's effects on training adaptations and hormone profiles in resistance-trained males. ZMA did not significantly improve training adaptations, body composition, or hormone levels compared to placebo."

  227. Efficacy of Vitamin and Antioxidant Supplements in Prevention of Esophageal Cancer: Meta-analysis of Randomized Controlled Trials
     Seung-Kwon Myung, Hyo Jin Yang
     PMC4189455 · Journal of Cancer Prevention · 2013-06-01
     https://doi.org/10.15430/JCP.2013.18.2.135
     "This meta-analysis examined randomized controlled trials on vitamin and antioxidant supplements for esophageal cancer prevention. The findings indicate no evidence that these supplements prevent esophageal cancer."

  228. Inter-Individual Variability in the Adaptive Responses to Endurance and Sprint Interval Training: A Randomized Crossover Study
     Jacob T. Bonafiglia, Mario P. Rotundo, Jonathan P. Whittall, Trisha D. Scribbans, Ryan B. Graham, Br...
     PMC5147982 · PLoS ONE · 2016-12-09
     https://doi.org/10.1371/journal.pone.0167790
     "This study investigated individual responses to endurance and sprint interval training in adults. Both training types elicited varied adaptations, with no consistent response patterns between them, though all participants responded to at least one intervention."

  229. Iron Supplementation during Three Consecutive Days of Endurance Training Augmented Hepcidin Levels
     Aya Ishibashi, Naho Maeda, Akiko Kamei, Kazushige Goto
     PMC5579614 · Nutrients · 2017-07-30
     https://doi.org/10.3390/nu9080820
     "This study investigated the impact of three days of intense endurance training and iron supplementation on hepcidin levels in male athletes. Iron supplementation during this training period significantly augmented hepcidin levels compared to placebo."

  230. Effects of Plyometric Training and Beta-Alanine Supplementation on Maximal-Intensity Exercise and Endurance in Female Soccer Players
     Fabián Rosas, Rodrigo Ramírez-Campillo, Cristian Martínez, Alexis Caniuqueo, Rodrigo Cañas-Jamet, Em...
     PMC5548158 · Journal of Human Kinetics · 2017-08-01
     https://doi.org/10.1515/hukin-2017-0072
     "This study investigated the combined effects of plyometric training and beta-alanine supplementation on female soccer players. Beta-alanine supplementation alongside plyometric training enhanced endurance, repeated sprinting, and repeated jumping performance more than plyometric training alone."

  231. Effect of vitamin C injections on exercise muscular performance and biochemical parameters in  Trichinella spiralis -infected mice
     Hadeer Abd El-hak Rashed, Bander Albogami, Abdulsalam A. M. Alkhaldi, Najlaa Y. Abuzinadah, Samah S....
     PMC11568815 · PeerJ · 2024-11-13
     https://doi.org/10.7717/peerj.18381
     "This study investigated vitamin C injections' effects on exercise performance and biochemical markers in mice infected with *Trichinella spiralis*. Vitamin C improved muscular performance, reduced histological damage, and ameliorated biochemical markers of oxidative stress and muscle damage."

  232. Sake Protein Supplementation Affects Exercise Performance and Biochemical Profiles in Power-Exercise-Trained Mice
     Yi-Ming Chen, Che-Li Lin, Li Wei, Yi-Ju Hsu, Kuan-Neng Chen, Chi-Chang Huang, Chin-Hsung Kao
     PMC4772068 · Nutrients · 2016-02-20
     https://doi.org/10.3390/nu8020106
     "A power exercise training program was used to study the effects of sake protein supplementation in mice. Sake protein supplementation enhanced anti-fatigue activity and improved biochemical profiles in trained mice."

  233. Building strength, endurance, and mobility using an astaxanthin formulation with functional training in elderly
     Sophia Z. Liu, Amir S. Ali, Matthew D. Campbell, Kevin Kilroy, Eric G. Shankland, Baback Roshanravan...
     PMC6204600 · Journal of Cachexia, Sarcopenia and Muscle · 2018-09-26
     https://doi.org/10.1002/jcsm.12318
     "An astaxanthin formulation was tested with functional training in elderly subjects. The formulation improved muscle strength and size, in addition to exercise-induced gains in endurance and mobility."

  234. Training and Adaptation of Beef Calves to Precision Supplementation Technology for Individual Supplementation in Grazing Systems
     Joshua L. Jacobs, Matt J. Hersom, John G. Andrae, Susan K. Duckett
     PMC10525824 · Animals : an Open Access Journal from MDPI · 2023-09-09
     https://doi.org/10.3390/ani13182872
     "Beef calves were trained to use precision feeders for individual supplementation. The study assessed adaptation rates and feeding patterns of different calf groups to this technology."

  235. Effects of High-Dose Vitamin D Supplementation and Physical Exercise on Vitamin D Metabolites in Professional Football Players: A Pilot Study
     Anna Książek, Aleksandra Zagrodna, Konrad Kowalski
     PMC12787493 · Nutrients · 2026-01-05
     https://doi.org/10.3390/nu18010175
     "This pilot study examined vitamin D metabolite changes in professional football players during and after exercise, with and without high-dose supplementation. Physical activity increased vitamin D metabolites, and supplementation further amplified these levels, suggesting rapid status improvement."

  236. Optimizing vitamin supplementation via reference interval update of vitamins A, E, B1, and B6 using HPLC
     Andrea Caballero, Gonzalo Gonzalez-Silva, Pablo Gabriel-Medina, Marc Cuadros, Alfonso Ayora, Albert ...
     PMC11936734 · PMC · 2025-03-01
     https://www.ncbi.nlm.nih.gov/pmc/articles/PMC11936734/
     "Reference intervals for vitamins A, E, B1, and B6 were updated for an adult population using HPLC. The new values differ from manufacturer recommendations and may improve deficiency detection."

  237. Effects of Endurance Training and Chlorogenic Acid on Oxidative and Nitrosative Stress Markers in Prediabetic Male Mice
     Sahar Ghasemi Pour, Sayyed M. Marandi
     PMC11878644 · PMC · 2025-01-01
     https://www.ncbi.nlm.nih.gov/pmc/articles/PMC11878644/
     "Endurance training and chlorogenic acid were studied for their effects on oxidative and nitrosative stress in prediabetic mice. Both interventions improved antioxidant capacity, with endurance training reducing glutathione and chlorogenic acid increasing total antioxidant capacity."

  238. The Role of Vitamin E in Preventing and Treating Osteoarthritis – A Review of the Current Evidence
     Kok-Yong Chin, Soelaiman Ima-Nirwana
     PMC6113565 · PMC · 2018-08-21
     https://www.ncbi.nlm.nih.gov/pmc/articles/PMC6113565/
     "This review examines vitamin E's role in osteoarthritis, focusing on its antioxidant and anti-inflammatory properties. Evidence suggests vitamin E may slow osteoarthritis progression by reducing oxidative stress and inflammation."

  239. The effects of endurance training and thiamine supplementation on anti-fatigue during exercise
     Sung-Keun Choi, Seung-Hui Baek, Seung-Wook Choi
     PMC4241913 · Journal of Exercise Nutrition & Biochemistry · 2013-12-01
     https://doi.org/10.5717/jenb.2013.17.4.189
     "Endurance training and thiamine supplementation were studied for their anti-fatigue effects during exercise. Both interventions significantly reduced lactate and ammonia concentrations, suggesting thiamine offers similar benefits to training."

  240. Effects of Vitamin and Antioxidant Supplements in Prevention of Bladder Cancer: a Meta-Analysis of Randomized Controlled Trials
     So-Jung Park, Seung-Kwon Myung, Yunju Lee, Yong-Jae Lee
     PMC5334161 · Journal of Korean Medical Science · 2017-04-01
     https://doi.org/10.3346/jkms.2017.32.4.628
     "This meta-analysis examined vitamin and antioxidant supplements for bladder cancer prevention across fourteen RCTs. These supplements showed no preventive effect, with beta-carotene alone potentially increasing risk."

  241. Effects of 8 weeks of Xpand® 2X pre workout supplementation on skeletal muscle hypertrophy, lean body mass, and strength in resistance trained males
     Ryan P Lowery, Jordan M Joy, Joshua E Dudeck, Eduardo Oliveira de Souza, Sean A McCleary, Shawn Well...
     PMC3851572 · Journal of the International Society of Sports Nutrition · 2013-01-01
     https://doi.org/10.1186/1550-2783-10-44
     "This study investigated the effects of an 8-week pre-workout supplement on resistance-trained males. The supplement significantly increased bench press strength, lean body mass, and quadriceps muscle thickness compared to a placebo."

  242. Shatavari supplementation during eight weeks of resistance training increases training load, enhances skeletal muscle contractility and alters the skeletal muscle proteome in older women
     Elsa Greed, Jack Pritchard, Lauren Struszczak, Esra Bozbaş, Georgia Ek, Jordan Acheson, Ben Winney, ...
     PMC11743497 · Frontiers in Nutrition · 2025-01-06
     https://doi.org/10.3389/fnut.2024.1498674
     "Shatavari supplementation was studied in older women undergoing resistance training. It increased training load, improved muscle relaxation speed, and altered muscle protein expression, suggesting reduced neuromuscular fatigue."

  243. Effects of Urolithin A supplementation on performance and antioxidant status in academy soccer players during preseason: a pilot randomised controlled trial
     Andrea Monsalve Acevedo, Colin Sanctuary, Robert John Aitken, Alex Wilkins, Natasha Harrison, Mitche...
     PMC12611738 · Frontiers in Nutrition · 2025-10-30
     https://doi.org/10.3389/fnut.2025.1674446
     "This pilot study investigated Urolithin A supplementation in academy soccer players during preseason training. Urolithin A supplementation significantly improved aerobic endurance compared to placebo."

  244. Cranberry supplementation improves physiological markers of performance in trained runners
     Francis Parenteau, Veronica Furno Puglia, Mary Roberts, Alain Steve Comtois, Andreas Bergdahl
     PMC10844722 · Physical Activity and Nutrition · 2023-12-01
     https://doi.org/10.20463/pan.2023.0032
     "This study investigated cranberry extract's effects on trained runners' performance and physiological markers. Chronic supplementation improved running performance and muscle reoxygenation, and buffered lactate response during shorter races."

  245. The effect of methyl sulphonyl methane supplementation on biomarkers of oxidative stress in sport horses following jumping exercise
     Gonzalo Marañón, Bárbara Muñoz-Escassi, William Manley, Cruz García, Patricia Cayado, Mercedes Sánch...
     PMC2586020 · Acta Veterinaria Scandinavica · 2008-01-01
     https://doi.org/10.1186/1751-0147-50-45
     "This study investigated the effects of methyl sulfonyl methane (MSM) and vitamin C supplementation on oxidative stress markers in sport horses after jumping exercise. MSM supplementation, especially when combined with vitamin C, significantly reduced exercise-induced increases in oxidative stress and inflammation."

  246. Powdered tart cherry supplementation surrounding a single bout of intense resistance exercise demonstrates potential attenuation of recovery strength decrement with no definitive oxidative or inflammatory effect
     K Levers, R Dalton, E Galvan, C Goodenough, A O'Connor, S Simbo, N Barringer, S Mertens-Talcott, C R...
     PMC4594794 · Journal of the International Society of Sports Nutrition · 2015-01-01
     https://doi.org/10.1186/1550-2783-12-S1-P25

  247. Effects of β-Alanine Supplementation on Subjects Performing High-Intensity Functional Training
     Eduardo Cimadevilla-Fernández-Pola, Cristina Martínez-Roldán, Jose Luis Maté-Muñoz, Jesús Guodemar-P...
     PMC11280034 · Nutrients · 2024-07-19
     https://doi.org/10.3390/nu16142340
     "This study investigated the effects of four weeks of β-alanine supplementation on individuals performing High-Intensity Functional Training. β-alanine supplementation improved vertical jump and jumping power without significantly altering fatigue or perceived exertion."

  248. Vitamin E and Alzheimer’s Disease—Is It Time for Personalized Medicine?
     Breana Cervantes, Lynn M. Ulatowski
     PMC5618073 · PMC · 2017-06-24
     https://www.ncbi.nlm.nih.gov/pmc/articles/PMC5618073/
     "This paper reviews the debate on vitamin E's efficacy for Alzheimer's disease, considering different forms, combination treatments, and safety. It proposes that genetic variations influencing vitamin E metabolism may necessitate a personalized medicine approach for future clinical trials."

  249. Effects of 𝛽-Hydroxy-𝛽-methylbutyrate-free Acid Supplementation on Strength, Power and Hormonal Adaptations Following Resistance Training
     Abbas Asadi, Hamid Arazi, Katsuhiko Suzuki
     PMC5748766 · Nutrients · 2017-12-02
     https://doi.org/10.3390/nu9121316
     "This study investigated the effects of HMB-FA supplementation during resistance training on strength, power, and hormonal responses in men. HMB-FA supplementation enhanced power and strength gains and positively influenced growth hormone and IGF-1 levels, while reducing ACTH and cortisol."

  250. No effect of beetroot juice supplementation on exercise economy and performance in recreationally active females despite increased torque production
     Kate A. Wickham, Devin G. McCarthy, Jamie M. Pereira, Daniel T. Cervone, Lex B. Verdijk, Luc J. C. v...
     PMC6336290 · PMC · 2019-01-17
     https://www.ncbi.nlm.nih.gov/pmc/articles/PMC6336290/
     "This study examined beetroot juice supplementation's impact on exercise economy and performance in recreationally active females. Beetroot juice did not improve exercise economy or time trial performance, despite increasing low-frequency torque production."

  251. Human skeletal muscle ascorbate is highly responsive to changes in vitamin C intake and plasma concentrations 1 2 3
     Anitra C Carr, Stephanie M Bozonet, Juliet M Pullar, Jeremy W Simcock, Margreet CM Vissers
     PMC3607654 · The American Journal of Clinical Nutrition · 2013-04-01
     https://doi.org/10.3945/ajcn.112.053207
     "Skeletal muscle ascorbate levels were studied in response to vitamin C intake from kiwifruit. Muscle ascorbate concentrations significantly increased with intake and were more responsive than leukocytes."

  252. Effects of Vitamin E on Cognitive Performance during Ageing and in Alzheimer’s Disease
     Giorgio La Fata, Peter Weber, M. Hasan Mohajeri
     PMC4276978 · PMC · 2014-11-28
     https://www.ncbi.nlm.nih.gov/pmc/articles/PMC4276978/
     "This review examines vitamin E's role in cognitive performance during aging and Alzheimer's disease. Inconsistent study outcomes mean vitamin E's benefit for neurodegenerative disorders remains debated."

  253. Vitamin E and Alzheimer’s disease: what do we know so far?
     Declan Browne, Bernadette McGuinness, Jayne V Woodside, Gareth J McKay
     PMC6645610 · PMC · 2019-07-18
     https://www.ncbi.nlm.nih.gov/pmc/articles/PMC6645610/
     "This paper reviews the potential of vitamin E for Alzheimer's disease, examining its biological functions and observed deficiencies. Despite a strong theoretical basis, clinical trial evidence for vitamin E supplementation remains inconclusive due to various factors."

  254. Effects of vitamin E supplementation on some pregnancy health indices: a randomized clinical trial
     Parvin Bastani, Kobra Hamdi, Fatemeh Abasalizadeh, Nazli Navali
     PMC3133513 · International Journal of General Medicine · 2011-01-01
     https://doi.org/10.2147/IJGM.S20107
     "This randomized clinical trial investigated vitamin E supplementation's effects on pregnancy health indices. Supplementation did not significantly alter maternal or perinatal outcomes, including preeclampsia risk."

  255. The effect on endothelial function of vitamin C during methionine induced hyperhomocysteinaemia
     Colm G Hanratty, Lawrence T McGrath, Daniel F McAuley, Ian S Young, Dennis G Johnston
     PMC34516 · PMC · 2001-01-01
     https://www.ncbi.nlm.nih.gov/pmc/articles/PMC34516/
     "Methionine increased homocysteine and impaired endothelial function in healthy adults. Vitamin C did not prevent this impairment, suggesting the mechanism is not free radical-mediated."

  256. Effects of branched-chain amino acid- and vitamin D-containing high-protein food supplementation plus exercise on elderly people with decreased physical functions
     Yoshihiro Nakamura, Takuji Yokoe, Koki Ouchi, Taro Funamoto, Hiroyuki Kimura, Koichiro Hamada, Hidek...
     PMC12229038 · BMC Geriatrics · 2025-07-05
     https://doi.org/10.1186/s12877-025-06177-0
     "This study examined the effects of exercise plus a high-protein food supplement containing BCAAs and vitamin D on elderly individuals with decreased physical function. The combination of exercise and supplementation prevented declines in soft lean mass and improved physical performance compared to exercise alone or no intervention."

  257. Skeletal muscle BMAL1 is necessary for transcriptional adaptation of local and peripheral tissues in response to endurance exercise training
     Mark R. Viggars, Hannah E. Berko, Stuart J. Hesketh, Christopher A. Wolff, Miguel A. Gutierrez-Monre...
     PMC11294728 · Molecular Metabolism · 2024-06-29
     https://doi.org/10.1016/j.molmet.2024.101980
     "Skeletal muscle BMAL1's role in exercise responses was studied using knockout mice and multi-omic analysis. Loss of muscle BMAL1 impairs acute exercise responses and alters training adaptations in muscle and peripheral tissues, potentially leading to inflammation."

  258. Effects of  Cistanche deserticola  Y.C. Ma Supplementation on Muscle Strength and Recovery: A Randomized Controlled Trial
     Biaoxu Tao, Weihao Lian, Rongrong Min, Xiaoyu Zhang, Liqi Chen, Sun Hao, Ze Li, Chengzhe Ma, Haojie ...
     PMC12472218 · Nutrients · 2025-09-16
     https://doi.org/10.3390/nu17182965
     "This study investigated the effects of *Cistanche deserticola* supplementation on muscle strength and recovery in trained and untrained men. Supplementation significantly improved muscle strength, endurance, and recovery markers in both groups."

  259. Does  Colostrum Bovinum  Supplementation Affect Swimming Performance in Endurance-Trained Males? A Randomized Placebo-Controlled Crossover Study
     Krzysztof Durkalec-Michalski, Natalia Główka, Tomasz Podgórski, Mikołaj Szymocha, Błażej Przybylik, ...
     PMC11435245 · Nutrients · 2024-09-22
     https://doi.org/10.3390/nu16183204
     "Colostrum Bovinum supplementation was studied for its effects on swimming performance and exercise adaptations in endurance-trained males. Colostrum Bovinum and placebo were found to be comparably effective in evoking exercise adaptations, with no significant impact on swimming performance."

  260. The Effects of Isoflavone Supplementation Plus Combined Exercise on Lipid Levels, and Inflammatory and Oxidative Stress Markers in Postmenopausal Women
     Jéssica S. Giolo, Juliene G. Costa, Jair P. da Cunha-Junior, Ana Cláudia A. M. Pajuaba, Ernesto A. T...
     PMC5946209 · Nutrients · 2018-03-29
     https://doi.org/10.3390/nu10040424
     "This study investigated the effects of isoflavone supplementation combined with exercise on postmenopausal women's lipid levels, inflammation, and oxidative stress. Isoflavone supplementation did not enhance exercise benefits; however, exercise alone may improve cholesterol and IL-8 levels."

  261. Effects of dietary vitamin E on muscle vitamin E and fatty acid content in Aohan fine-wool sheep
     Kun Liu, Suyun Ge, Hailing Luo, Dubing Yue, Leyan Yan
     PMC3700886 · Journal of Animal Science and Biotechnology · 2013-01-01
     https://doi.org/10.1186/2049-1891-4-21
     "This study investigated the effects of dietary vitamin E on muscle composition in Aohan fine-wool sheep. Vitamin E supplementation improved mutton's nutritional value by reducing saturated fatty acids and increasing monounsaturated fatty acids and conjugated linoleic acid, with optimal results at 200 IU/day."

  262. Effect of an herbal/botanical supplement on strength, balance, and muscle function following 12-weeks of resistance training: a placebo controlled study
     Jonathan Furlong, Corey A Rynders, Mark Sutherlin, James Patrie, Frank I Katch, Jay Hertel, Arthur W...
     PMC4047772 · Journal of the International Society of Sports Nutrition · 2014-01-01
     https://doi.org/10.1186/1550-2783-11-23
     "A 12-week resistance training program was studied with and without an herbal supplement. The supplement did not enhance strength, balance, or muscle function adaptations beyond those from training alone."

  263. Acute effects of beetroot juice vs. creatine supplementation on maximal strength, autonomic regulation, and muscle oxygenation during incremental resistance exercise
     Atef Salem, Achraf Ammar, Mohamed Kerkeni, Mohamed Ali Boujelbane, Ayse Merve Uyar, Leonard Moritz K...
     PMC12490317 · PMC · 2025-06-06
     https://www.ncbi.nlm.nih.gov/pmc/articles/PMC12490317/
     "This study examined beetroot juice and creatine supplementation's acute effects on strength, autonomic regulation, and muscle oxygenation during resistance exercise. Beetroot juice improved muscle oxygenation and autonomic regulation compared to placebo, while both supplements enhanced peak velocity."

  264. Beetroot Juice Supplementation Improves High-Intensity Intermittent Type Exercise Performance in Trained Soccer Players
     Jean Nyakayiru, Kristin L. Jonvik, Jorn Trommelen, Philippe J. M. Pinckaers, Joan M. Senden, Luc J. ...
     PMC5372977 · PMC · 2017-03-22
     https://www.ncbi.nlm.nih.gov/pmc/articles/PMC5372977/
     "Six days of beetroot juice supplementation were studied in trained soccer players. This supplementation improved high-intensity intermittent exercise performance and reduced heart rate."

  265. Vitamin D and Exercise Performance in Professional Soccer Players
     Nikolaos E. Koundourakis, Nikolaos E. Androulakis, Niki Malliaraki, Andrew N. Margioris
     PMC4081585 · PLoS ONE · 2014-01-01
     https://doi.org/10.1371/journal.pone.0101659
     "This study examined the association between vitamin D levels and performance in professional soccer players, and how off-season affects vitamin D. Higher vitamin D correlated with better strength, speed, and aerobic capacity, while off-season increased vitamin D but decreased performance."

  266. Natural history of retinitis pigmentosa based on genotype, vitamin A/E supplementation, and an electroretinogram biomarker
     Jason Comander, Carol Weigel DiFranco, Kit Sanderson, Emily Place, Matthew Maher, Erin Zampaglione, ...
     PMC10445682 · PMC · 2023-08-08
     https://www.ncbi.nlm.nih.gov/pmc/articles/PMC10445682/
     "This study analyzed retinitis pigmentosa progression based on genotype, vitamin supplementation, and electroretinogram data. Genetic subtype and implicit time predict progression, vitamin E is harmful, and vitamin A's benefit is not generally supported."

  267. Effects of Royal Jelly Administration on Endurance Training-Induced Mitochondrial Adaptations in Skeletal Muscle
     Yumiko Takahashi, Kamiyu Hijikata, Kohei Seike, Suguru Nakano, Mai Banjo, Yosuke Sato, Kenya Takahas...
     PMC6266893 · Nutrients · 2018-11-12
     https://doi.org/10.3390/nu10111735
     "Royal jelly was administered to mice undergoing endurance training to study its effects on muscle mitochondria. Royal jelly enhanced training-induced mitochondrial adaptations in soleus muscles by activating AMPK."

  268. Effects of a single dose of beetroot juice on cycling time trial performance at ventilatory thresholds intensity in male triathletes
     Manuel Vicente Garnacho-Castaño, Guillem Palau-Salvà, Eduardo Cuenca, Arturo Muñoz-González, Pablo G...
     PMC6172780 · PMC · 2018-10-04
     https://www.ncbi.nlm.nih.gov/pmc/articles/PMC6172780/
     "This study investigated the effects of a single dose of beetroot juice on well-trained male triathletes. No significant improvements in performance or physiological variables were observed."

  269. Supplementation with  Lactiplantibacillus brevis  GKEX Combined with Resistance Exercise Training Improves Muscle Mass, Strength Performance, and Body Fat Condition in Healthy Humans
     Mon-Chien Lee, Yi-Ju Hsu, Chin-Shan Ho, You-Shan Tsai, Chin-Chu Chen, Chi-Chang Huang
     PMC11011920 · Foods · 2024-03-27
     https://doi.org/10.3390/foods13071030
     "This study investigated the effects of *Lactiplantibacillus brevis* GKEX supplementation combined with resistance training. The combination significantly improved muscle mass, strength, and reduced body fat compared to placebo."

  270. The effect of long term astaxanthin supplementation on the antioxidant status of racing Arabian horses – preliminary study
     Beata Giercuszkiewicz-Hecold, Marek Kulka, Michał Czopowicz, Jacek Wilczak, Ewa Szarska, Katarzyna S...
     PMC11564757 · Scientific Reports · 2024-11-14
     https://doi.org/10.1038/s41598-024-77732-9
     "This study investigated the effect of long-term astaxanthin supplementation on racing Arabian horses. Astaxanthin supplementation improved antioxidant status and partially counterbalanced training-induced oxidative stress."

  271. Protein Supplementation Has Minimal Effects on Muscle Adaptations during Resistance Exercise Training in Young Men: A Double-Blind Randomized Clinical Trial 1 2 3
     Paul T Reidy, Michael S Borack, Melissa M Markofski, Jared M Dickinson, Rachel R Deer, Syed H Husain...
     PMC4997282 · The Journal of Nutrition · 2016-09-01
     https://doi.org/10.3945/jn.116.231803
     "A randomized trial examined protein blend supplementation during resistance training in young men. Protein supplementation showed minimal effects on muscle strength and size, with only a slight trend for increased lean body mass."

  272. Betalain-Rich Concentrate Supplementation Improves Exercise Performance in Competitive Runners
     Justin S. Van Hoorebeke, Casey O. Trias, Brian A. Davis, Christina F. Lozada, Gretchen A. Casazza
     PMC5968885 · PMC · 2016-07-25
     https://www.ncbi.nlm.nih.gov/pmc/articles/PMC5968885/
     "This study investigated the effects of betalain-rich concentrate supplementation on competitive runners. Supplementation improved 5-km time trial performance, reduced heart rate and perceived exertion, and decreased muscle damage markers."

  273. Acute beetroot juice supplementation does not attenuate knee extensor exercise muscle fatigue in a healthy young population
     Seungyong Lee, Mark G. Abel, Travis Thomas, T. Brock Symons, James W. Yates
     PMC6477801 · PMC · 2019-03-31
     https://www.ncbi.nlm.nih.gov/pmc/articles/PMC6477801/
     "This study investigated the effect of beetroot juice on knee extensor muscle fatigue. Beetroot juice did not reduce fatigue but did increase blood pressure in healthy young adults."

  274. Low‐Dose Lemon Myrtle Supplementation Enhances Muscle Hypertrophy in Older Adults Undergoing Low‐Load Resistance Training: A Randomized Controlled Trial
     Risa Mitsuhashi, Shuji Sawada, Azusa Nishino, Shinichi Honda, Yuji Tominaga, Shiori Makio, Hayao Oza...
     PMC12862105 · Journal of Aging Research · 2026-02-01
     https://doi.org/10.1155/jare/8887586
     "Low-dose lemon myrtle supplementation was studied with low-load resistance training in older adults. The supplement enhanced muscle growth after training but did not maintain it during detraining."

  275. The effects of nutritional supplementation on older sarcopenic individuals who engage in resistance training: a meta-analysis
     Zixian Song, Tingting Pan, Xu Tong, Ying Yang, Ze Zhang
     PMC10167299 · Frontiers in Nutrition · 2023-04-25
     https://doi.org/10.3389/fnut.2023.1109789
     "This meta-analysis examined resistance training with nutritional supplementation for sarcopenia. Combining resistance training with supplements, particularly protein and vitamin D, improved grip strength in older adults with sarcopenia."

  276. Twelve‐Week  Colostrum Bovinum  Supplementation Supports Aerobic Capacity but has No Effect on Body Composition in Endurance‐Trained Males: A Randomized Placebo‐Controlled Crossover Study
     Krzysztof Durkalec‐Michalski, Natalia Główka, Tomasz Podgórski, Krystian Wochna, Małgorzata Woźniewi...
     PMC12010043 · European Journal of Sport Science · 2025-04-20
     https://doi.org/10.1002/ejsc.12288
     "Twelve-week colostrum supplementation was studied in endurance-trained males. Colostrum improved aerobic capacity indicators but did not affect body composition or time to exhaustion."

  277. Effect of supplemental vitamin E on the peripheral blood leukocyte population in Japanese Black calves
     Konosuke OTOMARU, Shun SAITO, Karura ENDO, Masayuki KOHIRUIMAKI, Hiromichi OHTSUKA
     PMC4565824 · PMC · 2015-04-03
     https://www.ncbi.nlm.nih.gov/pmc/articles/PMC4565824/
     "Supplemental vitamin E was given to Japanese Black calves, and their peripheral blood leukocyte populations were analyzed. Vitamin E supplementation increased the numbers of CD3+, CD4+, and CD21+ cells."

  278. Vitamin E function and requirements in relation to PUFA
     Daniel Raederstorff, Adrian Wyss, Philip C. Calder, Peter Weber, Manfred Eggersdorfer
     PMC4594047 · PMC · 2015-08-21
     https://www.ncbi.nlm.nih.gov/pmc/articles/PMC4594047/
     "This review evaluated vitamin E requirements in relation to dietary PUFA intake. Vitamin E requirements increase with higher PUFA consumption and unsaturation, necessitating adequate intake to match recommended PUFA levels."

  279. Effects of Aerobic Dance Exercise and Honey Supplementation Followed by Their Subsequent Cessation on Bone Metabolism Markers and Antioxidant Status in Young Collegiate Females
     Somayeh Sadat Tavafzadeh, Chee Keong Chen, Foong Kiew Ooi, Nurul Azuar Hamzah, Siti Amrah Sulaiman, ...
     PMC10325124 · The Malaysian Journal of Medical Sciences : MJMS · 2023-06-01
     https://doi.org/10.21315/mjms2023.30.3.14
     "This study examined the effects of aerobic dance and honey supplementation, and their cessation, on bone health and antioxidant status in young women. Combined exercise and honey supplementation improved bone and antioxidant markers, with some benefits maintained after cessation."

  280. A systematic review, meta-analysis and meta-regression of the effect of protein supplementation on resistance training-induced gains in muscle mass and strength in healthy adults
     Robert W Morton, Kevin T Murphy, Sean R McKellar, Brad J Schoenfeld, Menno Henselmans, Eric Helms, A...
     PMC5867436 · British Journal of Sports Medicine · 2018-03-01
     https://doi.org/10.1136/bjsports-2017-097608
     "A systematic review and meta-analysis examined protein supplementation's effect on resistance training gains. Protein supplementation significantly increased muscle mass and strength, with benefits varying by age and training experience."

  281. Single and combined effect of beetroot juice and caffeine intake on muscular strength, power and endurance performance in resistance-trained males
     Juan Jesús Montalvo-Alonso, Marta del Val-Manzano, Carmen Ferragut, David Valadés, Álvaro López-Sama...
     PMC12078514 · PMC · 2025-05-14
     https://www.ncbi.nlm.nih.gov/pmc/articles/PMC12078514/
     "This study examined the effects of beetroot juice and caffeine on resistance-trained males' strength, power, and endurance. Both supplements, individually and combined, improved back squat endurance but had no effect on bench press performance."

  282. Factors Associated with Increased Alpha-Tocopherol Content in Milk in Response to Maternal Supplementation with 800 IU of Vitamin E
     Amanda de Sousa Rebouças, Ana Gabriella Costa Lemos da Silva, Amanda Freitas de Oliveira, Lorena Tha...
     PMC6520676 · Nutrients · 2019-04-22
     https://doi.org/10.3390/nu11040900
     "This study investigated the effect of 800 IU of vitamin E supplementation on milk alpha-tocopherol levels in lactating women. Higher baseline milk vitamin E and dietary intake were found to be key factors influencing the supplementation's efficacy."

  283. Effect of Beetroot Juice on Moderate-Intensity Exercise at a Constant Rating of Perceived Exertion
     JORDYN N. RIENKS, ANDREA A. VANDERWOUDE, ELIZABETH MAAS, ZACHARY M. BLEA, ANDREW W. SUBUDHI
     PMC4833472 · PMC · 2015-01-01
     https://www.ncbi.nlm.nih.gov/pmc/articles/PMC4833472/
     "This study investigated beetroot juice's effect on exercise at a constant perceived exertion. Beetroot juice did not alter oxygen consumption or work during self-regulated exercise, but did lower blood pressure and oxygen use at a fixed workload."

  284. Effects of low-dose ibuprofen supplementation and resistance training on bone and muscle in postmenopausal women: A randomized controlled trial
     Whitney R.D. Duff, Saija A. Kontulainen, Darren G. Candow, Julianne J. Gordon, Riley S. Mason, Regin...
     PMC4926836 · Bone Reports · 2016-04-28
     https://doi.org/10.1016/j.bonr.2016.04.004
     "This study investigated the effects of resistance training and ibuprofen on bone and muscle in postmenopausal women. Ibuprofen supplementation showed some benefits for bone health, particularly when combined with stretching."

  285. Tocotrienols and Whey Protein Isolates Substantially Increase Exercise Endurance Capacity in Diet -Induced Obese Male Sprague-Dawley Rats
     Andrew C. Betik, Jay Aguila, Glenn K. McConell, Andrew J. McAinch, Michael L. Mathai
     PMC4825941 · PMC · 2016-04-08
     https://www.ncbi.nlm.nih.gov/pmc/articles/PMC4825941/
     "This study investigated the effects of tocotrienols (TCT) and whey protein isolates (WPI) on exercise endurance in obese rats. Both TCT and WPI significantly increased exercise capacity by over 50% without affecting weight, adiposity, or glucose tolerance."

  286. Vitamin E administration may decrease the incidence of pneumonia in elderly males
     Harri Hemilä
     PMC5055121 · Clinical Interventions in Aging · 2016-01-01
     https://doi.org/10.2147/CIA.S114515
     "This study examined vitamin E's effect on pneumonia incidence in elderly male smokers. Vitamin E significantly reduced pneumonia risk in specific subgroups, particularly those who smoked fewer cigarettes and exercised."

  287. Vitamin C Protects from Impairment of Memory Induced by E-Cigarette Aerosol Exposure
     Karem H. Alzoubi, Omar F. Khabour, Nour Al-Sawalha, Enaam M. Al Momany, Anan Jarab, Razan Haddad, Na...
     PMC12645129 · Current Neuropharmacology · 2025-05-06
     https://doi.org/10.2174/011570159X341759250119141806
     "This study investigated if Vitamin C protects rats from memory impairment caused by e-cigarette aerosol exposure. Vitamin C prevented memory deficits and restored oxidative stress markers and BDNF levels."

  288. Effect of vitamin e supplementation with exercise on cognitive functions and total antioxidant capacity in older people
     E. Çetin; E.C. Top; G. Şahin; Y. Gül. Özkaya; H. Aydin; F. Toraman
     PMC12880339 · The Journal of Nutrition, Health & Aging · 2010-07-30
     https://doi.org/10.1007/s12603-010-0256-x
     "We investigated the effects of six months vitamin E administration on cognition evaluated by event-related potentials in exercising older subjects. Randomised controlled trial. Retirement home in Anta"

  289. Comparative Bioavailability of Vitamin C After Short-Term Consumption of Raw Fruits and Vegetables and Their Juices: A Randomized Crossover Study
     Mijoo Choi, Juha Baek, Jung-Mi Yun, Young-Shick Hong, Eunju Park
     PMC12608462 · PMC · 2025-10-23
     https://www.ncbi.nlm.nih.gov/pmc/articles/PMC12608462/
     "This study compared vitamin C bioavailability from supplements, raw produce, and juice. Juice provided the most efficient vitamin C absorption, though all forms were bioavailable."

  290. Effects of supplementation with α-tocopherol, ascorbic acid, selenium, or their combination in linseed oil-enriched diets on the oxidative status in broilers
     J Leskovec, A Levart, A Nemec Svete, L Perić, M Đukić Stojčić, D Žikić, J Salobir, V Rezar
     PMC5890603 · Poultry Science · 2018-05-01
     https://doi.org/10.3382/ps/pey004
     "Broilers fed linseed oil-enriched diets were supplemented with vitamin E, vitamin C, selenium, or a combination. Vitamin E was the most effective antioxidant, with no clear synergistic benefit from adding vitamin C and selenium."

  291. Effects of Protein Supplementation During High-Intensity Functional Training on Physical Performance in Recreationally Trained Males and Females: A Randomized Controlled Trial
     Christina Karpouzi, Ioannis Kosmidis, Anatoli Petridou, Gabriela Voulgaridou, Sousana K. Papadopoulo...
     PMC12074003 · Nutrients · 2025-04-25
     https://doi.org/10.3390/nu17091441
     "This study investigated the effects of egg white and whey protein supplementation during High-Intensity Functional Training (HIFT). Protein supplementation did not enhance physical performance improvements from HIFT."

  292. Effects of an Aqueous Extract of  Withania somnifera  on Strength Training Adaptations and Recovery: The STAR Trial
     Tim N. Ziegenfuss, Anurag W. Kedia, Jennifer E. Sandrock, Betsy J. Raub, Chad M. Kerksick, Hector L....
     PMC6266766 · Nutrients · 2018-11-20
     https://doi.org/10.3390/nu10111807
     "This study investigated the effects of an aqueous *Withania somnifera* extract on strength training. The extract significantly improved strength gains, body composition, and recovery compared to placebo."

  293. Consumption of Nitrate-Rich Beetroot Juice with or without Vitamin C Supplementation Increases the Excretion of Urinary Nitrate, Nitrite, and  N -nitroso Compounds in Humans
     Julia E. Berends, Lauri M.M. van den Berg, Martina A. Guggeis, Nikki F.T. Henckens, Israt J. Hossein...
     PMC6539140 · PMC · 2019-05-08
     https://www.ncbi.nlm.nih.gov/pmc/articles/PMC6539140/
     "Beetroot juice consumption increased urinary nitrate, nitrite, and N-nitroso compounds. Vitamin C supplementation reduced N-nitroso compound increase after a single dose but not after chronic use."

  294. A High Vitamin C Micronutrient Supplement Is Unable to Attenuate Inflammation in People with Metabolic Syndrome but May Improve Metabolic Health Indices: A Randomised Controlled Trial
     Emma Vlasiuk, Masuma Zawari, Rebekah Whitehead, Jonathan Williman, Anitra C. Carr
     PMC11047647 · PMC · 2024-03-28
     https://www.ncbi.nlm.nih.gov/pmc/articles/PMC11047647/
     "A randomized controlled trial investigated if a high vitamin C supplement could reduce inflammation in people with metabolic syndrome. The supplement did not reduce inflammation but showed minor improvements in BMI, fasting glucose, and HbA1c."

  295. The Effect of Nordic Walking Training Combined with Vitamin D Supplementation on Postural Control and Muscle Strength in Elderly People—A Randomized Controlled Trial
     Jan Mieszkowski, Bartłomiej Niespodziński, Andrzej Kochanowicz, Anna Gmiat, Krzysztof Prusik, Katarz...
     PMC6164155 · International Journal of Environmental Research and Public Health · 2018-09-07
     https://doi.org/10.3390/ijerph15091951
     "This study investigated the combined effects of Nordic Walking intensity and Vitamin D supplementation on elderly women. High-intensity Nordic Walking improved Vitamin D and muscle strength, while moderate-intensity Nordic Walking showed similar Vitamin D benefits with higher supplementation, also increasing leg muscle mass."

  296. Early morning run-training results in enhanced endurance performance adaptations in mice
     Stuart J. Hesketh, Casey L. Sexton, Christopher A. Wolff, Mark R. Viggars, Karyn A. Esser
     PMC10541096 · bioRxiv · 2023-09-19
     https://doi.org/10.1101/2023.09.18.557933
     "Six weeks of endurance training in mice showed that morning training led to greater adaptation than afternoon training. This suggests morning exercise improves muscle clock alignment for better performance."

  297. The JUMPFOOD study: additional effect of hydrolyzed collagen and vitamin C to exercise treatment for patellar tendinopathy (jumper’s knee) in athletes—study protocol for a double-blind randomized controlled trial
     L. van Dam, R. Terink, M. Mensink, R. J. de Vos, J. Zwerver
     PMC10685530 · Trials · 2023-11-28
     https://doi.org/10.1186/s13063-023-07783-2
     "This study protocol outlines a randomized controlled trial investigating the effect of hydrolyzed collagen and vitamin C supplementation combined with exercise for patellar tendinopathy. The trial aims to determine if this combined approach improves pain and function compared to exercise alone."

  298. Strength Training Prior to Endurance Exercise: Impact on the Neuromuscular System, Endurance Performance and Cardiorespiratory Responses
     Matheus Conceição, Eduardo Lusa Cadore, Miriam González-Izal, Mikel Izquierdo, Giane Veiga Liedtke, ...
     PMC4327368 · PMC · 2014-12-09
     https://www.ncbi.nlm.nih.gov/pmc/articles/PMC4327368/
     "This study examined strength training's acute effects on neuromuscular and cardiorespiratory responses during endurance exercise. Strength training before endurance exercise impaired time-to-exhaustion, with no significant changes in oxygen uptake or heart rate."

  299. Influence of endurance and endurance–strength training on mineral status in women with abdominal obesity: a randomized trial
     Damian Skrypnik, Paweł Bogdański, Katarzyna Skrypnik, Edyta Mądry, Joanna Karolkiewicz, Monika Szuli...
     PMC6709101 · Medicine · 2019-03-01
     https://doi.org/10.1097/MD.0000000000014909
     "Endurance and endurance-strength training were compared in abdominally obese women. Endurance-strength training showed more favorable effects on mineral balance, particularly for iron, magnesium, zinc, and copper."

  300. Likely Additive Ergogenic Effects of Combined Preexercise Dietary Nitrate and Caffeine Ingestion in Trained Cyclists
     Michal K. Handzlik, Michael Gleeson
     PMC4045310 · PMC · 2013-01-01
     https://www.ncbi.nlm.nih.gov/pmc/articles/PMC4045310/
     "This study investigated the effects of beetroot juice and caffeine on cycling performance. Combined ingestion of beetroot juice and caffeine improved time to exhaustion and reduced perceived exertion compared to placebo or either supplement alone."

  301. Vitamin C deficiency causes muscle atrophy and a deterioration in physical performance
     Shoko Takisawa, Tomoko Funakoshi, Tomofumi Yatsu, Kisaburo Nagata, Toshiro Aigaki, Shuichi Machida, ...
     PMC6426981 · PMC · 2019-03-20
     https://www.ncbi.nlm.nih.gov/pmc/articles/PMC6426981/
     "This study investigated the effects of vitamin C deficiency on skeletal muscle in mice. Vitamin C deficiency leads to muscle atrophy and reduced physical performance, which can be reversed with supplementation."

  302. Vitamin E As a Potential Interventional Treatment for Metabolic Syndrome: Evidence from Animal and Human Studies
     Sok Kuan Wong, Kok-Yong Chin, Farihah Hj Suhaimi, Fairus Ahmad, Soelaiman Ima-Nirwana
     PMC5496953 · PMC · 2017-07-05
     https://www.ncbi.nlm.nih.gov/pmc/articles/PMC5496953/
     "This review examines evidence from animal and human studies on vitamin E's effects on metabolic syndrome. Vitamin E shows promise in reducing metabolic syndrome and its associated conditions."

  303. Synergistic effects of exercise, cognitive training and vitamin D on gait performance and falls in mild cognitive impairment—secondary outcomes from the SYNERGIC trial
     Frederico Pieruccini-Faria, Surim Son, Guangyong Zou, Quincy J Almeida, Laura E Middleton, Nick W Br...
     PMC12445844 · Age and Ageing · 2025-09-01
     https://doi.org/10.1093/ageing/afaf242
     "This study investigated the effects of exercise, cognitive training, and vitamin D on gait and falls in older adults with mild cognitive impairment. Multimodal exercise and cognitive training improved gait speed and reduced falls, with benefits persisting at follow-up."

  304. Effects of gamma oryzanol supplementation on anthropometric measurements & muscular strength in healthy males following chronic resistance training
     Saghar Eslami, Norhaizan Mohd Esa, Seyed Mohammad Marandi, Gholamali Ghasemi, Sepehr Eslami
     PMC4164998 · The Indian Journal of Medical Research · 2014-06-01
     "This study investigated gamma oryzanol supplementation's effects on strength and body measurements during resistance training. Gamma oryzanol improved muscular strength but did not significantly alter anthropometric measurements."

  305. Resistance Training Is an Effective Tool against Metabolic and Frailty Syndromes
     Jan Sundell
     PMC3168930 · PMC · 2011-01-01
     https://www.ncbi.nlm.nih.gov/pmc/articles/PMC3168930/
     "Resistance training was studied for its effects on metabolic and frailty syndromes. It effectively reduces risk factors for metabolic syndrome and combats muscle and bone loss associated with frailty."

  306. The effects of supplementation with  P-Synephrine  alone and in combination with caffeine on resistance exercise performance
     Nicholas A. Ratamess, Jill A. Bush, Jie Kang, William J. Kraemer, Sidney J. Stohs, Vincenzo G. Nocer...
     PMC4573476 · Journal of the International Society of Sports Nutrition · 2015-09-17
     https://doi.org/10.1186/s12970-015-0096-5
     "This study investigated the effects of p-synephrine alone and with caffeine on resistance exercise performance. Supplementation with p-synephrine and caffeine significantly increased repetitions and volume load, particularly in later sets."

  307. A Single Dose of Beetroot Juice Does Not Change Blood Pressure Response Mediated by Acute Aerobic Exercise in Hypertensive Postmenopausal Women
     Ana Luiza Amaral, Igor M. Mariano, Victor Hugo V. Carrijo, Tállita Cristina F. de Souza, Jaqueline P...
     PMC6627101 · PMC · 2019-06-13
     https://www.ncbi.nlm.nih.gov/pmc/articles/PMC6627101/
     "This study investigated if beetroot juice enhances post-exercise blood pressure reduction in hypertensive postmenopausal women. Acute beetroot juice intake did not alter blood pressure responses after aerobic exercise, despite increasing salivary nitrite levels."

  308. Combined Effects of Exercise and Broccoli Supplementation on Metabolic and Lipoprotein Biomarkers in Adults with Type 2 Diabetes: A Randomized Controlled Trial
     Maryam Delfan, Masoumeh Gharedaghi, Farzaneh Zeynali, Rawad El Hage, Anthony C. Hackney, Halil İbrah...
     PMC12430646 · Nutrients · 2025-08-23
     https://doi.org/10.3390/nu17172735
     "This study examined the effects of exercise and broccoli supplementation on T2DM adults. Combining both interventions yielded the most significant improvements in metabolic and lipoprotein biomarkers."

  309. The effects of magnesium and vitamin E co-supplementation on parameters of glucose homeostasis and lipid profiles in patients with gestational diabetes
     Maryam Maktabi, Mehri Jamilian, Elaheh Amirani, Maryam Chamani, Zatollah Asemi
     PMC6053775 · PMC · 2018-07-20
     https://www.ncbi.nlm.nih.gov/pmc/articles/PMC6053775/
     "This study investigated magnesium and vitamin E co-supplementation in women with gestational diabetes. The supplementation significantly improved glucose control and lipid profiles, excluding HDL-cholesterol."

  310. The effects of d-aspartic acid supplementation in resistance-trained men over a three month training period: A randomised controlled trial
     Geoffrey W. Melville, Jason C. Siegler, Paul W. M. Marshall
     PMC5571970 · PLoS ONE · 2017-08-25
     https://doi.org/10.1371/journal.pone.0182630
     "This study investigated the effects of d-aspartic acid supplementation on resistance-trained men over three months. D-aspartic acid did not alter testosterone levels but reduced estradiol, while both groups saw similar strength and muscle growth."

  311. Effects of Beetroot Juice Supplementation on Performance and Fatigue in a 30-s All-Out Sprint Exercise: A Randomized, Double-Blind Cross-Over Study
     Eduardo Cuenca, Pablo Jodra, Alberto Pérez-López, Liliana G. González-Rodríguez, Sandro Fernandes da...
     PMC6164999 · PMC · 2018-09-04
     https://www.ncbi.nlm.nih.gov/pmc/articles/PMC6164999/
     "Beetroot juice supplementation was studied for its effects on a 30-second all-out sprint exercise. Beetroot juice improved peak and mean power output and reduced time to peak power, but did not affect fatigue."

  312. Short-Term Beetroot Juice Supplementation Enhances Strength, Reduces Fatigue, and Promotes Recovery in Physically Active Individuals: A Randomized, Double-Blind, Crossover Trial
     Atef Salem, Achraf Ammar, Mohamed Kerkeni, Mohamed Ali Boujelbane, Ayse Merve Uyar, Leonard Moritz K...
     PMC12113839 · PMC · 2025-05-19
     https://www.ncbi.nlm.nih.gov/pmc/articles/PMC12113839/
     "Short-term beetroot juice supplementation was studied in resistance-trained males. It significantly increased repetitions completed and reduced muscle soreness, suggesting enhanced strength and recovery."

  313. Various Effects of Omega 3 and Omega 3 Plus Vitamin E Supplementations on Serum Glucose Level and Insulin Resistance in Patients with Coronary Artery Disease
     Somayeh SABOORI, Mahmoud DJALALI, Esmaeil YOUSEFI RAD, Ebrahim Nematipour, Ali Akbar SABOOR-YARAGHI,...
     PMC5182255 · PMC · 2016-11-01
     https://www.ncbi.nlm.nih.gov/pmc/articles/PMC5182255/
     "This study investigated the effects of omega 3 and vitamin E supplementation on glucose and insulin levels in coronary artery disease patients. Co-administering omega 3 and vitamin E beneficially decreased insulin and insulin resistance, while omega 3 alone increased glucose."

  314. CYP1A2  Genotype and the Ergogenic Effect of Acute Caffeine Intake on Muscular Strength and Endurance Performance in Trained Individuals
     Juan Jesús Montalvo‐Alonso, Marta del Val‐Manzano, Iván Martín‐Rivas, Carmen Ferragut, David Valadés...
     PMC12863236 · PMC · 2026-02-02
     https://www.ncbi.nlm.nih.gov/pmc/articles/PMC12863236/
     "This study investigated if CYP1A2 genotype affects caffeine's ergogenic impact on strength and endurance in trained individuals. Caffeine improved performance, with benefits greatest in AA, intermediate in AC, and minimal in CC genotype carriers."

  315. Acute effects of combined supplementation of L-arginine and citrulline malate on aerobic, anaerobic, and CrossFit exercise performance
     Saranya Selvaraj, Leonidas Petridis, Hanna Majtényi, Henrietta Bartha, Ákos Tóth, Katinka Utczás, Ma...
     PMC12475454 · Scientific Reports · 2025-09-26
     https://doi.org/10.1038/s41598-025-16374-x
     "This study examined the effects of L-arginine and citrulline malate supplementation on aerobic, anaerobic, and CrossFit performance in trained men. No significant performance improvements were found compared to placebo, except for a slightly faster peak power in one test."

  316. The Effects of Hyperhydrating Supplements Containing Creatine and Glucose on Plasma Lipids and Insulin Sensitivity in Endurance-Trained Athletes
     Thelma P. Polyviou, Yannis P. Pitsiladis, Carlos Celis-Morales, Benjamin Brown, John R. Speakman, Da...
     PMC4488253 · Journal of Amino Acids · 2015-01-01
     https://doi.org/10.1155/2015/352458
     "This study investigated the impact of creatine, glycerol, and glucose supplements, with and without alpha lipoic acid, on endurance athletes. Supplementation increased plasma triglycerides and the triglyceride to HDL-cholesterol ratio, effects not mitigated by alpha lipoic acid."

  317. Effects of 4-Week Creatine Supplementation Combined with Complex Training on Muscle Damage and Sport Performance
     Chia-Chi Wang, Chu-Chun Fang, Ying-Hsian Lee, Ming-Ta Yang, Kuei-Hui Chan
     PMC6265971 · Nutrients · 2018-11-02
     https://doi.org/10.3390/nu10111640
     "This study investigated the effects of 4-week creatine supplementation with complex training on athletes. Creatine supplementation improved maximal strength and reduced muscle damage biomarkers compared to placebo."

  318. Vitamin C Intake, Circulating Vitamin C and Risk of Stroke: A Meta‐Analysis of Prospective Studies
     Guo‐Chong Chen, Da‐Bing Lu, Zhi Pang, Qing‐Fang Liu
     PMC3886767 · Journal of the American Heart Association: Cardiovascular and Cerebrovascular Disease · 2013-12-01
     https://doi.org/10.1161/JAHA.113.000329
     "A meta-analysis of prospective studies examined vitamin C intake and circulating levels in relation to stroke risk. Higher dietary and circulating vitamin C were associated with a reduced risk of stroke."

  319. Benfotiamine Supplementation Increases Thiamine in Muscle of Endurance-Trained Mice and Affects the Energy Metabolism
     Álisson C. Gonçalves, Jéssica F. Vieira, Ana Carolina N. Rodrigues, Eddie F. C. Murta, Júlio S. Marc...
     PMC11449553 · Journal of Nutrition and Metabolism · 2024-01-01
     https://doi.org/10.1155/2024/6102611
     "Benfotiamine supplementation increased thiamine levels in endurance-trained mice. It altered muscle energy metabolism but did not improve endurance performance."

  320. The effects of beetroot juice supplementation on exercise economy, rating of perceived exertion and running mechanics in elite distance runners: A double-blinded, randomized study
     Carlos Balsalobre-Fernández, Blanca Romero-Moraleda, Rocío Cupeiro, Ana Belén Peinado, Javier Butrag...
     PMC6040767 · PMC · 2018-07-11
     https://www.ncbi.nlm.nih.gov/pmc/articles/PMC6040767/
     "Beetroot juice supplementation was studied in elite runners for its effects on exercise economy and running mechanics. Fifteen days of supplementation likely improved time to exhaustion and perceived exertion, but not running economy or biomechanical variables."

  321. Effects of blood flow restriction training on aerobic capacity and performance in endurance athletes: a systematic review and meta-analysis
     Zekai Zhang, Xuejiao Gao, Lang Gao
     PMC12217518 · PMC · 2025-07-02
     https://www.ncbi.nlm.nih.gov/pmc/articles/PMC12217518/
     "This systematic review and meta-analysis evaluated blood flow restriction (BFR) training's effects on endurance athletes. BFR training moderately improves aerobic capacity and endurance performance, and significantly enhances muscle strength."

  322. Effects of Beetroot Juice on Recovery of Muscle Function and Performance between Bouts of Repeated Sprint Exercise
     Tom Clifford, Bram Berntzen, Gareth W. Davison, Daniel J. West, Glyn Howatson, Emma J. Stevenson
     PMC4997419 · PMC · 2016-08-18
     https://www.ncbi.nlm.nih.gov/pmc/articles/PMC4997419/
     "Beetroot juice was given to male team-sports players for 3 days after repeated sprint tests. Beetroot juice improved recovery of jump height and reactive strength index between sprint bouts."

  323. The effect of almond consumption on elements of endurance exercise performance in trained athletes
     Muqing Yi, Jinde Fu, Lili Zhou, Hong Gao, Chenguang Fan, Jing Shao, Baohua Xu, Qirong Wang, Juntao L...
     PMC4031978 · PMC · 2014-01-01
     https://www.ncbi.nlm.nih.gov/pmc/articles/PMC4031978/
     "This study examined the effects of almond consumption on endurance exercise performance in trained athletes. Almonds improved cycling distance and enhanced carbohydrate utilization and oxygen efficiency during exercise compared to a placebo."

  324. Effects of protein supplementation during pilates training on body composition, core muscle endurance, and joint flexibility in trained women: a randomized controlled trial
     Christina Karpouzi, Antigoni Kypraiou, Vassilis Mougios, Anatoli Petridou
     PMC11869336 · Journal of the International Society of Sports Nutrition · 2025-02-26
     https://doi.org/10.1080/15502783.2025.2472891
     "This study investigated protein supplementation's effects on trained women undergoing Pilates. Protein supplementation did not significantly enhance body composition, core endurance, or flexibility compared to placebo."

  325. Vitamin D status and its relation to exercise performance and iron status in young ice hockey players
     Joanna Orysiak, Joanna Mazur-Rozycka, John Fitzgerald, Michal Starczewski, Jadwiga Malczewska-Lenczo...
     PMC5891016 · PLoS ONE · 2018-04-09
     https://doi.org/10.1371/journal.pone.0195284
     "This study examined vitamin D levels in young ice hockey players and their relation to exercise performance and iron status. Vitamin D insufficiency was common, but no association was found with performance or iron markers."

  326. Beneficial Effects of  Asparagus officinalis  Extract Supplementation on Muscle Mass and Strength following Resistance Training and Detraining in Healthy Males
     Barakat Denben, Siriporn Sripinyowanich, Ratree Ruangthai, Jatuporn Phoemsapthawee
     PMC10537221 · Sports · 2023-09-05
     https://doi.org/10.3390/sports11090175
     "Asparagus officinalis extract was supplemented during resistance training and detraining in healthy males. The extract helped maintain muscle mass and strength during detraining by reducing cortisol levels."

  327. The Effects of Beetroot Juice on VO 2 max and Blood Pressure during Submaximal Exercise
     JOSE M. PEREZ, JOHN L. DOBSON, GREGORY A. RYAN, AMY JO RIGGS
     PMC6413851 · PMC · 2019-01-01
     https://www.ncbi.nlm.nih.gov/pmc/articles/PMC6413851/
     "This study examined beetroot juice's impact on VO2 max and blood pressure during submaximal exercise. Beetroot juice did not significantly alter VO2 max or blood pressure during submaximal exercise."

  328. Effects of acute beetroot juice intake on performance, maximal oxygen uptake, and ventilatory efficiency in well-trained master rowers: a randomized, double-blinded crossover study
     Manuel V. Garnacho-Castaño, Eulogio Pleguezuelos-Cobo, Marina Berbel, Alfredo Irurtia, Marta Carrasc...
     PMC11221466 · PMC · 2024-07-02
     https://www.ncbi.nlm.nih.gov/pmc/articles/PMC11221466/
     "This study investigated the effects of beetroot juice on master rowers' performance and cardiorespiratory function. Beetroot juice intake improved rowing time trial performance and maximal oxygen uptake, but not ventilatory efficiency."

  329. Effect of 10 Week Beta-Alanine Supplementation on Competition and Training Performance in Elite Swimmers
     Weiliang Chung, Greg Shaw, Megan E. Anderson, David B. Pyne, Philo U. Saunders, David J. Bishop, Lou...
     PMC3497003 · Nutrients · 2012-10-09
     https://doi.org/10.3390/nu4101441
     "This study investigated beta-alanine's effect on elite swimmers' training and competition performance over 10 weeks. Beta-alanine supplementation showed minimal impact on swimming performance in real-world settings."

  330. Antioxidant-independent activities of alpha-tocopherol
     Matthew Chen, Mikel Ghelfi, Jia-Fei Poon, Nayeon Jeon, Natalie Boccalon, Michael Rubsamen, Stephen V...
     PMC11968272 · The Journal of Biological Chemistry · 2025-02-18
     https://doi.org/10.1016/j.jbc.2025.108327
     "A novel alpha-tocopherol analog lacking antioxidant activity was synthesized and studied. This analog modulated gene expression similarly to alpha-tocopherol, indicating antioxidant-independent biological activities."

  331. Effects of Maltodextrin–Fructose Supplementation on Inflammatory Biomarkers and Lipidomic Profile Following Endurance Running: A Randomized Placebo-Controlled Cross-Over Trial
     Stefano Righetti, Alessandro Medoro, Francesca Graziano, Luca Mondazzi, Serena Martegani, Francesco ...
     PMC11434986 · Nutrients · 2024-09-12
     https://doi.org/10.3390/nu16183078
     "This study investigated the effects of maltodextrin–fructose supplementation on endurance runners. The supplementation significantly reduced post-exercise inflammation and metabolic stress."

  332. Low Vitamin C Concentrations in Patients with Community-Acquired Pneumonia Resolved with Pragmatic Administration of Intravenous and Oral Vitamin C
     Anitra C. Carr, Emma Vlasiuk, Masuma Zawari, Amy Scott-Thomas, Malina Storer, Michael Maze, Stephen ...
     PMC10451831 · Antioxidants · 2023-08-14
     https://doi.org/10.3390/antiox12081610
     "This study investigated vitamin C levels in community-acquired pneumonia patients and the effect of supplementation. Vitamin C supplementation effectively restored depleted levels in these patients."

  333. Beetroot Plus Vitamin C for Performance and Recovery: Protocol of a Double‐Blind, Placebo‐Controlled, Randomized Crossover Trial in Semi‐Professional Wrestlers
     Maedeh Nojoumi; Alireza Hosseini Kakhki; Mohammad Ali Sardar; Ali Jafari; Ali Jafarzadeh Esfehani; R...
     PMC13136499 · biomedrxiv · 2026-05-03
     https://doi.org/10.1002/hsr2.72218
     "This study protocol outlines a double-blind, placebo-controlled trial investigating beetroot and vitamin C supplementation in semi-professional wrestlers. It aims to assess the effects on anaerobic power, fatigue, and recovery markers. The research will use Wingate tests to measure performance changes."

  334. Omega-3 dietary supplementation combined with exercise to keep telomere integrity in the liver of aged obese female mice
     Paola Elizabeth Gámez-Macías, Elisa Félix-Soriano, Neira Sáinz, Amelia Martí del Moral, Sonia García...
     PMC12855355 · Journal of Physiology and Biochemistry · 2026-01-29
     https://doi.org/10.1007/s13105-026-01139-5
     "This study investigated the effects of omega-3 and exercise on liver telomere length in aged obese mice. Combined omega-3 and exercise prevented telomere shortening and improved antioxidant gene expression."

  335. Nitrate-containing beetroot juice reduces oxygen consumption during submaximal exercise in low but not high aerobically fit male runners
     Colin R. Carriker, Roger A. Vaughan, Trisha A. VanDusseldorp, Kelly E. Johnson, Nicholas M. Beltz, J...
     PMC5551075 · PMC · 2016-12-01
     https://www.ncbi.nlm.nih.gov/pmc/articles/PMC5551075/
     "Nitrate-rich beetroot juice was given to low and high fit male runners to assess its effect on exercise oxygen consumption. Nitrate supplementation reduced oxygen use during lower intensity exercise for less fit individuals, but not for fitter ones."

  336. Influence of beetroot juice supplementation on intermittent exercise performance
     Lee J. Wylie, Stephen J. Bailey, James Kelly, James R. Blackwell, Anni Vanhatalo, Andrew M. Jones
     PMC4717163 · PMC · 2015-11-27
     https://www.ncbi.nlm.nih.gov/pmc/articles/PMC4717163/
     "This study investigated the effect of beetroot juice supplementation on intermittent exercise performance in male team-sport players. Beetroot juice improved performance in short, repeated sprints with brief recovery, but not in longer intervals or those with extended recovery."

  337. Effect of Beetroot Juice Supplementation on Muscle Soreness and Performance Recovery after Exercise-Induced Muscle Damage in Female Volleyball Players
     Mohammad Hemmatinafar, Leila Zaremoayedi, Maryam Koushkie Jahromi, Stacey Alvarez-Alvarado, Alexei W...
     PMC10490293 · PMC · 2023-08-28
     https://www.ncbi.nlm.nih.gov/pmc/articles/PMC10490293/
     "Beetroot juice supplementation was studied in female volleyball players after exercise-induced muscle damage. BRJ improved muscle endurance, reduced perceived soreness, and decreased thigh swelling compared to placebo."

  338. Molecular control of endurance training adaptation in male mouse skeletal muscle
     Regula Furrer, Barbara Heim, Svenia Schmid, Sedat Dilbaz, Volkan Adak, Karl J. V. Nordström, Danilo ...
     PMC10663156 · Nature Metabolism · 2023-09-11
     https://doi.org/10.1038/s42255-023-00891-y
     "This study investigated the molecular changes in male mouse skeletal muscle following endurance training and acute exercise. Training significantly alters the muscle's transcriptional response to exercise, with factors like PGC-1α being crucial for adaptation."

  339. Influence of vitamin D supplementation on muscle strength and exercise capacity in Mongolian schoolchildren: a randomised controlled trial
     Davaasambuu Ganmaa, Stephanie Hemmings, David A. Jolliffe, Uyanga Buyanjargal, Gantsetseg Garmaa, Un...
     PMC10996754 · medRxiv · 2024-03-28
     https://doi.org/10.1101/2024.03.27.24304943
     "A randomized controlled trial investigated weekly vitamin D supplementation in Mongolian schoolchildren. The supplementation successfully increased vitamin D levels but did not improve muscle strength or exercise capacity."

  340. Effects of a single dose of a betalain-rich concentrate on determinants of running performance and recovery muscle blood flow: a randomized, triple-blind, placebo-controlled, crossover trial
     Steven Vitti, Michael Bruneau, Leah Bisgrove, Samuel Grey, Sarah Levine, Craig Mattern, Justin Falle...
     PMC12227450 · PMC · 2025-02-24
     https://www.ncbi.nlm.nih.gov/pmc/articles/PMC12227450/
     "A betalain-rich concentrate was tested for its effects on running performance and recovery. It did not improve running economy or VO2max, but did reduce heart rate and perceived exertion during exercise."

  341. Acute beetroot juice supplementation enhances judo-specific performance, explosive power, and muscular strength in recreational adolescent judokas: a randomized crossover trial
     Abdullah Demirli, Eda Gökçelik, Abdorreza Eghbal Moghanlou, Muhammed Hüseyin Ocak, Merve Terzi, Emre...
     PMC12527901 · PMC · 2025-10-02
     https://www.ncbi.nlm.nih.gov/pmc/articles/PMC12527901/
     "Acute beetroot juice supplementation was studied in adolescent judokas. It enhanced judo-specific performance, explosive power, and muscular strength compared to a placebo."

  342. Bioavailability of vitamin C from kiwifruit in non-smoking males:
determination of ‘healthy’ and ‘optimal’ intakes
     Anitra C. Carr, Juliet M. Pullar, Stephanie Moran, Margreet C. M. Vissers
     PMC4153093 · PMC · 2012-01-01
     https://www.ncbi.nlm.nih.gov/pmc/articles/PMC4153093/
     "This study investigated vitamin C absorption from kiwifruit in males. One kiwifruit daily achieved healthy plasma vitamin C levels, while two daily saturated plasma levels."

  343. Effects of α-Tocopherol on Oxidative Status and Metabolic Profile in Overweight Women
     J. L. Ble-Castillo, G. Cleva-Villanueva, J. C. Díaz-Zagoya, R. Medina-Santillán, H. O. Rubio-Arias, ...
     PMC3732396 · PMC · 2007-04-01
     https://www.ncbi.nlm.nih.gov/pmc/articles/PMC3732396/
     "This study investigated the effects of α-tocopherol supplementation on overweight women. Supplementation reduced markers of lipid peroxidation and improved antioxidant status, though some enzyme responses were imbalanced."

  344. Effects of exercise training with short‐duration intermittent hypoxia on endurance performance and muscle metabolism in well‐trained mice
     Junichi Suzuki
     PMC6643079 · PMC · 2019-07-21
     https://www.ncbi.nlm.nih.gov/pmc/articles/PMC6643079/
     "This study investigated the effects of intermittent hypoxia combined with exercise training on endurance in mice. Intermittent hypoxia enhanced endurance training and hybrid training by improving fatty acid and pyruvate oxidation."

  345. Acclimation Training Improves Endurance Cycling Performance in the Heat without Inducing Endotoxemia
     Joshua H. Guy, David B. Pyne, Glen B. Deakin, Catherine M. Miller, Andrew M. Edwards
     PMC4965461 · PMC · 2016-07-29
     https://www.ncbi.nlm.nih.gov/pmc/articles/PMC4965461/
     "This study investigated the effects of short-term heat training on endurance cycling performance and immune responses. Heat training improved cycling performance without causing significant immune system challenges."

  346. Cordycepin combined with antioxidant effects improves fatigue caused by excessive exercise
     Chunfang Cheng, Shasha Zhang, Chong Chen, Yanchun Gong, Kaizhi Ding, Guoyin Li, Wei Jiang, Zhenyu Zh...
     PMC11891301 · Scientific Reports · 2025-03-09
     https://doi.org/10.1038/s41598-025-92790-3
     "Cordycepin was studied for its anti-fatigue effects in mice subjected to excessive exercise. Cordycepin improved exercise performance and cognitive function by reducing fatigue metabolites and oxidative stress."

  347. Effect of Beetroot Juice Supplementation on Aerobic Capacity in Female Athletes: A Randomized Controlled Study  †
     Jekaterina Neteca, Una Veseta, Inga Liepina, Katrina Volgemute, Maija Dzintare, Dmitry Babarykin
     PMC11723218 · PMC · 2024-12-27
     https://www.ncbi.nlm.nih.gov/pmc/articles/PMC11723218/
     "This study investigated the impact of beetroot juice on female endurance athletes' aerobic capacity. Beetroot juice supplementation significantly improved ventilation, respiratory equivalents, and heart rate, suggesting enhanced oxygen utilization."

  348. Associations of serum levels of vitamins A, C, and E with the risk of cognitive impairment among elderly Koreans
     Sung Hee Kim, Yeong Mi Park, Bo Youl Choi, Mi Kyung Kim, Sungwon Roh, Kyunga Kim, Yoon Jung Yang
     PMC5886968 · Nutrition Research and Practice · 2018-04-01
     https://doi.org/10.4162/nrp.2018.12.2.160
     "This study examined serum vitamin levels and cognitive impairment risk in elderly Koreans. Higher beta-gamma tocopherol levels were associated with a reduced risk of cognitive impairment, particularly in men and non-smokers."

  349. Repeated Inhalation of Peppermint Essential Oil Improves Exercise Performance in Endurance-Trained Rats
     Wei Zhang, Rongpei Shi, Tian Gao, Yang Hu, Jiaheng Zhou, Chenhan Li, Panpan Wang, Hongyan Yang, Wenj...
     PMC10254935 · PMC · 2023-05-26
     https://www.ncbi.nlm.nih.gov/pmc/articles/PMC10254935/
     "Repeated inhalation of peppermint essential oil was studied in endurance-trained rats. The oil significantly improved exercise performance and reduced oxidative damage, enhancing training effects."

  350. Effect of a Diet Supplemented with α-Tocopherol and β-Carotene on ATP and Antioxidant Levels after Hepatic Ischemia-Reperfusion
     Pilar Codoñer-Franch, Pilar Muñiz, Esperanza Gasco, Juan V. Domingo, Victoria Valls-Belles
     PMC2459247 · Journal of Clinical Biochemistry and Nutrition · 2008-07-01
     https://doi.org/10.3164/jcbn.2008038
     "This study investigated the effects of α-tocopherol and β-carotene supplementation on rat livers subjected to ischemia-reperfusion. Supplementation improved antioxidant and energetic states, enhancing ATP recovery and altering antioxidant enzyme profiles."

  351. Effect of Beetroot Juice Supplementation on Aerobic Response during Swimming
     Marco Pinna, Silvana Roberto, Raffaele Milia, Elisabetta Marongiu, Sergio Olla, Andrea Loi, Gian Mar...
     PMC3942720 · PMC · 2014-01-29
     https://www.ncbi.nlm.nih.gov/pmc/articles/PMC3942720/
     "Beetroot juice supplementation was studied in master swimmers during incremental swimming tests. The supplementation increased workload at anaerobic threshold and reduced aerobic energy cost."

  352. Comparing Palm Oil, Tocotrienol-Rich Fraction and α-Tocopherol Supplementation on the Antioxidant Levels of Older Adults
     Nor Helwa Ezzah Nor Azman, Jo Aan Goon, Siti Madiani Abdul Ghani, Zalina Hamid, Wan Zurinah Wan Ngah
     PMC6025588 · Antioxidants · 2018-05-28
     https://doi.org/10.3390/antiox7060074
     "This study compared the effects of tocotrienol-rich fraction (TRF) and alpha-tocopherol (α-TF) on antioxidant levels in older adults. TRF supplementation significantly increased SOD activity, particularly in females, and improved the GSH/GSSG ratio in females."

  353. The impact of nutritional intervention and resistance training on muscle strength and mass in healthy older adults—a comparative analysis
     Yongye Ma, Ruixiang Yan, Yueming Li, Duanying Li, Xiaoning Sun, Tao Chen, Xingyu Liu
     PMC12400859 · Frontiers in Nutrition · 2025-08-18
     https://doi.org/10.3389/fnut.2025.1640858
     "This study compared nutritional interventions with resistance training in older adults. Protein supplementation combined with resistance training significantly improved muscle strength and mass, while creatine showed the most pronounced muscle mass gains."

  354. Determination of plasma and leukocyte vitamin C concentrations in a randomized, double-blind, placebo-controlled trial with Ester-C ®
     Susan H. Mitmesser, Qian Ye, Mal Evans, Maile Combs
     PMC4960105 · SpringerPlus · 2016-07-25
     https://doi.org/10.1186/s40064-016-2605-7
     "This study evaluated the bioavailability of a novel vitamin C formulation, Ester-C®, in plasma and leukocytes. Ester-C® showed higher plasma concentrations and greater increases in leukocyte vitamin C over time compared to placebo and ascorbic acid."

  355. High Baseline Vitamin C Levels Do Not Prevent a Positive Outcome of a Lifestyle Intervention
     Matthias Blüher, Michael Stumvoll, C. Ronald Kahn, Michael Ristow
     PMC4392935 · Diabetes Care · 2010-01-01
     https://doi.org/10.2337/dc09-1725

  356. Effects of Separate Cognitive Training on Endurance Exercise Performance
     Neil Dallaway, Steven R. Bray, Kira L. Innes, Kathryn E. Andrusko, Christopher Ring
     PMC12551073 · PMC · 2025-10-08
     https://www.ncbi.nlm.nih.gov/pmc/articles/PMC12551073/
     "This study investigated the impact of standalone cognitive training on endurance exercise. Results showed no improvement in endurance performance, perceived exertion, or heart rate compared to control groups."

  357. Endurance training of respiratory muscles improves cycling performance in fit young cyclists
     Paige Holm, Angela Sattler, Ralph F Fregosi
     PMC419707 · PMC · 2004-01-01
     https://www.ncbi.nlm.nih.gov/pmc/articles/PMC419707/
     "Respiratory muscle endurance training was performed by fit cyclists. This training improved cycling performance and respiratory muscle endurance capacity."

  358. Vitamin C Does Not Affect Platelet Counts in Patients With Sepsis: A Post hoc Analysis of the Lessening Organ Dysfunction With Vitamin C Randomized Trial
     Mattia M. Müller, Ruxandra Pinto, François Lamontagne, Neill K.J. Adhikari, Lorenzo Del Sorbo
     PMC12417011 · Critical Care Explorations · 2025-09-05
     https://doi.org/10.1097/CCE.0000000000001310
     "This study analyzed platelet counts in septic patients receiving vitamin C or placebo. Vitamin C did not affect platelet counts or alter the relationship between platelet count and mortality."

  359. Comparing the effects of vitamin E tocotrienol-rich fraction supplementation and α-tocopherol supplementation on gene expression in healthy older adults
     Siti Madiani Abdul Ghani, Jo Aan Goon, Nor Helwa Ezzah Nor Azman, Siti Nor Asyikin Zakaria, Zalina H...
     PMC6438703 · Clinics · 2019-02-27
     https://doi.org/10.6061/clinics/2019/e688
     "This study compared gene expression changes in healthy older adults after supplementation with vitamin E tocotrienol-rich fraction or α-tocopherol. Both supplements altered gene expression, particularly after six months and in males, but modulated different pathways."

  360. Acute effects of various doses of nitrate-rich beetroot juice on high-intensity interval exercise responses in women: a randomized, double-blinded, placebo-controlled, crossover trial
     Zhang Jiaqi, Dai Zihan, Stephen Heung-Sang Wong, Zheng Chen, Eric Tsz-Chun Poon
     PMC10977014 · PMC · 2024-03-27
     https://www.ncbi.nlm.nih.gov/pmc/articles/PMC10977014/
     "This study examined the effects of different beetroot juice doses on women performing high-intensity interval exercise. Nitrate supplementation reduced heart rate and perceived exertion, but higher doses offered no additional benefit."

  361. Effects of Acute Beetroot Juice Supplementation and Exercise on Cardiovascular Function in Healthy Men in Preliminary Study: A Randomized, Double-Blinded, Placebo-Controlled, and Crossover Trial
     Xie Yuschen, Jae-Ho Choi, Jisoo Seo, Yerin Sun, Eunjoo Lee, Sung-Woo Kim, Hun-Young Park
     PMC11241253 · PMC · 2024-06-21
     https://www.ncbi.nlm.nih.gov/pmc/articles/PMC11241253/
     "This study investigated the effects of beetroot juice supplementation combined with exercise on cardiovascular function in healthy men. Beetroot juice improved exercise capacity and cardiovascular function, including blood pressure and arterial stiffness, compared to a placebo."

  362. Effects of Heavy Strength Training on Running Performance and Determinants of Running Performance in Female Endurance Athletes
     Olav Vikmoen, Truls Raastad, Olivier Seynnes, Kristoffer Bergstrøm, Stian Ellefsen, Bent R. Rønnesta...
     PMC4783109 · PMC · 2016-03-08
     https://www.ncbi.nlm.nih.gov/pmc/articles/PMC4783109/
     "This study examined the impact of adding strength training to endurance training in female athletes. Heavy strength training did not improve running performance or economy compared to endurance training alone."

  363. A forced titration study of the antioxidant and immunomodulatory effects of Ambrotose AO supplement
     Stephen P Myers, Lesley Stevenson, Phillip A Cheras, Joan O'Connor, Lyndon Brooks, Margaret Rolfe, P...
     PMC2888736 · BMC Complementary and Alternative Medicine · 2010-01-01
     https://doi.org/10.1186/1472-6882-10-16
     "This study investigated the optimal dose of Ambrotose AO supplement in healthy volunteers by measuring antioxidant activity and immune function. The supplement showed increased antioxidant capacity and immune effects, with an optimal dose estimated at 4 capsules per day."

  364. Aging Brain: Prevention of Oxidative Stress by Vitamin E and Exercise
     Sambe Asha Devi
     PMC5823232 · PMC · 2009-01-01
     https://www.ncbi.nlm.nih.gov/pmc/articles/PMC5823232/
     "This study investigated how vitamin E and exercise affect the aging brain's cognitive decline. Findings suggest these interventions can slow decline by reducing oxidative stress and potentially acting synergistically."

  365. Effects of daily vitamin D supplementation on respiratory muscle strength and physical performance in vitamin D-deficient COPD patients: a pilot trial
     Rachida Rafiq, Hendrik J Prins, Wim G Boersma, Johannes MA Daniels, Martin den Heijer, Paul Lips, Re...
     PMC5584776 · International Journal of Chronic Obstructive Pulmonary Disease · 2017-01-01
     https://doi.org/10.2147/COPD.S132117
     "This pilot trial investigated daily vitamin D supplementation in vitamin D-deficient COPD patients. Supplementation did not significantly improve respiratory muscle strength or physical performance after six months."

  366. Effects of free leucine supplementation and resistance training on muscle strength and functional status in older adults: a randomized controlled trial
     Joan Trabal, Maria Forga, Pere Leyes, Ferran Torres, Jordi Rubio, Esther Prieto, Andreu Farran-Codin...
     PMC4403814 · Clinical Interventions in Aging · 2015-01-01
     https://doi.org/10.2147/CIA.S75271
     "This study investigated leucine supplementation with resistance training in older adults. Leucine supplementation, combined with resistance training, showed a greater positive effect on leg strength and some functional measures compared to resistance training alone."

  367. The Road to Gold: Training and Peaking Characteristics in the Year Prior to a Gold Medal Endurance Performance
     Espen Tønnessen, Øystein Sylta, Thomas A. Haugen, Erlend Hem, Ida S. Svendsen, Stephen Seiler
     PMC4096917 · PMC · 2014-01-01
     https://www.ncbi.nlm.nih.gov/pmc/articles/PMC4096917/
     "Elite endurance athletes trained approximately 800 hours annually, with 90% at low intensity. Training volume decreased before peaking, but high-intensity training remained stable, and tapering did not align with experimental recommendations."

  368. The effect of an exercise program in pregnancy on vitamin D status among healthy, pregnant Norwegian women: a randomized controlled trial
     Miriam K. Gustafsson, Pål R. Romundstad, Signe Nilssen Stafne, Anne-Sofie Helvik, Astrid Kamilla Stu...
     PMC6381613 · BMC Pregnancy and Childbirth · 2019-02-20
     https://doi.org/10.1186/s12884-019-2220-z
     "A randomized controlled trial examined the effect of a 12-week exercise program on vitamin D status in pregnant Norwegian women. The exercise program did not significantly alter vitamin D levels, though a small increase in total, free, and bioavailable 25(OH)D was observed in the intervention group after adjusting for site and month."

  369. Mitochondria-Derived Vesicles and Inflammatory Profiles of Adults with Long COVID Supplemented with Red Beetroot Juice: Secondary Analysis of a Randomized Controlled Trial
     Emanuele Marzetti, Hélio José Coelho-Júnior, Riccardo Calvani, Giulia Girolimetti, Riccardo Di Corat...
     PMC11818272 · PMC · 2025-01-30
     https://www.ncbi.nlm.nih.gov/pmc/articles/PMC11818272/
     "This study analyzed the impact of beetroot juice on mitochondrial markers and inflammation in long COVID patients. Beetroot juice reduced inflammation but did not alter mitochondrial markers, though improved mitochondrial quality correlated with better physical and endothelial function."

  370. The effect of beetroot juice (Beta Vulgaris L.) supplementation on ṼO2max of youth soccer athletes
     Fajar Rachman Adji, Zaenal M. Sofro, Mirza Hapsari
     PMC10367025 · PMC · 2022-12-07
     https://www.ncbi.nlm.nih.gov/pmc/articles/PMC10367025/
     "This study investigated the effect of beetroot juice supplementation on the VO2max of youth soccer athletes. Both beetroot juice and placebo significantly increased VO2max levels in the athletes."

  371. Changes in Endurance Performance in Young Athletes During Two Training Seasons
     Łukasz Tota, Marcin Maciejczyk, Ilona Pokora, Jerzy Cempla, Wanda Pilch, Tomasz Pałka
     PMC4723163 · PMC · 2015-12-22
     https://www.ncbi.nlm.nih.gov/pmc/articles/PMC4723163/
     "This study tracked endurance performance in young runners over two training seasons. While the first season improved maximal oxygen uptake, the second season enhanced running economy with similar training loads."

  372. Low Carbohydrate, High Fat Diet Alters the Oral Microbiome without Negating the Nitrite Response to Beetroot Juice Supplementation
     Louise E. Cato, Alannah K. A. McKay, Joanna E. L’Heureux, Anni Vanhatalo, Andrew M. Jones, Christoph...
     PMC10745889 · PMC · 2023-12-16
     https://www.ncbi.nlm.nih.gov/pmc/articles/PMC10745889/
     "A low carbohydrate, high fat diet altered the oral microbiome in athletes. This diet did not negate the nitrite response to beetroot juice supplementation, indicating maintained nitrate reduction capacity."

  373. Vitamin E and Adipose Tissue
     Z. Menschik
     PMC5286706 · Edinburgh Medical Journal · 1944-01-01

  374. Acute Physiological and Thermoregulatory Responses to Extended Interval Training in Endurance Runners: Influence of Athletic Performance and Age
     Felipe García-Pinillos, Víctor Manuel Soto-Hermoso, Pedro Ángel Latorre-Román
     PMC4723170 · PMC · 2015-12-22
     https://www.ncbi.nlm.nih.gov/pmc/articles/PMC4723170/
     "This study examined the physiological and thermoregulatory responses of endurance runners to extended interval training. No significant differences were found based on athletic performance or age, suggesting similar responses at comparable relative intensities."

  375. A pilot randomized clinical trial of γ-tocopherol supplementation on wood smoke–induced neutrophilic and eosinophilic airway inflammation
     David B. Peden, Martha Almond, Christian Brooks, Carole Robinette, Heather Wells, Allison Burbank, M...
     PMC10590746 · The Journal of Allergy and Clinical Immunology: Global · 2023-10-05
     https://doi.org/10.1016/j.jacig.2023.100177
     "This pilot study investigated if gamma-tocopherol supplementation could prevent wood smoke-induced airway inflammation. The intervention did not reduce neutrophilic inflammation but did prevent eosinophilic inflammation."

  376. Performance-related physiological changes induced by one year of endurance training in young athletes
     Christina Mishica, Heikki Kyröläinen, Maarit Valtonen, Hans-Christer Holmberg, Vesa Linnamo
     PMC10206302 · PMC · 2023-05-10
     https://www.ncbi.nlm.nih.gov/pmc/articles/PMC10206302/
     "Endurance training was studied in young cross-country skiers over one year. Ski-specific performance improved significantly, but maximal oxygen uptake did not, suggesting upper-body power was key."

  377. Effects of d-α-tocopherol supplements on lipid metabolism in a high-fat diet-fed animal model
     Do Yeon Kim, Jinkyung Kim, Hye Jin Ham, Ryowon Choue
     PMC3865271 · Nutrition Research and Practice · 2013-12-01
     https://doi.org/10.4162/nrp.2013.7.6.481
     "This study investigated d-α-tocopherol's effects on lipid metabolism in mice fed a high-fat diet. Supplementation improved insulin resistance and lipid profiles, decreasing oxidative stress by altering PPAR-α and PPAR-γ expression."

  378. Effects of Insect Protein Supplementation during Resistance Training on Changes in Muscle Mass and Strength in Young Men
     Mathias T. Vangsoe, Malte S. Joergensen, Lars-Henrik L. Heckmann, Mette Hansen
     PMC5872753 · Nutrients · 2018-03-10
     https://doi.org/10.3390/nu10030335
     "This study investigated insect protein supplementation's effects on muscle mass and strength during resistance training. Insect protein did not show superior benefits compared to carbohydrate supplementation for muscle adaptations in young men."

  379. Effects of training adaption in endurance athletes with atrial fibrillation: protocol for a multicentre randomised controlled trial
     Turid Apelland, Kristel Janssens, Jan Pål Loennechen, Guido Claessen, Eivind Sørensen, Amy Mitchell,...
     PMC10106028 · BMJ Open Sport — Exercise Medicine · 2023-01-01
     https://doi.org/10.1136/bmjsem-2023-001541
     "This study investigates the effects of training adaptation on atrial fibrillation burden in endurance athletes. Reducing training intensity and duration may decrease AF burden in these athletes."

  380. The effectiveness of protein supplementation combined with resistance exercise programs among community-dwelling older adults with sarcopenia: a systematic review and meta-analysis
     Phatcharaphon Whaikid, Noppawan Piaseu
     PMC11369567 · Epidemiology and Health · 2024-01-01
     https://doi.org/10.4178/epih.e2024030
     "This systematic review evaluated protein supplementation combined with resistance exercise in older adults with sarcopenia. The combination significantly increased muscle mass and strength."

  381. Study protocol for prevention of falls: A randomized controlled trial of effects of vitamin D and exercise on falls prevention
     Kirsti Uusi-Rasi, Pekka Kannus, Saija Karinkanta, Matti Pasanen, Radhika Patil, Christel Lamberg-All...
     PMC3342151 · BMC Geriatrics · 2012-01-01
     https://doi.org/10.1186/1471-2318-12-12
     "This study is a randomized controlled trial investigating the effects of vitamin D and exercise on falls prevention in older women. The trial aims to determine if exercise and vitamin D supplementation reduce fall rates and injuries."

  382. Antioxidant supplementation for the prevention of post-endoscopic retrograde cholangiopancreatography pancreatitis: a meta-analysis of randomized controlled trials
     Wan-Jie Gu, Chun-Yin Wei, Rui-Xing Yin
     PMC3575286 · Nutrition Journal · 2013-01-01
     https://doi.org/10.1186/1475-2891-12-23
     "This meta-analysis evaluated antioxidant supplementation for preventing post-ERCP pancreatitis. Antioxidants did not significantly reduce the incidence or severity of this complication."

  383. Transcriptomics and metabonomics study on the effect of exercise combined with curcumin supplementation on breast cancer in mice
     Yong Guo, Jinxing Su, Shangquan Jiang, Yan Xu, Binbin Dou, Ting Li, Jiabin Zhu, Kan He
     PMC10990956 · Heliyon · 2024-03-29
     https://doi.org/10.1016/j.heliyon.2024.e28807
     "This study investigated the combined effects of exercise and curcumin on breast cancer in mice. The combination treatment showed a greater inhibitory effect than single treatments, involving specific gene pathways and metabolic processes."

  384. Specific Collagen Peptides in Combination with Resistance Training Improve Body Composition and Regional Muscle Strength in Premenopausal Women: A Randomized Controlled Trial
     Patrick Jendricke, Christoph Centner, Denise Zdzieblik, Albert Gollhofer, Daniel König
     PMC6521629 · Nutrients · 2019-04-20
     https://doi.org/10.3390/nu11040892
     "This study investigated the effects of resistance training plus specific collagen peptides (SCP) on premenopausal women. SCP supplementation, combined with resistance training, significantly improved fat-free mass and hand-grip strength compared to placebo."

  385. Intravenous Vitamin C administration reduces fatigue in office workers: a double-blind randomized controlled trial
     Sang-Yeon Suh, Woo Kyung Bae, Hong-Yup Ahn, Sung-Eun Choi, Gyou-Chul Jung, Chang Hwan Yeom
     PMC3273429 · Nutrition Journal · 2012-01-01
     https://doi.org/10.1186/1475-2891-11-7
     "Intravenous vitamin C was administered to office workers to assess its effect on fatigue. Intravenous vitamin C significantly reduced fatigue for up to one day, with no adverse effects."

  386. Plasma and Tissue Concentrations of α-Tocopherol and δ-Tocopherol Following High Dose Dietary Supplementation in Mice
     Laura L. Baxter, Juan J. Marugan, Jingbo Xiao, Art Incao, John C. McKew, Wei Zheng, William J. Pavan
     PMC3397347 · Nutrients · 2012-06-06
     https://doi.org/10.3390/nu4060467
     "This study measured alpha- and delta-tocopherol levels in mice after high-dose dietary supplementation. High doses of alpha-tocopherol increased plasma and tissue levels without toxicity, while delta-tocopherol levels also rose, with sesamin further enhancing delta-tocopherol uptake."

  387. Effects of Plyometric Training on Explosive and Endurance Performance at Sea Level and at High Altitude
     David Cristóbal Andrade, Ana Rosa Beltrán, Cristian Labarca-Valenzuela, Oscar Manzo-Botarelli, Erwin...
     PMC6191644 · PMC · 2018-10-09
     https://www.ncbi.nlm.nih.gov/pmc/articles/PMC6191644/
     "A 4-week plyometric training program improved explosive and endurance performance at sea level. This training also enhanced performance at high altitude compared to a control group."

  388. A Pilot Feasibility Randomized Controlled Trial of Intravenous Vitamin C in Adults with Sepsis in the Intensive Care Unit: The Lessening Organ Dysfunction with Vitamin C-India (LOVIT-India) Trial
     Bharath Kumar Tirupakuzhi Vijayaraghavan, Ramesh Venkataraman, Yamunadevi Ramanathan, Saravanan Marg...
     PMC10701561 · Indian Journal of Critical Care Medicine : Peer-reviewed, Official Publication of Indian Society of Critical Care Medicine · 2023-12-01
     https://doi.org/10.5005/jp-journals-10071-24587
     "This pilot study assessed the feasibility of a randomized controlled trial of intravenous vitamin C for sepsis patients in India. The trial met feasibility endpoints, but vitamin C did not appear to improve mortality or organ dysfunction."

  389. An 8-week exergame-based exercise training program improves cardiovascular endurance, muscular strength and endurance performances among primary school children in Taiwan
     Chi-Fang Lin, Po-Fu Lee, Yan-Jhu Su, I-Tung Lin, Hsiao-Fang Kao, Yi-Chuan Hung, Mei-Ling Chao, Chien...
     PMC12267158 · PMC · 2025-07-03
     https://www.ncbi.nlm.nih.gov/pmc/articles/PMC12267158/
     "An 8-week exergame program was tested on Taiwanese primary school children. The program significantly improved cardiovascular endurance and muscular strength/endurance compared to a control group."

  390. Early administration of vitamin C in patients with sepsis or septic shock in emergency departments: a multicenter, double-blind, randomized controlled trial: the C-EASIE trial
     Stefanie Vandervelden, Bente Cortens, Steffen Fieuws, Wilma Eegdeman, Stefano Malinverni, Philippe V...
     PMC12020157 · Critical Care · 2025-04-23
     https://doi.org/10.1186/s13054-025-05383-x
     "A randomized controlled trial investigated early vitamin C administration in sepsis patients. Early vitamin C treatment did not significantly reduce organ dysfunction, failing to support its use in sepsis."

  391. Dietary beetroot juice – effects on physical performance in COPD patients: a randomized controlled crossover trial
     Anne Louise Friis, Carina Bjørnskov Steenholt, Anders Løkke, Mette Hansen
     PMC5479267 · PMC · 2017-01-01
     https://www.ncbi.nlm.nih.gov/pmc/articles/PMC5479267/
     "Dietary beetroot juice was given to COPD patients for 7 days, followed by exercise tests. The juice increased plasma nitrite and lowered diastolic blood pressure, but did not improve walking distance or cycling oxygen consumption."

  392. The Potential Benefits of Red Beetroot Supplementation in Health and Disease
     Tom Clifford, Glyn Howatson, Daniel J. West, Emma J. Stevenson
     PMC4425174 · PMC · 2015-04-14
     https://www.ncbi.nlm.nih.gov/pmc/articles/PMC4425174/
     "This review examines red beetroot's biological activity and its effects on inflammation, oxidative stress, cognition, and endothelial function. Beetroot shows potential as a functional food due to its nitrate and betalain content, offering antioxidant, anti-inflammatory, and nitric oxide-boosting benefits."

  393. Improved exercise performance and increased aerobic capacity after endurance training of patients with stable polymyositis and dermatomyositis
     Li Alemo Munters, Maryam Dastmalchi, Abram Katz, Mona Esbjörnsson, Ingela Loell, Balsam Hanna, Maria...
     PMC3978470 · PMC · 2013-01-01
     https://www.ncbi.nlm.nih.gov/pmc/articles/PMC3978470/
     "This study investigated endurance training in patients with polymyositis or dermatomyositis. Endurance training improved exercise performance and aerobic capacity, with some patients also showing clinical improvement."

  394. Collagen peptide supplementation in combination with resistance training improves body composition and increases muscle strength in elderly sarcopenic men: a randomised controlled trial
     Denise Zdzieblik, Steffen Oesser, Manfred W. Baumstark, Albert Gollhofer, Daniel König
     PMC4594048 · The British Journal of Nutrition · 2015-10-28
     https://doi.org/10.1017/S0007114515002810
     "This study investigated collagen peptide supplementation alongside resistance training in elderly men with sarcopenia. Collagen peptide supplementation, combined with resistance training, significantly improved body composition and muscle strength more than placebo."

  395. The Effect of Two Speed Endurance Training Regimes on Performance of Soccer Players
     F. Marcello Iaia, Matteo Fiorenza, Enrico Perri, Giampietro Alberti, Grégoire P. Millet, Jens Bangsb...
     PMC4578774 · PMC · 2015-09-22
     https://www.ncbi.nlm.nih.gov/pmc/articles/PMC4578774/
     "Two speed endurance training regimes were compared in young male soccer players. SEP training improved repeated sprint and intermittent exercise performance, while SEM training enhanced fatigue tolerance and speed maintenance."

  396. Targeted Metabolomics in High Performance Sports: Differences between the Resting Metabolic Profile of Endurance- and Strength-Trained Athletes in Comparison with Sedentary Subjects over the Course of a Training Year
     Mario Parstorfer, Gernot Poschet, Dorothea Kronsteiner, Kirsten Brüning, Birgit Friedmann-Bette
     PMC10383823 · PMC · 2023-07-10
     https://www.ncbi.nlm.nih.gov/pmc/articles/PMC10383823/
     "This study compared the resting metabolic profiles of endurance athletes, strength athletes, and sedentary individuals across a training year. Differences were found between groups, with specific metabolites varying throughout the year, particularly in strength athletes."

  397. Effect of temperature on fatty acid metabolism in skeletal muscle mitochondria of untrained and endurance-trained rats
     Jerzy A. Zoladz, Agnieszka Koziel, Izabela Broniarek, Andrzej M. Woyda-Ploszczyca, Karolina Ogrodna,...
     PMC5726737 · PMC · 2017-12-12
     https://www.ncbi.nlm.nih.gov/pmc/articles/PMC5726737/
     "Skeletal muscle mitochondria from untrained and trained rats were studied at different temperatures to assess lipid fuel oxidation. Endurance training increased fatty acid oxidation capacity at all temperatures, with hyperthermia enhancing and hypothermia attenuating oxidation rates."

  398. Effects of intermittent sprint and plyometric training on endurance running performance
     Danny Lum, Frankie Tan, Joel Pang, Tiago M. Barbosa
     PMC6742614 · PMC · 2016-08-17
     https://www.ncbi.nlm.nih.gov/pmc/articles/PMC6742614/
     "This study compared intermittent sprint and plyometric training in endurance runners. Both methods improved 10-km performance and peak power, with a correlation between running performance and relative peak power."

  399. Acute ingestion of beetroot juice increases exhaled nitric oxide in healthy individuals
     Juliet L. Kroll, Chelsey A. Werchan, David Rosenfield, Thomas Ritz
     PMC5784918 · PMC · 2018-01-25
     https://www.ncbi.nlm.nih.gov/pmc/articles/PMC5784918/
     "Beetroot juice was given to healthy individuals to measure its effect on exhaled nitric oxide. Ingesting beetroot juice significantly increased exhaled nitric oxide levels for at least 90 minutes."

  400. Upper-Body Muscular Endurance Training Improves Performance Following 50 min of Double Poling in Well-Trained Cross-Country Skiers
     Jørgen Børve, Steffen N. Jevne, Bjarne Rud, Thomas Losnegard
     PMC5615216 · PMC · 2017-09-22
     https://www.ncbi.nlm.nih.gov/pmc/articles/PMC5615216/
     "Upper-body muscular endurance training was added to standard training for cross-country skiers. This training improved double poling performance and reduced oxygen cost during prolonged effort."

  401. The effect of L-ascorbic acid and/or tocopherol supplementation on electrophysiological parameters of the colon of rats chronically exposed to lead
     Danuta I. Kosik-Bogacka, Irena Baranowska-Bosiacka, Mariola Marchlewicz, Agnieszka Kolasa, Katarzyna...
     PMC3524688 · Medical Science Monitor : International Medical Journal of Experimental and Clinical Research · 2011-01-01
     https://doi.org/10.12659/MSM.881323
     "This study investigated how L-ascorbic acid and/or tocopherol supplementation affected rat colon electrophysiology after chronic lead exposure. L-ascorbic acid supplementation reversed lead-induced inhibition of ion transport and protected epithelial tight junctions."

  402. Effects of Beetroot Juice Supplementation on a 30-s High-Intensity Inertial Cycle Ergometer Test
     Raul Domínguez, Manuel Vicente Garnacho-Castaño, Eduardo Cuenca, Pablo García-Fernández, Arturo Muño...
     PMC5748810 · PMC · 2017-12-15
     https://www.ncbi.nlm.nih.gov/pmc/articles/PMC5748810/
     "Beetroot juice was supplemented before a 30-second high-intensity cycle test. It improved peak power, early average power, and reduced blood lactate, suggesting an ergogenic effect."

  403. Frequency and perceived influence of menopausal symptoms on training and performance in female endurance athletes
     Heather M. Hamilton *, Natalie M. Yarish, Kristin E. Heron
     PMC12711079 · PMC · 2025-12-17
     https://www.ncbi.nlm.nih.gov/pmc/articles/PMC12711079/
     "This study surveyed 187 female endurance athletes aged 40-60 about menopausal symptoms. A high frequency of symptoms was reported, with joint/muscular discomfort, weight gain, and sleep problems most negatively impacting training and performance."

  404. Effect of exercise therapy combined with branched-chain amino acid supplementation on muscle strengthening in persons with osteoarthritis
     Takashi Ikeda, Tetsuya Jinno, Tadashi Masuda, Junya Aizawa, Kazunari Ninomiya, Koji Suzuki, Kazuo Hi...
     PMC6385550 · Hong Kong Physiotherapy Journal · 2018-06-01
     https://doi.org/10.1142/S1013702518500038
     "This study investigated the effects of exercise therapy combined with branched-chain amino acid (BCAA) supplementation on muscle strength in women with hip osteoarthritis. The BCAA group showed significantly greater improvement in hip abductor muscle strength on the contralateral side compared to the control group."

  405. Relationship of Anthropometric and Training Characteristics with Race Performance in Endurance and Ultra-Endurance Athletes
     Beat Knechtle
     PMC4374609 · PMC · 2014-06-01
     https://www.ncbi.nlm.nih.gov/pmc/articles/PMC4374609/
     "Anthropometric and training characteristics were analyzed for their relationship with race performance in endurance and ultra-endurance athletes. Key predictors for ultra-endurance performance included fast shorter-race times, low body fat, and high training speed."

  406. Abrupt termination of vitamin C from ICU patients may increase mortality: secondary analysis of the LOVIT trial
     Harri Hemilä, Elizabeth Chalker
     PMC10115628 · European Journal of Clinical Nutrition · 2022-12-20
     https://doi.org/10.1038/s41430-022-01254-8
     "This study analyzed the LOVIT trial to investigate if stopping vitamin C abruptly increased mortality. The findings suggest that the increased mortality observed was due to the abrupt termination of vitamin C, not its administration."

  407. Acute Supplementation with Nitrate-Rich Beetroot Juice Causes a Greater Increase in Plasma Nitrite and Reduction in Blood Pressure of Older Compared to Younger Adults
     Luke Stanaway, Kay Rutherfurd-Markwick, Rachel Page, Marie Wong, Wannita Jirangrat, Koon Hoong Teh, ...
     PMC6683255 · PMC · 2019-07-22
     https://www.ncbi.nlm.nih.gov/pmc/articles/PMC6683255/
     "Acute beetroot juice supplementation increased plasma nitrite and reduced blood pressure. Older adults experienced greater increases in plasma nitrite and reductions in diastolic blood pressure compared to younger adults."

  408. Role of vitamin C infusion in postoperative mechanically ventilated neonates with sepsis: a randomized controlled trial
     Asmaa Mahmoud Elmesiry, Mai Rabie Elsheikh, Khalid Mohamed Elshimy, Amany Mohamed Abotaleb
     PMC12662891 · European Journal of Pediatrics · 2025-11-29
     https://doi.org/10.1007/s00431-025-06625-4
     "This study investigated vitamin C infusion in septic, mechanically ventilated neonates after surgery. Vitamin C improved respiratory function and reduced ventilation and inotropic support duration, but did not impact mortality or length of stay."

  409. Vitamin C–Based Gingival Depigmentation Versus Surgical Depigmentation: A Randomized Clinical Trial
     Aehad Ul Haque, Nand Lal, Shalini Kaushal, Pavitra Rastogi, Rameshwari Singhal
     PMC11707063 · The Scientific World Journal · 2024-01-01
     https://doi.org/10.1155/tswj/3299188
     "This study compared vitamin C injection and surgical methods for gingival depigmentation. Both were effective, but vitamin C injection resulted in higher patient satisfaction."

  410. Effects of Oxidized Frying Oil on Proteins Related to α-Tocopherol Metabolism in Rat Liver
     Wen-Chi Huang, Zhi-Chyang Kang, Yi-Jen Li, Huey-Mei Shaw
     PMC2704323 · Journal of Clinical Biochemistry and Nutrition · 2009-07-01
     https://doi.org/10.3164/jcbn08-250
     "This study investigated the effects of oxidized frying oil on vitamin E metabolism in rat liver. An oxidized frying oil diet significantly lowered liver α-tocopherol and urinary α-CEHC, while increasing specific cytochrome P450 enzymes."

  411. Active Recovery Induces Greater Endurance Adaptations When Performing Sprint Interval Training
     Takaki Yamagishi, John Babraj
     PMC6445608 · PMC · 2019-04-01
     https://www.ncbi.nlm.nih.gov/pmc/articles/PMC6445608/
     "This study compared the effects of active versus passive recovery during sprint interval training. Active recovery during SIT led to greater improvements in critical power and a tendency for increased maximal power output."

  412. Beetroot juice and vitamin C co-supplementation enhances anaerobic performance and reduces post-exercise glycemia in wrestlers: a randomized, double-blind, placebo-controlled crossover trial
     Maedeh Nojoumi; Ali Jafari; Alireza Hosseini Kakhki; Ali Jafarzadeh Esfehani; Hossein Rafiei; Chad K...
     PMC13248408 · PMC · 2026-04-17
     https://www.ncbi.nlm.nih.gov/pmc/articles/PMC13248408/
     "Wrestling, characterized by high-intensity intermittent efforts, demands exceptional anaerobic power and recovery capacity. Nitrate-rich beetroot juice (BRJ), supplemented with vitamin C, has emerged "

  413. The Impact of LPS on Inflammatory Responses in Alpha-Tocopherol Deficient Mice
     Megumi H Seese, Andrew J Steelman, John W Erdman
     PMC11342875 · PMC · 2024-07-14
     https://www.ncbi.nlm.nih.gov/pmc/articles/PMC11342875/
     "This study examined inflammatory responses to LPS in alpha-tocopherol deficient mice. No differences in inflammatory markers or sickness behaviors were found between deficient and control mice after LPS challenge."

  414. Effects of Lactofermented Beetroot Juice Alone or with  N -nitroso- N -methylurea on Selected Metabolic Parameters, Composition of the Microbiota Adhering to the Gut Epithelium and Antioxidant Status of Rats
     Elżbieta Klewicka, Zenon Zduńczyk, Jerzy Juśkiewicz, Robert Klewicki
     PMC4517037 · PMC · 2015-07-16
     https://www.ncbi.nlm.nih.gov/pmc/articles/PMC4517037/
     "Lactofermented beetroot juice was tested alone or with a mutagen on rats. The juice reduced ammonia, improved gut microbiota, and increased antioxidant capacity in blood serum."

  415. Season-specific effects of α-tocopherol supplementation during bovine oocyte  in vitro  maturation on embryo yield and quality
     Bruno Barcelona, Zully Ramos, Carolina Viñoles, Nélida Rodríguez-Osorio, Francisco Báez
     PMC12068370 · Animal Reproduction · 2025-05-09
     https://doi.org/10.1590/1984-3143-AR2024-0136
     "This study investigated the effect of α-tocopherol on bovine oocyte maturation in spring and summer. Supplementation improved embryo yield and quality specifically in summer, suggesting a benefit under heat stress."

  416. Endurance Training Protocol and Longitudinal Performance Assays for  Drosophila melanogaster
     Martin J. Tinkerhess, Sara Ginzberg, Nicole Piazza, Robert J. Wessells
     PMC3460591 · PMC · 2012-01-01
     https://www.ncbi.nlm.nih.gov/pmc/articles/PMC3460591/
     "A novel apparatus, the Power Tower, was developed for large-scale endurance training of fruit flies. This system allows for simultaneous training of many flies and tracking of their performance over time."

  417. Effect of palm-based tocotrienols and tocopherol mixture supplementation on platelet aggregation in subjects with metabolic syndrome: a randomised controlled trial
     Yee-Lin Gan, Ju-Yen Fu, Oi-Ming Lai, Boon-How Chew, Kah-Hay Yuen, Kim-Tiu Teng, Kalanithi Nesaretnam...
     PMC5599564 · Scientific Reports · 2017-09-14
     https://doi.org/10.1038/s41598-017-11813-w
     "A randomized controlled trial investigated palm-based tocotrienols and tocopherol supplementation's effect on platelet aggregation in metabolic syndrome adults. The study found no significant inhibitory effect on platelet aggregation, both fasting and postprandial, after short-term supplementation."

  418. Effects of beetroot juice supplementation on vascular functional and structural changes in aged mice
     Masashi Tawa, Keisuke Nakagawa, Mamoru Ohkita
     PMC10281958 · PMC · 2023-06-20
     https://www.ncbi.nlm.nih.gov/pmc/articles/PMC10281958/
     "Aged mice were supplemented with beetroot juice to study its effects on vascular aging. Beetroot juice improved vascular endothelial function and reduced oxidative stress in aged mice."

  419. The effects of alpha-tocopherol supplementation on fracture healing in a postmenopausal osteoporotic rat model
     Sharlina Mohamad, Ahmad Nazrun Shuid, Norazlina Mohamed, Fazalina Mohd Fadzilah, Sabarul Afian Mokht...
     PMC3438250 · Clinics · 2012-09-01
     https://doi.org/10.6061/clinics/2012(09)16
     "This study investigated alpha-tocopherol's effect on fracture healing in osteoporotic rats. Supplementation improved healing but did not restore bone strength."

  420. A study protocol of Older Person’s Exercise and Nutrition Study (OPEN) - a sit-to-stand activity combined with oral protein supplement – effects on physical function and independence: a cluster randomized clinical trial
     Helena Grönstedt, Sofia Vikström, Tommy Cederholm, Erika Franzén, Åke Seiger, Anders Wimo, Gerd Faxé...
     PMC6000965 · BMC Geriatrics · 2018-06-07
     https://doi.org/10.1186/s12877-018-0824-1
     "This study protocol outlines a trial investigating the effects of sit-to-stand exercises combined with protein supplements on frail nursing home residents. The intervention is expected to improve physical function and independence."

  421. α-tocopherol supplementation prevents lead acetate and hypoxia-induced hepatic dysfunction
     Kusal K. Das, Jameel G. Jargar, Sikha Saha, Saeed M. Yendigeri, Shashi Bala Singh
     PMC4450554 · Indian Journal of Pharmacology · 2015-01-01
     https://doi.org/10.4103/0253-7613.157126
     "This study investigated the effects of lead acetate and hypoxia, with or without alpha-tocopherol, on rat liver function. Alpha-tocopherol supplementation protected against liver damage caused by lead acetate and hypoxia, likely by reducing oxidative stress."

  422. Ascorbic Acid Alleviates Water Stress in Young Peach Trees and Improves Their Performance after Rewatering
     Consuelo Penella, Ángeles Calatayud, Juan C. Melgar
     PMC5611396 · PMC · 2017-09-20
     https://www.ncbi.nlm.nih.gov/pmc/articles/PMC5611396/
     "Ascorbic acid was applied to young peach trees to study its effect on water stress tolerance. Ascorbic acid improved physiological recovery and reduced cell damage in water-stressed trees, suggesting its potential as a management tool."

  423. Effects of  α -tocopherol and  β -carotene supplementation on liver cancer incidence and chronic liver disease mortality in the ATBC study
     G Y Lai, S J Weinstein, P R Taylor, K A McGlynn, J Virtamo, M H Gail, D Albanes, N D Freedman
     PMC4264440 · British Journal of Cancer · 2014-12-09
     https://doi.org/10.1038/bjc.2014.514
     "This study evaluated the long-term effects of α-tocopherol and β-carotene supplementation on liver cancer and chronic liver disease mortality in male smokers. Supplementation did not reduce the risk of liver cancer or chronic liver disease mortality over 24 years."

  424. Alleviation of ascorbic acid-induced gastric high acidity by calcium ascorbate  in vitro  and  in vivo
     Joon-Kyung Lee, Sang-Hyuk Jung, Sang-Eun Lee, Joo-Hui Han, Eunji Jo, Hyun-Soo Park, Kyung-Sun Heo, D...
     PMC5746510 · PMC · 2018-01-01
     https://www.ncbi.nlm.nih.gov/pmc/articles/PMC5746510/
     "This study compared calcium ascorbate and ascorbic acid's effects on gastric acidity and bioavailability. Calcium ascorbate increased gastric pH and plasma concentrations, suggesting it mitigates ascorbic acid's side effects."

  425. Metabolic Biomarkers of Red Beetroot Juice Intake at Rest and after Physical Exercise
     Ottavia Giampaoli, Cristian Ieno, Fabio Sciubba, Mariangela Spagnoli, Alfredo Miccheli, Alberta Toma...
     PMC10180642 · PMC · 2023-04-22
     https://www.ncbi.nlm.nih.gov/pmc/articles/PMC10180642/
     "This study identified urinary biomarkers of red beetroot juice (RBJ) intake and examined their excretion with or without exercise. Physical activity increased dopamine-3-O-sulfate excretion, suggesting exercise may influence RBJ absorption."

  426. Membrane Permeabilities of Ascorbic Acid and Ascorbate
     Christof Hannesschlaeger, Peter Pohl
     PMC6164163 · PMC · 2018-08-17
     https://www.ncbi.nlm.nih.gov/pmc/articles/PMC6164163/
     "This study investigated the membrane permeability of ascorbic acid and ascorbate. Ascorbate permeability is negligible, with transport occurring via protonation/deprotonation, suggesting passive transport is insufficient for vitamin C uptake."

  427. Conjugated linoleic acid influences the metabolism of tocopherol in lactating rats but has little effect on tissue tocopherol concentrations in pups
     Johanna O. Zeitz, Erika Most, Klaus Eder
     PMC4888485 · Lipids in Health and Disease · 2016-05-31
     https://doi.org/10.1186/s12944-016-0272-x
     "Dietary conjugated linoleic acid (CLA) was given to lactating rats and their pups to study tocopherol metabolism. CLA decreased tocopherol in dams' livers but increased it in their adipose tissue, with mixed effects on pups."

  428. Effect of tocopherol supplementation during last trimester of pregnancy on mRNA abundances of interleukins and angiogenesis in ovine placenta and uterus
     Ramanathan K Kasimanickam, Vanmathy R Kasimanickam, Gary J Haldorson, Ahmed Tibary
     PMC3398327 · Reproductive Biology and Endocrinology : RB&E · 2012-01-01
     https://doi.org/10.1186/1477-7827-10-4
     "Gamma tocopherol supplementation during late pregnancy increased mRNA for IL-6, IL-8, KDR, and VEGF, while decreasing sFlt1. This suggests gamma tocopherol promotes placental angiogenesis via interleukins."

  429. Beetroot juice, exercise, and cardiovascular function in women planning to conceive
     Mubarak M.A. Osman, Edward Mullins, Hana Kleprlikova, Ian B. Wilkinson, Christoph Lees
     PMC10713001 · PMC · 2024-01-01
     https://www.ncbi.nlm.nih.gov/pmc/articles/PMC10713001/
     "This study examined the effects of exercise and beetroot juice on cardiovascular function in women planning to conceive. Exercise alone improved cardiac output and reduced peripheral resistance, while exercise with beetroot juice also showed positive cardiovascular effects."

  430. Serum α-Tocopherol and γ-Tocopherol Concentrations and Prostate Cancer Risk in the PLCO Screening Trial: A Nested Case-Control Study
     Stephanie J. Weinstein, Ulrike Peters, Jiyoung Ahn, Marlin D. Friesen, Elio Riboli, Richard B. Hayes...
     PMC3390343 · PLoS ONE · 2012-01-01
     https://doi.org/10.1371/journal.pone.0040204
     "This study examined serum tocopherol levels and prostate cancer risk in a large screening trial. Higher serum α-tocopherol was linked to lower prostate cancer risk, especially in smokers, while γ-tocopherol showed a non-significant trend toward increased risk."

  431. Efficacy of the oral supplement, Equine Omega Complete, for the prevention of gastric ulcers and alpha‐tocopherol supplementation in horses
     Elizabeth Williams Louie, Jorge Nieto, Fiona Wensley, Jessica M. Morgan, Carrie J. Finno, Emily H. B...
     PMC10658587 · Journal of Veterinary Internal Medicine · 2023-09-29
     https://doi.org/10.1111/jvim.16877
     "This study investigated if an oral supplement, Equine Omega Complete, prevents gastric ulcers in horses. The supplement did not prevent ulcer formation and did not significantly increase alpha-tocopherol levels compared to controls."

  432. Phenolic Compounds and Antioxidant Properties of Fermented Beetroot Juices Enriched with Different Additives
     Karolina Jakubczyk, Klaudia Melkis, Katarzyna Janda-Milczarek, Karolina Skonieczna-Żydecka
     PMC10778454 · PMC · 2023-12-28
     https://www.ncbi.nlm.nih.gov/pmc/articles/PMC10778454/
     "This study analyzed the antioxidant properties and phytochemical composition of six fermented beetroot juice variants. Fermented beetroot juice without salt exhibited the highest antioxidant potential, while iodized juice had the most vitamin C."

  433. Tocotrienol Supplementation Improves Late-Phase Fracture Healing Compared to Alpha-Tocopherol in a Rat Model of Postmenopausal Osteoporosis: A Biomechanical Evaluation
     Sharlina Mohamad, Ahmad Nazrun Shuid, Sabarul Afian Mokhtar, Shahrum Abdullah, Ima Nirwana Soelaiman
     PMC3398681 · Evidence-based Complementary and Alternative Medicine : eCAM · 2012-01-01
     https://doi.org/10.1155/2012/372878
     "Tocotrienol supplementation was studied for its effect on fracture healing in osteoporotic rats. Tocotrienol significantly improved the biomechanical strength of the fracture callus compared to alpha-tocopherol."

  434. The plasma bioavailability of nitrate and betanin from  Beta vulgaris rubra  in humans
     Tom Clifford, Costas M. Constantinou, Karen M. Keane, Daniel J. West, Glyn Howatson, Emma J. Stevens...
     PMC5346430 · PMC · 2016-02-12
     https://www.ncbi.nlm.nih.gov/pmc/articles/PMC5346430/
     "Plasma bioavailability of betanin and nitric oxide (NOx) from beetroot juice and whole beetroot was studied. Beetroot products increased plasma NOx, but betanin was not detected in plasma."

  435. Content of nitrate and nitrite in commercial and self‐made beetroot juices and the effect of storage temperature
     Raul Bescos, Mark L. Rollason, Tanisha S. Davies, Patricia Casas‐Agustench
     PMC10563749 · PMC · 2023-07-23
     https://www.ncbi.nlm.nih.gov/pmc/articles/PMC10563749/
     "Nitrate and nitrite content in commercial and homemade beetroot juices were analyzed, along with storage effects. Nitrate degrades rapidly at room temperature, but storage at 4°C or -20°C, or adding lemon juice, preserves it."

  436. A Double-Blind Placebo-Controlled Crossover Study of the Effect of Beetroot Juice Containing Dietary Nitrate on Aortic and Brachial Blood Pressure Over 24 h
     Suraj Kukadia, Hakim-Moulay Dehbi, Therese Tillin, Emma Coady, Nish Chaturvedi, Alun D. Hughes
     PMC6369216 · PMC · 2019-02-04
     https://www.ncbi.nlm.nih.gov/pmc/articles/PMC6369216/
     "This study investigated beetroot juice's effect on aortic blood pressure in healthy adults. Beetroot juice with nitrate temporarily lowered aortic blood pressure, but effects did not last 24 hours."

  437. Beetroot, watermelon and ginger juice supplementation may increase
the clinical outcomes of Intracytoplasmic Sperm Injection cycles
     Gabriela Halpern, Daniela Paes de Almeida Ferreira Braga, Christina Morishima, Amanda Souza Setti, A...
     PMC10712821 · PMC · 2023-01-01
     https://www.ncbi.nlm.nih.gov/pmc/articles/PMC10712821/
     "This study investigated the effect of beetroot, watermelon, and ginger juice on ICSI cycles. The juice supplementation significantly increased implantation and clinical pregnancy rates compared to the control group."

  438. ON THE INACTIVATION OF ASCORBIC ACID OXIDASE
     Wendell H. Powers, Charles R. Dawson
     PMC2238012 · PMC · 1944-01-20
     https://www.ncbi.nlm.nih.gov/pmc/articles/PMC2238012/
     "Ascorbic acid oxidase is rapidly inactivated during ascorbic acid oxidation, with inactivation partly due to environmental factors and partly inherent to the system. Protective agents like catalase and peroxidase significantly reduce this inactivation without affecting the reaction rate."

  439. Formation of  RRR -α-tocopherol in rumen and intestinal digestibility of tocopherols in dairy cows
     Saman Lashkari, Farhad M. Panah, Martin R. Weisbjerg, Søren K. Jensen
     PMC10695849 · Animal Nutrition · 2023-09-09
     https://doi.org/10.1016/j.aninu.2023.07.007
     "This study examined tocopherol metabolism in dairy cows fed different oat preparations. Toasting and decortication of oats did not alter ruminal tocopherol balance or digestibility."

  440. Acute Effects of Beetroot Supplementation on Resistance Exercise Performance in Physically Active Men
     Maitê Yorioka Rodrigues; Monica Yuri Takito; Gabriel Albanese Kafouri; Rebeca Soares Pires; Felipe G...
     PMC13029919 · biomedrxiv · 2026-03-02
     https://doi.org/10.3390/sports14030094
     "Beetroot supplementation did not improve resistance exercise performance in physically active men. Nitrate intake did not significantly affect repetitions to failure, power output, heart rate, or perceived exertion during bench press and leg press. The study found no benefit for strength endurance from beetroot supplementation in trained individuals."

  441. Effect of Beetroot Nitrate Supplementation on Nitric Oxide Pathways and Oxy-Inflammatory Biomarkers in Amateur Triathletes: A Randomized Cross-Over Pilot Study
     Simona Mrakic-Sposta; Alessandra Vezzoli; Mattia Parenza; Marcello Magno; Gennaro D’Angelo; Fabrizio...
     PMC13119175 · biomedrxiv · 2026-04-12
     https://doi.org/10.3390/nu18081215
     "Beetroot nitrate supplementation increased nitric oxide metabolites, iNOS, peroxynitrite, and IL-6 in triathletes. This occurred without significant changes in lipid oxidative damage markers. Further research is needed to confirm these findings and their impact on performance."

  442. Effects of vitamin D supplementation combined with resistance exercise on body composition and metabolic variables in older women: a randomized clinical trial
     Illana Patricia da Silva Queiroz; Angélica Castilho Alonso; Vanderlei Carneiro da Silva; Adriana Mac...
     PMC13101711 · biomedrxiv · 2026-04-19
     https://doi.org/10.1016/j.clinsp.2026.100942
     "This trial investigated vitamin D and resistance exercise in older women. The combination improved body composition and metabolic variables, suggesting a synergistic effect for muscle and bone health."

  443. Beetroot Juice Enhances Nitrate Metabolism and Endothelial Function but Not Cardiovascular or Strength Performance in Bodybuilders with a History of Anabolic–Androgenic Steroid Abuse: A Crossover Trial
     Leonardo Santos L. da Silva; Leonardo Da Silva Gonçalves; Marcio F. Tasinafo Junior; Yaritza B. Alve...
     PMC13024152 · biomedrxiv · 2026-03-04
     https://doi.org/10.3390/antiox15030321
     "Beetroot juice increased nitrate and nitrite levels and improved endothelial function in bodybuilders who used anabolic steroids. However, it did not improve blood pressure, heart rate, or strength performance in this population."

  444. Effectiveness of beetroot juice on aerobic and anaerobic exercise performance: systematic review and meta-analysis
     Chengcheng Cai; Peijun Huang; Xiaolei Cheng; Jinghui Zhou
     PMC13357982 · PMC · 2026-06-29
     https://www.ncbi.nlm.nih.gov/pmc/articles/PMC13357982/
     "Beetroot juice (BJ), a natural source of dietary nitrate, has been widely studied for its potential ergogenic effects; however, evidence integrating both aerobic and anaerobic performance outcomes rem"

  445. Resistance training might have improved insulin resistance by attenuating sarcopenia
     Yildiray Topcu, Fatih Tufan, M Akif Karan
     PMC4677659 · PMC · 2015-01-01
     https://www.ncbi.nlm.nih.gov/pmc/articles/PMC4677659/

  446. Vitamin E, an Antioxidant, as a Possible Therapeutic Agent for Treating Pain
     Young Hoon Jeon
     PMC3710951 · The Korean Journal of Pain · 2013-07-01
     https://doi.org/10.3344/kjp.2013.26.3.314

  447. Alpha-Tocopherol Transfer Protein (α-TTP): Insights from Alpha-Tocopherol Transfer Protein Knockout Mice
     Yunsook Lim, Maret G. Traber
     PMC2849030 · biomedrxiv · 2007-01-01
     https://doi.org/10.4162/nrp.2007.1.4.247
     "Studies using alpha-tocopherol transfer protein knockout mice investigated vitamin E metabolism and the protein's functions. These mice serve as a model for understanding vitamin E's role and alpha-TTP's functions beyond its established transport activity."

  448. Effect of beetroot juice on lowering blood pressure in free-living, disease-free adults: a randomized, placebo-controlled trial
     Leah T Coles, Peter M Clifton
     PMC3545899 · biomedrxiv · 2012-01-01
     https://doi.org/10.1186/1475-2891-11-106
     "This study investigated beetroot juice's effect on blood pressure in healthy adults. Beetroot juice significantly lowered systolic blood pressure in men when consumed with a normal diet."

  449. Effects of a beetroot juice with high neobetanin content on the early-phase
insulin response in healthy volunteers
     Peter C. Wootton-Beard, Kirsten Brandt, David Fell, Sarah Warner, Lisa Ryan
     PMC4153083 · PMC · 2014-01-01
     https://www.ncbi.nlm.nih.gov/pmc/articles/PMC4153083/
     "This study investigated the effects of beetroot juice on early-phase insulin and glucose responses in healthy adults. Beetroot juice significantly lowered postprandial insulin and glucose levels compared to a control beverage."

  450. The role of periodontitis in the link between alpha-tocopherol intake and cognitive performance: A mediation analysis in older adults
     Heming Zhang, Li Sun, Lin Zhang, Jiangjing Li, Yongfei Liu, Zhiyang Chen, Shuang Wang, Changjun Gao,...
     PMC10034200 · Frontiers in Aging Neuroscience · 2023-03-09
     https://doi.org/10.3389/fnagi.2023.1129095
     "This study examined the link between alpha-tocopherol intake, periodontitis, and cognitive performance in older adults. Higher alpha-tocopherol intake was associated with better cognitive function, with periodontitis partially mediating this relationship."

[2.3s, saved to s_4919fe29]

💡 Extract data across these results with: map --from s_4919fe29 "your question"
[2.3s, saved to s_4919fe29]

