title,authors,id,source,date,url,abstract
Antioxidants and Exercise Performance: With a Focus on Vitamin E and C Supplementation,"Madalyn Riley Higgins, Azimeh Izadi, Mojtaba Kaviani",PMC7697466,International Journal of Environmental Research and Public Health,2020-11-15,https://doi.org/10.3390/ijerph17228452,"This paper reviews antioxidant supplementation, specifically vitamins E and C, for exercise performance. Evidence suggests supplementation may hinder exercise adaptations and is generally not beneficial, except in specific circumstances."
Vitamin C and E supplementation does not affect heat shock proteins or endogenous antioxidants in trained skeletal muscles during 12 weeks of strength training,"K. T. Cumming, T. Raastad, A. Sørstrøm, M. P. Paronetto, N. Mercatelli, I. Ugelstad, D. Caporossi, G...",PMC7050865,BMC nutrition,2017-08-17,https://doi.org/10.1186/s40795-017-0185-8,This study examined the impact of vitamin C and E supplementation on trained individuals undergoing strength training. The supplementation did not alter acute exercise stress responses or long-term adaptations in heat shock proteins or endogenous antioxidants.
Antioxidant supplements and endurance exercise: Current evidence and mechanistic insights,"Shaun A. Mason, Adam J. Trewin, Lewan Parker, Glenn D. Wadley",PMC7284926,PMC,2020-02-20,https://www.ncbi.nlm.nih.gov/pmc/articles/PMC7284926/,"This review examines antioxidant supplements for endurance athletes. Most supplements lack evidence for performance enhancement, with some potentially hindering training adaptations."
The Effects of Strength Training Combined with Vitamin C and E Supplementation on Skeletal Muscle Mass and Strength: A Systematic Review and Meta-Analysis,"Maurilio T. Dutra, Wagner Rodrigues Martins, Alexandre L. A. Ribeiro, Martim Bottaro",PMC6973181,Journal of Sports Medicine,2020-01-01,https://doi.org/10.1155/2020/3505209,This systematic review and meta-analysis examined studies on vitamin C and E supplementation combined with strength training. The findings suggest these supplements do not enhance muscle strength or mass and may even attenuate hypertrophy.
Effects of Acute Vitamin C plus Vitamin E Supplementation on Exercise-Induced Muscle Damage in Runners: A Double-Blind Randomized Controlled Trial,"María Martínez-Ferrán, Víctor Cuadrado-Peñafiel, Juan Manuel Sánchez-Andreo, Marta Villar-Lucas, Món...",PMC9659095,Nutrients,2022-11-03,https://doi.org/10.3390/nu14214635,This study investigated if vitamin C and E supplementation reduces exercise-induced muscle damage in runners. The supplementation did not significantly improve muscle damage markers or performance compared to a placebo.
"Vitamin C and E Treatment Blunts Sprint Interval Training–Induced Changes in Inflammatory Mediator-, Calcium-, and Mitochondria-Related Signaling in Recreationally Active Elderly Humans","Victoria L. Wyckelsma, Tomas Venckunas, Marius Brazaitis, Stefano Gastaldello, Audrius Snieckus, Ner...",PMC7555371,Antioxidants,2020-09-17,https://doi.org/10.3390/antiox9090879,"Sprint interval training in elderly individuals was studied with and without antioxidant treatment. Antioxidants blunted training-induced cellular signaling changes in muscle, but did not affect performance outcomes."
Do Antioxidant Vitamins Prevent Exercise-Induced Muscle Damage? A Systematic Review,"María Martinez-Ferran, Fabian Sanchis-Gomar, Carl J. Lavie, Giuseppe Lippi, Helios Pareja-Galeano",PMC7278664,PMC,2020-04-29,https://www.ncbi.nlm.nih.gov/pmc/articles/PMC7278664/,This systematic review examined vitamin C and E supplementation's effects on exercise-induced muscle damage. The available data are not conclusive regarding whether these vitamins prevent muscle damage.
Supplementation with Vitamins C and E and Exercise-Induced Delayed-Onset Muscle Soreness: A Systematic Review,"María F. Torre, María Martinez-Ferran, Néstor Vallecillo, Sergio L. Jiménez, Carlos Romero-Morales, ...",PMC7918905,Antioxidants,2021-02-12,https://doi.org/10.3390/antiox10020279,This systematic review examined vitamin C and E supplementation's effect on exercise-induced muscle soreness. The evidence is insufficient to confirm these vitamins minimize delayed-onset muscle soreness.
Differences in the Pro/Antioxidative Status and Cellular Stress Response in Elderly Women after 6 Weeks of Exercise Training Supported by 1000 mg of Vitamin C Supplementation,"Małgorzata Żychowska, Ewa Sadowska-Krępa, Elisabetta Damiani, Luca Tiano, Ewa Ziemann, Alicja Nowak-...",PMC9599586,Biomedicines,2022-10-20,https://doi.org/10.3390/biomedicines10102641,This study examined the effects of exercise training with vitamin C supplementation on antioxidant status and cellular stress response in elderly women. Vitamin C supplementation increased oxidative stress markers and influenced minor changes in gene expression related to training adaptation.
Antioxidant Supplementation Hinders the Role of Exercise Training as a Natural Activator of SIRT1,"Carmine Sellitto, Graziamaria Corbi, Berenice Stefanelli, Valentina Manzo, Marta Trucillo, Bruno Cha...",PMC9146003,Nutrients,2022-05-17,https://doi.org/10.3390/nu14102092,"Exercise training increases SIRT1 levels, which boosts the body's antioxidant system. However, antioxidant supplements appear to interfere with this exercise-induced activation of SIRT1."
Vitamin C and E Treatment Blocks Changes in Kynurenine Metabolism Triggered by Three Weeks of Sprint Interval Training in Recreationally Active Elderly Humans,"Victoria L. Wyckelsma, Ada Trepci, Lilly Schwieler, Tomas Venckunas, Marius Brazaitis, Sigitas Kaman...",PMC8465740,Antioxidants,2021-09-10,https://doi.org/10.3390/antiox10091443,Sprint interval training in elderly men altered kynurenine pathway metabolism towards neuroprotection. This beneficial shift was prevented by concurrent vitamin C and E supplementation.
Exercise Training and Vitamin C Supplementation Affects Ferritin mRNA in Leukocytes without Affecting Prooxidative/Antioxidative Balance in Elderly Women,"Małgorzata Żychowska, Agata Grzybkowska, Monika Wiech, Robert Urbański, Wanda Pilch, Anna Piotrowska...",PMC7554744,International Journal of Molecular Sciences,2020-09-05,https://doi.org/10.3390/ijms21186469,Exercise training with vitamin C supplementation decreased ferritin mRNA in elderly women's leukocytes. This intervention did not alter the prooxidative/antioxidative balance.
Potential harms of supplementation with high doses of antioxidants in athletes,"Shunchang Li, Babatunde Fasipe, Ismail Laher",PMC9241084,PMC,2022-06-11,https://www.ncbi.nlm.nih.gov/pmc/articles/PMC9241084/,This paper reviews the use of high-dose antioxidant supplements by athletes. It concludes that these supplements may hinder beneficial training adaptations and potentially cause harm.
Can Low-Dose of Dietary Vitamin E Supplementation Reduce Exercise-Induced Muscle Damage and Oxidative Stress? A Meta-Analysis of Randomized Controlled Trials,"Myunghee Kim, Hyeyoon Eo, Josephine Gahyun Lim, Hyunjung Lim, Yunsook Lim",PMC9027756,Nutrients,2022-04-12,https://doi.org/10.3390/nu14081599,"This meta-analysis examined the effects of vitamin E supplementation on exercise-induced muscle damage. Low-dose vitamin E, especially under 500 IU, was found to reduce muscle damage, particularly in athletes."
A Comparison of the Antioxidant Effects Between Hydrogen Gas Inhalation and Vitamin C Supplementation in Response to a 60-Min Treadmill Exercise in Rat Gastrocnemius Muscle,"Li Chaoqun, Zhao Yuqi, Zhou Shi, Yu Zhenghui, Wen Li",PMC8551389,PMC,2021-10-14,https://www.ncbi.nlm.nih.gov/pmc/articles/PMC8551389/,"Hydrogen gas inhalation and vitamin C were compared for their antioxidant effects on rat gastrocnemius muscle after treadmill exercise. Hydrogen gas reduced oxidative stress without blunting mitochondrial biogenesis signals, unlike vitamin C."
Enhanced Antioxidative Defense by Vitamins C and E Consumption Prevents 7-Day High-Salt Diet-Induced Microvascular Endothelial Function Impairment in Young Healthy Individuals,"Lidija Barić, Ines Drenjančević, Martina Mihalj, Anita Matić, Marko Stupin, Luka Kolar, Zrinka Mihal...",PMC7141509,Journal of Clinical Medicine,2020-03-20,https://doi.org/10.3390/jcm9030843,This study investigated if vitamins C and E prevent high-salt diet-induced microvascular dysfunction in healthy individuals. The findings show these vitamins prevented the diet's negative effects on endothelial function by mitigating oxidative stress.
Elastic resistance training is more effective than vitamin D3 supplementation in reducing oxidative stress and strengthen antioxidant enzymes in healthy men,"Fardin Kalvandi, Mohammad Ali Azarbayjani, Ronak Azizbeigi, Kamal Azizbeigi",PMC8431951,European Journal of Clinical Nutrition,2021-09-10,https://doi.org/10.1038/s41430-021-01000-6,Elastic resistance training was studied with and without vitamin D3 supplementation in healthy men. Elastic resistance training alone was more effective than with vitamin D3 supplementation for reducing oxidative stress and strengthening antioxidant enzymes.
Vitamin D 3  supplementation does not enhance the effects of resistance training in older adults,"Knut Sindre Mølmen, Daniel Hammarström, Karianne Pedersen, Anne Cecilie Lian Lie, Ragnvald B. Steile...",PMC8200443,"Journal of Cachexia, Sarcopenia and Muscle",2021-03-31,https://doi.org/10.1002/jcsm.12688,"This study investigated the effects of vitamin D3 supplementation on resistance training outcomes in older adults. Vitamin D3 supplementation did not enhance improvements in muscle strength, mass, or endurance compared to placebo."
Exercise Training and Skeletal Muscle Antioxidant Enzymes: An Update,"Scott K. Powers, Erica Goldstein, Matthew Schrager, Li Li Ji",PMC9854578,PMC,2022-12-25,https://www.ncbi.nlm.nih.gov/pmc/articles/PMC9854578/,"This review summarizes how endurance, interval, and resistance exercise training increase skeletal muscle antioxidant enzymes. This upregulation protects against exercise-induced oxidative damage, potentially delaying fatigue and improving performance."
An Overview of Physical Exercise and Antioxidant Supplementation Influences on Skeletal Muscle Oxidative Stress,"Shima Taherkhani, Kosar Valaei, Hamid Arazi, Katsuhiko Suzuki",PMC8532825,PMC,2021-09-27,https://www.ncbi.nlm.nih.gov/pmc/articles/PMC8532825/,"This paper reviews how exercise and antioxidant supplements affect skeletal muscle oxidative stress. Findings are paradoxical due to varied study designs, necessitating further research."
Antioxidant Supplementation Modulates Neutrophil Inflammatory Response to Exercise-Induced Stress,"Lucrecia Carrera-Quintanar, Lorena Funes, María Herranz-López, Pascual Martínez-Peinado, Sandra Pasc...",PMC7762299,Antioxidants,2020-12-07,https://doi.org/10.3390/antiox9121242,"This study investigated the inflammatory response to exercise and the effect of antioxidant supplements. Antioxidant supplementation appeared to alter neutrophil inflammatory marker release, potentially influencing post-exercise recovery."
Can vitamin C supplementation reverse the effects of exercise training in polluted air on oxidative stress markers? A randomized controlled trial,"Amin Eatemadyboroujeni, Mehdi Kargarfard, Hojatollah Alaei",PMC8519622,ARYA Atherosclerosis,2021-01-01,https://doi.org/10.22122/arya.v17i0.2101,"This study investigated the effects of exercise, polluted air, and vitamin C on oxidative stress markers in rats. Vitamin C supplementation did not significantly reverse the increased oxidative stress caused by exercise in polluted air."
Effect of Vitamins C and E Co-Supplementation on Serum C-Reactive Protein Level: A Systematic Review and Meta-Analysis of Randomized Controlled Trials,"Faezeh Fouladvand, Ebrahim Falahi, Omid Asbaghi, Amir Abbasnezhad",PMC7143019,PMC,2020-03-31,https://www.ncbi.nlm.nih.gov/pmc/articles/PMC7143019/,"This systematic review and meta-analysis examined vitamin C and E co-supplementation's effect on C-reactive protein. Co-supplementation did not significantly impact CRP overall, but reduced it in those aged 30 and over."
"Synergistic Effects of Exercise Training and Vitamin D Supplementation on Mitochondrial Function of Cardiac Tissue, Antioxidant Capacity, and Tumor Growth in Breast Cancer in Bearing-4T1 Mice","Ali Jafari, Dariush Sheikholeslami-Vatani, Farnoosh Khosrobakhsh, Neda Khaledi",PMC8076802,Frontiers in Physiology,2021-04-13,https://doi.org/10.3389/fphys.2021.640237,"This study examined the effects of exercise and vitamin D on breast cancer mice. Combining exercise and vitamin D inhibited tumor growth, improved antioxidant capacity, and positively modulated cardiac gene expression."
Astaxanthin supplementation enhances metabolic adaptation with aerobic training in the elderly,"Sophia Z. Liu, Ana P. Valencia, Matt P. VanDoren, Eric G. Shankland, Baback Roshanravan, Kevin E. Co...",PMC8191397,Physiological Reports,2021-06-10,https://doi.org/10.14814/phy2.14887,"Astaxanthin supplementation was studied alongside aerobic training in elderly adults to assess its impact on metabolic adaptation. The study found astaxanthin enhanced specific muscle endurance and fat oxidation, particularly in males."
Polyphenol Supplementation and Antioxidant Status in Athletes: A Narrative Review,"Aleksandra Bojarczuk, Magdalena Dzitkowska-Zabielska",PMC9823453,Nutrients,2022-12-29,https://doi.org/10.3390/nu15010158,"This review examined polyphenol supplementation's effects on athletes' antioxidant status and exercise performance. The available evidence does not conclusively support widespread polyphenol supplementation for athletes, indicating a need for further research."
"Oxidative Stress, Mitochondrial Function and Adaptation to Exercise: New Perspectives in Nutrition","Nancy Vargas-Mendoza, Marcelo Angeles-Valencia, Ángel Morales-González, Eduardo Osiris Madrigal-Sant...",PMC8624755,PMC,2021-11-22,https://www.ncbi.nlm.nih.gov/pmc/articles/PMC8624755/,"This paper reviews how mitochondria adapt to exercise-induced energy demands and oxidative stress. It explores whether nutrients, particularly antioxidants, might interfere with this adaptation or exercise performance."
Effect of Antioxidant Supplementation on Markers of Oxidative Stress and Muscle Damage after Strength Exercise: A Systematic Review,"Cristina Canals-Garzón, Rafael Guisado-Barrilao, Darío Martínez-García, Ignacio Jesús Chirosa-Ríos, ...",PMC8835002,PMC,2022-02-05,https://www.ncbi.nlm.nih.gov/pmc/articles/PMC8835002/,"This systematic review examined antioxidant supplementation's effects on oxidative stress and muscle damage after strength exercise. Antioxidants like pomegranate juice and taurine showed beneficial effects, potentially reducing fatigue and speeding recovery."
Effects of Vitamin E and Coenzyme Q 10  Supplementation on Oxidative Stress Parameters in Untrained Leisure Horses Subjected to Acute Moderate Exercise,"Alenka Nemec Svete, Tomaž Vovk, Mojca Bohar Topolovec, Peter Kruljc",PMC8227526,Antioxidants,2021-06-03,https://doi.org/10.3390/antiox10060908,"This study investigated vitamin E and CoQ10 supplementation in untrained horses undergoing exercise. Vitamin E, alone or combined with CoQ10, prevented exercise-induced lipid peroxidation."
Effect of exercise and antioxidant supplementation on cellular lipid peroxidation in elderly individuals: Systematic review and network meta-analysis,"Chunxia Ni, Yiyi Ji, Keke Hu, Kai Xing, Yining Xu, Yanan Gao",PMC9971974,Frontiers in Physiology,2023-02-14,https://doi.org/10.3389/fphys.2023.1113270,This systematic review and network meta-analysis examined exercise and antioxidant supplementation's effects on cellular lipid peroxidation in the elderly. A combination of aerobic and resistance exercise with placebo intake most effectively reduced lipid peroxidation.
Reactive oxygen species in exercise and insulin resistance: Working towards personalized antioxidant treatment,"Kathryn McKeegan, Shaun A. Mason, Adam J. Trewin, Michelle A. Keske, Glenn D. Wadley, Paul A. Della ...",PMC8167146,PMC,2021-05-18,https://www.ncbi.nlm.nih.gov/pmc/articles/PMC8167146/,"This review examines human research on antioxidant treatment for insulin resistance and glycemic control. Personalized antioxidant strategies are needed, considering context, individual deficiencies, and antioxidant properties, to improve effectiveness."
Effect of six weeks 1000 mg/day vitamin C supplementation and healthy training in elderly women on genes expression associated with the immune response - a randomized controlled trial,"Małgorzata Żychowska, Agata Grzybkowska, Mariusz Zasada, Anna Piotrowska, Danuta Dworakowska, Olga C...",PMC7923494,Journal of the International Society of Sports Nutrition,2021-03-02,https://doi.org/10.1186/s12970-021-00416-6,"This study examined the effect of vitamin C supplementation and exercise on immune gene expression in elderly women. While most genes showed no significant change, vitamin C supplementation showed a tendency to alter IL-6 and IL-10 expression."
Vitamin E Supplementation and Mitochondria in Experimental and Functional Hyperthyroidism: A Mini-Review,"Gaetana Napolitano, Gianluca Fasciolo, Sergio Di Meo, Paola Venditti",PMC6950234,Nutrients,2019-12-01,https://doi.org/10.3390/nu11122900,"This mini-review examines vitamin E's role in protecting mitochondria from oxidative damage in hyperthyroidism. Vitamin E supplementation limits hyperthyroidism-induced mitochondrial ROS and oxidative damage, preserving cell function."
Well-Trained Elders Have Antioxidant Responses and an Equal Magnitude of EIMD as Young Adults,"Eva Tékus, Nikolett Lilla Szénási, Edina Szabó, Zoltan Heckel, Tibor Mintál, Tamas Kőszegi, Tamas At...",PMC9332484,PMC,2022-07-22,https://www.ncbi.nlm.nih.gov/pmc/articles/PMC9332484/,"This study examined antioxidant responses and muscle damage markers in young and older men after eccentric training. No significant differences in antioxidant capacity or muscle damage were found between the groups, suggesting similar adaptability."
Endogenous and Exogenous Antioxidants in Skeletal Muscle Fatigue Development during Exercise,"Elżbieta Supruniuk, Jan Górski, Adrian Chabowski",PMC9952836,PMC,2023-02-16,https://www.ncbi.nlm.nih.gov/pmc/articles/PMC9952836/,This paper reviews the dual role of reactive oxygen and nitrogen species in skeletal muscle fatigue during exercise. It concludes that both exercise-induced and antioxidant-supplemented ROS/RNS levels can impact muscle function by influencing signaling pathways and redox balance.
"The Effect of Combined Vitamin C and Vitamin E Supplementation on Oxidative Stress Markers in Women with Endometriosis: A Randomized, Triple-Blind Placebo-Controlled Clinical Trial","Leila Amini, Razieh Chekini, Mohammad Reza Nateghi, Hamid Haghani, Tannaz Jamialahmadi, Thozhukat Sa...",PMC8172324,Pain Research & Management,2021-01-01,https://doi.org/10.1155/2021/5529741,This study investigated the effects of combined vitamin C and E supplementation on oxidative stress and pain in women with endometriosis. The supplementation significantly reduced oxidative stress markers and pelvic pain symptoms.
Effect of carbohydrate–protein supplementation on endurance training adaptations,"Abdullah F. Alghannam, Iain Templeman, Joel E. Thomas, Dawid Jedrzejewski, Samuel Griffiths, Joseph ...",PMC7502056,European Journal of Applied Physiology,2020-08-05,https://doi.org/10.1007/s00421-020-04450-1,"This study investigated the effect of post-exercise carbohydrate-protein supplementation on endurance training adaptations in men and women. Post-exercise protein supplementation increased mTOR gene expression, but did not enhance improvements in maximal oxygen uptake compared to carbohydrate-only supplementation."
Targeted Antioxidants in Exercise-Induced Mitochondrial Oxidative Stress: Emphasis on DNA Damage,"Josh Williamson, Gareth Davison",PMC7698504,PMC,2020-11-17,https://www.ncbi.nlm.nih.gov/pmc/articles/PMC7698504/,"This review examines mitochondria-targeted antioxidants and their potential to mitigate exercise-induced mitochondrial oxidative stress, particularly DNA damage. Targeted antioxidants offer a promising approach to address this damage, unlike non-selective antioxidants."
Pterostilbene Enhances Endurance Capacity via Promoting Skeletal Muscle Adaptations to Exercise Training in Rats,"Jiawei Zheng, Wujian Liu, Xiaohui Zhu, Li Ran, Hedong Lang, Long Yi, Mantian Mi, Jundong Zhu",PMC6982856,Molecules,2020-01-02,https://doi.org/10.3390/molecules25010186,"Pterostilbene (PST) was studied for its effects on skeletal muscle adaptations to exercise training in rats. PST supplementation enhanced exercise-induced improvements in endurance capacity by promoting slow-twitch fiber formation, angiogenesis, and mitochondrial biogenesis."
Nutritional Supplements to Support Resistance Exercise in Countering the Sarcopenia of Aging,"James McKendry, Brad S. Currier, Changhyun Lim, Jonathan C. Mcleod, Aaron C.Q. Thomas, Stuart M. Phi...",PMC7399875,PMC,2020-07-10,https://www.ncbi.nlm.nih.gov/pmc/articles/PMC7399875/,"This review examines nutritional strategies to enhance resistance training for combating age-related muscle loss. Combining resistance exercise with specific nutrients and supplements can optimize muscle growth and maintenance, supporting healthspan in older adults."
"Supplementation of Underfed Twin-Bearing Ewes with Herbal Vitamins C and E: Impacts on Birth Weight, Postnatal Growth, and Pre-Weaning Survival of the Lambs","Víctor H. Parraguez, Francisco Sales, Oscar A. Peralta, Eileen Narbona, Raúl Lira, Mónica De los Rey...",PMC7223360,Animals : an Open Access Journal from MDPI,2020-04-09,https://doi.org/10.3390/ani10040652,"Herbal vitamins C and E, alone or with concentrate, were supplemented to underfed twin-bearing ewes. Supplementation improved lamb birth weight and antioxidant capacity, with combined treatment showing the best results."
"How N-Acetylcysteine Supplementation Affects Redox Regulation, Especially at Mitohormesis and Sarcohormesis Level: Current Perspective","Aslı Devrim-Lanpir, Lee Hill, Beat Knechtle",PMC7909817,PMC,2021-01-21,https://www.ncbi.nlm.nih.gov/pmc/articles/PMC7909817/,This review examines N-acetylcysteine's effects on exercise-induced oxidative stress and athletic adaptation. It specifically focuses on how NAC influences mitohormesis and sarcohormesis.
Vitamin E and Metabolic Health: Relevance of Interactions with Other Micronutrients,"Sijia Liao, Sylvia Oghogho Omage, Lisa Börmel, Stefan Kluge, Martin Schubert, Maria Wallert, Stefan ...",PMC9495493,PMC,2022-09-09,https://www.ncbi.nlm.nih.gov/pmc/articles/PMC9495493/,This review examines vitamin E's interactions with other micronutrients and their impact on metabolic health. These interactions may explain discrepancies in clinical trials and influence vitamin E's physiological functions.
"Vitamin D Supplementation Has No Impact on Cardiorespiratory Fitness, but Improves Inflammatory Status in Vitamin D Deficient Young Men Engaged in Resistance Training","Lauri Savolainen, Saima Timpmann, Martin Mooses, Luule Medijainen, Lisette Tõnutare, Frederik Ross, ...",PMC9787541,Nutrients,2022-12-13,https://doi.org/10.3390/nu14245302,Vitamin D supplementation was studied in deficient young men undergoing resistance training. It improved inflammatory status but did not affect cardiorespiratory fitness.
Mitochondria-targeted antioxidant supplementation improves 8 km time trial performance in middle-aged trained male cyclists,"S. C. Broome, A. J. Braakhuis, C. J. Mitchell, T. L. Merry",PMC8379793,Journal of the International Society of Sports Nutrition,2021-08-21,https://doi.org/10.1186/s12970-021-00454-0,This study investigated the effect of MitoQ supplementation on cycling performance in trained male cyclists. MitoQ supplementation improved 8km time trial performance and increased average power output.
Diclofenac Administration after Physical Training Blunts Adaptations of Peripheral Systems and Leads to Losses in Exercise Performance: In Vivo and In Silico Analyses,"Rômulo Pillon Barcelos, Frederico Diniz Lima, Aline Alves Courtes, Ingrid Kich da Silva, Jose Eduard...",PMC8389246,Antioxidants,2021-08-04,https://doi.org/10.3390/antiox10081246,"This study investigated diclofenac's impact on exercise adaptations in rats. Diclofenac blunted exercise-induced performance gains and tissue adaptations, despite reducing inflammation."
Housing temperature influences exercise training adaptations in mice,"Steffen H. Raun, Carlos Henriquez-Olguín, Iuliia Karavaeva, Mona Ali, Lisbeth L. V. Møller, Witold K...",PMC7096511,Nature Communications,2020-03-25,https://doi.org/10.1038/s41467-020-15311-y,"This study investigated how housing temperature affects exercise training adaptations in mice. Thermoneutral housing reduced exercise-induced improvements in insulin action, energy expenditure, and body composition, indicating training adaptations are temperature-dependent."
Combined Effects of Exercise Training and Nutritional Supplementation in Cancer Patients in the Context of the COVID-19: A Perspective Study,"Mahdieh Molanouri Shamsi, Alieh Vahed, AmirHossin Ahmadi Hekmatikar, Katsuhiko Suzuki",PMC8959344,PMC,2022-03-09,https://www.ncbi.nlm.nih.gov/pmc/articles/PMC8959344/,This perspective study examines how exercise and nutritional supplements might affect cancer patients' COVID-19 risk. Combining these interventions could boost immune responses against COVID-19 and potentially improve vaccine efficacy.
"Cross-Sectional Associations Between Dietary Antioxidant Vitamins C, E and Carotenoid Intakes and Sarcopenic Indices in Women Aged 18–79 Years","A. A. Welch, A. Jennings, E. Kelaiditi, J. Skinner, C. J. Steves",PMC7072069,PMC,2019-12-07,https://www.ncbi.nlm.nih.gov/pmc/articles/PMC7072069/,"This study examined the relationship between dietary antioxidant vitamin intake and sarcopenic indices in women. Higher vitamin C and carotenoid intake was associated with greater skeletal muscle mass and power, especially in younger women."
"Supplementation of L-Arginine, L-Glutamine, Vitamin C, Vitamin E, Folic Acid, and Green Tea Extract Enhances Serum Nitric Oxide Content and Antifatigue Activity in Mice","Yi-Ming Chen, Huashuai Li, Yen-Shuo Chiu, Chi-Chang Huang, Wen-Chyuan Chen",PMC7171648,Evidence-based Complementary and Alternative Medicine : eCAM,2020-01-01,https://doi.org/10.1155/2020/8312647,"A combined extract of L-arginine, L-glutamine, vitamins C and E, folic acid, and green tea extract was administered to mice. This supplementation increased nitric oxide content and improved exercise performance, suggesting an antifatigue effect."
Exercise Training Combined with  Bifidobacterium Longum  OLP-01 Supplementation Improves Exercise Physiological Adaption and Performance,"Wen-Ching Huang, Yi-Ju Hsu, Chi-Chang Huang, Hsuan-Chen Liu, Mon-Chien Lee",PMC7231274,Nutrients,2020-04-19,https://doi.org/10.3390/nu12041145,"This study investigated the effects of exercise training combined with *Bifidobacterium longum* OLP-01 supplementation in mice. The combination significantly improved exercise performance, reduced fatigue markers, and ameliorated exercise-induced inflammation and injury."
Endurance Training Depletes Antioxidant System but Does Not Affect Endothelial Functions in Women with Abdominal Obesity: A Randomized Trial with a Comparison to Endurance-Strength Training,"Małgorzata Jamka, Paweł Bogdański, Patrycja Krzyżanowska-Jankowska, Anna Miśkiewicz-Chotnicka, Joann...",PMC8068807,Journal of Clinical Medicine,2021-04-12,https://doi.org/10.3390/jcm10081639,"Endurance and endurance-strength training were compared in abdominally obese women. Endurance training depleted antioxidant systems but did not affect endothelial function, unlike endurance-strength training."
Vitamin C and Cardiovascular Disease: An Update,"Marco B. Morelli, Jessica Gambardella, Vanessa Castellanos, Valentina Trimarco, Gaetano Santulli",PMC7761826,PMC,2020-12-03,https://www.ncbi.nlm.nih.gov/pmc/articles/PMC7761826/,"This review assesses studies on vitamin C's role in cardiovascular and cerebrovascular diseases. It discusses potential benefits, pitfalls, and controversies in this research area."
Impact of exercise training and supplemental oxygen on submaximal exercise performance in patients with COPD,"Daniel Neunhäuserer, Bernhard Reich, Barbara Mayr, Bernhard Kaiser, Bernd Lamprecht, David Niedersee...",PMC7984048,Scandinavian Journal of Medicine & Science in Sports,2020-11-20,https://doi.org/10.1111/sms.13870,"This study examined the effects of exercise training with and without supplemental oxygen on COPD patients' submaximal exercise performance. Exercise training improved exercise tolerance and capacity, with supplemental oxygen having minimal additional benefits."
"Astaxanthin-, β-Carotene-, and Resveratrol-Rich Foods Support Resistance Training-Induced Adaptation","Aki Kawamura, Wataru Aoi, Ryo Abe, Yukiko Kobayashi, Masashi Kuwahata, Akane Higashi",PMC7830030,PMC,2021-01-14,https://www.ncbi.nlm.nih.gov/pmc/articles/PMC7830030/,"This study investigated the effects of resistance training with nutrient-rich foods on muscle adaptation in men. Consuming foods rich in astaxanthin, β-carotene, and resveratrol enhanced strength and metabolic improvements from training."
Effects of Rhodiola Rosea Supplementation on Exercise and Sport: A Systematic Review,"Yao Lu, Bin Deng, Luhua Xu, Hanjiao Liu, Yinzhi Song, Fengxia Lin",PMC9021834,PMC,2022-04-07,https://www.ncbi.nlm.nih.gov/pmc/articles/PMC9021834/,This systematic review evaluated Rhodiola rosea supplementation for exercise and sport. Most studies found it positively impacts athletic ability and performance with no significant adverse effects.
The effects of endogenously‐ and exogenously‐induced hyperketonemia on exercise performance and adaptation,"David J. Dearlove, Adrian Soto Mota, David Hauton, Katherine Pinnick, Rhys Evans, Jack Miller, Roman...",PMC9133544,Physiological Reports,2022-05-25,https://doi.org/10.14814/phy2.15309,"This study compared exercise capacity and adaptation with carbohydrate-rich, ketone-supplemented, and ketogenic diets. Ketone supplementation improved exercise capacity, while a ketogenic diet impaired it and reduced insulin sensitivity."
Prevention of Teratogenesis in Pregnancies of Obese Rats by Vitamin E Supplementation,"Martin Alcala, Victoria E. Bolado, Isabel Sánchez-Vera, Sonia Clapés, Francisco Dasí, Guillermo Sáez...",PMC8389020,Antioxidants,2021-07-23,https://doi.org/10.3390/antiox10081173,"Obese rats were supplemented with vitamin E to investigate its effect on teratogenesis. Vitamin E prevented malformations by maintaining maternal glutathione levels, which protected embryos from oxidative stress."
"Mitigating the Growth, Biochemical Changes, Genotoxic and Pathological Effects of Copper Toxicity in Broiler Chickens by Supplementing Vitamins C and E","Mohamed A. Hashem, Sahar S. Abd El Hamied, Eman M. A. Ahmed, Shimaa A. Amer, Mohamed E. El-Sharnouby",PMC8234185,Animals : an Open Access Journal from MDPI,2021-06-17,https://doi.org/10.3390/ani11061811,"This study investigated the effects of copper sulfate toxicity and vitamin C/E supplementation on broiler chickens. Vitamins C and E, especially when combined, helped mitigate the negative impacts of copper toxicity on growth and liver health."
Randomised Controlled Trial of Fish Oil Supplementation on Responsiveness to Resistance Exercise Training in Sarcopenic Older Women,"Natália Maira da Cruz Alves, Karina Pfrimer, Priscila Carvalho Santos, Ellen Cristini de Freitas, Th...",PMC9317261,PMC,2022-07-11,https://www.ncbi.nlm.nih.gov/pmc/articles/PMC9317261/,This randomized controlled trial examined fish oil's effect on resistance training in sarcopenic older women. Fish oil supplementation significantly enhanced muscle strength gains compared to placebo.
Effects of Resistance Training on the Redox Status of Skeletal Muscle in Older Adults,"Paulo H. C. Mesquita, Donald A. Lamb, Joshua S. Godwin, Shelby C. Osburn, Bradley A. Ruple, Johnatho...",PMC7996821,PMC,2021-02-26,https://www.ncbi.nlm.nih.gov/pmc/articles/PMC7996821/,Resistance training in older adults increased antioxidant enzyme activity and decreased oxidative damage in skeletal muscle. This suggests multi-level regulation of muscle redox status in response to training.
White tea modulates antioxidant defense of endurance-trained rats,"Patrícia Berilli, Gustavo Bernardes Fanaro, Jéssica Piva Santos, Felix Guillermo Reyes Reyes, Amadeu...",PMC9253650,Current Research in Physiology,2022-06-18,https://doi.org/10.1016/j.crphys.2022.06.002,"White tea was given to endurance-trained rats to assess its impact on antioxidant defenses after exhaustive exercise. Long-term white tea consumption improved antioxidant capacity and reduced oxidative damage, suggesting a role in managing exercise-induced stress."
Impact of Vitamin D on Physical Efficiency and Exercise Performance—A Review,"Michał Wiciński, Dawid Adamkiewicz, Monika Adamkiewicz, Maciej Śniegocki, Marta Podhorecka, Paweł Sz...",PMC6893541,PMC,2019-11-19,https://www.ncbi.nlm.nih.gov/pmc/articles/PMC6893541/,"This review examines vitamin D's impact on physical efficiency and exercise performance. Vitamin D influences muscle function, bone health, and immune response, potentially enhancing athletic capabilities."
Anti-Inflammatory Effects of a Period of Aerobic Training and Vitamin D Supplementation in Postmenopausal Women with Metabolic Syndrome,"Parivash Najafi Nazarabadi, Zaher Etemad, Rastegar Hoseini, Fatah Moradi",PMC9196996,PMC,2022-01-01,https://www.ncbi.nlm.nih.gov/pmc/articles/PMC9196996/,This study examined the anti-inflammatory effects of aerobic training and vitamin D supplementation in postmenopausal women with metabolic syndrome. The combination of exercise and vitamin D significantly reduced inflammatory markers and improved metabolic syndrome indices more than either intervention alone.
Effects of antioxidant supplementation on oxidative stress balance in young footballers- a randomized double-blind trial,"Błażej Stankiewicz, Mirosława Cieślicka, Sławomir Kujawski, Elżbieta Piskorska, Tomasz Kowalik, Just...",PMC8185910,Journal of the International Society of Sports Nutrition,2021-06-07,https://doi.org/10.1186/s12970-021-00447-z,"Young footballers were given chokeberry juice for 7 weeks to study its effect on oxidative stress. The supplementation did not significantly alter oxidative stress markers, biochemical parameters, or performance."
Vitamin E: Where Are We Now in Vascular Diseases?,"Anahita Garg, Jetty Chung-Yung Lee",PMC8874674,PMC,2022-02-18,https://www.ncbi.nlm.nih.gov/pmc/articles/PMC8874674/,"This review examines vitamin E's role in vascular health, focusing on its antioxidant and regulatory effects. While its antioxidant benefits are known, its potential as a vascular regulatory molecule requires further study."
The Role of Vitamin C in Two Distinct Physiological States: Physical Activity and Sleep,"Aneta Otocka-Kmiecik, Aleksandra Król",PMC7767325,PMC,2020-12-21,https://www.ncbi.nlm.nih.gov/pmc/articles/PMC7767325/,"This paper reviews the relationship between vitamin C, physical activity, and sleep. Vitamin C supplementation may benefit sleep health and aspects of physical activity, potentially by influencing oxidative stress."
"6-Week Supplementation with  Tribulus terrestris  L. to Trained Male CrossFit ®  Athletes on Muscle, Inflammation, and Antioxidant Biomarkers: A Randomized, Single-Blind, Placebo-Controlled Trial","Diego Fernández-Lázaro, Jesús Seco-Calvo, Jorge Pascual-Fernández, Carlos Domínguez-Ortega, Miguel D...",PMC9736311,International Journal of Environmental Research and Public Health,2022-12-02,https://doi.org/10.3390/ijerph192316158,"This study investigated the effects of 6-week *Tribulus terrestris* supplementation on trained male CrossFit athletes. Supplementation attenuated oxidative stress, muscle damage, and inflammation compared to placebo."
Effect of vitamin E supplementation on chicken sperm quality: A meta-analysis,"Sari Yanti Hayanti, Cecep Hidayat, Anuraga Jayanegara, Mohammad Miftakhus Sholikin, Supardi Rusdiana...",PMC8980400,Veterinary World,2022-02-01,https://doi.org/10.14202/vetworld.2022.419-426,"This meta-analysis examined the effect of dietary vitamin E on rooster sperm quality. Vitamin E supplementation significantly improved sperm concentration, motility, viability, and fertility, while reducing sperm death."
Exercise May Ameliorate the Detrimental Side Effects of High Vitamin D Supplementation on Muscle Function in Mice,"Danielle A Debruin, Cara A Timpani, Hannah Lalunio, Emma Rybalka, Craig A Goodman, Alan Hayes",PMC9327727,PMC,2020-03-11,https://www.ncbi.nlm.nih.gov/pmc/articles/PMC9327727/,High vitamin D supplementation reduced muscle force in sedentary mice. Exercise normalized this effect and improved fatigue resistance.
Rhodiola/Cordyceps -Based Herbal Supplement Promotes Endurance Training-Improved Body Composition But Not Oxidative Stress and Metabolic Biomarkers: A Preliminary Randomized Controlled Study,"Yi-Hung Liao, Yi-Chen Chao, Brenton Yim-Quan Sim, Hui-Mei Lin, Mu-Tsung Chen, Chung-Yu Chen",PMC6835767,Nutrients,2019-10-03,https://doi.org/10.3390/nu11102357,This study examined the effects of an 8-week endurance training program combined with a Rhodiola/Cordyceps supplement. The supplement enhanced improvements in body composition but did not affect oxidative stress or metabolic biomarkers compared to placebo.
Cardiovascular and Metabolic Protection by Vitamin E: A Matter of Treatment Strategy?,"Melanie Ziegler, Maria Wallert, Stefan Lorkowski, Karlheinz Peter",PMC7600583,PMC,2020-09-29,https://www.ncbi.nlm.nih.gov/pmc/articles/PMC7600583/,"This paper reviews vitamin E's role in cardiovascular health, highlighting conflicting trial results. It concludes that acute vitamin E treatment, not chronic supplementation, may offer clinical benefits, particularly in acute conditions like myocardial infarction."
The effect of fish oil supplementation on resistance training-induced adaptations,"Jeffery L. Heileson, Steven B. Machek, Dillon R. Harris, Sara Tomek, Leticia C. de Souza, Adam J. Ki...",PMC9970203,Journal of the International Society of Sports Nutrition,2023-02-23,https://doi.org/10.1080/15502783.2023.2174704,"This study investigated the effects of fish oil supplementation on resistance training adaptations in young adults. Fish oil supplementation, compared to placebo, significantly increased bench press strength but did not significantly alter body composition or squat strength."
Vitamin C and Neutrophil Function: Findings from Randomized Controlled Trials,"Mikee Liugan, Anitra C. Carr",PMC6770220,PMC,2019-09-04,https://www.ncbi.nlm.nih.gov/pmc/articles/PMC6770220/,"This review systematically analyzed randomized controlled trials on vitamin C's effects on neutrophil function. Vitamin C supplementation showed positive effects on neutrophil migration, phagocytosis, oxidative burst, and apoptosis in various patient groups and healthy individuals."
Ketone ester supplementation blunts overreaching symptoms during endurance training overload,"Chiel Poffé, Monique Ramaekers, Ruud Van Thienen, Peter Hespel",PMC6851819,The Journal of Physiology,2019-05-22,https://doi.org/10.1113/JP277831,Ketone ester supplementation was studied in endurance athletes undergoing training overload. This supplementation blunted overreaching symptoms and enhanced performance.
Combined effects of vitamin D supplementation and endurance exercise training on insulin resistance in newly diagnosed type 2 diabetes mellitus patients with vitamin D deficiency: study protocol for a randomized controlled trial,"Mi Xiang, Xiaomin Sun, Junxiang Wei, Zhen-Bo Cao",PMC8647429,Trials,2021-12-06,https://doi.org/10.1186/s13063-021-05861-x,This study protocol outlines a randomized controlled trial investigating the combined effects of vitamin D and endurance exercise on insulin resistance in newly diagnosed type 2 diabetes patients. The research aims to determine if this combination offers synergistic benefits beyond individual interventions.
Temperate performance and metabolic adaptations following endurance training performed under environmental heat stress,"Ed Maunder, Daniel J. Plews, Gareth A. Wallis, Matthew J. Brick, Warren B. Leigh, Wee‐Leong Chang, C...",PMC8114151,PMC,2021-05-12,https://www.ncbi.nlm.nih.gov/pmc/articles/PMC8114151/,Endurance training in 33°C versus 18°C was studied in trained males. Training in heat improved time-trial performance and mitochondrial citrate synthase activity more than training in temperate conditions.
Efficacy of Vitamin D Supplementation in Addition to Aerobic Exercise Training in Obese Women with Perceived Myalgia: A Single-Blinded Randomized Controlled Clinical Trial,"Heba Ahmed Ali Abdeen, David Rodriguez-Sanz, Mahmoud Ewidea, Dina Mohamed Ali Al-Hamaky, Marwa Abd E...",PMC8227578,PMC,2021-05-27,https://www.ncbi.nlm.nih.gov/pmc/articles/PMC8227578/,"This study examined vitamin D and aerobic exercise for obese women with muscle pain. Combining both treatments was most effective for reducing pain, improving vitamin D levels, and enhancing quality of life."
Influence of combined vitamin D 3  supplementation and resistance exercise training on musculoskeletal health in older men and women (EXVITD): protocol for a randomised controlled trial,"Anneka Elizabeth Welford, Susan Lanham-New, Janet Lord, Alison Doyle, Julie Robinson, Peter Nighting...",PMC7202733,BMJ Open,2020-01-01,https://doi.org/10.1136/bmjopen-2019-033824,This randomized controlled trial investigates the effect of vitamin D3 supplementation combined with resistance exercise training on musculoskeletal health in older adults. The study aims to determine if this combination improves muscle function more than exercise training alone.
"α -Tocopherol Protects the Heart, Muscles, and Testes from Lipid Peroxidation in Growing Male Rats Subjected to Physical Efforts","Magdalena Górnicka, Anna Ciecierska, Jadwiga Hamulka, Małgorzata E. Drywień, Joanna Frackiewicz, Krz...",PMC8051519,Oxidative Medicine and Cellular Longevity,2019-01-01,https://doi.org/10.1155/2019/8431057,"This study investigated the effects of training and α-tocopherol supplementation on tissue α-tocopherol and lipid peroxidation in male rats. Supplementation helped prevent exercise-induced lipid peroxidation in the heart, muscles, and testes."
α-Tocopherol Pharmacokinetics in Adults with Cystic Fibrosis: Benefits of Supplemental Vitamin C Administration,"Maret G. Traber, Scott W. Leonard, Vihas T. Vasu, Brian M. Morrissey, Huangshu (John) Lei, Jeffrey A...",PMC9505313,Nutrients,2022-09-09,https://doi.org/10.3390/nu14183717,"This study investigated α-tocopherol pharmacokinetics in adults with cystic fibrosis, with and without vitamin C supplementation. Vitamin C administration slowed the plasma disappearance rate of α-tocopherol, suggesting it augments its concentration."
Effects of Peanut Protein Supplementation on Resistance Training Adaptations in Younger Adults,"Casey L. Sexton, Morgan A. Smith, Kristen S. Smith, Shelby C. Osburn, Joshua S. Godwin, Bradley A. R...",PMC8621247,Nutrients,2021-11-09,https://doi.org/10.3390/nu13113981,Peanut protein supplementation was studied alongside resistance training in young adults. The supplement did not affect muscle protein synthesis or strength gains in males and females.
Effects of Vitamin D3 Supplementation and Resistance Training on 25-Hydroxyvitamin D Status and Functional Performance of Older Adults: A Randomized Placebo-Controlled Trial,"Rudolf Aschauer, Sandra Unterberger, Patrick A. Zöhrer, Agnes Draxler, Bernhard Franzke, Eva-Maria S...",PMC8746949,Nutrients,2021-12-26,https://doi.org/10.3390/nu14010086,This study investigated the effects of vitamin D3 supplementation and resistance training on older adults. Vitamin D supplementation improved vitamin D status but did not enhance muscle performance or functional mobility beyond resistance training alone.
The effect of Vitamin E supplementation on treatment of chronic periodontitis,"Parichehr Behfarnia, Mina Dadmehr, Seyedeh Negin Hosseini, Seyed Amir Mirghaderi",PMC8428286,Dental Research Journal,2021-01-01,,This study investigated Vitamin E supplementation's effect on chronic periodontitis treatment. Vitamin E significantly reduced attachment loss compared to standard treatment alone.
"Combined effect of high-dose vitamin A, vitamin E supplementation, and zinc on adult patients with diabetes: A randomized trial","Eman Said, Shrook Mousa, May Fawzi, Nirmeen A. Sabry, Samar Farid",PMC7753230,Journal of Advanced Research,2020-06-21,https://doi.org/10.1016/j.jare.2020.06.013,"This randomized trial investigated the effects of vitamin A plus E supplementation, with and without zinc, on adult patients with type 2 diabetes. The combination of vitamins A and E with zinc significantly improved glycemic control and insulin secretion compared to a control group."
Adaptations to strength training differ between endurance-trained and untrained women,"Olav Vikmoen, Truls Raastad, Stian Ellefsen, Bent R. Rønnestad",PMC7295735,European Journal of Applied Physiology,2020-05-05,https://doi.org/10.1007/s00421-020-04381-x,"Endurance-trained and untrained women underwent 11 weeks of strength training. Concurrent training did not impair strength or hypertrophy gains, but attenuated increases in explosive power."
"A Dose-Dependent Effect of Carnipure ®  Tartrate Supplementation on Endurance Capacity, Recovery, and Body Composition in an Exercise Rat Model","Kazim Sahin, Cemal Orhan, Osman Kucuk, Nurhan Sahin, Mehmet Tuzcu, Besir Er, Shane Durkee, Aouatef B...",PMC7284330,PMC,2020-05-23,https://www.ncbi.nlm.nih.gov/pmc/articles/PMC7284330/,"Carnipure® Tartrate supplementation was studied in exercising rats to assess its effects on endurance, recovery, and body composition. The study found that CT supplementation dose-dependently improved endurance, recovery, and antioxidant capacity, while reducing body weight and fat."
The effects of isoflavone supplementation plus combined exercise on salivary markers of oxidative stress in postmenopausal women,"Ana Luiza Amaral, Anne M. Mendonça, Jéssica S. Giolo, Juliene G. Costa, Igor M. Mariano, Tállita C. ...",PMC6983439,PMC,2020-01-01,https://www.ncbi.nlm.nih.gov/pmc/articles/PMC6983439/,"This study investigated isoflavone supplementation combined with exercise in postmenopausal women. Isoflavones, with exercise, reduced lipid peroxidation and salivary nitrite, suggesting an antioxidant effect."
Oral vitamin C restores endothelial function during acute inflammation in young and older adults,"Elizabeth C. Lefferts, Brooks A. Hibner, Wesley K. Lefferts, Natalia S. Lima, Tracy Baynard, Jacob M...",PMC8582295,PMC,2021-11-11,https://www.ncbi.nlm.nih.gov/pmc/articles/PMC8582295/,"Oral vitamin C was given to young and older adults during acute inflammation to assess its effect on vascular function. Vitamin C restored endothelial function, but not aortic stiffness, during inflammation."
"Does vitamin D supplementation improve bone health, body composition and physical performance beyond endurance exercise in patients with type 2 diabetes: A secondary analysis of randomized controlled trial","Xiaomin Sun, Wenjuan Xiao, Zhongying Li, Sirui Zhou, Mengyue Dong, Cong Huang, Yan Ma, Bo Gou",PMC9554259,PMC,2022-09-28,https://www.ncbi.nlm.nih.gov/pmc/articles/PMC9554259/,"This study examined the effects of vitamin D and endurance exercise on type 2 diabetes patients. Vitamin D supplementation alone did not improve outcomes beyond exercise, but it may help prevent exercise-induced bone loss."
Effect of Vitamin C and Protein Supplementation on Plasma Nitrate and Nitrite Response following Consumption of Beetroot Juice,"Gary D. Miller, Beverly A. Nesbit, Daniel B. Kim-Shapiro, Swati Basu, Michael J. Berry",PMC9100995,Nutrients,2022-04-29,https://doi.org/10.3390/nu14091880,This study investigated the effect of vitamin C or protein supplementation on plasma nitrate and nitrite levels after beetroot juice consumption. No significant differences were found in plasma nitrate and nitrite levels when beetroot juice was co-ingested with vitamin C or whey protein compared to beetroot juice alone.
Mangosteen Concentrate Drink Supplementation Promotes Antioxidant Status and Lactate Clearance in Rats after Exercise,"Ching-Chien Chang, Chia-Wen Chen, Eddy Owaga, Wan-Ting Lee, Ting-Ni Liu, Rong-Hong Hsieh",PMC7284599,PMC,2020-05-17,https://www.ncbi.nlm.nih.gov/pmc/articles/PMC7284599/,"Mangosteen concentrate drink supplementation was studied in rats after running exercise. The drink increased antioxidant enzymes, reduced oxidative stress, and improved lactate clearance, benefiting muscle fatigue reduction."
The effect of vitamin E supplementation on selected inflammatory biomarkers in adults: a systematic review and meta-analysis of randomized clinical trials,"Omid Asbaghi, Mehdi Sadeghian, Behzad Nazarian, Mehrnoosh Sarreshtedari, Hassan Mozaffari-Khosravi, ...",PMC7560744,Scientific Reports,2020-10-14,https://doi.org/10.1038/s41598-020-73741-6,"This meta-analysis examined vitamin E's effects on inflammatory biomarkers in adults. Vitamin E, especially alpha-tocopherol, significantly reduced C-reactive protein and tumor necrosis factor-alpha levels."
Impact of protein supplementation during endurance training on changes in skeletal muscle transcriptome,"Pim Knuiman, Roland Hangelbroek, Mark Boekschoten, Maria Hopman, Marco Mensink",PMC7285456,BMC Genomics,2020-06-09,https://doi.org/10.1186/s12864-020-6686-x,"This study analyzed skeletal muscle transcriptome changes after endurance training with or without protein supplementation. Protein supplementation increased the number of differentially expressed genes, particularly those related to the extracellular matrix."
Biochemical and Clinical Effects of Vitamin E Supplementation in Hungarian Smith-Lemli-Opitz Syndrome Patients,"Katalin Koczok, László Horváth, Zeljka Korade, Zoltán András Mezei, Gabriella P. Szabó, Ned A. Porte...",PMC8393612,PMC,2021-08-17,https://www.ncbi.nlm.nih.gov/pmc/articles/PMC8393612/,"This study investigated vitamin E supplementation in six SLOS patients already on cholesterol treatment. Vitamin E supplementation improved some behavioral and physical symptoms in half of the patients, particularly those with a lower baseline 7-DHC + 8-DHC/cholesterol ratio."
Dietary Adjustments to Altitude Training in Elite Endurance Athletes; Impact of a Randomized Clinical Trial With Antioxidant-Rich Foods,"Anu E. Koivisto-Mørk, Ingvild Paur, Gøran Paulsen, Ina Garthe, Truls Raastad, Nasser E. Bastani, Run...",PMC7739752,Frontiers in Sports and Active Living,2020-08-26,https://doi.org/10.3389/fspor.2020.00106,"Elite endurance athletes increased energy, carbohydrate, iron, fluid, and antioxidant-rich food intake during altitude training. An antioxidant-rich snack intervention further boosted intake of specific nutrients but did not significantly alter blood parameters compared to a control group."
Alpha-Tocopherol Metabolites (The Vitamin E Metabolome) and Their Interindividual Variability during Supplementation,"Desirée Bartolini, Rita Marinelli, Danilo Giusepponi, Roberta Galarini, Carolina Barola, Anna Maria ...",PMC7912187,Antioxidants,2021-01-25,https://doi.org/10.3390/antiox10020173,"This study analyzed vitamin E metabolites in healthy volunteers after supplementation. Metabolite levels showed significant interindividual variability, with some metabolites being poor indicators of intake, while others correlated with vitamin E levels and gene expression."
"The effect of supplementation with vitamins A, B, C, D, and E on disease severity and inflammatory responses in patients with COVID-19: a randomized clinical trial","Mohammad Taghi Beigmohammadi, Sama Bitarafan, Azin Hoseindokht, Alireza Abdollahi, Laya Amoozadeh, D...",PMC8590866,Trials,2021-11-14,https://doi.org/10.1186/s13063-021-05795-4,"This study investigated the impact of vitamin A, B, C, D, and E supplementation on COVID-19 patients in the ICU. Vitamin supplementation improved inflammatory markers and disease severity, but did not significantly affect mortality or prolonged hospitalization after adjustments."
Effects of exercise training and dietary supplement on fat free mass and bone mass density during weight loss – a systematic review and meta-analysis.,"Anja Roth, Martin Sattelmayer, Chloé Schorderet, Simone Gafner, Lara Allet, Nahid Ramezani-Jolfaie, ...",PMC9396077,PMC,2022-09-06,https://www.ncbi.nlm.nih.gov/pmc/articles/PMC9396077/,"This systematic review and meta-analysis examined exercise training and dietary supplements' effects on fat-free mass during weight loss. Exercise training, particularly combined with high protein intake, significantly helps preserve fat-free mass."
Effects of Dietary Nitrate Supplementation on Performance and Muscle Oxygenation during Resistance Exercise in Men,"Rachel Tan, Adam Pennell, Katherine M. Price, Sean T. Karl, Noelle G. Seekamp-Hicks, Keonabelle K. P...",PMC9504620,Nutrients,2022-09-08,https://doi.org/10.3390/nu14183703,This study investigated beetroot juice supplementation's effects on resistance exercise performance and muscle oxygenation. Beetroot juice improved repetitions to failure in the bench press but had no effect on other performance measures or muscle oxygenation.
Effect of resistance training with and without vitamin D calcium chitosan nanoparticle supplements on apoptosis markers in ovariectomized rats: An experimental study,"Mahsa Dehghan-Manshadi, Mohammad-Ali Azarbayjani, Sirvan Atashak, Maghsoud Peeri, Saleh Rahmati-Ahma...",PMC9446447,International Journal of Reproductive Biomedicine,2022-07-01,https://doi.org/10.18502/ijrm.v20i7.11557,This study examined how resistance training and vitamin D/calcium/chitosan nanoparticles affect apoptosis markers in ovariectomized rats. The combination of resistance training and supplements appeared to reverse OVX-induced apoptosis.
The Relationship between Resistance Exercise Performance and Ventilatory Efficiency after Beetroot Juice Intake in Well-Trained Athletes,"Noemí Serra-Payá, Manuel Vicente Garnacho-Castaño, Sergio Sánchez-Nuño, Lluís Albesa-Albiol, Montser...",PMC8065812,Nutrients,2021-03-27,https://doi.org/10.3390/nu13041094,"This study investigated the impact of beetroot juice on resistance exercise performance and ventilatory efficiency in athletes. Beetroot juice improved ventilatory efficiency and resistance exercise performance, suggesting an ergogenic effect under aerobic conditions."
On the effect of vitamin C intake on human health: How to (mis)interprete the clinical evidence,Jens Lykkesfeldt,PMC7296342,PMC,2020-05-23,https://www.ncbi.nlm.nih.gov/pmc/articles/PMC7296342/,This review examines clinical studies on vitamin C's health effects beyond scurvy. It concludes that ignoring vitamin C's unique pharmacokinetics leads to flawed study designs and misinterpretation of results.
Performance and Submaximal Adaptations to Additional Speed-Endurance Training Vs. Continuous Moderate-Intensity Aerobic Training in Male Endurance Athletes,"Vincenzo Rago, Peter Krustrup, Magni Mohr",PMC9465764,Journal of Human Kinetics,2022-09-08,https://doi.org/10.2478/hukin-2022-0060,This study compared speed-endurance training (SET) with moderate-intensity training (MIT) in male endurance athletes. SET led to greater physiological demands and superior improvements in performance and running economy compared to MIT.
Oral vitamin C supplementation to patients with myeloid cancer on azacitidine treatment: Normalization of plasma vitamin C induces epigenetic changes,"Linn Gillberg, Andreas D. Ørskov, Ammar Nasif, Hitoshi Ohtani, Zachary Madaj, Jakob W. Hansen, Nicol...",PMC6798470,PMC,2019-10-17,https://www.ncbi.nlm.nih.gov/pmc/articles/PMC6798470/,"This study investigated oral vitamin C supplementation in myeloid cancer patients treated with azacitidine. Normalizing plasma vitamin C levels increased the 5hmC/5mC ratio, suggesting enhanced DNMTi effects."
Exercise Performance Upregulatory Effect of R-α-Lipoic Acid with γ-Cyclodextrin,"Yuki Hashimoto, Katsuhiko Yoshizawa, Yuka Kaido, Akiko Takenouchi, Keiji Terao, Hiroyuki Yasui, Yuta...",PMC8746793,PMC,2021-12-22,https://www.ncbi.nlm.nih.gov/pmc/articles/PMC8746793/,"This study investigated the effect of a γ-cyclodextrin complex of R-α-lipoic acid on exercise performance and oxidative stress in mice. The complex supplementation repressed exercise-induced blood ammonia elevation and reduced kidney oxidative stress, suggesting potential benefits for athletic performance."
"Beetroot supplementation in women enjoying exercise together (BEE SWEET): Rationale, design and methods","Marissa N. Baranauskas, Cody A. Altherr, Allison H. Gruber, Andrew R. Coggan, John S. Raglin, Samir ...",PMC7773568,Contemporary Clinical Trials Communications,2020-12-25,https://doi.org/10.1016/j.conctc.2020.100693,This study investigates if beetroot supplementation enhances exercise benefits in postmenopausal women. It aims to determine if beetroot juice improves mobility and cardiovascular health outcomes compared to exercise alone or exercise with a placebo.
High-dose testosterone supplementation disturbs liver pro-oxidant/antioxidant balance and function in adolescent male Wistar rats undergoing moderate-intensity endurance training,"Ewa Sadowska-Krępa, Barbara Kłapcińska, Anna Nowara, Sławomir Jagsz, Izabela Szołtysek-Bołdys, Małgo...",PMC7680624,PeerJ,2020-11-19,https://doi.org/10.7717/peerj.10228,"High-dose testosterone supplementation was studied in adolescent rats undergoing endurance training. It disrupted the liver's antioxidant balance and function, increasing oxidative stress markers and enzyme activities."
Vitamin C Is Essential for the Maintenance of Skeletal Muscle Functions,"Shoko Takisawa, Yuka Takino, Jaewon Lee, Shuichi Machida, Akihito Ishigami",PMC9312141,PMC,2022-06-23,https://www.ncbi.nlm.nih.gov/pmc/articles/PMC9312141/,"Long-term vitamin C deficiency was studied in male mice lacking VC synthesis, showing muscle atrophy and reduced physical ability. Vitamin C is essential for maintaining skeletal muscle function in both sexes."
Association of vitamin E intake in diet and supplements with risk of dementia: A meta-analysis,"Rangyin Zhao, Xiaoyong Han, Hongxia Zhang, Jia Liu, Min Zhang, Weijing Zhao, Shangrong Jiang, Ruilin...",PMC9376618,Frontiers in Aging Neuroscience,2022-08-01,https://doi.org/10.3389/fnagi.2022.955878,"This meta-analysis examined the relationship between vitamin E intake and dementia risk. High vitamin E intake, from both diet and supplements, was found to significantly reduce the risk of dementia and Alzheimer's disease."
Effect of Vitamin E Supplementation on Deposition and Gene Expression Profiling of Abdominal Fat in Broiler Chickens,"Min Zhang, Jianlei Li, Yuting Zhu, Qiong Wu, Yan Li, Dingrui Huang, Zhending Gan, Lipeng Zhong, Jing...",PMC7837805,PMC,2021-01-25,https://www.ncbi.nlm.nih.gov/pmc/articles/PMC7837805/,This study investigated vitamin E's effect on broiler abdominal fat deposition and gene expression. Vitamin E supplementation reduced fat deposition and altered genes involved in fatty acid biosynthesis and lipid metabolism.
Circulating nitrate-nitrite reduces oxygen uptake for improving resistance exercise performance after rest time in well-trained CrossFit athletes,"Manuel Vicente Garnacho-Castaño, Sergio Sánchez-Nuño, Lorena Molina-Raya, Teresa Carbonell, José Lui...",PMC9188609,PMC,2022-06-11,https://www.ncbi.nlm.nih.gov/pmc/articles/PMC9188609/,"Circulating nitrate-nitrite from beetroot juice was studied in CrossFit athletes performing resistance exercise. Higher NOx reduced oxygen uptake during rest, improving squat performance."
Effects of electrotactic exercise and antioxidant EUK-134 on oxidative stress relief in  Caenorhabditis elegans,"Thi Thanh Huong Pham, Wan-Ying Huang, Chang-Shi Chen, Wen-Tai Chiu, Han-Sheng Chuang",PMC7817057,PMC,2021-01-20,https://www.ncbi.nlm.nih.gov/pmc/articles/PMC7817057/,"Electrotactic exercise and antioxidant EUK-134 were studied for their effects on oxidative stress in *C. elegans*. The combination significantly improved worm survivorship, reproduction, and motility, suggesting long-term antioxidative stress benefits."
"Vitamin C—Sources, Physiological Role, Kinetics, Deficiency, Use, Toxicity, and Determination","Martin Doseděl, Eduard Jirkovský, Kateřina Macáková, Lenka Kujovská Krčmová, Lenka Javorská, Jana Po...",PMC7918462,PMC,2021-02-13,https://www.ncbi.nlm.nih.gov/pmc/articles/PMC7918462/,"This review discusses vitamin C's broad physiological roles beyond its antioxidant function, including its impact on iron absorption and epigenetic processes. While essential for preventing scurvy, high doses can be pro-oxidant and potentially harmful, with limited proven benefits for other diseases."
The Effect of Beta-Alanine versus Alkaline Agent Supplementation Combined with Branched-Chain Amino Acids and Creatine Malate in Highly-Trained Sprinters and Endurance Athletes: A Randomized Double-Blind Crossover Study,"Krzysztof Durkalec-Michalski, Krzysztof Kusy, Monika Ciekot-Sołtysiak, Jacek Zieliński",PMC6769605,Nutrients,2019-08-21,https://doi.org/10.3390/nu11091961,"This study investigated the effects of beta-alanine versus alkaline agents, combined with BCAAs and creatine malate, on elite sprinters and endurance athletes. Beta-alanine supplementation led to increased fat-free mass in sprinters and reduced post-exercise ammonia in both groups, but did not improve aerobic capacity."
Acute Beetroot Juice Supplementation Enhances Intermittent Running Performance but Does Not Reduce Oxygen Cost of Exercise among Recreational Adults,"Ozcan Esen, Raúl Domínguez, Raci Karayigit",PMC9319752,Nutrients,2022-07-11,https://doi.org/10.3390/nu14142839,Acute beetroot juice supplementation was studied for its effects on intermittent running performance and oxygen cost. It improved performance but did not reduce oxygen consumption in recreational adults.
"Effects of Exercise Combined with Undenatured Type II Collagen on Endurance Capacity, Antioxidant Status, Muscle Lipogenic Genes and E3 Ubiquitin Ligases in Rats","Cemal Orhan, Emre Sahin, Besir Er, Mehmet Tuzcu, Andrey P. Lopes, Nurhan Sahin, Vijaya Juturu, Kazim...",PMC8002679,PMC,2021-03-17,https://www.ncbi.nlm.nih.gov/pmc/articles/PMC8002679/,Exercise combined with undenatured type II collagen improved endurance capacity and antioxidant status in rats. It also reduced muscle lipogenic gene expression and markers of muscle damage.
"Changes in Oxidative Stress, Inflammation, and Muscle Damage Markers Following Diet and Beetroot Juice Supplementation in Elite Fencers","Lucyna Kozłowska, Olga Mizera, Jolanta Gromadzińska, Beata Janasik, Karolina Mikołajewska, Anna Mróz...",PMC7402086,Antioxidants,2020-07-01,https://doi.org/10.3390/antiox9070571,"This study examined the effects of dietary recommendations and beetroot juice supplementation on elite fencers. Beetroot juice supplementation increased VO2max, which was linked to changes in muscle damage and oxidative stress markers."
Beetroot Juice Produces Changes in Heart Rate Variability and Reduces Internal Load during Resistance Training in Men: A Randomized Double-Blind Crossover,"Jose Manuel Jurado-Castro, David Casanova-Rodriguez, Julian Campos-Perez, Francisco Jesus Llorente-C...",PMC9738238,Nutrients,2022-12-02,https://doi.org/10.3390/nu14235119,This study investigated the effects of beetroot juice supplementation on autonomic nervous system responses during resistance training. Beetroot juice reduced internal training load and altered heart rate variability during exercise compared to a placebo.
Four months vitamin D supplementation to vitamin D insufficient individuals does not improve muscular strength: A randomized controlled trial,"Guri Grimnes, Julia Kubiak, Rolf Jorde",PMC6914329,PMC,2019-12-16,https://www.ncbi.nlm.nih.gov/pmc/articles/PMC6914329/,This study investigated the effect of vitamin D supplementation on muscle strength in vitamin D insufficient individuals. Four months of supplementation did not improve muscle strength compared to placebo.
Acute Beetroot Juice Supplementation Attenuates Morning-Associated Decrements in Supramaximal Exercise Performance in Trained Sprinters,"Amanda M. Dumar, Anna F. Huntington, Rebecca R. Rogers, Thomas J. Kopec, Tyler D. Williams, Christop...",PMC7825729,International Journal of Environmental Research and Public Health,2021-01-07,https://doi.org/10.3390/ijerph18020412,This study investigated the effect of beetroot juice on morning exercise performance in sprinters. Beetroot juice supplementation prevented the typical morning performance decrements observed in trained sprinters.
Oral Arginine Supplementation in Healthy Individuals Performing Regular Resistance Training,"Ștefan-Sebastian Busnatu, Octavian Andronic, Maria-Alexandra Pană, Anca Pantea Stoian, Alexandru Sca...",PMC9891176,Healthcare,2023-01-06,https://doi.org/10.3390/healthcare11020182,Oral arginine supplementation was studied in healthy men performing resistance training. Arginine supplementation reduced blood pressure and improved body composition compared to a control group.
Vitamin C for Cardiac Protection during Percutaneous Coronary Intervention: A Systematic Review of Randomized Controlled Trials,"Sher Ali Khan, Sandipan Bhattacharjee, Muhammad Owais Abdul Ghani, Rachel Walden, Qin M. Chen",PMC7468730,PMC,2020-07-23,https://www.ncbi.nlm.nih.gov/pmc/articles/PMC7468730/,This systematic review analyzed eight randomized controlled trials on vitamin C's effect on cardiac protection during percutaneous coronary intervention. Vitamin C administration before PCI was found to reduce cardiac injury markers and inflammation.
Muscle-Related Effect of Whey Protein and Vitamin D 3  Supplementation Provided before or after Bedtime in Males Undergoing Resistance Training,"Yan Chen, Yiheng Liang, Hang Guo, Kun Meng, Junqiang Qiu, Dan Benardot",PMC9183069,Nutrients,2022-05-30,https://doi.org/10.3390/nu14112289,This study examined the effects of whey protein and vitamin D supplementation before or after sleep on muscle mass and strength during resistance training. Both supplementation timings led to significant improvements in muscle mass and hormones compared to a placebo.
Effects of dietary supplementation of vitamin-E and commercial probiotics on the innate immunity of  Labeo rohita  against  Aeromonas hydrophila  infection,"Leesa Priyadarsani, Thangapalam Jawahar Abraham, Harresh Adikesavalu, Gadadhar Dash, Talagunda Srini...",PMC9680084,PMC,2021-05-29,https://www.ncbi.nlm.nih.gov/pmc/articles/PMC9680084/,"This study investigated the effects of vitamin E and probiotics on the innate immunity of Labeo rohita against Aeromonas hydrophila. Both supplements enhanced immunity, with vitamin E at 100 mg/kg proving more effective than probiotics at 5 g/kg."
Prolonged Heat Acclimation and Aerobic Performance in Endurance Trained Athletes,"C. Jacob Mikkelsen, Nicklas Junge, Jacob F. Piil, Nathan B. Morris, Laura Oberholzer, Christoph Sieb...",PMC6843002,PMC,2019-11-01,https://www.ncbi.nlm.nih.gov/pmc/articles/PMC6843002/,This study investigated prolonged heat acclimation's effects on endurance cyclists' aerobic performance in cool conditions. Prolonged heat training did not improve aerobic power or time trial performance in cool weather compared to standard training.
Acute Effects of Beetroot Juice Supplements on Resistance Training: A Randomized Double-Blind Crossover,"Antonio Ranchal-Sanchez, Victor Manuel Diaz-Bernier, Candelaria Alonso De La Florida-Villagran, Fran...",PMC7401280,Nutrients,2020-06-28,https://doi.org/10.3390/nu12071912,This study examined beetroot juice's effects on resistance training performance. Beetroot juice supplementation increased the total number of repetitions performed during resistance training.
Nicotinic Acid Improves Endurance Performance of Mice Subjected to Treadmill Exercise,"Robert Ringseis, Denise K. Gessner, Anna M. Beer, Yvonne Albrecht, Gaiping Wen, Erika Most, Karsten ...",PMC7240961,PMC,2020-04-01,https://www.ncbi.nlm.nih.gov/pmc/articles/PMC7240961/,This study investigated the effect of a high nicotinic acid diet combined with treadmill exercise on mouse endurance performance. The combined treatment significantly improved endurance and altered muscle fiber composition compared to exercise alone or control.
Dose Response of Acute ATP Supplementation on Strength Training Performance,"Helton Pereira dos Santos Nunes de Moura, Ralf Jäger, Martin Purpura, John A. Rathmacher, John C. Fu...",PMC8692774,Frontiers in Sports and Active Living,2021-12-08,https://doi.org/10.3389/fspor.2021.780459,"This study investigated the dose response of acute oral ATP supplementation on strength training performance. A 400 mg dose of ATP significantly increased repetitions, while 100 mg reduced perceived exertion."
Effect of whey vs. soy protein supplementation on recovery kinetics following speed endurance training in competitive male soccer players: a randomized controlled trial,"Savvas Kritikos, Konstantinos Papanikolaou, Dimitrios Draganidis, Athanasios Poulios, Kalliopi Georg...",PMC7968192,Journal of the International Society of Sports Nutrition,2021-03-16,https://doi.org/10.1186/s12970-021-00420-w,Whey and soy protein supplementation were studied for their effects on recovery after soccer speed-endurance training. Neither protein source improved performance or muscle damage markers compared to placebo.
The effects of resistance training with or without peanut protein supplementation on skeletal muscle and strength adaptations in older individuals,"Donald A. Lamb, Johnathon H. Moore, Morgan A. Smith, Christopher G. Vann, Shelby C. Osburn, Bradley ...",PMC7734909,Journal of the International Society of Sports Nutrition,2020-12-14,https://doi.org/10.1186/s12970-020-00397-y,"This study investigated the effects of resistance training with or without peanut protein supplementation on muscle and strength in older adults. Peanut protein supplementation showed some benefits in muscle thickness and strength, but not overall body composition or acute muscle protein synthesis."
Lung Function and Respiratory Muscle Adaptations of Endurance- and Strength-Trained Males,Daniel A. Hackett,PMC7764033,Sports,2020-12-10,https://doi.org/10.3390/sports8120160,"This study compared lung function and respiratory muscle strength in endurance-trained versus strength-trained males. Endurance trainers showed greater maximal voluntary ventilation, while strength trainers had greater respiratory muscle strength, which was linked to lower body strength."
Right heart exercise-training-adaptation and remodelling in endurance athletes,"Valeria Conti, Filippo Migliorini, Marco Pilone, María I. Barriopedro, Juan José Ramos-Álvarez, Fran...",PMC8602371,Scientific Reports,2021-11-18,https://doi.org/10.1038/s41598-021-02028-1,"This systematic review examined right heart structural and functional changes in endurance athletes. Findings indicate that right heart remodeling in athletes is associated with age, body surface area, and training intensity."
Sustained Endurance Training Leads to Metabolomic Adaptation,"Astrid Weiss, Katharina Alack, Stephan Klatt, Sven Zukunft, Ralph Schermuly, Torsten Frech, Frank-Ch...",PMC9323347,Metabolites,2022-07-16,https://doi.org/10.3390/metabo12070658,"This study compared the metabolomic profiles of endurance-trained and untrained individuals. Endurance training leads to distinct changes in phospholipids, acylcarnitines, bile acids, and polyunsaturated fatty acids at rest."
Effect of milk fat globule membrane supplementation on motor unit adaptation following resistance training in older adults,"Kohei Watanabe, Aleš Holobar, Aya Tomita, Yukiko Mita",PMC7322501,Physiological Reports,2020-06-29,https://doi.org/10.14814/phy2.14491,This study examined the effect of milk fat globule membrane (MFGM) supplementation on motor unit adaptation during resistance training in older adults. MFGM supplementation maintained higher motor unit firing rates and altered firing patterns compared to placebo.
Acute beetroot juice supplementation improves exercise tolerance and cycling efficiency in adults with obesity,"Christian E. Behrens, Khandaker Ahmed, Karina Ricart, Braxton Linder, José Fernández, Brenda Bertran...",PMC7556310,Physiological Reports,2020-10-14,https://doi.org/10.14814/phy2.14574,This study investigated the effects of beetroot juice on exercise in adults with obesity. Beetroot juice improved exercise efficiency and tolerance compared to other conditions.
Melatonin Supplement Plus Exercise Effectively Counteracts the Challenges of Isoproterenol-Induced Cardiac Injury in Rats,"Md. Mahbubur Rahman, Dong Kwon Yang",PMC9953439,PMC,2023-02-01,https://www.ncbi.nlm.nih.gov/pmc/articles/PMC9953439/,This study investigated the combined effects of exercise and melatonin on isoproterenol-induced cardiac injury in rats. The combination treatment effectively counteracted cardiac injury by preserving mitochondrial function and reducing oxidative stress.
Antioxidant trials—the need to test for stress,Robert John Aitken,PMC7937419,Human Reproduction Open,2021-01-01,https://doi.org/10.1093/hropen/hoab007,
The Effect of Beetroot Ingestion on High-Intensity Interval Training: A Systematic Review and Meta-Analysis,"Tak Hiong Wong, Alexiaa Sim, Stephen F. Burns",PMC8618171,PMC,2021-10-20,https://www.ncbi.nlm.nih.gov/pmc/articles/PMC8618171/,This systematic review and meta-analysis evaluated beetroot supplementation's effects on high-intensity interval training performance. Beetroot supplementation showed no significant improvement in peak or mean power output during HIIT or SIT.
Lower Dietary and Circulating Vitamin C in Middle- and Older-Aged Men and Women Are Associated with Lower Estimated Skeletal Muscle Mass,"Lucy N Lewis, Richard P G Hayhoe, Angela A Mulligan, Robert N Luben, Kay-Tee Khaw, Ailsa A Welch",PMC7549302,PMC,2020-10-01,https://www.ncbi.nlm.nih.gov/pmc/articles/PMC7549302/,This study examined the relationship between vitamin C intake and levels with skeletal muscle mass in middle-aged and older adults. Lower dietary and circulating vitamin C were associated with lower estimated skeletal muscle mass.
Neither Beetroot Juice Supplementation nor Increased Carbohydrate Oxidation Enhance Economy of Prolonged Exercise in Elite Race Walkers,"Louise M. Burke, Rebecca Hall, Ida A. Heikura, Megan L. Ross, Nicolin Tee, Georgina L. Kent, Jamie W...",PMC8398364,Nutrients,2021-08-12,https://doi.org/10.3390/nu13082767,Beetroot juice and increased carbohydrate availability strategies were tested in elite race walkers. Neither approach improved exercise economy or substrate oxidation rates.
Effects of Endurance and Endurance–Strength Training on Endothelial Function in Women with Obesity: A Randomized Trial,"Marzena Ratajczak, Damian Skrypnik, Paweł Bogdański, Edyta Mądry, Jarosław Walkowiak, Monika Szulińs...",PMC6862069,International Journal of Environmental Research and Public Health,2019-11-05,https://doi.org/10.3390/ijerph16214291,"This study compared endurance and combined endurance-strength training in obese women. Endurance training alone improved endothelial function markers, while both improved lipid metabolism."
"Vitamin C supplementation promotes mental vitality in healthy young adults: results from a cross-sectional analysis and a randomized, double-blind, placebo-controlled trial","Minju Sim, Sehwa Hong, Sungwoong Jung, Jin-Soo Kim, Young-Tae Goo, Woo Young Chun, Dong-Mi Shin",PMC8783887,PMC,2021-09-02,https://www.ncbi.nlm.nih.gov/pmc/articles/PMC8783887/,A cross-sectional study and RCT examined vitamin C's link to mental vitality. Vitamin C supplementation improved attention and work absorption in young adults with inadequate levels.
KiwiC for Vitality: Results of a Placebo-Controlled Trial Testing the Effects of Kiwifruit or Vitamin C Tablets on Vitality in Adults with Low Vitamin C Levels,"Tamlin S. Conner, Benjamin D. Fletcher, Jillian J. Haszard, Juliet M. Pullar, Emma Spencer, Louise A...",PMC7551849,PMC,2022-09-30,https://www.ncbi.nlm.nih.gov/pmc/articles/PMC7551849/,"This study tested kiwifruit and vitamin C on vitality in adults with low vitamin C. Both kiwifruit and vitamin C improved well-being, with kiwifruit also reducing fatigue and improving mood."
Antioxidant Supplements and Oxidative Stress,"Jumana Saleh, Marvin Edeas, Harry Van Goor",PMC6839674,PMC,2019-08-01,https://www.ncbi.nlm.nih.gov/pmc/articles/PMC6839674/,
"Understanding the effects of beetroot juice intake on CrossFit performance by assessing hormonal, metabolic and mechanical response: a randomized, double-blind, crossover design","Manuel Vicente Garnacho-Castaño, Guillem Palau-Salvà, Noemí Serra-Payá, Mario Ruiz-Hermosel, Marina ...",PMC7666517,PMC,2020-11-13,https://www.ncbi.nlm.nih.gov/pmc/articles/PMC7666517/,"This study investigated the effects of beetroot juice on CrossFit performance, measuring hormonal, metabolic, and mechanical responses. Beetroot juice improved performance when rest was provided between exercises, but increased cortisol, reduced oxygen saturation, and heightened muscular fatigue."
Differences in Training Adaptations of Endurance Performance during Combined Strength and Endurance Training in a 6-Month Crisis Management Operation,"Kai Pihlainen, Keijo Häkkinen, Matti Santtila, Jani Raitanen, Heikki Kyröläinen",PMC7084630,International Journal of Environmental Research and Public Health,2020-03-05,https://doi.org/10.3390/ijerph17051688,This study compared training adaptations in soldiers during a 6-month operation. Soldiers who were initially leaner and fitter were more likely to experience a decrease in aerobic fitness.
Vitamin D supplementation and increased dairy protein intake do not affect muscle strength or physical function in healthy 6–8-year-old children: the  D-pro  randomized trial,"Line Thams, Lars G. Hvid, Nanna G. Stounbjerg, Jan C. Brønd, Christian Mølgaard, Camilla T. Damsgaar...",PMC9146815,PMC,2022-05-28,https://www.ncbi.nlm.nih.gov/pmc/articles/PMC9146815/,"This study investigated vitamin D and increased dairy protein intake's effects on children's muscle strength and physical function. Neither intervention, alone or combined, improved these measures in healthy children."
Effect of an Antioxidant Supplement Combination on Boar Sperm,"Ivan Galić, Saša Dragin, Ivan Stančić, Milan Maletić, Jelena Apić, Nebojša Kladar, Jovan Spasojević,...",PMC9138103,PMC,2022-05-18,https://www.ncbi.nlm.nih.gov/pmc/articles/PMC9138103/,"This study investigated the effect of an antioxidant supplement combination on boar seminal plasma and sperm quality. The supplements improved sperm DNA integrity and motility, despite no significant changes in total antioxidant capacity or glutathione peroxidase."
"Effects of Beetroot Juice Supplementation on Cognitive Function, Aerobic and Anaerobic Performances of Trained Male Taekwondo Athletes: A Pilot Study","Hossein Miraftabi, Zahra Avazpoor, Erfan Berjisian, Amir Sarshin, Sajjad Rezaei, Raúl Domínguez, Rei...",PMC8507686,International Journal of Environmental Research and Public Health,2021-09-28,https://doi.org/10.3390/ijerph181910202,"This pilot study examined the effects of two doses of beetroot juice on taekwondo athletes' performance and cognitive function. The 400 mg dose of beetroot juice improved cognitive function after a performance test, though no significant performance differences were found."
"Acute Effects of Beetroot Juice Supplementation on Isometric Muscle Strength, Rate of Torque Development and Isometric Endurance in Young Adult Men and Women: A Randomized, Double-Blind, Controlled Cross-Over Pilot Study","David Poredoš, Zala Jenko Pražnikar, Žiga Kozinc",PMC9692807,Nutrients,2022-11-10,https://doi.org/10.3390/nu14224759,"This study examined beetroot juice's effects on isometric strength and endurance in young adults. Beetroot juice did not improve maximal strength but enhanced endurance and torque development rate in men, not women."
"Effects of antioxidant supplement on immune health and physical wellbeing: A randomized, controlled trial","Jessie Hawkins, Christy Hires, Elizabeth Dunne, Lindsey Keenan",PMC9212968,Advances in Integrative Medicine,2022-06-21,https://doi.org/10.1016/j.aimed.2022.06.007,"An antioxidant supplement was tested against a placebo in healthy adults. The supplement significantly improved overall health, reduced illness duration, and enhanced sleep quality."
Estimation of Vitamin C Intake Requirements Based on Body Weight: Implications for Obesity,"Anitra C. Carr, Gladys Block, Jens Lykkesfeldt",PMC9003354,PMC,2022-03-31,https://www.ncbi.nlm.nih.gov/pmc/articles/PMC9003354/,"This study estimated vitamin C intake needs based on body weight. Higher body weight requires more vitamin C to maintain comparable plasma levels, suggesting current recommendations may be insufficient for heavier individuals."
Reply: antioxidant trials—the need to test for stress,"Mohan S Kamath, Mariano Mascarenhas, Treasa Joseph, Muthukumar Karthikeyan, Aleyamma T Kunjummen",PMC7937421,Human Reproduction Open,2021-01-01,https://doi.org/10.1093/hropen/hoab008,
l -Arginine and Beetroot Extract Supplementation in the Prevention of Sarcopenia,"Alfredo Córdova-Martínez, Alberto Caballero-García, Hugo J. Bello, Antoni Pons-Biescas, David C. Nor...",PMC8954952,Pharmaceuticals,2022-02-26,https://doi.org/10.3390/ph15030290,"This study investigated the effects of l-arginine and beetroot extract supplementation on muscle function in older adults over six weeks. Beetroot extract showed some benefits for women's muscle functionality and men's sprint performance, while l-arginine had no significant impact."
Vitamin C and COVID-19,"Harri Hemilä, Angelique M. E. de Man",PMC7848027,PMC,2021-01-18,https://www.ncbi.nlm.nih.gov/pmc/articles/PMC7848027/,"This paper reviews vitamin C's potential benefits for viral infections, particularly in critically ill patients. Findings suggest vitamin C may reduce ICU stays, mechanical ventilation duration, and mortality in sepsis patients."
"Immunoregulatory effects of testosterone supplementation combined with exercise training in men with Inclusion Body Myositis: a double‐blind, placebo‐controlled, cross‐over trial","Jerome D Coudert, Nataliya Slater, Anuradha Sooda, Kelly Beer, Ee Mun Lim, Conchita Boyder, Rui Zhan...",PMC9495304,PMC,2022-09-22,https://www.ncbi.nlm.nih.gov/pmc/articles/PMC9495304/,"This study investigated the effects of testosterone supplementation combined with exercise in men with Inclusion Body Myositis. Exercise alone reduced inflammatory markers, with testosterone providing some additional immune changes."
Vitamin C for COVID-19 Treatment: Have We Got Enough Evidence?,Siti Rohaiza Ahmad,PMC9161352,PMC,2022-05-19,https://www.ncbi.nlm.nih.gov/pmc/articles/PMC9161352/,
"Effect of beetroot or beetroot plus vitamin C supplementation on cardiovascular function in patients with coronary artery disease: protocol for a double-blind, placebo-controlled, randomised trial","Leila Sadat Bahrami, Mohsen Mohebaty, Seyyed Mostafa Arabi, Hamed Tabesh, Mohsen Nematy, Reza Rezvan...",PMC9204440,BMJ Open,2022-01-01,https://doi.org/10.1136/bmjopen-2022-061394,This study investigates the effects of beetroot and beetroot plus vitamin C supplementation on cardiovascular function in patients with coronary artery disease. The trial will assess changes in various cardiovascular markers over four weeks of supplementation.
Evaluating Vitamin C in Septic Shock: A Randomized Controlled Trial of Vitamin C Monotherapy*,"David A. Wacker, Susan L. Burton, John P. Berger, A. J. Hegg, Jamie Heisdorffer, Qi Wang, Emily J. M...",PMC9005102,PMC,2022-01-05,https://www.ncbi.nlm.nih.gov/pmc/articles/PMC9005102/,"A randomized controlled trial evaluated IV vitamin C monotherapy in septic shock patients. Vitamin C did not significantly reduce 28-day mortality, and its routine clinical use is not supported."
"Resistance Training Improves Muscle Strength and Function, Regardless of Protein Supplementation, in the Mid- to Long-Term Period after Gastric Bypass","Gabriela S. Oliveira, Flávio T. Vieira, Fernando Lamarca, Ricardo M. Lima, Kênia M. B. Carvalho, Eli...",PMC8746810,PMC,2021-12-21,https://www.ncbi.nlm.nih.gov/pmc/articles/PMC8746810/,"Resistance training was studied in individuals 2-7 years post-gastric bypass, with or without protein supplementation. Resistance training alone, or with protein, improved muscle strength and physical function."
"Does Acute Beetroot Juice Supplementation Improve Neuromuscular Performance and Match Activity in Young Basketball Players? A Randomized, Placebo-Controlled Study","Álvaro López-Samanes, Aarón Gómez Parra, Victor Moreno-Pérez, Javier Courel-Ibáñez",PMC7019528,Nutrients,2020-01-09,https://doi.org/10.3390/nu12010188,"This study investigated acute beetroot juice supplementation's effects on young basketball players' neuromuscular performance and match activity. No significant improvements were found in jump height, strength, sprint, agility, or physical match demands."
Effect of  Nigella sativa  Supplementation on Oxidative Stress and Antioxidant Parameters: A Meta-Analysis of Randomized Controlled Trials,"M. Ardiana, B. S. Pikir, A. Santoso, H. O. Hermawan, M. J. Al-Farabi",PMC7225850,The Scientific World Journal,2020-01-01,https://doi.org/10.1155/2020/2390706,This meta-analysis examined the effect of Nigella sativa supplementation on oxidative stress. Nigella sativa supplementation increased superoxide dismutase levels but did not significantly affect malondialdehyde or total antioxidant capacity.
"Effects of Running-Specific Strength Training, Endurance Training, and Concurrent Training on Recreational Endurance Athletes’ Performance and Selected Anthropometric Parameters","Pablo Prieto-González, Jaromir Sedlacek",PMC9518107,PMC,2022-08-29,https://www.ncbi.nlm.nih.gov/pmc/articles/PMC9518107/,"This study investigated the effects of running-specific strength, endurance, and concurrent training on recreational runners. Concurrent training demonstrated the most comprehensive improvements in body composition and performance metrics."
"Effect of vitamin D supplementation on brain waves, behavioral performance, nitric oxide, malondialdehyde, and high-sensitivity C-reactive protein in children with attention deficit/hyperactivity disorder: study protocol for a randomized clinical trial","Abbas Ali Sangouni, Hamid Mirhosseini, Mahdieh Hosseinzadeh",PMC9587585,PMC,2022-10-22,https://www.ncbi.nlm.nih.gov/pmc/articles/PMC9587585/,"This study protocol outlines a randomized clinical trial investigating vitamin D supplementation in children with ADHD. It aims to assess the impact on brain waves, behavior, and specific biomarkers."
Vitamin D Supplementation Improves Handgrip Strength in Postmenopausal Women: A Systematic Review and Meta-Analysis of Randomized Controlled Trials,"Jia-Li Zhang, Christina Chui-Wa Poon, Man-Sau Wong, Wen-Xiong Li, Yi-Xun Guo, Yan Zhang",PMC9199366,PMC,2022-06-01,https://www.ncbi.nlm.nih.gov/pmc/articles/PMC9199366/,"This systematic review and meta-analysis examined randomized controlled trials on vitamin D supplementation and muscle function in postmenopausal women. Vitamin D supplementation significantly improved handgrip strength, indicating enhanced muscle strength."
"Isolated Soy Protein Supplementation Combined With Resistance Training Improves Muscle Strength, Mass, and Physical Performance of Aging Female Mice","Mon-Chien Lee, Yi-Ju Hsu, Fang-Yu Wu, Chi-Chang Huang, Hsueh-Yu Li, Wen-Chyuan Chen",PMC9204525,PMC,2022-05-26,https://www.ncbi.nlm.nih.gov/pmc/articles/PMC9204525/,"Isolated soy protein and resistance training were studied in aging female mice. Combining both interventions significantly improved muscle strength, mass, and physical performance."
VITADIAL “Does correction of 25 OH-VITAmin D with cholecalciferol supplementation increase muscle strength in hemoDIALysis patients?”: study protocol for a randomized controlled trial,"Stanislas Bataille, Nathalie Pedinielli, Elisa Carreno, Mathilde Prezelin-Reydit, Philippe Chauveau,...",PMC8146204,PMC,2021-05-25,https://www.ncbi.nlm.nih.gov/pmc/articles/PMC8146204/,This study protocol outlines a randomized controlled trial investigating if cholecalciferol supplementation improves muscle strength in hemodialysis patients with low vitamin D. The primary finding will be whether this supplementation leads to increased muscle strength over six months.
Supplements of an aqueous combination of  Justicia adhatoda  and  Ocimum tenuiflorum  boost antioxidative effects and impede hyperlipidemia,"Ifrahim Iqbal Chowdhury, Md. Atiar Rahman, Mohammad A. Hashem, M. Mosharef Hossain Bhuiyan, Dina Haj...",PMC7323702,PMC,2020-04-29,https://www.ncbi.nlm.nih.gov/pmc/articles/PMC7323702/,"This study investigated the combined effects of *Justicia adhatoda* and *Ocimum tenuiflorum* extracts on hyperlipidemia and oxidative stress in rats. The combination extract significantly improved lipid profiles, reduced atherogenic index, and enhanced antioxidative capacity."
Six Sessions of Sprint-Interval Training Did Not Improve Endurance and Neuromuscular Performance in Untrained Men,"Raphael Bertschinger, Louis-Solal Giboin, Markus Gruber",PMC7025594,PMC,2020-01-28,https://www.ncbi.nlm.nih.gov/pmc/articles/PMC7025594/,Six sessions of sprint-interval training were administered to untrained men to assess endurance and neuromuscular performance. The training did not improve endurance or neuromuscular function compared to a control group.
Nitrate-rich beetroot juice offsets salivary acidity following carbohydrate ingestion before and after endurance exercise in healthy male runners,"Mia C. Burleigh, Nicholas Sculthorpe, Fiona L. Henriquez, Chris Easton",PMC7737958,PLoS ONE,2020-12-15,https://doi.org/10.1371/journal.pone.0243755,"Nitrate-rich beetroot juice was studied for its effect on salivary pH in male runners after carbohydrate ingestion and exercise. Ingesting nitrate attenuated the expected reduction in salivary pH, suggesting a potential oral health benefit for athletes."
Adaptation mechanism of the adult zebrafish respiratory organ to endurance training,"Matthias Messerli, Dea Aaldijk, David Haberthür, Helena Röss, Carolina García-Poyatos, Marcos Sande-...",PMC7001924,PLoS ONE,2020-01-01,https://doi.org/10.1371/journal.pone.0228333,"Adult zebrafish underwent endurance training to study respiratory adaptation. The trained fish showed increased gill volume and filament growth, enhancing oxygen uptake."
"Supplementation with Resveratrol, Piperine and Alpha-Tocopherol Decreases Chronic Inflammation in a Cluster of Older Adults with Metabolic Syndrome","Raúl Francisco Pastor, Marisa Gabriela Repetto, Fabiana Lairion, Alberto Lazarowski, Amalia Merelli,...",PMC7602615,Nutrients,2020-10-15,https://doi.org/10.3390/nu12103149,"A supplement of resveratrol, piperine, and alpha-tocopherol was tested in older adults with metabolic syndrome. The supplement significantly reduced markers of chronic inflammation and oxidative stress."
Influence of Interval Training Frequency on Time-Trial Performance in Elite Endurance Athletes,"Espen Tønnessen, Jonny Hisdal, Bent R. Ronnestad",PMC7246952,PMC,2020-05-04,https://www.ncbi.nlm.nih.gov/pmc/articles/PMC7246952/,This study compared the effects of four short versus two longer interval training sessions weekly in elite endurance athletes. Two longer sessions per week led to greater improvements in time-trial performance and physiological adaptations than four shorter sessions.
Mindfulness Training Enhances Endurance Performance and Executive Functions in Athletes: An Event-Related Potential Study,"Jui-Ti Nien, Chih-Han Wu, Kao-Teng Yang, Yu-Min Cho, Chien-Heng Chu, Yu-Kai Chang, Chenglin Zhou",PMC7474752,PMC,2020-01-01,https://www.ncbi.nlm.nih.gov/pmc/articles/PMC7474752/,"A five-week mindfulness program was tested on university athletes. The training improved endurance, executive functions, and reduced neural conflict monitoring."
No Significant Differences in Muscle Growth and Strength Development When Consuming Soy and Whey Protein Supplements Matched for Leucine Following a 12 Week Resistance Training Program in Men and Women: A Randomized Trial,"Heidi M. Lynch, Matthew P. Buman, Jared M. Dickinson, Lynda B. Ransdell, Carol S. Johnston, Christop...",PMC7312446,PMC,2020-05-29,https://www.ncbi.nlm.nih.gov/pmc/articles/PMC7312446/,This study compared soy and whey protein supplements matched for leucine in untrained individuals undergoing resistance training. No significant differences in muscle growth or strength development were found between the two protein groups.
Effects of beetroot juice intake on repeated performance of competitive swimmers,"Berta Moreno, Esther Morencos, Davinia Vicente-Campos, Alejandro Muñoz, Jaime González-García, Santi...",PMC9871287,Frontiers in Physiology,2023-01-10,https://doi.org/10.3389/fphys.2022.1076295,"Competitive swimmers were studied for the effects of beetroot juice on repeated maximal effort swimming. Beetroot juice did not significantly improve overall performance, but showed a trend towards better recovery and fatigue tolerance."
Effects of Beetroot Juice Ingestion on Physical Performance in Highly Competitive Tennis Players,"Álvaro López-Samanes, Alberto Pérez-López, Victor Moreno-Pérez, Fabio Yuzo Nakamura, Jorge Acebes-Sá...",PMC7071491,PMC,2020-02-23,https://www.ncbi.nlm.nih.gov/pmc/articles/PMC7071491/,"This study investigated the effects of beetroot juice on tennis players' physical performance. Beetroot juice consumption did not significantly improve serve velocity, jumping, grip strength, agility, or sprinting in these athletes."
Intravenous vitamin C administration to patients with septic shock: a pilot randomised controlled trial,"Patrice Rosengrave, Emma Spencer, Jonathan Williman, Jan Mehrtens, Stacey Morgan, Tara Doyle, Kymbal...",PMC8786621,PMC,2022-01-25,https://www.ncbi.nlm.nih.gov/pmc/articles/PMC8786621/,A pilot randomized controlled trial investigated intravenous vitamin C in septic shock patients. Vitamin C administration did not significantly reduce vasopressor requirements or improve other clinical outcomes compared to placebo.
Beetroot juice — a suitable post-marathon metabolic recovery supplement?,"Zinandré Stander, Laneke Luies, Mari van Reenen, Glyn Howatson, Karen M. Keane, Tom Clifford, Emma J...",PMC8642879,Journal of the International Society of Sports Nutrition,2021-12-03,https://doi.org/10.1186/s12970-021-00468-8,"This study analyzed marathon runners' metabolic recovery after beetroot juice supplementation. Beetroot juice did not significantly alter overall metabolic recovery compared to a placebo, but influenced specific carbohydrate and fatty acid metabolites."
Lessening Organ dysfunction with VITamin C (LOVIT): protocol for a randomized controlled trial,"Marie-Hélène Masse, Julie Ménard, Sheila Sprague, Marie-Claude Battista, Deborah J. Cook, Gordon H. ...",PMC6950903,PMC,2020-01-08,https://www.ncbi.nlm.nih.gov/pmc/articles/PMC6950903/,This study is a randomized controlled trial investigating the effect of intravenous vitamin C on sepsis outcomes. It aims to determine if vitamin C reduces death or persistent organ dysfunction at 28 days.
Performance-Related Physiological and Haematological Changes During Pregnancy and Postpartum in a Well-Trained Cyclist Performing Endurance Training,"Nicki Winfield Almquist, Øyvind Sandbakk, Guro Strøm Solli",PMC9125089,PMC,2022-05-09,https://www.ncbi.nlm.nih.gov/pmc/articles/PMC9125089/,"This case study tracked physiological and hematological changes in a trained cyclist during pregnancy and postpartum. Hematological values increased during pregnancy without a corresponding VO2peak rise, but training helped restore VO2peak and improve power postpartum."
Pharmacokinetics of Nitrate and Nitrite Following Beetroot Juice Drink Consumption,"Emily Margaret Jakubcik, Kay Rutherfurd-Markwick, Marsanne Chabert, Marie Wong, Ajmol Ali",PMC7908977,Nutrients,2021-01-20,https://doi.org/10.3390/nu13020281,"This study investigated the effects of different nitrate and nitrite levels from beetroot juice on cardiovascular measures. Both nitrate and nitrite from beetroot juice can lower mean arterial pressure, but their impact on blood pressure reduction is unclear."
"Early administration of Vitamin C in patients with sepsis or septic shock in emergency departments: A multicenter, double blinded, randomized controlled trial: The C-EASIE trial protocol","Stefanie Vandervelden, Lina Wauters, Jan Breuls, Steffen Fieuws, Philippe Vanhove, Ives Hubloue, Mag...",PMC8570477,PMC,2021-11-05,https://www.ncbi.nlm.nih.gov/pmc/articles/PMC8570477/,This study is a randomized controlled trial investigating the early administration of Vitamin C in sepsis patients. It aims to determine if this intervention improves outcomes like shock resolution and reduces morbidity and mortality.
Incremental Doses of Nitrate-Rich Beetroot Juice Do Not Modify Cognitive Function and Cerebral Blood Flow in Overweight and Obese Older Adults: A 13-Week Pilot Randomised Clinical Trial,"Abrar M. Babateen, Oliver M. Shannon, Gerard M. O’Brien, Edward Okello, Ellen Smith, Dilara Olgacer,...",PMC8912345,Nutrients,2022-03-02,https://doi.org/10.3390/nu14051052,This pilot study investigated the effects of beetroot juice on cognitive function and cerebral blood flow in overweight and obese older adults over 13 weeks. No significant changes were observed in cognitive function or cerebral blood flow across different beetroot juice doses.
Multi-Fold Enhancement of Tocopherol Yields Employing High CO 2  Supplementation and Nitrate Limitation in Native Isolate  Monoraphidium  sp.,"Rabinder Singh, Asha Arumugam Nesamma, Alka Narula, Pannaga Pavan Jutur",PMC9032582,Cells,2022-04-13,https://doi.org/10.3390/cells11081315,"High CO2 supplementation and nitrate limitation were employed to enhance tocopherol yields in *Monoraphidium* sp. This combination resulted in a multi-fold increase in tocopherol production, biomass, and lipids."
Acceptability and Feasibility of a 13-Week Pilot Randomised Controlled Trial Testing the Effects of Incremental Doses of Beetroot Juice in Overweight and Obese Older Adults,"Abrar M. Babateen, Oliver M. Shannon, Gerard M. O’Brien, Edward Okello, Anmar A. Khan, Sofia Rubele,...",PMC7996834,PMC,2021-02-26,https://www.ncbi.nlm.nih.gov/pmc/articles/PMC7996834/,"A pilot RCT tested beetroot juice doses in overweight, obese older adults for 13 weeks. Prolonged beetroot juice supplementation is feasible in this population, with dose-dependent increases in nitrate levels."
An Untargeted Metabolomics Approach to Investigate the Metabolic Effect of Beetroot Juice Supplementation in Fencers—A Preliminary Study,"Lucyna Kozlowska, Olga Mizera, Anna Mroz",PMC7143097,Metabolites,2020-03-11,https://doi.org/10.3390/metabo10030100,"This study used untargeted metabolomics to analyze fencers' urine after beetroot juice supplementation. Beetroot juice significantly altered tyrosine and tryptophan metabolism, impacting neurotransmitter pathways."
"No effect of nitrate-rich beetroot juice on microvascular function and blood pressure in younger and older individuals: a randomised, placebo-controlled double-blind pilot study","David Rogerson, Fabio Alejandro Aguilar Mora, Jamie Stuart Young, Markos Klonizakis",PMC9550618,European Journal of Clinical Nutrition,2022-03-29,https://doi.org/10.1038/s41430-022-01115-4,This pilot study investigated nitrate-rich beetroot juice's impact on microvascular function and blood pressure in younger and older adults. No significant effects were observed on either parameter in either age group.
"Metabolomic analysis of serum alpha-tocopherol among men in the Alpha-Tocopherol, Beta-Carotene Cancer Prevention (ATBC) Study","Wayne R. Lawrence, Jung-eun Lim, Jiaqi Huang, Joshua N. Sampson, Stephanie J. Weinstein, Demetrius A...",PMC9444878,European journal of clinical nutrition,2022-02-24,https://doi.org/10.1038/s41430-022-01112-7,"Serum metabolites were analyzed in relation to alpha-tocopherol levels in men from the ATBC Study. Many lipid and amino acid metabolites were associated with alpha-tocopherol, suggesting potential mechanisms for vitamin E's health effects."
Preventive effects of nitrate-rich beetroot juice supplementation on monocrotaline-induced pulmonary hypertension in rats,"Masashi Tawa, Rikako Nagata, Yuiko Sumi, Keisuke Nakagawa, Tatsuya Sawano, Mamoru Ohkita, Yasuo Mats...",PMC8031446,PLoS ONE,2021-04-08,https://doi.org/10.1371/journal.pone.0249816.r006,"Beetroot juice supplementation was studied for its preventive effects on a rat model of pulmonary hypertension. A low dose of beetroot juice, but not a high dose, prevented pulmonary hypertension, suggesting a nitrate-dependent mechanism."
Training for a (half‐)marathon: Training volume and longest endurance run related to performance and running injuries,"Tryntsje Fokkema, Ankie A.D.N. van Damme, Maarten W.J. Fornerod, Robert‐Jan de Vos, Sita M.A. Bierma...",PMC7496388,PMC,2020-06-03,https://www.ncbi.nlm.nih.gov/pmc/articles/PMC7496388/,"Training volume and longest endurance runs were studied in relation to marathon performance and injuries. Higher training volumes and longer endurance runs were associated with faster finish times, without an increased risk of injury."
Lessening Organ Dysfunction With Vitamin C (LOVIT) Trial: Statistical Analysis Plan,"Neill KJ Adhikari, Ruxandra Pinto, Andrew G Day, Marie-Hélène Masse, Julie Ménard, Sheila Sprague, D...",PMC9166642,PMC,2022-05-01,https://www.ncbi.nlm.nih.gov/pmc/articles/PMC9166642/,"This paper details the statistical analysis plan for the LOVIT trial, which investigates intravenous vitamin C for critically ill patients with infection. The plan outlines analyses for a composite primary outcome of mortality and persistent organ dysfunction at 28 days."
"Comparison of α-Tocopherol, α-Tocopherol Acetate, and α-Tocopheryl Polyethylene Glycol Succinate 1000 Absorption by Caco-2 TC7 Intestinal Cells","Charlotte Cuerq, Claire Bordat, Charlotte Halimi, Emilie Blond, Marion Nowicki, Noël Peretti, Emmanu...",PMC7823802,Nutrients,2020-12-31,https://doi.org/10.3390/nu13010129,"This study compared the absorption of vitamin E forms by Caco-2 cells. TPGS showed the lowest secretion, with esterified forms of vitamin E being secreted basolaterally."
"Influence of pre and postpartum alpha-tocopherol supplementation on milk yield, milk quality, and udder health of Jersey crossbred cows at tropical lower Gangetic region","Amit Kumar Singh, Champak Bhakat, Tripti Kumari, Dilip Kumar Mandal, Anupam Chatterjee, Muthupalani ...",PMC7566249,Veterinary World,2020-09-01,https://doi.org/10.14202/vetworld.2020.2006-2011,"This study investigated alpha-tocopherol supplementation's effects on Jersey crossbred cows. Supplementation improved milk yield, quality, and udder health, especially with longer postpartum administration."
Effect of Dietary Nitrate and Anthocyanins on Anaerobic Exercise in Untrained Individuals,,PMC7419531,Current Developments in Nutrition,2020-08-11,https://doi.org/10.1093/cdn/nzaa134,
Colostrum supplementation with n-3 fatty acids and α-tocopherol alters plasma polyunsaturated fatty acid profile and decreases an indicator of oxidative stress in newborn calves,"Julie Opgenorth, Lorraine M. Sordillo, Michael J. VandeHaar",PMC7094540,Journal of Dairy Science,2020-01-31,https://doi.org/10.3168/jds.2019-17380,Newborn calves were supplemented with n-3 fatty acids and α-tocopherol in colostrum. This supplementation reduced an indicator of oxidative stress in the first week of life.
Effect of Ethanol on Parthenogenetic Activation and α-Tocopherol Supplementation during  In Vitro  Maturation on Developmental Competence of Summer-Collected Bovine Oocytes,"Francisco Báez, Belén Gómez, Victoria de Brun, Nélida Rodríguez-Osorio, Carolina Viñoles",PMC8929142,Current Issues in Molecular Biology,2021-12-16,https://doi.org/10.3390/cimb43030158,"This study investigated ethanol's effect on parthenogenetic activation and α-tocopherol's impact on bovine oocyte competence during in vitro maturation. 100 μM α-tocopherol, diluted in 0.05% ethanol, improved embryonic quality by reducing apoptosis and increasing SOD2 expression."
"Choline and methionine supplementation in layer hens fed flaxseed: effects on hen production performance, egg fatty acid composition, tocopherol content, and oxidative stability","M.H. Beheshti Moghadam, A.E. Aziza, G. Cherian",PMC8287215,Poultry Science,2021-05-29,https://doi.org/10.1016/j.psj.2021.101299,"This study investigated choline and methionine supplementation in layer hens fed flaxseed. Supplementation improved production performance, increased n-3 fatty acids and tocopherol, and reduced lipid oxidation."
Effect of retinol and α-tocopherol supplementation on photoreceptor and retinal ganglion cell apoptosis in diabetic rats model,"Andi Muhammad Ichsan, Agussalim Bukhari, Subehan Lallo, Upik Anderiani Miskad, Andi Afdal Dzuhry, It...",PMC9205037,International Journal of Retina and Vitreous,2022-06-17,https://doi.org/10.1186/s40942-022-00392-2,Retinol and α-tocopherol were supplemented to diabetic rats to study their effects on retinal cells. α-tocopherol showed the most promise in preventing photoreceptor and retinal ganglion cell apoptosis.
"The effect of finishing diet supplemented with methionine/lysine and methionine/ α -tocopherol on performance, carcass traits and meat quality of Hanwoo steers","Farouq Heidar Barido, Dicky Tri Utama, Hae Song Jong, Juntae Kim, Chang Woo Lee, Yeon Soo Park, Sung...",PMC6946993,Asian-Australasian Journal of Animal Sciences,2020-01-01,https://doi.org/10.5713/ajas.19.0209,"Diets supplemented with methionine/lysine or methionine/α-tocopherol were fed to Hanwoo steers. Methionine/lysine improved meat tenderness and water holding capacity, while methionine/α-tocopherol enhanced meat color, reduced oxidation, and increased tenderness."
Can Bioactive Compounds in Beetroot/Carrot Juice Have a Neuroprotective Effect? Morphological Studies of Neurons Immunoreactive to Calretinin of the Rat Hippocampus after Exposure to Cadmium,"Małgorzata Matysek, Edyta Kowalczuk-Vasilev, Radosław Szalak, Ewa Baranowska-Wójcik, Marcin B. Arcis...",PMC9498112,Foods,2022-09-10,https://doi.org/10.3390/foods11182794,"Cadmium exposure reduced calretinin-expressing neurons and nerve fibers in rat hippocampus. Beetroot/carrot juice attenuated these negative effects, suggesting neuroprotective potential."
Soybean Callus—A Potential Source of Tocopherols,"Liliana Mureșan, Doina Clapa, Teodor Rusu, Thomas T. Y. Wang, Jae B. Park",PMC8703269,Plants,2021-11-25,https://doi.org/10.3390/plants10122571,"Soybean callus was studied for tocopherol content and compared to conventionally grown soybeans. Soybean callus contains significantly higher levels of tocopherols than soybean seeds, and herbicides influence callus production and tocopherol content."
Effect of Processing and Storage on the Quality of Beetroot and Apple Mixed Juice,"Flavia Bianchi, Marina Pünsch, Elena Venir",PMC8150997,Foods,2021-05-11,https://doi.org/10.3390/foods10051052,"Beetroot and apple juice blends were studied for quality changes during processing and storage. Apple juice addition reduced antioxidant activity, while pasteurization and storage decreased betalains and color."
Degradation of Patulin in Pear Juice and Apple Juice by Ascorbic Acid and the Combination of Ascorbic Acid and Ferrous Iron,"Xiaoyan Wei, Mengyao Du, Sung-Yong Hong, Ae-Son Om",PMC9696537,PMC,2022-10-28,https://www.ncbi.nlm.nih.gov/pmc/articles/PMC9696537/,"Ascorbic acid and its combination with ferrous iron were tested for patulin degradation in pear and apple juices. Ascorbic acid alone degraded patulin effectively, with the combination showing even higher degradation rates."
Vitamin C: a misunderstood ally?,"Jiajia Ren, Xuting Jin, Ya Gao, Ruohan Li, Jiamei Li, Jingjing Zhang, Xiaochuang Wang, Gang Wang",PMC6947972,PMC,2020-01-07,https://www.ncbi.nlm.nih.gov/pmc/articles/PMC6947972/,
Resistance Exercise and Cardiovascular Disease in Diabetes Mellitus,Jin-Hwan Yoon,PMC9284569,Journal of Obesity & Metabolic Syndrome,2022-06-30,https://doi.org/10.7570/jomes22038,
Vitamin C in human health and disease,Seyed Ali Khonsary,PMC8088531,PMC,2021-01-01,https://www.ncbi.nlm.nih.gov/pmc/articles/PMC8088531/,
"Vitamin C, respiratory infections and the immune system",Harri Hemilä,PMC7129436,PMC,2003-09-22,https://www.ncbi.nlm.nih.gov/pmc/articles/PMC7129436/,
Determination of selenium species in beetroot juices,"Aleksandra Sentkowska, Krystyna Pyrzynska",PMC7298648,Heliyon,2020-06-13,https://doi.org/10.1016/j.heliyon.2020.e04194,Beetroot juices were analyzed for selenium species and antioxidant properties. Organic beetroot juice contained the highest selenomethionine and exhibited the strongest radical scavenging ability.
