title,authors,id,source,date,url,abstract
Does Vitamin C and E Supplementation Impair the Favorable Adaptations of Regular Exercise?,"Michalis G. Nikolaidis, Chad M. Kerksick, Manfred Lamprecht, Steven R. McAnulty",PMC3425865,Oxidative Medicine and Cellular Longevity,2012-01-01,https://doi.org/10.1155/2012/707941,This study investigated whether vitamin C and E supplementation interferes with exercise adaptations. High doses of these vitamins are not recommended for exercising individuals due to conflicting evidence on their efficacy and potential harm.
Antioxidants and Exercise Performance: With a Focus on Vitamin E and C Supplementation,"Madalyn Riley Higgins, Azimeh Izadi, Mojtaba Kaviani",PMC7697466,International Journal of Environmental Research and Public Health,2020-11-15,https://doi.org/10.3390/ijerph17228452,"This paper reviews antioxidant supplementation, specifically vitamins E and C, for exercise performance. Evidence suggests supplementation may hinder exercise adaptations and is generally not beneficial, except in specific circumstances."
Can supplementation with vitamin C and E alter physiological adaptations to strength training?,"Gøran Paulsen, Kristoffer T Cumming, Håvard Hamarsland, Elisabet Børsheim, Sveinung Berntsen, Truls ...",PMC4114441,"BMC Sports Science, Medicine and Rehabilitation",2014-01-01,https://doi.org/10.1186/2052-1847-6-28,High doses of vitamins C and E were tested for their effects on strength training adaptations in young and older men. Supplementation blunted adaptations in young men but showed potential benefits in older men.
Effects of vitamin C and E supplementation on endogenous antioxidant systems and heat shock proteins in response to endurance training,"Kristoffer T. Cumming, Truls Raastad, Geir Holden, Nasser E. Bastani, Damaris Schneeberger, Maria Pa...",PMC4254089,Physiological Reports,2014-10-01,https://doi.org/10.14814/phy2.12142,This study examined vitamin C and E supplementation's effects on antioxidant and heat shock protein systems during endurance training. Supplementation did not alter long-term training adaptations but increased acute exercise stress responses.
Vitamin C and E supplementation does not affect heat shock proteins or endogenous antioxidants in trained skeletal muscles during 12 weeks of strength training,"K. T. Cumming, T. Raastad, A. Sørstrøm, M. P. Paronetto, N. Mercatelli, I. Ugelstad, D. Caporossi, G...",PMC7050865,BMC nutrition,2017-08-17,https://doi.org/10.1186/s40795-017-0185-8,This study examined the impact of vitamin C and E supplementation on trained individuals undergoing strength training. The supplementation did not alter acute exercise stress responses or long-term adaptations in heat shock proteins or endogenous antioxidants.
Effect of high-dose vitamin C and E supplementation on muscle recovery and training adaptation: a mini review,Jooyoung Kim,PMC10440181,Physical Activity and Nutrition,2023-06-01,https://doi.org/10.20463/pan.2023.0012,"This review examined high-dose vitamin C and E supplementation's effects on exercise-induced muscle recovery and training adaptation. Evidence suggests potential negative impacts on adaptation, with unclear benefits for recovery."
Antioxidant supplements and endurance exercise: Current evidence and mechanistic insights,"Shaun A. Mason, Adam J. Trewin, Lewan Parker, Glenn D. Wadley",PMC7284926,PMC,2020-02-20,https://www.ncbi.nlm.nih.gov/pmc/articles/PMC7284926/,"This review examines antioxidant supplements for endurance athletes. Most supplements lack evidence for performance enhancement, with some potentially hindering training adaptations."
The Effects of Strength Training Combined with Vitamin C and E Supplementation on Skeletal Muscle Mass and Strength: A Systematic Review and Meta-Analysis,"Maurilio T. Dutra, Wagner Rodrigues Martins, Alexandre L. A. Ribeiro, Martim Bottaro",PMC6973181,Journal of Sports Medicine,2020-01-01,https://doi.org/10.1155/2020/3505209,This systematic review and meta-analysis examined studies on vitamin C and E supplementation combined with strength training. The findings suggest these supplements do not enhance muscle strength or mass and may even attenuate hypertrophy.
The effects of antioxidant vitamin supplementation on resistance exercise induced lipid peroxidation in trained and untrained participants,"Peter E Viitala, Ian J Newhouse, Norm LaVoie, Christine Gottardo",PMC479696,Lipids in Health and Disease,2004-01-01,https://doi.org/10.1186/1476-511X-3-14,"This study investigated the impact of vitamin E supplementation on exercise-induced lipid peroxidation in trained and untrained individuals. Vitamin E supplementation did not reduce oxidative damage, and training status did not affect lipid peroxidation levels post-exercise."
Controversies of antioxidant vitamins supplementation in exercise: ergogenic or ergolytic effects in humans?,"Cainara Lins Draeger, Andréia Naves, Natália Marques, Ana Beatriz Baptistella, Renata Alves Carnauba...",PMC3975949,Journal of the International Society of Sports Nutrition,2014-01-01,https://doi.org/10.1186/1550-2783-11-4,"This commentary reviews recent studies on antioxidant vitamin supplementation and exercise-induced oxidative stress. Findings are controversial, with supplementation showing ergogenic, ergolytic, or no effects on physiological parameters and antioxidant enzyme activity."
"Vitamin C and E Treatment Blunts Sprint Interval Training–Induced Changes in Inflammatory Mediator-, Calcium-, and Mitochondria-Related Signaling in Recreationally Active Elderly Humans","Victoria L. Wyckelsma, Tomas Venckunas, Marius Brazaitis, Stefano Gastaldello, Audrius Snieckus, Ner...",PMC7555371,Antioxidants,2020-09-17,https://doi.org/10.3390/antiox9090879,"Sprint interval training in elderly individuals was studied with and without antioxidant treatment. Antioxidants blunted training-induced cellular signaling changes in muscle, but did not affect performance outcomes."
Do Antioxidant Vitamins Prevent Exercise-Induced Muscle Damage? A Systematic Review,"María Martinez-Ferran, Fabian Sanchis-Gomar, Carl J. Lavie, Giuseppe Lippi, Helios Pareja-Galeano",PMC7278664,PMC,2020-04-29,https://www.ncbi.nlm.nih.gov/pmc/articles/PMC7278664/,This systematic review examined vitamin C and E supplementation's effects on exercise-induced muscle damage. The available data are not conclusive regarding whether these vitamins prevent muscle damage.
Vitamin C and E Supplementation Effects in Professional Soccer Players Under Regular Training,"Claudio C Zoppi, Rodrigo Hohl, Fernando C Silva, Fernanda L Lazarim, Joaquim MF Antunes Neto, Mirtes...",PMC2129167,Journal of the International Society of Sports Nutrition,2006-01-01,https://doi.org/10.1186/1550-2783-3-2-37,This study investigated vitamin C and E supplementation in professional soccer players during training. Supplementation reduced lipid peroxidation and muscle damage but did not improve performance.
Effects of Acute Vitamin C plus Vitamin E Supplementation on Exercise-Induced Muscle Damage in Runners: A Double-Blind Randomized Controlled Trial,"María Martínez-Ferrán, Víctor Cuadrado-Peñafiel, Juan Manuel Sánchez-Andreo, Marta Villar-Lucas, Món...",PMC9659095,Nutrients,2022-11-03,https://doi.org/10.3390/nu14214635,This study investigated if vitamin C and E supplementation reduces exercise-induced muscle damage in runners. The supplementation did not significantly improve muscle damage markers or performance compared to a placebo.
Supplementation with Vitamins C and E and Exercise-Induced Delayed-Onset Muscle Soreness: A Systematic Review,"María F. Torre, María Martinez-Ferran, Néstor Vallecillo, Sergio L. Jiménez, Carlos Romero-Morales, ...",PMC7918905,PMC,2021-02-12,https://www.ncbi.nlm.nih.gov/pmc/articles/PMC7918905/,This systematic review examined vitamin C and E supplementation's effect on exercise-induced muscle soreness. The evidence is insufficient to confirm these vitamins minimize delayed-onset muscle soreness.
"Dietary thiols in exercise: oxidative stress defence, exercise performance, and adaptation","Yanita McLeay, Stephen Stannard, Stuart Houltham, Carlene Starck",PMC5408473,PMC,2017-04-27,https://www.ncbi.nlm.nih.gov/pmc/articles/PMC5408473/,"This paper reviews dietary thiols, focusing on their role in exercise-induced oxidative stress defense and performance. It suggests that thiol donors, like keratin, may enhance antioxidant capacity and performance without negatively impacting training adaptations."
Vitamin C and glutathione supplementation: a review of their additive effects on exercise performance,"Eunjoo Lee, Hun-Young Park, Sung-Woo Kim, Jisu Kim, Kiwon Lim",PMC10636510,PMC,2023-09-01,https://www.ncbi.nlm.nih.gov/pmc/articles/PMC10636510/,This review examined vitamin C and glutathione supplementation's effects on exercise performance. Combined supplementation's additive effects are anticipated but remain largely unexplored and require further study.
Antioxidant Supplementation Hinders the Role of Exercise Training as a Natural Activator of SIRT1,"Carmine Sellitto, Graziamaria Corbi, Berenice Stefanelli, Valentina Manzo, Marta Trucillo, Bruno Cha...",PMC9146003,Nutrients,2022-05-17,https://doi.org/10.3390/nu14102092,"Exercise training increases SIRT1 levels, which boosts the body's antioxidant system. However, antioxidant supplements appear to interfere with this exercise-induced activation of SIRT1."
Differences in the Pro/Antioxidative Status and Cellular Stress Response in Elderly Women after 6 Weeks of Exercise Training Supported by 1000 mg of Vitamin C Supplementation,"Małgorzata Żychowska, Ewa Sadowska-Krępa, Elisabetta Damiani, Luca Tiano, Ewa Ziemann, Alicja Nowak-...",PMC9599586,Biomedicines,2022-10-20,https://doi.org/10.3390/biomedicines10102641,This study examined the effects of exercise training with vitamin C supplementation on antioxidant status and cellular stress response in elderly women. Vitamin C supplementation increased oxidative stress markers and influenced minor changes in gene expression related to training adaptation.
Prior exercise and antioxidant supplementation: effect on oxidative stress and muscle injury,"Richard J Bloomer, Michael J Falvo, Brian K Schilling, Webb A Smith",PMC2131751,Journal of the International Society of Sports Nutrition,2007-01-01,https://doi.org/10.1186/1550-2783-4-9,"This study investigated the effects of prior eccentric exercise and antioxidant supplementation on muscle injury and oxidative stress in resistance-trained men. Neither intervention, alone or combined, significantly reduced markers of muscle injury or oxidative stress."
Vitamin C and E Treatment Blocks Changes in Kynurenine Metabolism Triggered by Three Weeks of Sprint Interval Training in Recreationally Active Elderly Humans,"Victoria L. Wyckelsma, Ada Trepci, Lilly Schwieler, Tomas Venckunas, Marius Brazaitis, Sigitas Kaman...",PMC8465740,Antioxidants,2021-09-10,https://doi.org/10.3390/antiox10091443,Sprint interval training in elderly men altered kynurenine pathway metabolism towards neuroprotection. This beneficial shift was prevented by concurrent vitamin C and E supplementation.
A Vitamin E-Enriched Antioxidant Diet Interferes with the Acute Adaptation of the Liver to Physical Exercise in Mice,"Miriam Hoene, Martin Irmler, Johannes Beckers, Martin Hrabě de Angelis, Hans-Ulrich Häring, Cora Wei...",PMC5986427,Nutrients,2018-04-28,https://doi.org/10.3390/nu10050547,A study examined how a vitamin E-enriched diet affects the liver's response to exercise in mice. High vitamin E intake disrupted the liver's normal metabolic and inflammatory adaptations to physical activity.
"The Effect of Vitamins C and E Supplementation on Muscle Damage, Performance, and Body Composition in Athlete Women: A Clinical Trial","Maryam Taghiyar, Reza Ghiasvand, Gholamreza Askari, Awat Feizi, Mitra Hariri, Nafiseh Shokri Mashhad...",PMC3665021,International Journal of Preventive Medicine,2013-04-01,,"This clinical trial examined the effects of vitamin C and E supplementation on muscle damage, performance, and body composition in trained female athletes over four weeks. The study found no significant improvements in any of these parameters due to the supplementation."
The Effect of Vitamin C and E Supplementation on Muscle Damage and Oxidative Stress in Female Athletes: A Clinical Trial,"Maryam Taghiyar, Leila Darvishi, Gholamrez Askari, Awat Feizi, Mitra Hariri, Nafiseh Shokri Mashhadi...",PMC3665020,International Journal of Preventive Medicine,2013-04-01,,This study investigated vitamin C and E supplementation's effects on muscle damage and oxidative stress in female athletes. Results showed vitamin C and E supplementation reduced muscle damage and oxidative stress markers.
"Effects of vitamins C and E supplementation combined with 12-week resistance training in older women with sarcopenia: A randomized, double-blind, placebo-controlled trial","Xu Liu, Bo Chen, Yutian Jin, Feiyan Zhong, Yunjuan Zhang, Yu Li, Yun Zhang, Runhong Cui, Bing Wu, Cu...",PMC12384908,Medicine,2025-08-22,https://doi.org/10.1097/MD.0000000000043976,"This study investigated the effects of combined vitamin C, E, and resistance training in older women with sarcopenia. Supplementation with vitamins C and E enhanced muscle mass and strength gains compared to placebo."
Antioxidant Supplementation Impairs Changes in Body Composition Induced by Strength Training in Young Women,"MAURILIO T. DUTRA, SÁVIO ALEX, ALYSON F. SILVA, LEE E. BROWN, MARTIM BOTTARO",PMC6413849,International Journal of Exercise Science,2019-01-01,,This study examined the effects of strength training with antioxidant supplementation on body composition in young women. Antioxidant supplementation impaired strength training-induced gains in fat-free mass and reductions in fat mass.
Exercise Training and Vitamin C Supplementation Affects Ferritin mRNA in Leukocytes without Affecting Prooxidative/Antioxidative Balance in Elderly Women,"Małgorzata Żychowska, Agata Grzybkowska, Monika Wiech, Robert Urbański, Wanda Pilch, Anna Piotrowska...",PMC7554744,International Journal of Molecular Sciences,2020-09-05,https://doi.org/10.3390/ijms21186469,Exercise training with vitamin C supplementation decreased ferritin mRNA in elderly women's leukocytes. This intervention did not alter the prooxidative/antioxidative balance.
Potential harms of supplementation with high doses of antioxidants in athletes,"Shunchang Li, Babatunde Fasipe, Ismail Laher",PMC9241084,PMC,2022-06-11,https://www.ncbi.nlm.nih.gov/pmc/articles/PMC9241084/,This paper reviews the use of high-dose antioxidant supplements by athletes. It concludes that these supplements may hinder beneficial training adaptations and potentially cause harm.
"Supplementation with α-Lipoic Acid, CoQ10, and Vitamin E Augments Running Performance and Mitochondrial Function in Female Mice","Arkan Abadi, Justin D. Crane, Daniel Ogborn, Bart Hettinga, Mahmood Akhtar, Andrew Stokl, Lauren Mac...",PMC3614986,PLoS ONE,2013-01-01,https://doi.org/10.1371/journal.pone.0060722,"This study investigated the effects of an antioxidant cocktail on running performance and mitochondrial function in mice. The supplement improved performance and mitochondrial function in untrained female mice, but not in trained mice."
Antioxidants and Sports Performance,"Vicente Javier Clemente-Suárez, Álvaro Bustamante-Sanchez, Juan Mielgo-Ayuso, Ismael Martínez-Guarda...",PMC10220679,PMC,2023-05-18,https://www.ncbi.nlm.nih.gov/pmc/articles/PMC10220679/,"This review analyzes the role of reactive oxygen species (ROS) and antioxidant responses in sports performance and training adaptations. ROS production during exercise significantly impacts performance, and antioxidants can aid recovery and performance."
Influence of Vitamin C Supplementation on Oxidative Stress and Neutrophil Inflammatory Response in Acute and Regular Exercise,"Ljiljana M. Popovic, Nebojsa R. Mitic, Dijana Miric, Boban Bisevac, Mirjana Miric, Brankica Popovic",PMC4352897,Oxidative Medicine and Cellular Longevity,2015-01-01,https://doi.org/10.1155/2015/295497,This study investigated vitamin C's impact on oxidative stress and neutrophil inflammation from exercise. Vitamin C supplementation reduced exercise-induced lipid peroxidation but did not affect neutrophil inflammatory response.
Elevated hepcidin serum level in response to inflammatory and iron signals in exercising athletes is independent of moderate supplementation with vitamin C and E,"Víctor Díaz, Ana B Peinado, Laura Barba-Moreno, Sandro Altamura, Javier Butragueño, Marcela González...",PMC4562561,Physiological Reports,2015-08-01,https://doi.org/10.14814/phy2.12475,"This study investigated hepcidin levels in athletes after exercise. Hepcidin remained elevated despite vitamin C and E supplementation, indicating these vitamins do not alter the response to inflammatory and iron signals."
A Comparison of the Antioxidant Effects Between Hydrogen Gas Inhalation and Vitamin C Supplementation in Response to a 60-Min Treadmill Exercise in Rat Gastrocnemius Muscle,"Li Chaoqun, Zhao Yuqi, Zhou Shi, Yu Zhenghui, Wen Li",PMC8551389,Frontiers in Physiology,2021-10-14,https://doi.org/10.3389/fphys.2021.745194,"Hydrogen gas inhalation and vitamin C were compared for their antioxidant effects on rat gastrocnemius muscle after treadmill exercise. Hydrogen gas reduced oxidative stress without blunting mitochondrial biogenesis signals, unlike vitamin C."
"Vitamin C, A and E supplementation decreases the expression of  HSPA1A  and  HSPB1  genes in the leukocytes of young polish figure skaters during a 10-day training camp","Małgorzata Żychowska, Zbigniew Jastrzębski, Grzegorz Chruściński, Monika Michałowska–Sawczyn, Alicja...",PMC4342201,Journal of the International Society of Sports Nutrition,2015-02-11,https://doi.org/10.1186/s12970-015-0069-8,"This study examined the effect of vitamin A, C, and E supplementation on gene expression in young figure skaters during a training camp. Supplementation significantly decreased the expression of stress-related genes HSPA1A and HSPB1 in leukocytes."
Antioxidants and Skeletal Muscle Performance: “Common Knowledge” vs. Experimental Evidence,"Andrés Hernández, Arthur Cheng, Håkan Westerblad",PMC3298958,PMC,2012-03-12,https://www.ncbi.nlm.nih.gov/pmc/articles/PMC3298958/,This paper reviews experimental evidence on the effects of antioxidants on skeletal muscle performance. Findings suggest that common beliefs about antioxidant benefits may not be supported by scientific data and could potentially be harmful.
Effects of vitamin E supplementation on renal non-enzymatic antioxidants in young rats submitted to exhaustive exercise stress,"Sérvio A Bucioli, Luiz Carlos de Abreu, Vitor E Valenti, Claudio Leone, Helio Vannucchi",PMC3306763,BMC Complementary and Alternative Medicine,2011-01-01,https://doi.org/10.1186/1472-6882-11-133,This study investigated vitamin E's effects on renal antioxidants in young rats undergoing exhaustive exercise. Vitamin E supplementation significantly reduced oxidative stress markers and increased antioxidant levels in the kidneys.
"Resistance-based training improves mitochondrial capacity and redox balance in aging adults, independent of polyphenol supplementation","Mathias Flensted-Jensen, Cecilie Moe Weinreich, Ann-Sofie Kleis-Olsen, Filip Hansen, Nadia Stenner S...",PMC12808611,Redox Biology,2025-12-17,https://doi.org/10.1016/j.redox.2025.103972,Resistance training improved mitochondrial capacity and redox balance in older adults. Polyphenol supplementation did not enhance these adaptations and may have altered some vitamin responses.
Vitamin A Oral Supplementation Induces Oxidative Stress and Suppresses IL-10 and HSP70 in Skeletal Muscle of Trained Rats,"Lyvia Lintzmaier Petiz, Carolina Saibro Girardi, Rafael Calixto Bortolin, Alice Kunzler, Juciano Gas...",PMC5409692,Nutrients,2017-04-02,https://doi.org/10.3390/nu9040353,Vitamin A supplementation was studied in trained rats. It impaired exercise-induced antioxidant capacity and suppressed anti-inflammatory responses in skeletal muscle.
Vitamin C and E supplementation and high intensity interval training induced changes in lipid profile and haematological variables of young males,"Surojit Sarkar, Swapan Kr Dey, Gouriprosad Datta, Amit Bandyopadhyay",PMC10323915,Sports Medicine and Health Science,2023-04-03,https://doi.org/10.1016/j.smhs.2023.03.006,This study investigated the effects of vitamin C and E supplementation on high-intensity interval training (HIIT) in young males. Supplementation protected against negative hematological changes and improved lipid profiles and explosive strength without affecting endurance.
Exercise Training and Skeletal Muscle Antioxidant Enzymes: An Update,"Scott K. Powers, Erica Goldstein, Matthew Schrager, Li Li Ji",PMC9854578,PMC,2022-12-25,https://www.ncbi.nlm.nih.gov/pmc/articles/PMC9854578/,"This review summarizes how endurance, interval, and resistance exercise training increase skeletal muscle antioxidant enzymes. This upregulation protects against exercise-induced oxidative damage, potentially delaying fatigue and improving performance."
Can Low-Dose of Dietary Vitamin E Supplementation Reduce Exercise-Induced Muscle Damage and Oxidative Stress? A Meta-Analysis of Randomized Controlled Trials,"Myunghee Kim, Hyeyoon Eo, Josephine Gahyun Lim, Hyunjung Lim, Yunsook Lim",PMC9027756,Nutrients,2022-04-12,https://doi.org/10.3390/nu14081599,"This meta-analysis examined the effects of vitamin E supplementation on exercise-induced muscle damage. Low-dose vitamin E, especially under 500 IU, was found to reduce muscle damage, particularly in athletes."
The effect of an acute antioxidant supplementation compared with placebo on performance and hormonal response during a high volume resistance training session,"James Ackerman, Tom Clifford, Lars R McNaughton, David J Bentley",PMC4234291,Journal of the International Society of Sports Nutrition,2014-01-01,https://doi.org/10.1186/1550-2783-11-10,An antioxidant supplement was compared to a placebo before a high-volume resistance training session. The antioxidant group showed improved muscle performance and a blunted growth hormone response.
An Overview of Physical Exercise and Antioxidant Supplementation Influences on Skeletal Muscle Oxidative Stress,"Shima Taherkhani, Kosar Valaei, Hamid Arazi, Katsuhiko Suzuki",PMC8532825,PMC,2021-09-27,https://www.ncbi.nlm.nih.gov/pmc/articles/PMC8532825/,"This paper reviews how exercise and antioxidant supplements affect skeletal muscle oxidative stress. Findings are paradoxical due to varied study designs, necessitating further research."
Short-Term High-Dose Vitamin C and E Supplementation Attenuates Muscle Damage and Inflammatory Responses to Repeated Taekwondo Competitions: A Randomized Placebo-Controlled Trial,"Chun-Chung Chou, Yu-Chi Sung, Glen Davison, Chung-Yu Chen, Yi-Hung Liao",PMC6097262,International Journal of Medical Sciences,2018-01-01,https://doi.org/10.7150/ijms.26340,"This study investigated the effects of vitamin C and E supplementation on elite Taekwondo athletes. Supplementation attenuated muscle damage, hemolysis, and inflammatory responses to repeated competitions."
Effect of vitamin E (Tri E ® ) on antioxidant enzymes and DNA damage in rats following eight weeks exercise,"Noor Aini Abd Hamid, Mohd A Hasrul, Rusdiah J Ruzanna, Ibrahim A Ibrahim, Prasamit S Baruah, Musalma...",PMC3107782,Nutrition Journal,2011-01-01,https://doi.org/10.1186/1475-2891-10-37,"This study investigated the effects of vitamin E supplementation on antioxidant enzymes and DNA damage in rats undergoing exercise. Vitamin E supplementation reduced DNA damage in exercising rats, likely due to enhanced antioxidant defense."
"Antioxidants and Exercise: A Redox-Informed Framework for Training Adaptation, Performance, and Recovery",Dan Cristian Mănescu; Andrei Tudor; Andreea Maria Mănescu; Iulius Radulian Mărgărit; Cătălin Octavia...,PMC13113188,biomedrxiv,2026-04-07,https://doi.org/10.3390/antiox15040456,"Antioxidants can hinder training adaptations by blunting exercise-induced signals. However, certain food-derived antioxidants may aid recovery without impairing gains. A framework called Redox-Adaptive Periodization is proposed to optimize antioxidant use based on training goals."
Exhaustive exercise and vitamins C and E modulate thyroid hormone levels at low and high altitudes,"Fahaid Al-Hashem, Mahmoud Alkhateeb, Bahjat Al-Ani, Hussein Sakr, Mohammad Khalil",PMC4983714,EXCLI Journal,2012-08-20,,"Exhaustive exercise and vitamin C/E supplementation were studied in rats at low and high altitudes. The study found that exercise and antioxidants increased thyroid hormones, with reduced T4 to T3 conversion."
"Enhancing Supplemental Effects of Acute Natural Antioxidant Derived from Yeast Fermentation and Vitamin C on Sports Performance in Triathlon Athletes: A Randomized, Double-Blinded, Placebo-Controlled, Crossover Trial","Eunjoo Lee, Hun-Young Park, Sung-Woo Kim, Yerin Sun, Jae-Ho Choi, Jisoo Seo, Yanghoon Peter Jung, Ah...",PMC10421245,PMC,2023-07-26,https://www.ncbi.nlm.nih.gov/pmc/articles/PMC10421245/,"This study examined the effects of combined vitamin C and glutathione supplementation on middle-aged triathletes during exercise. The combination improved metabolic, skeletal muscle oxygenation, cardiac, and antioxidant functions compared to individual supplements or placebo."
Enhanced Antioxidative Defense by Vitamins C and E Consumption Prevents 7-Day High-Salt Diet-Induced Microvascular Endothelial Function Impairment in Young Healthy Individuals,"Lidija Barić, Ines Drenjančević, Martina Mihalj, Anita Matić, Marko Stupin, Luka Kolar, Zrinka Mihal...",PMC7141509,Journal of Clinical Medicine,2020-03-20,https://doi.org/10.3390/jcm9030843,This study investigated if vitamins C and E prevent high-salt diet-induced microvascular dysfunction in healthy individuals. The findings show these vitamins prevented the diet's negative effects on endothelial function by mitigating oxidative stress.
Exercise-Induced Oxidative Stress and the Effects of Antioxidant Intake from a Physiological Viewpoint,"Takuji Kawamura, Isao Muraoka",PMC6162669,PMC,2018-09-05,https://www.ncbi.nlm.nih.gov/pmc/articles/PMC6162669/,"This review examines exercise-induced oxidative stress and the impact of antioxidant intake in healthy individuals. It finds that while exercise increases reactive oxygen species, antioxidant supplementation's effects are extensively studied but complex."
Exercise-Induced Oxidative Stress and Dietary Antioxidants,"Abbas Yavari, Maryam Javadi, Parvin Mirmiran, Zahra Bahadoran",PMC4393546,PMC,2015-02-20,https://www.ncbi.nlm.nih.gov/pmc/articles/PMC4393546/,This review examined evidence on antioxidant supplementation and exercise-induced oxidative stress. A balanced diet rich in natural antioxidants is recommended over supplementation for athletes.
Creatine supplementation post-exercise does not enhance training-induced adaptations in middle to older aged males,"Matthew B. Cooke, Brian Brabham, Thomas W. Buford, Brian D. Shelmadine, Matthew McPheeters, Geoffrey...",PMC4019834,PMC,2014-03-16,https://www.ncbi.nlm.nih.gov/pmc/articles/PMC4019834/,This study investigated creatine supplementation post-exercise in older males undergoing resistance training. Creatine did not enhance training-induced gains in body composition or muscle strength compared to placebo.
Antioxidative properties of phenolic compounds and their effect on oxidative stress induced by severe physical exercise,"Joanna Kruk, Basil Hassan Aboul-Enein, Ewa Duchnik, Mariola Marchlewicz",PMC10717775,PMC,2022-08-05,https://www.ncbi.nlm.nih.gov/pmc/articles/PMC10717775/,"This paper reviews phenolic compounds' antioxidant properties and their impact on exercise-induced oxidative stress. Phenolic compounds can reduce exercise-induced oxidative stress and inflammation, but their effect on physical performance is inconsistent."
Vitamin D 3  supplementation does not enhance the effects of resistance training in older adults,"Knut Sindre Mølmen, Daniel Hammarström, Karianne Pedersen, Anne Cecilie Lian Lie, Ragnvald B. Steile...",PMC8200443,"Journal of Cachexia, Sarcopenia and Muscle",2021-03-31,https://doi.org/10.1002/jcsm.12688,"This study investigated the effects of vitamin D3 supplementation on resistance training outcomes in older adults. Vitamin D3 supplementation did not enhance improvements in muscle strength, mass, or endurance compared to placebo."
Oligomerized lychee fruit extract (OLFE) and a mixture of vitamin C and vitamin E for endurance capacity in a double blind randomized controlled trial,"Seung Wan Kang, Seokyung Hahn, Jung-Kyu Kim, Seung-Min Yang, Byung-Joo Park, Sang Chul Lee",PMC3303472,PMC,2012-03-01,https://www.ncbi.nlm.nih.gov/pmc/articles/PMC3303472/,"Oligomerized lychee fruit extract (OLFE) and a vitamin C/E mixture were tested for endurance effects in exercising males. OLFE significantly improved running time and anaerobic threshold, while the vitamin mixture unexpectedly reduced VO2 max."
Elastic resistance training is more effective than vitamin D3 supplementation in reducing oxidative stress and strengthen antioxidant enzymes in healthy men,"Fardin Kalvandi, Mohammad Ali Azarbayjani, Ronak Azizbeigi, Kamal Azizbeigi",PMC8431951,European Journal of Clinical Nutrition,2021-09-10,https://doi.org/10.1038/s41430-021-01000-6,Elastic resistance training was studied with and without vitamin D3 supplementation in healthy men. Elastic resistance training alone was more effective than with vitamin D3 supplementation for reducing oxidative stress and strengthening antioxidant enzymes.
Exercise performance and physiological responses: the potential role of redox imbalance,"Kavey Vidal, Nathaniel Robinson, Stephen J. Ives",PMC5392515,PMC,2017-03-31,https://www.ncbi.nlm.nih.gov/pmc/articles/PMC5392515/,"This study investigated the effects of hyperoxia and an antioxidant cocktail on cycling performance and physiological responses. Ingesting an antioxidant cocktail impaired performance, ventilation, and economy, suggesting a disruption of redox balance."
"Training Enhances Immune Cells Mitochondrial Biosynthesis, Fission, Fusion, and Their Antioxidant Capabilities Synergistically with Dietary Docosahexaenoic Supplementation","Carla Busquets-Cortés, Xavier Capó, Miquel Martorell, Josep A. Tur, Antoni Sureda, Antoni Pons",PMC5028859,Oxidative Medicine and Cellular Longevity,2016-01-01,https://doi.org/10.1155/2016/8950384,Training and DHA supplementation increased mitochondrial proteins and activity in immune cells. This combined intervention enhanced mitochondrial function more than training alone.
Effect of vitamin E succinate on inflammatory cytokines induced by high-intensity interval training,"Hadi Sarir, Ghodsieh Emdadifard, Homayoun Farhangfar, Hossein TaheriChadorneshin",PMC4766825,Journal of Research in Medical Sciences : The Official Journal of Isfahan University of Medical Sciences,2015-12-01,https://doi.org/10.4103/1735-1995.172986,This study investigated vitamin E succinate's effect on inflammatory cytokines after high-intensity interval training in rats. Vitamin E succinate supplementation reduced HIIT-induced increases in IL-6 and TNF-α.
Use of Saliva Biomarkers to Monitor Efficacy of Vitamin C in Exercise-Induced Oxidative Stress,"Levi W. Evans, Stanley T. Omaye",PMC5384169,PMC,2017-01-12,https://www.ncbi.nlm.nih.gov/pmc/articles/PMC5384169/,This review examines the use of saliva biomarkers to monitor vitamin C's efficacy against exercise-induced oxidative stress. Saliva shows promise as a non-invasive biospecimen for reflecting systemic oxidative stress and antioxidant status.
Reactive oxygen species in exercise and insulin resistance: Working towards personalized antioxidant treatment,"Kathryn McKeegan, Shaun A. Mason, Adam J. Trewin, Michelle A. Keske, Glenn D. Wadley, Paul A. Della ...",PMC8167146,PMC,2021-05-18,https://www.ncbi.nlm.nih.gov/pmc/articles/PMC8167146/,"This review examines human research on antioxidant treatment for insulin resistance and glycemic control. Personalized antioxidant strategies are needed, considering context, individual deficiencies, and antioxidant properties, to improve effectiveness."
"Oxidative Stress, Mitochondrial Function and Adaptation to Exercise: New Perspectives in Nutrition","Nancy Vargas-Mendoza, Marcelo Angeles-Valencia, Ángel Morales-González, Eduardo Osiris Madrigal-Sant...",PMC8624755,PMC,2021-11-22,https://www.ncbi.nlm.nih.gov/pmc/articles/PMC8624755/,"This paper reviews how mitochondria adapt to exercise-induced energy demands and oxidative stress. It explores whether nutrients, particularly antioxidants, might interfere with this adaptation or exercise performance."
Combination of vitamin E and vitamin C alleviates renal function in hyperoxaluric rats via antioxidant activity,"Orapun JATURAKAN, Thasinas DISSAYABUTRA, Narongsak CHAIYABUTR, Anusak KIJTAWORNRAT, Piyaratana TOSUK...",PMC5447979,The Journal of Veterinary Medical Science,2017-04-08,https://doi.org/10.1292/jvms.17-0083,This study investigated the effects of vitamin E and C on hyperoxaluric rats. Combined vitamin E and C supplementation protected against oxalate-induced kidney damage by reducing oxidative stress.
"Oxidants, Antioxidants, and the Beneficial Roles of Exercise-Induced Production of Reactive Species","Elisa Couto Gomes, Albená Nunes Silva, Marta Rubino de Oliveira",PMC3372226,PMC,2012-01-01,https://www.ncbi.nlm.nih.gov/pmc/articles/PMC3372226/,This review examines reactive species produced during exercise and their impact on adaptation. Exercise-induced reactive species promote beneficial adaptations like angiogenesis and muscle growth.
(–)-Epicatechin Supplementation Inhibits Aerobic Adaptations to Cycling Exercise in Humans,"Neil A. Schwarz, Zachary J. Blahnik, Srihari Prahadeeswaran, Sarah K. McKinley-Barnard, Shelley L. H...",PMC6308990,PMC,2018-12-21,https://www.ncbi.nlm.nih.gov/pmc/articles/PMC6308990/,"This study investigated if (–)-epicatechin supplementation enhances cycling training adaptations. The findings indicate that (–)-epicatechin supplementation inhibits aerobic adaptations, specifically peak VO2 and succinate dehydrogenase content, compared to a placebo."
"Exercise, oxidants, and antioxidants change the shape of the bell-shaped hormesis curve","Zsolt Radak, Kazunari Ishihara, Eva Tekus, Csaba Varga, Aniko Posa, Laszlo Balogh, Istvan Boldogh, E...",PMC5345970,PMC,2017-03-03,https://www.ncbi.nlm.nih.gov/pmc/articles/PMC5345970/,"This paper examines how exercise and antioxidant treatments affect the relationship between ROS and physiological function. It concludes that antioxidant timing relative to exercise intensity dictates whether function is attenuated or enhanced, and that fitness influences this response."
The effect of green tea extract supplementation on exercise-induced oxidative stress parameters in male sprinters,"Ewa Jówko, Barbara Długołęcka, Beata Makaruk, Igor Cieśliński",PMC4500852,PMC,2014-08-14,https://www.ncbi.nlm.nih.gov/pmc/articles/PMC4500852/,This study investigated the effects of green tea extract on oxidative stress markers in male sprinters. Green tea extract supplementation reduced exercise-induced oxidative stress without negatively impacting sprint performance or antioxidant enzyme adaptation.
Antioxidant Effects and Insulin Resistance Improvement of Chromium Combined with Vitamin C and E Supplementation for Type 2 Diabetes Mellitus,Ming-Hoang Lai,PMC2581761,Journal of Clinical Biochemistry and Nutrition,2008-11-01,https://doi.org/10.3164/jcbn.2008064,"This study investigated the effects of chromium, vitamin C, and E supplementation on type 2 diabetes patients. Combined supplementation significantly reduced oxidative stress and improved glucose metabolism."
Effect of Antioxidant Supplementation on Markers of Oxidative Stress and Muscle Damage after Strength Exercise: A Systematic Review,"Cristina Canals-Garzón, Rafael Guisado-Barrilao, Darío Martínez-García, Ignacio Jesús Chirosa-Ríos, ...",PMC8835002,PMC,2022-02-05,https://www.ncbi.nlm.nih.gov/pmc/articles/PMC8835002/,"This systematic review examined antioxidant supplementation's effects on oxidative stress and muscle damage after strength exercise. Antioxidants like pomegranate juice and taurine showed beneficial effects, potentially reducing fatigue and speeding recovery."
Polyphenol Supplementation and Antioxidant Status in Athletes: A Narrative Review,"Aleksandra Bojarczuk, Magdalena Dzitkowska-Zabielska",PMC9823453,PMC,2022-12-29,https://www.ncbi.nlm.nih.gov/pmc/articles/PMC9823453/,"This review examined polyphenol supplementation's effects on athletes' antioxidant status and exercise performance. The available evidence does not conclusively support widespread polyphenol supplementation for athletes, indicating a need for further research."
Polyphenol Supplementation: Benefits for Exercise Performance or Oxidative Stress?,Kathryn H. Myburgh,PMC4008802,"Sports Medicine (Auckland, N.z.)",2014-05-03,https://doi.org/10.1007/s40279-014-0151-4,This review examines polyphenol supplementation's effects on exercise performance and oxidative stress. Current evidence is insufficient to recommend polyphenol use for athletes due to study limitations.
Antioxidant Supplementation Modulates Neutrophil Inflammatory Response to Exercise-Induced Stress,"Lucrecia Carrera-Quintanar, Lorena Funes, María Herranz-López, Pascual Martínez-Peinado, Sandra Pasc...",PMC7762299,Antioxidants,2020-12-07,https://doi.org/10.3390/antiox9121242,"This study investigated the inflammatory response to exercise and the effect of antioxidant supplements. Antioxidant supplementation appeared to alter neutrophil inflammatory marker release, potentially influencing post-exercise recovery."
Impact of pre‐exercise feeding status on metabolic adaptations to endurance‐type exercise training,"Robert M. Edinburgh, Francoise Koumanov, Javier T. Gonzalez",PMC11497303,PMC,2021-01-27,https://www.ncbi.nlm.nih.gov/pmc/articles/PMC11497303/,This study investigated how pre-exercise feeding status affects metabolic adaptations to endurance training. Performing exercise in a fasted state may enhance certain metabolic adaptations compared to exercising after nutrient ingestion.
Effects of ascorbic acid supplementation on oxidative stress markers in healthy women following a single bout of exercise,"Manita Yimcharoen, Suwatsin Kittikunnathum, Chawannut Suknikorn, Wichuda Nak-on, Petcharee Yeethong,...",PMC6341721,PMC,2019-01-21,https://www.ncbi.nlm.nih.gov/pmc/articles/PMC6341721/,This study investigated ascorbic acid's effects on oxidative stress markers in women after exercise. Ascorbic acid improved antioxidant capacity but did not prevent exercise-induced muscle damage.
Vitamin E Supplementation and Mitochondria in Experimental and Functional Hyperthyroidism: A Mini-Review,"Gaetana Napolitano, Gianluca Fasciolo, Sergio Di Meo, Paola Venditti",PMC6950234,Nutrients,2019-12-01,https://doi.org/10.3390/nu11122900,"This mini-review examines vitamin E's role in protecting mitochondria from oxidative damage in hyperthyroidism. Vitamin E supplementation limits hyperthyroidism-induced mitochondrial ROS and oxidative damage, preserving cell function."
Can vitamin C supplementation reverse the effects of exercise training in polluted air on oxidative stress markers? A randomized controlled trial,"Amin Eatemadyboroujeni, Mehdi Kargarfard, Hojatollah Alaei",PMC8519622,ARYA Atherosclerosis,2021-01-01,https://doi.org/10.22122/arya.v17i0.2101,"This study investigated the effects of exercise, polluted air, and vitamin C on oxidative stress markers in rats. Vitamin C supplementation did not significantly reverse the increased oxidative stress caused by exercise in polluted air."
Effect of Vitamins C and E Co-Supplementation on Serum C-Reactive Protein Level: A Systematic Review and Meta-Analysis of Randomized Controlled Trials,"Faezeh Fouladvand, Ebrahim Falahi, Omid Asbaghi, Amir Abbasnezhad",PMC7143019,PMC,2020-03-31,https://www.ncbi.nlm.nih.gov/pmc/articles/PMC7143019/,"This systematic review and meta-analysis examined vitamin C and E co-supplementation's effect on C-reactive protein. Co-supplementation did not significantly impact CRP overall, but reduced it in those aged 30 and over."
The Effects of Antioxidant Supplementation on Soccer Performance and Recovery: A Critical Review of the Available Evidence,"Athanasios Poulios, Konstantinos Papanikolaou, Dimitrios Draganidis, Panagiotis Tsimeas, Athanasios ...",PMC11597853,PMC,2024-11-06,https://www.ncbi.nlm.nih.gov/pmc/articles/PMC11597853/,"This review examined antioxidant supplements' effects on soccer performance and recovery. Several antioxidants were found to reduce muscle damage, inflammation, and oxidative stress, with some potentially enhancing performance."
Cashew apple juice supplementation enhanced fat utilization during high-intensity exercise in trained and untrained men,"Piyapong Prasertsri, Thapanee Roengrit, Yupaporn Kanpetta, Terdthai Tong-un, Supaporn Muchimapura, J...",PMC3610290,Journal of the International Society of Sports Nutrition,2013-01-01,https://doi.org/10.1186/1550-2783-10-13,Cashew apple juice supplementation was studied for its effect on substrate utilization during high-intensity exercise. CAJ supplementation increased fat oxidation and decreased carbohydrate oxidation during exercise in both trained and untrained men.
Systematic review and meta-analysis of antioxidants with or without exercise training improving muscle condition in older adults,"Yijie Wang, Ziping He, Chunye Long, Yue Li, Yuzhe Yuan, Tianlong Huang",PMC12491480,PMC,2025-10-02,https://www.ncbi.nlm.nih.gov/pmc/articles/PMC12491480/,This systematic review and meta-analysis examined the effects of antioxidants and exercise on muscle condition in older adults. Combining antioxidants with exercise yielded greater improvements in muscle strength and physical function than either intervention alone.
The effect of combined resistance exercise training and vitamin D 3  supplementation on musculoskeletal health and function in older adults: a systematic review and meta-analysis,"Anneka Elizabeth Antoniak, Carolyn A Greig",PMC5541589,BMJ Open,2017-01-01,https://doi.org/10.1136/bmjopen-2016-014619,This systematic review evaluated combined resistance exercise and vitamin D supplementation in older adults. The combination significantly improved lower limb muscle strength compared to exercise alone.
Vitamin D Supplementation Does Not Enhance Gains in Muscle Strength and Lean Body Mass or Influence Cardiorespiratory Fitness in Vitamin D-Insufficient Middle-Aged Men Engaged in Resistance Training,"Lauri Savolainen, Saima Timpmann, Martin Mooses, Evelin Mäestu, Luule Medijainen, Märt Lellsaar, Kri...",PMC11478703,Nutrients,2024-10-02,https://doi.org/10.3390/nu16193356,"This study investigated vitamin D supplementation's effect on resistance training outcomes in vitamin D-insufficient men. Vitamin D supplementation did not enhance muscle strength, lean body mass, or cardiorespiratory fitness gains."
Aerobic Exercise Training Adaptations Are Increased by Postexercise Carbohydrate-Protein Supplementation,"Lisa Ferguson-Stegall, Erin McCleave, Zhenping Ding, Phillip G. Doerner III, Yang Liu, Bei Wang, Mar...",PMC3136187,Journal of Nutrition and Metabolism,2011-01-01,https://doi.org/10.1155/2011/623182,"This study investigated the effects of post-exercise chocolate milk, carbohydrate, or placebo supplementation on aerobic training adaptations. Chocolate milk supplementation led to greater improvements in aerobic capacity and body composition compared to carbohydrate or placebo."
Effects of Vitamin E and Coenzyme Q 10  Supplementation on Oxidative Stress Parameters in Untrained Leisure Horses Subjected to Acute Moderate Exercise,"Alenka Nemec Svete, Tomaž Vovk, Mojca Bohar Topolovec, Peter Kruljc",PMC8227526,PMC,2021-06-03,https://www.ncbi.nlm.nih.gov/pmc/articles/PMC8227526/,"This study investigated vitamin E and CoQ10 supplementation in untrained horses undergoing exercise. Vitamin E, alone or combined with CoQ10, prevented exercise-induced lipid peroxidation."
"Synergistic Effects of Exercise Training and Vitamin D Supplementation on Mitochondrial Function of Cardiac Tissue, Antioxidant Capacity, and Tumor Growth in Breast Cancer in Bearing-4T1 Mice","Ali Jafari, Dariush Sheikholeslami-Vatani, Farnoosh Khosrobakhsh, Neda Khaledi",PMC8076802,Frontiers in Physiology,2021-04-13,https://doi.org/10.3389/fphys.2021.640237,"This study examined the effects of exercise and vitamin D on breast cancer mice. Combining exercise and vitamin D inhibited tumor growth, improved antioxidant capacity, and positively modulated cardiac gene expression."
Effect of Antioxidant Supplementation on Exercise-Induced Cardiac Troponin Release in Cyclists: A Randomized Trial,"Lieke J. J. Klinkenberg, Peter T. Res, Guido R. Haenen, Aalt Bast, Luc J. C. van Loon, Marja P. van ...",PMC3834092,PLoS ONE,2013-01-01,https://doi.org/10.1371/journal.pone.0079280,"This study investigated the impact of astaxanthin supplementation on exercise-induced cardiac troponin release in cyclists. Astaxanthin supplementation did not reduce cardiac troponin release after prolonged cycling, nor did it improve antioxidant capacity or markers of muscle damage."
"Combined effect of antioxidant supplementation and resistance training on oxidative stress markers, muscle and body composition in an elderly population",F. Bobeuf; M. Labonte; I.J. Dionne; Abdelouahed Khalil,PMC12878122,"The Journal of Nutrition, Health & Aging",2011-07-04,https://doi.org/10.1007/s12603-011-0097-2,"This study was aimed to examine the effect of vitamin C/E intake alone or combined with resistance training on antioxidant/pro-oxidant status, muscle strength and body composition in an elderly popula"
Supplementation with a Multi-ingredient Pre-workout Supplement does not Augment Resistance Training Adaptations in Females,"ANNA NELSON, CLAYTON L. CAMIC, CARL FOSTER, BROOKE ZAJAC, KAELA HOECHERL, JACOB ERICKSON, ANDREW R. ...",PMC6355134,International Journal of Exercise Science,2019-01-01,,This study examined the effects of a multi-ingredient pre-workout supplement on female resistance training adaptations. The supplement did not enhance body composition or strength gains compared to a placebo.
The effect of short-term vitamin D on the antioxidant capacity following exhaustive aerobic exercise,"Vahid Parvizi Mastali, Rastegar Hoseini, Mohammad Azizi",PMC10398448,PMC,2023-03-01,https://www.ncbi.nlm.nih.gov/pmc/articles/PMC10398448/,"This study examined the impact of short-term vitamin D supplementation on antioxidant capacity in inactive men after exhaustive aerobic exercise. Six weeks of vitamin D supplementation significantly enhanced antioxidant enzyme activity and vitamin D levels, suggesting a protective effect against exercise-induced oxidative stress."
International Society of Sports Nutrition position stand: effects of dietary antioxidants on exercise and sports performance,Drew E. Gonzalez; Broderick L. Dickerson; Brandon M. Roberts; Jennifer A. Kurtz; Hunter S. Waldman; ...,PMC12915426,Journal of the International Society of Sports Nutrition,2026-02-17,https://doi.org/10.1080/15502783.2026.2629828,"Following a comprehensive review, the International Society of Sports Nutrition (ISSN) has developed an official position on the role of dietary antioxidants in exercise and sport. Antioxidants play a"
"Effect of exercise training on saliva brain derived neurotrophic factor, catalase and vitamin c","Parvin Babaei, Arsalan Damirchi, Bahram Soltani Tehrani, Yazgaldi Nazari, Reyhaneh Sariri, Rastegar ...",PMC5419233,Medical Journal of the Islamic Republic of Iran,2016-01-01,,"This study examined salivary antioxidants and BDNF in sedentary men after exhaustive exercise. Acute exercise reduced catalase, vitamin C, and BDNF, with BDNF showing a prolonged decrease."
Astaxanthin supplementation enhances metabolic adaptation with aerobic training in the elderly,"Sophia Z. Liu, Ana P. Valencia, Matt P. VanDoren, Eric G. Shankland, Baback Roshanravan, Kevin E. Co...",PMC8191397,Physiological Reports,2021-06-10,https://doi.org/10.14814/phy2.14887,"Astaxanthin supplementation was studied alongside aerobic training in elderly adults to assess its impact on metabolic adaptation. The study found astaxanthin enhanced specific muscle endurance and fat oxidation, particularly in males."
"Vitamin 25(OH)D 3 , E, and C Supplementation Impact the Inflammatory and Antioxidant Responses in Piglets Fed a Deoxynivalenol-Contaminated Diet and Challenged with Lipopolysaccharides","Béatrice Sauvé, Younes Chorfi, Marie-Pierre Létourneau-Montminy, Frédéric Guay",PMC11281576,Toxins,2024-06-28,https://doi.org/10.3390/toxins16070297,"This study investigated the effects of vitamin 25(OH)D₃, E, and C supplementation on piglets fed a deoxynivalenol-contaminated diet and challenged with lipopolysaccharides. Vitamins E and C, or all three vitamins, protected against deoxynivalenol by reducing oxidative stress and inflammation."
"Effects of vitamin D 3  supplementation on oxidative stress and antioxidant enzyme after strenuous endurance exercise in healthy young men: a double-blind, placebo-controlled trial","Cheng-Tse Yang, Pei-Wei Weng, Li-Hui Chien, Sunil Kumar, Ming-Ta Yang",PMC11694191,PMC,2024-07-31,https://www.ncbi.nlm.nih.gov/pmc/articles/PMC11694191/,This study investigated vitamin D3 supplementation's effects on oxidative stress after endurance exercise. Vitamin D3 supplementation mitigated exercise-induced oxidative stress markers in healthy young men.
Acute exercise and oxidative stress: a 30 year history,"Kelsey Fisher-Wellman, Richard J Bloomer",PMC2642810,PMC,2009-01-01,https://www.ncbi.nlm.nih.gov/pmc/articles/PMC2642810/,"Acute exercise can induce oxidative stress, with its extent influenced by exercise and subject factors. This stress, however, appears to be a necessary stimulus for enhancing endogenous antioxidant defenses."
"Effect of Vitamins A, C, and E Supplementation in the Treatment of Metabolic Syndrome in Albino Rats","L. S. Bilbis, S. A. Muhammad, Y. Saidu, Y. Adamu",PMC3431076,Biochemistry Research International,2012-01-01,https://doi.org/10.1155/2012/678582,"This study examined the effects of vitamins A, C, and E on metabolic syndrome in rats fed a high-salt diet. Vitamin supplementation significantly reduced blood pressure, improved lipid profiles, and increased antioxidant status, suggesting a protective role."
Modification of the Effect of Vitamin E Supplementation on the Mortality of Male Smokers by Age and Dietary Vitamin C,"Harri Hemilä, Jaakko Kaprio",PMC2661323,American Journal of Epidemiology,2009-04-15,https://doi.org/10.1093/aje/kwn413,"Vitamin E supplementation's effect on mortality in male smokers was examined. Its impact varied significantly by age and dietary vitamin C intake, suggesting heterogeneous effects in different population subgroups."
The effects of physical training on antioxidative status under exercise-induced oxidative stress,"Eun-Young Choi, Youn-Ok Cho",PMC2882571,PMC,2007-01-01,https://www.ncbi.nlm.nih.gov/pmc/articles/PMC2882571/,"Physical training's effects on antioxidant status and lipid profiles under exercise-induced oxidative stress were studied in rats. Moderate training enhances antioxidant defenses and reduces the atherosclerotic index, especially during and after exercise."
Astaxanthin Supplementation as a Potential Strategy for Enhancing Mitochondrial Adaptations in the Endurance Athlete: An Invited Review,Hunter Waldman,PMC11175114,PMC,2024-06-03,https://www.ncbi.nlm.nih.gov/pmc/articles/PMC11175114/,"This review examines astaxanthin's potential to enhance mitochondrial adaptations in endurance athletes. Findings suggest astaxanthin may improve performance, recovery, and antioxidant capacity when combined with training."
Role of creatine supplementation on exercise-induced cardiovascular function and oxidative stress,"Michael IC Kingsley, Daniel Cunningham, Laura Mason, Liam P Kilduff, Jane McEneny",PMC2763263,PMC,2009-01-01,https://www.ncbi.nlm.nih.gov/pmc/articles/PMC2763263/,This study investigated creatine supplementation's effects on oxidative stress markers after exhaustive cycling. Creatine supplementation did not improve antioxidant defenses or reduce exercise-induced lipid peroxidation in healthy males.
Targeted Antioxidants in Exercise-Induced Mitochondrial Oxidative Stress: Emphasis on DNA Damage,"Josh Williamson, Gareth Davison",PMC7698504,PMC,2020-11-17,https://www.ncbi.nlm.nih.gov/pmc/articles/PMC7698504/,"This review examines mitochondria-targeted antioxidants and their potential to mitigate exercise-induced mitochondrial oxidative stress, particularly DNA damage. Targeted antioxidants offer a promising approach to address this damage, unlike non-selective antioxidants."
The Effect of Antioxidant Supplementation on Fatigue during Exercise: Potential Role for NAD + (H),"John Mach, Adrian W. Midgley, Steve Dank, Ross S. Grant, David J. Bentley",PMC3257644,PMC,2010-03-10,https://www.ncbi.nlm.nih.gov/pmc/articles/PMC3257644/,"This study investigated the impact of antioxidant supplementation on exercise fatigue and NAD+ levels. Antioxidant supplementation increased exercise time to fatigue and serum NAD+ levels, suggesting reduced oxidative stress improved aerobic respiration."
Skeletal Muscle Redox Signaling in Health and Disease: From Molecular Mechanisms to Therapeutic Exercise Strategies,Hyeong Rok Yun; Manish Kumar Singh; Sunhee Han; Jyotsna S. Ranbhise; Hanjoon Seo; Sung Soo Kim; Insu...,PMC13295415,PMC,2026-05-28,https://www.ncbi.nlm.nih.gov/pmc/articles/PMC13295415/,Skeletal muscle plasticity is modulated by a delicate equilibrium between reactive oxygen species (ROS)-mediated signaling and oxidative distress. Although excessive oxidant accumulation impairs excit
Vitamin C and E antioxidant supplementation may significantly reduce pain symptoms in endometriosis: A systematic review and meta-analysis of randomized controlled trials,"Patrick Bayu *, Jacobus Jeno Wibisono",PMC11142610,PLOS ONE,2024-05-31,https://doi.org/10.1371/journal.pone.0301867,"This systematic review and meta-analysis examined the efficacy of vitamin C and E supplementation for endometriosis pain. The findings suggest that this antioxidant combination significantly reduces chronic pelvic pain, dysmenorrhea, and dyspareunia compared to placebo."
Endogenous and Exogenous Antioxidants in Skeletal Muscle Fatigue Development during Exercise,"Elżbieta Supruniuk, Jan Górski, Adrian Chabowski",PMC9952836,PMC,2023-02-16,https://www.ncbi.nlm.nih.gov/pmc/articles/PMC9952836/,This paper reviews the dual role of reactive oxygen and nitrogen species in skeletal muscle fatigue during exercise. It concludes that both exercise-induced and antioxidant-supplemented ROS/RNS levels can impact muscle function by influencing signaling pathways and redox balance.
Radioiodine-induced oxidative stress in patients with differentiated thyroid carcinoma and effect of supplementation with vitamins C and E and selenium (antioxidants),"Pedro Weslley Rosário, Kelly Cristina Siqueira Batista, Maria Regina Calsolari",PMC10118725,Archives of Endocrinology and Metabolism,2016-02-11,https://doi.org/10.1590/2359-3997000000128,Radioiodine therapy for thyroid cancer was studied for its oxidative stress effects. Antioxidant supplementation significantly reduced this stress.
Vitamin C‐Dependent Intergenerational Inheritance of Enhanced Endurance Performance Following Maternal Exercise,"Haiwang Shi, Jie Li, Fan Li, Haoyang Yu, Fulong Zhang, Tao Wu, Luodan Yang, Yuecheng Li, Rui Hu, Men...",PMC11967756,Advanced Science,2025-02-08,https://doi.org/10.1002/advs.202408912,"Maternal exercise enhances offspring endurance through muscle and mitochondrial changes, with benefits inherited across generations. This effect is mediated by vitamin C's role in regulating DNA methylation via the TET2-SVCT2 pathway."
"The Effect of Combined Vitamin C and Vitamin E Supplementation on Oxidative Stress Markers in Women with Endometriosis: A Randomized, Triple-Blind Placebo-Controlled Clinical Trial","Leila Amini, Razieh Chekini, Mohammad Reza Nateghi, Hamid Haghani, Tannaz Jamialahmadi, Thozhukat Sa...",PMC8172324,Pain Research & Management,2021-01-01,https://doi.org/10.1155/2021/5529741,This study investigated the effects of combined vitamin C and E supplementation on oxidative stress and pain in women with endometriosis. The supplementation significantly reduced oxidative stress markers and pelvic pain symptoms.
"Does quercetin and vitamin C improve exercise performance, muscle damage, and body composition in male athletes?","Gholamreza Askari, Reza Ghiasvand, Jahangir Karimian, Awat Feizi, Zamzam Paknahad, Gholamreza Sharif...",PMC3526124,Journal of Research in Medical Sciences : The Official Journal of Isfahan University of Medical Sciences,2012-04-01,,"This study investigated the effects of quercetin and vitamin C supplementation on male athletes' exercise performance, muscle damage, and body composition. The supplementation did not improve exercise performance but reduced muscle damage and body fat percentage."
Oxidant Antioxidants and Adaptive Responses to Exercise,"Paola Venditti, Mari Carmen Gomez-Cabrera, Yong Zhang, Zsolt Radak",PMC4388022,PMC,2015-01-01,https://www.ncbi.nlm.nih.gov/pmc/articles/PMC4388022/,
Potential Vitamin E Signaling Mediators in Skeletal Muscle,"Elisabetta Meacci, Antony Chirco, Mercedes Garcia-Gil",PMC11591548,PMC,2024-11-13,https://www.ncbi.nlm.nih.gov/pmc/articles/PMC11591548/,This review examines Vitamin E's role in skeletal muscle and potential signaling mediators. It discusses bioactive sphingolipids and myokines as effectors and the benefits of Vitamin E supplementation for muscle health.
"How N-Acetylcysteine Supplementation Affects Redox Regulation, Especially at Mitohormesis and Sarcohormesis Level: Current Perspective","Aslı Devrim-Lanpir, Lee Hill, Beat Knechtle",PMC7909817,PMC,2021-01-21,https://www.ncbi.nlm.nih.gov/pmc/articles/PMC7909817/,This review examines N-acetylcysteine's effects on exercise-induced oxidative stress and athletic adaptation. It specifically focuses on how NAC influences mitohormesis and sarcohormesis.
Redox Mechanism of Reactive Oxygen Species in Exercise,"Feng He, Juan Li, Zewen Liu, Chia-Chen Chuang, Wenge Yang, Li Zuo",PMC5097959,PMC,2016-11-07,https://www.ncbi.nlm.nih.gov/pmc/articles/PMC5097959/,"This review examines reactive oxygen species (ROS) production and antioxidant defenses during various exercise types. Moderate ROS exposure is crucial for adaptive responses, while excessive ROS can cause damage."
Effects of Quercetin and Citrulline on Nitric Oxide Metabolites and Antioxidant Biomarkers in Trained Cyclists,"Jennifer A. Kurtz, Rafaela G. Feresin, Jacob Grazer, Jeff Otis, Kathryn E. Wilson, J. Andrew Doyle, ...",PMC11767657,Nutrients,2025-01-09,https://doi.org/10.3390/nu17020224,"This study investigated the effects of quercetin and citrulline supplementation on nitric oxide and antioxidant biomarkers in trained cyclists. Neither combined nor independent supplementation significantly improved these biomarkers, suggesting limited ergogenic efficacy in this context."
"Supplementation of Underfed Twin-Bearing Ewes with Herbal Vitamins C and E: Impacts on Birth Weight, Postnatal Growth, and Pre-Weaning Survival of the Lambs","Víctor H. Parraguez, Francisco Sales, Oscar A. Peralta, Eileen Narbona, Raúl Lira, Mónica De los Rey...",PMC7223360,Animals : an Open Access Journal from MDPI,2020-04-09,https://doi.org/10.3390/ani10040652,"Herbal vitamins C and E, alone or with concentrate, were supplemented to underfed twin-bearing ewes. Supplementation improved lamb birth weight and antioxidant capacity, with combined treatment showing the best results."
Resistance-Trained Individuals Are Less Susceptible to Oxidative Damage after Eccentric Exercise,"Ypatios Spanidis, Dimitrios Stagos, Christina Papanikolaou, Konstantina Karatza, Andria Theodosi, Ar...",PMC6079342,PMC,2018-01-01,https://www.ncbi.nlm.nih.gov/pmc/articles/PMC6079342/,Resistance-trained individuals experienced less oxidative damage and had a stronger antioxidant profile after eccentric exercise compared to untrained individuals. This suggests training status significantly influences exercise-induced oxidative stress and recovery.
Complex Effects of Vitamin E and Vitamin C Supplementation on  in Vitro  Neonatal Mononuclear Cell Responses to Allergens,"Heather J. H. Wassall, Graham Devereux, Anthony Seaton, Robert N. Barker",PMC3798907,Nutrients,2013-08-26,https://doi.org/10.3390/nu5093337,"This study examined how vitamin E and C supplementation affects neonatal immune cells' response to allergens. Vitamin E showed complex effects, sometimes reducing proliferation and other times increasing it, while vitamin C had varied impacts on cytokine production."
Effects of Vitamin E and Zinc Supplementation on Antioxidants in Beta thalassemia major Patients,"Mohammadreza Rashidi, Maryam Aboomardani, Maryam Rafraf, Seyed-Rafie Arefhosseini, Abbasali Keshtkar...",PMC3446117,Iranian Journal of Pediatrics,2011-03-01,,"This study investigated the effects of vitamin E and zinc supplementation on antioxidant levels in beta-thalassemia major patients. Supplementation with vitamin E and/or zinc increased serum levels of these nutrients and BMI, but decreased glutathione peroxidase activity."
Well-Trained Elders Have Antioxidant Responses and an Equal Magnitude of EIMD as Young Adults,"Eva Tékus, Nikolett Lilla Szénási, Edina Szabó, Zoltan Heckel, Tibor Mintál, Tamas Kőszegi, Tamas At...",PMC9332484,PMC,2022-07-22,https://www.ncbi.nlm.nih.gov/pmc/articles/PMC9332484/,"This study examined antioxidant responses and muscle damage markers in young and older men after eccentric training. No significant differences in antioxidant capacity or muscle damage were found between the groups, suggesting similar adaptability."
Additional Effects of Nutritional Antioxidant Supplementation on Peripheral Muscle during Pulmonary Rehabilitation in COPD Patients: A Randomized Controlled Trial,"Fares Gouzi, Jonathan Maury, Nelly Héraud, Nicolas Molinari, Héléna Bertet, Bronia Ayoub, Marine Bla...",PMC6501222,Oxidative Medicine and Cellular Longevity,2019-01-01,https://doi.org/10.1155/2019/5496346,This study investigated the effects of antioxidant supplementation during pulmonary rehabilitation in COPD patients. Supplementation did not improve muscle endurance but enhanced muscle strength and reduced muscle weakness.
Effect of six weeks 1000 mg/day vitamin C supplementation and healthy training in elderly women on genes expression associated with the immune response - a randomized controlled trial,"Małgorzata Żychowska, Agata Grzybkowska, Mariusz Zasada, Anna Piotrowska, Danuta Dworakowska, Olga C...",PMC7923494,Journal of the International Society of Sports Nutrition,2021-03-02,https://doi.org/10.1186/s12970-021-00416-6,"This study examined the effect of vitamin C supplementation and exercise on immune gene expression in elderly women. While most genes showed no significant change, vitamin C supplementation showed a tendency to alter IL-6 and IL-10 expression."
The Antioxidant Role of Glutathione and N-Acetyl-Cysteine Supplements and Exercise-Induced Oxidative Stress,"Chad Kerksick, Darryn Willoughby",PMC2129149,PMC,2005-01-01,https://www.ncbi.nlm.nih.gov/pmc/articles/PMC2129149/,This paper examines the antioxidant roles of glutathione and N-acetyl-cysteine supplements in mitigating exercise-induced oxidative stress. These antioxidants may help maintain cellular function and DNA integrity by reducing oxidative damage.
Comparison of the effects of two antioxidant diets on oxidative stress markers in triathletes,"Claudia D. Schneider, Patricia M. Bock, Georgia F. Becker, Jose Claudio F. Moreira, Adriane Bello-Kl...",PMC6234303,PMC,2018-03-30,https://www.ncbi.nlm.nih.gov/pmc/articles/PMC6234303/,This study compared the effects of regular and high antioxidant diets on oxidative stress markers in triathletes. A high antioxidant diet improved several markers of redox status in the athletes.
Effect of exercise and antioxidant supplementation on cellular lipid peroxidation in elderly individuals: Systematic review and network meta-analysis,"Chunxia Ni, Yiyi Ji, Keke Hu, Kai Xing, Yining Xu, Yanan Gao",PMC9971974,PMC,2023-02-14,https://www.ncbi.nlm.nih.gov/pmc/articles/PMC9971974/,This systematic review and network meta-analysis examined exercise and antioxidant supplementation's effects on cellular lipid peroxidation in the elderly. A combination of aerobic and resistance exercise with placebo intake most effectively reduced lipid peroxidation.
Tribbles 3 blunts exercise-induced skeletal muscle adaptation,"Ran Hee Choi, Abigail McConahay, Mackenzie B. Johnson, Morgan Ojemuyiwa, Brooklyn J. Phillips, Ha-Wo...",PMC12338650,PMC,2025-07-19,https://www.ncbi.nlm.nih.gov/pmc/articles/PMC12338650/,"This study investigated the role of Tribbles 3 (TRB3) in exercise-induced skeletal muscle adaptation. TRB3 overexpression blunts exercise benefits, impairing glucose tolerance and metabolic gene expression, while TRB3 knockout improves glucose tolerance."
Low-Frequency Fatigue as an Indicator of Eccentric Exercise-Induced Muscle Injury: The Role of Vitamin E,"Antonios Kyparos, Michalis G. Nikolaidis, Konstantina Dipla, Andreas Zafeiridis, Vassilis Paschalis,...",PMC3400461,PMC,2012-01-01,https://www.ncbi.nlm.nih.gov/pmc/articles/PMC3400461/,"This study examined if vitamin E reduces eccentric exercise-induced muscle injury in rats, using low-frequency fatigue as an indicator. Vitamin E supplementation improved muscle force decline and recovery, suggesting it attenuates exercise-induced injury."
"Effect of Eicosapentaenoic Acid (EPA) and Vitamin E on the Blood Levels of Inflammatory Markers, Antioxidant Enzymes, and Lipid Peroxidation in Iranian Basketball Players","R Ghiasvand, M Djalali, SA Djazayery, SA Keshavarz, M Hosseini, Gh Askari, N Jani, N Fardad, F Fateh...",PMC3468972,PMC,2010-03-31,https://www.ncbi.nlm.nih.gov/pmc/articles/PMC3468972/,"This study examined the effects of EPA and vitamin E supplementation on inflammatory markers and antioxidant enzymes in basketball players. EPA with vitamin E reduced TNF-α and increased glutathione reductase, while EPA alone increased MDA."
Redox correlation in muscle lengthening and immune response in eccentric exercise,"Feng He, Chia-Chen Chuang, Tingyang Zhou, Qing Jiang, Darlene A. Sedlock, Li Zuo",PMC6307742,PMC,2018-12-27,https://www.ncbi.nlm.nih.gov/pmc/articles/PMC6307742/,Eccentric exercise in mice and humans was studied for its effects on muscle function and immune cells. Antioxidant supplementation attenuated exercise-induced changes in anti-apoptotic proteins and may protect against muscle dysfunction.
Effect of Antioxidant Vitamin Supplementation on Cardiovascular Outcomes: A Meta-Analysis of Randomized Controlled Trials,"Yizhou Ye, Jing Li, Zhongxiang Yuan",PMC3577664,PLoS ONE,2013-01-01,https://doi.org/10.1371/journal.pone.0056803,"A meta-analysis of randomized controlled trials examined antioxidant vitamin supplementation's effect on cardiovascular outcomes. The study found no significant impact on major cardiovascular events, myocardial infarction, stroke, or death."
High-Dose Astaxanthin Supplementation Suppresses Antioxidant Enzyme Activity during Moderate-Intensity Swimming Training in Mice,"Yingsong Zhou, Julien S Baker, Xiaoping Chen, Yajun Wang, Haimin Chen, Gareth W Davison, Xiaojun Yan",PMC6627865,PMC,2019-05-31,https://www.ncbi.nlm.nih.gov/pmc/articles/PMC6627865/,High-dose astaxanthin supplementation was administered to mice undergoing swimming training. This supplementation suppressed antioxidant enzyme activity and downregulated Nrf2 signaling.
A metabolomic investigation of the effects of vitamin E supplementation in humans,"Max Wong, John K Lodge",PMC3541165,Nutrition & Metabolism,2012-01-01,https://doi.org/10.1186/1743-7075-9-110,"This study investigated plasma metabolome changes after vitamin E supplementation in healthy males. Vitamin E supplementation altered lysophosphatidylcholine levels, suggesting an influence on phospholipid metabolism."
"Effect of Antioxidant Supplementation on NET Formation Induced by LPS In Vitro; the Roles of Vitamins E and C, Glutathione, and N-acetyl Cysteine","Germán Muñoz-Sánchez, Lucila A. Godínez-Méndez, Mary Fafutis-Morris, Vidal Delgado-Rizo",PMC10487622,International Journal of Molecular Sciences,2023-08-24,https://doi.org/10.3390/ijms241713162,This study investigated how antioxidant supplementation affects LPS-induced NET formation in neutrophils. Antioxidant combinations significantly reduced NET formation and oxidative stress markers in vitro.
"Food-Based Antioxidant Nutrition for Exercise Recovery and Training Adaptation: A Narrative Review and Conceptual Framework for Redox Signaling, Dietary Matrices, and Periodized Application",Hua Yang; Jingmei Dong; Jing Yang; Chieh-Chen Wu; Chun-Hsien Su,PMC13363514,Nutrients,2026-06-29,https://doi.org/10.3390/nu18132115,"Exercise-induced reactive oxygen and nitrogen species (RONS) serve as crucial signaling molecules for training adaptation, mitochondrial biogenesis, and inflammatory resolution, rather than being mere"
Dietary nanocomposite of vitamin C and vitamin E enhanced the performance of  Nile tilapia,"Ahmed H. Sherif, Riad H. Khalil, Talaat S. Talaat, Mohamed Z. Baromh, Mahmoud A. Elnagar",PMC11231345,PMC,2024-07-08,https://www.ncbi.nlm.nih.gov/pmc/articles/PMC11231345/,"A nanocomposite of vitamins C and E was fed to Nile tilapia. This dietary nanocomposite significantly improved fish growth, immunity, and antioxidant levels, with the combined VCE-nanoparticle form showing the greatest benefits."
"Effects of Resistance Training Combined with Vitamin D Supplementation on Health-Related Variables in the Elderly: Muscle Strength, Body Composition, and Inflammatory Status","Lorena Cristina Ribeiro da Rosa, Paulo de Tarso Veras Farinatti, Maria Izabel Ferreira Batista, Hile...",PMC12652358,International Journal of Environmental Research and Public Health,2025-11-10,https://doi.org/10.3390/ijerph22111695,"This study examined the effects of resistance training plus vitamin D supplementation on older adults. The combination did not improve strength, body composition, or inflammation more than resistance training alone."
Update: Is exercise-induced oxidative stress a friend or foe?,Scott K. Powers; Mari Carmen Gomez-Cabrera,PMC13159460,biomedrxiv,2026-04-01,https://doi.org/10.1016/j.smhs.2026.03.006,"Exercise increases reactive oxygen species (ROS), which can cause oxidative damage. However, these ROS also act as signaling molecules, promoting beneficial exercise adaptations like increased mitochondria and antioxidant capacity. The net effect of exercise-induced ROS is a balance between damage and adaptive signaling."
The Effects of a Multiflavonoid Supplement on Vascular and Hemodynamic Parameters following Acute Exercise,"Rebecca M. Kappus, Chelsea D. Curry, Steve McAnulty, Janice Welsh, David Morris, David C. Nieman, Je...",PMC3236420,PMC,2011-01-01,https://www.ncbi.nlm.nih.gov/pmc/articles/PMC3236420/,A study investigated the effects of a multiflavonoid supplement on vascular and hemodynamic parameters during postexercise hypotension. The supplement enhanced postexercise blood pressure reduction and improved vascular distensibility compared to placebo.
Marginal vitamin C status is associated with reduced fat oxidation during submaximal exercise in young adults,"Carol S Johnston, Corinne Corte, Pamela D Swan",PMC1564400,PMC,2006-01-01,https://www.ncbi.nlm.nih.gov/pmc/articles/PMC1564400/,"Marginal vitamin C status was studied in relation to fat oxidation during submaximal exercise. Low vitamin C status was associated with reduced fat oxidation, which was improved by vitamin C repletion."
Vitamin C may alleviate exercise-induced bronchoconstriction: a meta-analysis,Harri Hemilä,PMC3686214,BMJ Open,2013-01-01,https://doi.org/10.1136/bmjopen-2012-002416,This meta-analysis examined if vitamin C affects exercise-induced bronchoconstriction. Vitamin C administration significantly reduced post-exercise FEV1 decline and the proportion of participants experiencing EIB.
Reactive oxygen species promote endurance exercise-induced adaptations in skeletal muscles,"Scott K. Powers, Zsolt Radak, Li Li Ji, Malcolm Jackson",PMC11336304,PMC,2024-05-07,https://www.ncbi.nlm.nih.gov/pmc/articles/PMC11336304/,"Contracting skeletal muscles produce reactive oxygen species (ROS), particularly hydrogen peroxide, which are essential for exercise-induced adaptations. These ROS activate signaling pathways that promote mitochondrial biogenesis and the expression of key muscle proteins."
Exercise Training Combined with  Bifidobacterium Longum  OLP-01 Supplementation Improves Exercise Physiological Adaption and Performance,"Wen-Ching Huang, Yi-Ju Hsu, Chi-Chang Huang, Hsuan-Chen Liu, Mon-Chien Lee",PMC7231274,PMC,2020-04-19,https://www.ncbi.nlm.nih.gov/pmc/articles/PMC7231274/,"This study investigated the effects of exercise training combined with *Bifidobacterium longum* OLP-01 supplementation in mice. The combination significantly improved exercise performance, reduced fatigue markers, and ameliorated exercise-induced inflammation and injury."
Combined high-intensity interval training and green tea supplementation enhance metabolic and antioxidant status in response to acute exercise in overweight women,"Elham Ghasemi, Mohammad Esmaeil Afzalpour, Shila Nayebifar",PMC10718018,PMC,2020-06-25,https://www.ncbi.nlm.nih.gov/pmc/articles/PMC10718018/,High-intensity interval training combined with green tea supplementation was studied in overweight women. This combination significantly improved metabolic and antioxidant status compared to training or supplementation alone.
Can Antioxidants Protect Against Disuse Muscle Atrophy?,Scott K. Powers,PMC4213375,"Sports Medicine (Auckland, N.z.)",2014-10-30,https://doi.org/10.1007/s40279-014-0255-x,This review examines the role of radicals in disuse muscle atrophy and analyzes literature on antioxidant effects. Evidence suggests specific antioxidants may help delay muscle loss due to inactivity.
Pterostilbene Enhances Endurance Capacity via Promoting Skeletal Muscle Adaptations to Exercise Training in Rats,"Jiawei Zheng, Wujian Liu, Xiaohui Zhu, Li Ran, Hedong Lang, Long Yi, Mantian Mi, Jundong Zhu",PMC6982856,Molecules,2020-01-02,https://doi.org/10.3390/molecules25010186,"Pterostilbene (PST) was studied for its effects on skeletal muscle adaptations to exercise training in rats. PST supplementation enhanced exercise-induced improvements in endurance capacity by promoting slow-twitch fiber formation, angiogenesis, and mitochondrial biogenesis."
The effect of vitamin C on bronchoconstriction and respiratory symptoms caused by exercise: a review and statistical analysis,Harri Hemilä,PMC4363347,PMC,2014-11-27,https://www.ncbi.nlm.nih.gov/pmc/articles/PMC4363347/,Vitamin C was studied for its effects on exercise-induced bronchoconstriction and respiratory symptoms. It significantly reduced post-exercise lung function decline and the incidence of respiratory symptoms.
Nutritional Supplements to Support Resistance Exercise in Countering the Sarcopenia of Aging,"James McKendry, Brad S. Currier, Changhyun Lim, Jonathan C. Mcleod, Aaron C.Q. Thomas, Stuart M. Phi...",PMC7399875,PMC,2020-07-10,https://www.ncbi.nlm.nih.gov/pmc/articles/PMC7399875/,"This review examines nutritional strategies to enhance resistance training for combating age-related muscle loss. Combining resistance exercise with specific nutrients and supplements can optimize muscle growth and maintenance, supporting healthspan in older adults."
Effect of endurance training and cinnamon supplementation on post-exercise oxidative responses in rats,"Gholamreza Dehghan, Mehrnoosh Shaghaghi, Afshar Jafari, Mustafa Mohammadi, Reza Badalzadeh",PMC5019312,Molecular Biology Research Communications,2014-12-01,,This study investigated the effects of endurance training and cinnamon supplementation on oxidative stress in rats after exhaustive exercise. The findings indicate that combining training and cinnamon supplementation offers the greatest protection against exercise-induced oxidative damage.
Individualised Exercise Training Enhances Antioxidant Buffering Capacity in Idiopathic Pulmonary Fibrosis,"Tim J. M. Wallis, Magdalena Minnion, Anna Freeman, Andrew Bates, James M. Otto, Stephen A. Wootton, ...",PMC10451244,PMC,2023-08-20,https://www.ncbi.nlm.nih.gov/pmc/articles/PMC10451244/,"An 8-week individualized exercise program was studied in idiopathic pulmonary fibrosis (IPF) patients. The program improved exercise capacity and antioxidant buffering capacity, suggesting a potential mechanism for exercise benefits."
Repeated Supramaximal Exercise-Induced Oxidative Stress: Effect of β-Alanine Plus Creatine Supplementation,"Muaz Belviranli, Nilsel Okudan, Serkan Revan, Serdar Balci, Hakki Gokbel",PMC4870821,PMC,2016-03-01,https://www.ncbi.nlm.nih.gov/pmc/articles/PMC4870821/,"This study examined the impact of beta-alanine and creatine supplementation on oxidative stress markers during repeated high-intensity exercise. Beta-alanine supplementation showed a limited antioxidant effect, with some improvements in glutathione levels and total antioxidant capacity observed."
The interaction effects of aerobic exercise training and vitamin D supplementation on plasma lipid profiles and insulin resistance in ovariectomized rats,"Parvin Babaei, Arsalan Damirchi, Rastegar Hoseini",PMC4624118,Journal of Exercise Nutrition & Biochemistry,2015-09-01,https://doi.org/10.5717/jenb.2015.15070703,This study investigated the combined effects of aerobic exercise and vitamin D on ovariectomized rats. The combination significantly improved lipid profiles and reduced insulin resistance.
Effect of carbohydrate–protein supplementation on endurance training adaptations,"Abdullah F. Alghannam, Iain Templeman, Joel E. Thomas, Dawid Jedrzejewski, Samuel Griffiths, Joseph ...",PMC7502056,European Journal of Applied Physiology,2020-08-05,https://doi.org/10.1007/s00421-020-04450-1,"This study investigated the effect of post-exercise carbohydrate-protein supplementation on endurance training adaptations in men and women. Post-exercise protein supplementation increased mTOR gene expression, but did not enhance improvements in maximal oxygen uptake compared to carbohydrate-only supplementation."
Vitamin E Supplementation Delays Cellular Senescence  In Vitro,"Giorgio La Fata, Nicole Seifert, Peter Weber, M. Hasan Mohajeri",PMC4647025,BioMed Research International,2015-01-01,https://doi.org/10.1155/2015/563247,This study investigated vitamin E's effect on cellular senescence in human cells. Vitamin E supplementation reduced senescent cells by downregulating P21 expression.
Impact of Polyphenol Antioxidants on Cycling Performance and Cardiovascular Function,"Joel D. Trinity, Matthew D. Pahnke, Justin R. Trombold, Edward F. Coyle",PMC3967193,PMC,2014-03-24,https://www.ncbi.nlm.nih.gov/pmc/articles/PMC3967193/,"Polyphenol antioxidants were supplemented to endurance athletes for 7 days, followed by exercise testing in the heat. Supplementation did not improve cycling performance or alter cardiovascular and thermoregulatory responses."
Impact of Polyphenol Supplementation on Acute and Chronic Response to Resistance Training,"Kyle S. Beyer, Jeffrey R. Stout, David H. Fukuda, Adam R. Jajtner, Jeremy R. Townsend, David D. Chur...",PMC5662159,Journal of Strength and Conditioning Research,2017-11-01,https://doi.org/10.1519/JSC.0000000000002104,This study examined polyphenol blend supplementation's effects on resistance training adaptations. Supplementation increased antioxidant capacity but did not alter strength gains compared to placebo.
"Supplementation of L-Arginine, L-Glutamine, Vitamin C, Vitamin E, Folic Acid, and Green Tea Extract Enhances Serum Nitric Oxide Content and Antifatigue Activity in Mice","Yi-Ming Chen, Huashuai Li, Yen-Shuo Chiu, Chi-Chang Huang, Wen-Chyuan Chen",PMC7171648,PMC,2020-01-01,https://www.ncbi.nlm.nih.gov/pmc/articles/PMC7171648/,"A combined extract of L-arginine, L-glutamine, vitamins C and E, folic acid, and green tea extract was administered to mice. This supplementation increased nitric oxide content and improved exercise performance, suggesting an antifatigue effect."
"Effects of protein supplementation on body composition, physiological adaptations, and performance during endurance training: a systematic review and meta-analysis","Yang Xiao, ZhengWu Deng, Wei Sun, JiaYi Li, WeiFeng Gao",PMC12369418,Frontiers in Nutrition,2025-08-07,https://doi.org/10.3389/fnut.2025.1663860,"This systematic review and meta-analysis examined protein supplementation's effects during endurance training. Protein supplementation modestly improved time to exhaustion and lean body mass, with potential VO2max benefits for untrained individuals."
Vitamin D3 supplementation enhances the effect of aerobic water-based training on physical fitness indices in obese and overweight menopausal women: A randomized controlled trial,"Foroozandeh Zaravar, Golamhossein Tamaddon, Mohammadamin Safari, Leila Zaravar, Maryam Koushkie Jahr...",PMC12317169,Women's Health,2025-07-30,https://doi.org/10.1177/17455057251361255,"This study investigated the effects of water-based aerobic training and vitamin D3 supplementation on overweight/obese postmenopausal women. Combining both interventions significantly improved BMI, handgrip strength, and gait speed more than either alone."
Comparative effects of vitamin D and vitamin C supplementations with and without endurance physical activity on metabolic syndrome patients: a randomized controlled trial,"Halgord Ali M. Farag, Mohammad Javad Hosseinzadeh-Attar, Belal A. Muhammad, Ahmad Esmaillzadeh, Abde...",PMC6225665,Diabetology & Metabolic Syndrome,2018-11-08,https://doi.org/10.1186/s13098-018-0384-8,"This study compared vitamin D and C supplementation with and without exercise in metabolic syndrome patients. Combining supplements with exercise maximized benefits, particularly for vitamin D regarding glucose, cholesterol, and blood pressure."
Resistance Exercise Associated with Camu-Camu ( Myrciaria dubia ) and Creatine Supplementation Modulates Antioxidant Response and Cardiac Parameters in Wistar Rats,"Thaís Cupertino Fialho, Lívia Carvalho Sette Abrantes, Karina Vitória Cipriana Martins, Renner Phili...",PMC12655332,PMC,2025-11-17,https://www.ncbi.nlm.nih.gov/pmc/articles/PMC12655332/,"Resistance exercise combined with camu-camu and creatine supplementation was studied in rats. This combination improved antioxidant capacity, enzyme activity, and cardiac muscle fiber size."
Impact of exercise training and supplemental oxygen on submaximal exercise performance in patients with COPD,"Daniel Neunhäuserer, Bernhard Reich, Barbara Mayr, Bernhard Kaiser, Bernd Lamprecht, David Niedersee...",PMC7984048,Scandinavian Journal of Medicine & Science in Sports,2020-11-20,https://doi.org/10.1111/sms.13870,"This study examined the effects of exercise training with and without supplemental oxygen on COPD patients' submaximal exercise performance. Exercise training improved exercise tolerance and capacity, with supplemental oxygen having minimal additional benefits."
Diclofenac Administration after Physical Training Blunts Adaptations of Peripheral Systems and Leads to Losses in Exercise Performance: In Vivo and In Silico Analyses,"Rômulo Pillon Barcelos, Frederico Diniz Lima, Aline Alves Courtes, Ingrid Kich da Silva, Jose Eduard...",PMC8389246,PMC,2021-08-04,https://www.ncbi.nlm.nih.gov/pmc/articles/PMC8389246/,"This study investigated diclofenac's impact on exercise adaptations in rats. Diclofenac blunted exercise-induced performance gains and tissue adaptations, despite reducing inflammation."
Editorial: Exercise-induced oxidative stress and the role of antioxidants in sport and exercise,"Hannah J. Moir, Marcin Maciejczyk, Mateusz Maciejczyk, Felipe J. Aidar, Hamid Arazi",PMC10466035,Frontiers in Sports and Active Living,2023-08-15,https://doi.org/10.3389/fspor.2023.1269826,
Housing temperature influences exercise training adaptations in mice,"Steffen H. Raun, Carlos Henriquez-Olguín, Iuliia Karavaeva, Mona Ali, Lisbeth L. V. Møller, Witold K...",PMC7096511,PMC,2020-03-25,https://www.ncbi.nlm.nih.gov/pmc/articles/PMC7096511/,"This study investigated how housing temperature affects exercise training adaptations in mice. Thermoneutral housing reduced exercise-induced improvements in insulin action, energy expenditure, and body composition, indicating training adaptations are temperature-dependent."
Synergistic Role of Aerobic Exercise and Vitamin C in Reducing Hypertension and Restoring Redox–Inflammatory Balance,"Sheraz Ahmad, Khalid Abdul Majeed, Saima Masood, Muhammad Shahbaz Yousaf, Muhammad Bilal Akram, Abdu...",PMC12787866,Nutrients,2026-01-02,https://doi.org/10.3390/nu18010153,Aerobic exercise and vitamin C were studied for their effects on hypertension in rats. Combined intervention most effectively lowered blood pressure and improved hypertension-related changes.
Lower vascular conductance responses to handgrip exercise are improved following acute antioxidant supplementation in young individuals with post‐traumatic stress disorder,"Jennifer B. Weggen, Ashley M. Darling, Aaron S. Autler, Austin C. Hogwood, Kevin P. Decker, Jacob Ri...",PMC11140166,PMC,2024-05-06,https://www.ncbi.nlm.nih.gov/pmc/articles/PMC11140166/,This study examined vascular responses to handgrip exercise in young individuals with PTSD. Antioxidant supplementation improved vascular conductance during exercise in the PTSD group.
Nordic Walking Training Causes a Decrease in Blood Cholesterol in Elderly Women Supplemented with Vitamin D,"Krzysztof Prusik, Jakub Kortas, Katarzyna Prusik, Jan Mieszkowski, Joanna Jaworska, Wojciech Skrobot...",PMC5826219,Frontiers in Endocrinology,2018-02-20,https://doi.org/10.3389/fendo.2018.00042,"Nordic Walking training combined with vitamin D supplementation was studied in elderly women. This intervention significantly decreased total cholesterol, LDL-C, and triglycerides."
"Haptoglobin Phenotype, Preeclampsia Risk and the Efficacy of Vitamin C and E Supplementation to Prevent Preeclampsia in a Racially Diverse Population","Tracey L. Weissgerber, Robin E. Gandley, Paula L. McGee, Catherine Y. Spong, Leslie Myatt, Kenneth J...",PMC3616124,PLoS ONE,2013-01-01,https://doi.org/10.1371/journal.pone.0060479,"This study investigated haptoglobin phenotype, preeclampsia risk, and vitamin supplementation efficacy. No association was found between haptoglobin phenotype and preeclampsia risk or vitamin efficacy, except for increased risk in Hispanic Hp 2-2 women."
Effects of a combined protein and antioxidant supplement on recovery of muscle function and soreness following eccentric exercise,"Stephen J. Ives, Samuel Bloom, Alexs Matias, Noelle Morrow, Natalya Martins, Yookee Roh, Daniel Eben...",PMC5496333,PMC,2017-07-03,https://www.ncbi.nlm.nih.gov/pmc/articles/PMC5496333/,This study investigated the effects of combined protein and antioxidant supplementation on muscle recovery after eccentric exercise. The combined supplement improved muscle soreness more than protein or carbohydrate alone.
Antioxidant Vitamin C Prevents Decline in Endothelial Function during Sitting,"Saurabh S. Thosar, Sylvanna L. Bielko, Chad S. Wiggins, James E. Klaunig, Kieren J. Mather, Janet P....",PMC4401065,PMC,2015-01-01,https://www.ncbi.nlm.nih.gov/pmc/articles/PMC4401065/,This study investigated if Vitamin C prevents endothelial function decline during prolonged sitting. Vitamin C supplementation prevented the impairment of femoral artery dilation after three hours of sitting.
Long-term quercetin supplementation reduces lipid peroxidation but does not improve performance in endurance runners,"Shane D Scholten, Igor N Sergeev",PMC3871649,Open Access Journal of Sports Medicine,2013-01-01,https://doi.org/10.2147/OAJSM.S39632,Quercetin supplementation was studied in endurance runners for six weeks. It reduced lipid peroxidation but did not improve running performance.
"Vitamin D Supplementation Has No Impact on Cardiorespiratory Fitness, but Improves Inflammatory Status in Vitamin D Deficient Young Men Engaged in Resistance Training","Lauri Savolainen, Saima Timpmann, Martin Mooses, Luule Medijainen, Lisette Tõnutare, Frederik Ross, ...",PMC9787541,Nutrients,2022-12-13,https://doi.org/10.3390/nu14245302,Vitamin D supplementation was studied in deficient young men undergoing resistance training. It improved inflammatory status but did not affect cardiorespiratory fitness.
Effects of Vitamin E Intake and Voluntary Wheel Running on Whole-Body and Skeletal Muscle Metabolism in Ovariectomized Mice,"Youngyun Jin, Hee-Jung Yoon, Ki-Woong Park, Hanall Lee, Yuan Tan, Byung-Jun Ryu, Seung-Min Lee, Chae...",PMC11944365,PMC,2025-03-12,https://www.ncbi.nlm.nih.gov/pmc/articles/PMC11944365/,"This study examined vitamin E intake and exercise effects on ovariectomized mice. Vitamin E improved skeletal muscle mitochondrial function and reduced oxidative stress, independent of exercise."
Supplemental Oxygen during Exercise Training in Chronic Obstructive Pulmonary Disease,"SARA FAGGIAN, FRANCESCA BATTISTA, MARCO VECCHIATO, RICHARD CASABURI, MARGARETA EMTNER, NICOLA BORASI...",PMC12520020,Medicine and Science in Sports and Exercise,2025-11-01,https://doi.org/10.1249/MSS.0000000000003782,"This review examines supplemental oxygen's role in COPD exercise training. Supplemental oxygen may benefit specific patients and conditions, particularly with high-intensity training, to enhance exercise tolerance and adaptations."
Effects of low-volume walking programme and vitamin E supplementation on oxidative damage and health-related variables in healthy older adults,"Jong-Hwan Park, Masashi Miyashita, Masaki Takahashi, Noriaki Kawanishi, Seong-Ryu Bae, Hyun-Shik Kim...",PMC3664611,Nutrition & Metabolism,2013-01-01,https://doi.org/10.1186/1743-7075-10-38,"A low-volume walking program and vitamin E supplementation were studied in older adults. Both interventions, individually or combined, reduced oxidative damage markers."
Mitochondria-targeted antioxidant supplementation improves 8 km time trial performance in middle-aged trained male cyclists,"S. C. Broome, A. J. Braakhuis, C. J. Mitchell, T. L. Merry",PMC8379793,Journal of the International Society of Sports Nutrition,2021-08-21,https://doi.org/10.1186/s12970-021-00454-0,This study investigated the effect of MitoQ supplementation on cycling performance in trained male cyclists. MitoQ supplementation improved 8km time trial performance and increased average power output.
Effect of vitamin C and vitamin E on lung contusion: A randomized clinical trial study,"Davoodabadi Abdoulhossein, Iman Taheri, Mohammad ali Saba, Hossein Akbari, Shima Shafagh, Asemi Zata...",PMC6240669,PMC,2018-11-09,https://www.ncbi.nlm.nih.gov/pmc/articles/PMC6240669/,This study investigated the effect of vitamins C and E on lung contusion patients. Co-administration of these vitamins improved arterial blood gas parameters and reduced ICU stay.
Mitochondria-Targeted Antioxidants and Skeletal Muscle Function,"Sophie C. Broome, Jonathan S. T. Woodhead, Troy L. Merry",PMC6116009,biomedrxiv,2018-08-08,https://doi.org/10.3390/antiox7080107,"This review summarizes literature on mitochondria-targeted antioxidants and skeletal muscle function. These antioxidants show benefits for muscle capacity, insulin sensitivity, and age-related decline, but effects depend on the specific antioxidant used."
Potential Benefits of Nitrate Supplementation on Antioxidant Defense System and Blood Pressure Responses after Exercise Performance,"Eduardo F. Menezes, Leonardo G. Peixoto, Renata R. Teixeira, Allisson B. Justino, Guilherme M. Puga,...",PMC6458846,PMC,2019-01-01,https://www.ncbi.nlm.nih.gov/pmc/articles/PMC6458846/,This study investigated the effects of sodium nitrate supplementation on oxidative stress and blood pressure after aerobic exercise. Five-day nitrate supplementation reduced systolic blood pressure and improved antioxidant capacity in healthy young men.
The effect of probiotic supplementation combined with aerobic exercise on the antioxidant capacity of college students,"Tong Wu, Yingfeng Chen, Kai Zhao, Chenzhe Liu, Wei Jiang",PMC12171151,PMC,2025-06-02,https://www.ncbi.nlm.nih.gov/pmc/articles/PMC12171151/,This study investigated the effects of probiotic supplementation and aerobic exercise on college students' antioxidant capacity. Combining probiotics with aerobic exercise significantly improved antioxidant capacity and reduced oxidative stress markers after high-intensity exercise.
Effects of acute and 14-day coenzyme Q10 supplementation on exercise performance in both trained and untrained individuals,"Matthew Cooke, Mike Iosia, Thomas Buford, Brian Shelmadine, Geoffrey Hudson, Chad Kerksick, Christop...",PMC2315638,PMC,2008-01-01,https://www.ncbi.nlm.nih.gov/pmc/articles/PMC2315638/,"This study investigated the effects of acute and 14-day CoQ10 supplementation on exercise performance in trained and untrained individuals. CoQ10 supplementation increased plasma CoQ10 levels, but did not significantly improve exercise performance."
Physiological and Neural Adaptations to Eccentric Exercise: Mechanisms and Considerations for Training,"Nosratollah Hedayatpour, Deborah Falla",PMC4620252,PMC,2015-01-01,https://www.ncbi.nlm.nih.gov/pmc/articles/PMC4620252/,"This review examines physiological and neural adaptations to eccentric exercise. It concludes that despite initial damage, eccentric exercise effectively stimulates muscle hypertrophy, increased cortical activity, and improved motor unit function for enhanced muscle performance."
Efficacy of vitamin and antioxidant supplements in prevention of cardiovascular disease: systematic review and meta-analysis of randomised controlled trials,"Seung-Kwon Myung, Woong Ju, Belong Cho, Seung-Won Oh, Sang Min Park, Bon-Kwon Koo, Byung-Joo Park",PMC3548618,The BMJ,2013-01-01,https://doi.org/10.1136/bmj.f10,"This meta-analysis reviewed 50 randomized controlled trials on vitamin and antioxidant supplements for cardiovascular disease prevention. These supplements showed no overall benefit, with some minor risks and benefits disappearing in high-quality trials."
Effect of an 8-weeks aerobic training program in elderly on oxidative stress and Hsp72 expression in leukocytes during antioxidant supplementation,David Simar; D. Malatesta; E. Mas; M. Delage; C. Caillaud,PMC12878004,"The Journal of Nutrition, Health & Aging",2011-07-04,https://doi.org/10.1007/s12603-011-0106-5,To investigate the effect of aerobic training in the context of antioxidant supplementation on systemic oxidative stress and leukocytes heat shock protein (Hsp)72 expression in the elderly. Sixteen se
The effect of endurance training with and without vitamin E on expression of p53 and PTEN tumor suppressing genes in prostate glands of male rats,"Amin Allah Dashtiyan, Masood Sepehrimanesh, Nader Tanideh, Mohammad Esmaeil Afzalpour",PMC5801830,Biochimie Open,2017-04-01,https://doi.org/10.1016/j.biopen.2017.03.005,"Endurance training was studied for its effect on prostate tumor suppressor genes in rats, with and without vitamin E. Endurance training reduced p53 expression, while vitamin E alone increased PTEN expression."
Vitamin E and Metabolic Health: Relevance of Interactions with Other Micronutrients,"Sijia Liao, Sylvia Oghogho Omage, Lisa Börmel, Stefan Kluge, Martin Schubert, Maria Wallert, Stefan ...",PMC9495493,PMC,2022-09-09,https://www.ncbi.nlm.nih.gov/pmc/articles/PMC9495493/,This review examines vitamin E's interactions with other micronutrients and their impact on metabolic health. These interactions may explain discrepancies in clinical trials and influence vitamin E's physiological functions.
Endurance Training Depletes Antioxidant System but Does Not Affect Endothelial Functions in Women with Abdominal Obesity: A Randomized Trial with a Comparison to Endurance-Strength Training,"Małgorzata Jamka, Paweł Bogdański, Patrycja Krzyżanowska-Jankowska, Anna Miśkiewicz-Chotnicka, Joann...",PMC8068807,Journal of Clinical Medicine,2021-04-12,https://doi.org/10.3390/jcm10081639,"Endurance and endurance-strength training were compared in abdominally obese women. Endurance training depleted antioxidant systems but did not affect endothelial function, unlike endurance-strength training."
"Astaxanthin-, β-Carotene-, and Resveratrol-Rich Foods Support Resistance Training-Induced Adaptation","Aki Kawamura, Wataru Aoi, Ryo Abe, Yukiko Kobayashi, Masashi Kuwahata, Akane Higashi",PMC7830030,PMC,2021-01-14,https://www.ncbi.nlm.nih.gov/pmc/articles/PMC7830030/,"This study investigated the effects of resistance training with nutrient-rich foods on muscle adaptation in men. Consuming foods rich in astaxanthin, β-carotene, and resveratrol enhanced strength and metabolic improvements from training."
Excessive Vitamin E Supplementation: Implications for Ovarian Physiology and Reproductive Health,"Farzaneh Rabiee, Masoud Fattahi, Mohammad Iranzad, Mohsen Rahimi Andani, Farnoosh Jafarpour, Mohamma...",PMC12824594,Oxidative Medicine and Cellular Longevity,2026-01-22,https://doi.org/10.1155/omcl/1330508,"This study investigated the effects of different vitamin E doses on mouse reproductive health. Excessive vitamin E supplementation impaired fertility, oocyte and embryo development, and ovarian function by altering oxidative stress markers."
"Cross-Sectional Associations Between Dietary Antioxidant Vitamins C, E and Carotenoid Intakes and Sarcopenic Indices in Women Aged 18–79 Years","A. A. Welch, A. Jennings, E. Kelaiditi, J. Skinner, C. J. Steves",PMC7072069,PMC,2019-12-07,https://www.ncbi.nlm.nih.gov/pmc/articles/PMC7072069/,"This study examined the relationship between dietary antioxidant vitamin intake and sarcopenic indices in women. Higher vitamin C and carotenoid intake was associated with greater skeletal muscle mass and power, especially in younger women."
The effects of exercise training and acute exercise duration on plasma folate and vitamin B 12,"Young-Nam Kim, Ji Hyeon Hwang, Youn-Ok Cho",PMC4819126,Nutrition Research and Practice,2016-04-01,https://doi.org/10.4162/nrp.2016.10.2.161,"This study examined how exercise training and acute exercise duration affect plasma folate and vitamin B12 in rats. Regular exercise training lowered folate and raised vitamin B12, but acute exercise duration had no significant impact on these vitamins."
Tissue-Specific Effects of Vitamin E Supplementation,"Eugene Jansen, Dale Viezeliene, Piet Beekhof, Eric Gremmer, Leonid Ivanov",PMC4964537,International Journal of Molecular Sciences,2016-07-19,https://doi.org/10.3390/ijms17071166,"A study supplemented mice with varying vitamin E doses, including a high dose (25× RDI). High vitamin E intake showed beneficial effects in male mouse livers but caused toxicity and inflammation in male mouse kidneys."
Combined effects of green tea supplementation and eccentric exercise on nuclear factor erythroid 2-related factor 2 activity,"Josh Thorley, Craig Thomas, Nicolas Thon, Hannah Nuttall, Neil R. W. Martin, Nicolette Bishop, Steph...",PMC10786739,PMC,2023-07-13,https://www.ncbi.nlm.nih.gov/pmc/articles/PMC10786739/,"This study examined the combined effects of green tea supplementation and eccentric exercise on NRF2 activity. Eccentric exercise, with or without green tea, did not significantly increase NRF2 activity."
"The role of resistance training and creatine supplementation on oxidative stress, antioxidant defense, muscle strength, and quality of life in older adults","Ehsan Amiri, Dariush Sheikholeslami-Vatani",PMC10189876,Frontiers in Public Health,2023-05-02,https://doi.org/10.3389/fpubh.2023.1062832,"Resistance training with creatine supplementation was studied in older adults. This intervention improved antioxidant defense, muscle strength, and quality of life, with creatine enhancing strength gains."
Protective Role of Vitamin C Intake on Muscle Damage in Male Adolescents Performing Strenuous Physical Activity,"Shreef G. N. Gabrial, Marie-Christine R. Shakib, Gamal N. Gabrial",PMC6182534,Open Access Macedonian Journal of Medical Sciences,2018-09-25,https://doi.org/10.3889/oamjms.2018.337,"This study investigated vitamin C's effect on muscle damage in male adolescents during strenuous exercise. Vitamin C supplementation significantly reduced markers of muscle damage, oxidative stress, and inflammation."
Combined Effects of Exercise Training and Nutritional Supplementation in Cancer Patients in the Context of the COVID-19: A Perspective Study,"Mahdieh Molanouri Shamsi, Alieh Vahed, AmirHossin Ahmadi Hekmatikar, Katsuhiko Suzuki",PMC8959344,Frontiers in Nutrition,2022-03-09,https://doi.org/10.3389/fnut.2022.847215,This perspective study examines how exercise and nutritional supplements might affect cancer patients' COVID-19 risk. Combining these interventions could boost immune responses against COVID-19 and potentially improve vaccine efficacy.
"Mitigating the Growth, Biochemical Changes, Genotoxic and Pathological Effects of Copper Toxicity in Broiler Chickens by Supplementing Vitamins C and E","Mohamed A. Hashem, Sahar S. Abd El Hamied, Eman M. A. Ahmed, Shimaa A. Amer, Mohamed E. El-Sharnouby",PMC8234185,Animals : an Open Access Journal from MDPI,2021-06-17,https://doi.org/10.3390/ani11061811,"This study investigated the effects of copper sulfate toxicity and vitamin C/E supplementation on broiler chickens. Vitamins C and E, especially when combined, helped mitigate the negative impacts of copper toxicity on growth and liver health."
Impact of Vitamin D on Physical Efficiency and Exercise Performance—A Review,"Michał Wiciński, Dawid Adamkiewicz, Monika Adamkiewicz, Maciej Śniegocki, Marta Podhorecka, Paweł Sz...",PMC6893541,PMC,2019-11-19,https://www.ncbi.nlm.nih.gov/pmc/articles/PMC6893541/,"This review examines vitamin D's impact on physical efficiency and exercise performance. Vitamin D influences muscle function, bone health, and immune response, potentially enhancing athletic capabilities."
Effects of creatine supplementation associated with resistance training on oxidative stress in different tissues of rats,"Giuseppe Potrick Stefani, Ramiro Barcos Nunes, André Zuanazzi Dornelles, Jadson Pereira Alves, Marce...",PMC3994392,Journal of the International Society of Sports Nutrition,2014-01-01,https://doi.org/10.1186/1550-2783-11-11,"This study investigated creatine supplementation with resistance training on strength and oxidative stress in rats. Creatine, alone or with training, reduced oxidative stress and enhanced strength gain, acting as a non-enzymatic antioxidant."
Influence of Vitamin D Supplementation by Sunlight or Oral D3 on Exercise Performance,"ALEXANDER T. CARSWELL, SAMUEL J. OLIVER, LAUREL M. WENTZ, DANIEL S. KASHI, ROSS ROBERTS, JONATHAN C....",PMC6282681,Medicine and Science in Sports and Exercise,2018-12-01,https://doi.org/10.1249/MSS.0000000000001721,"A prospective study found vitamin D status positively correlated with endurance, but not strength or power. Supplementing to achieve vitamin D sufficiency via sunlight or oral D3 did not improve exercise performance."
Vitamin E supplementation and pneumonia risk in males who initiated smoking at an early age: effect modification by body weight and dietary vitamin C,"Harri Hemilä, Jaakko Kaprio",PMC2603040,Nutrition Journal,2008-01-01,https://doi.org/10.1186/1475-2891-7-33,"This study examined vitamin E's effect on pneumonia risk in early-smoking males. Vitamin E increased pneumonia risk in underweight and very overweight smokers, especially those with high dietary vitamin C."
Effects of vitamin D supplementation and circuit training on indices of obesity and insulin resistance in T2D and vitamin D deficient elderly women,"Hyoung-Jun Kim, Chang-Kyun Kang, Hyon Park, Man-Gyoon Lee",PMC4241902,Journal of Exercise Nutrition & Biochemistry,2014-09-01,https://doi.org/10.5717/jenb.2014.18.3.249,"This study examined the effects of vitamin D and circuit training on obese, vitamin D-deficient elderly women with type 2 diabetes. Circuit training alone improved body composition, abdominal fat, and blood lipids, while combined treatment showed a trend toward improved insulin resistance."
The effects of endogenously‐ and exogenously‐induced hyperketonemia on exercise performance and adaptation,"David J. Dearlove, Adrian Soto Mota, David Hauton, Katherine Pinnick, Rhys Evans, Jack Miller, Roman...",PMC9133544,PMC,2022-05-25,https://www.ncbi.nlm.nih.gov/pmc/articles/PMC9133544/,"This study compared exercise capacity and adaptation with carbohydrate-rich, ketone-supplemented, and ketogenic diets. Ketone supplementation improved exercise capacity, while a ketogenic diet impaired it and reduced insulin sensitivity."
The effect of aquatic training and vitamin D3 supplementation on bone metabolism in postmenopausal obese women,"Foroozandeh Zaravar, Gholamhossein Tamaddon, Leila Zaravar, Maryam Koushkie Jahromi",PMC10828811,Journal of Exercise Science and Fitness,2024-01-12,https://doi.org/10.1016/j.jesf.2024.01.002,"This study investigated the effects of aquatic training and vitamin D3 supplementation on bone metabolism in postmenopausal obese women. Combining both interventions was most effective for improving bone metabolism, while vitamin D alone was insufficient and aquatic training did not improve vitamin D levels."
"Acute vitamin C improves cardiac function, not exercise capacity, in adults with type 2 diabetes","Rebecca L. Scalzo, Timothy A. Bauer, Kylie Harrall, Kerrie Moreau, Cemal Ozemek, Leah Herlache, Shaw...",PMC5813393,PMC,2018-02-14,https://www.ncbi.nlm.nih.gov/pmc/articles/PMC5813393/,Acute vitamin C infusion was studied in adults with type 2 diabetes and healthy adults. Vitamin C improved diastolic cardiac function but did not affect exercise capacity or other measures of vascular function.
Marginal Ascorbate Status (Hypovitaminosis C) Results in an Attenuated Response to Vitamin C Supplementation,"Anitra C. Carr, Juliet M. Pullar, Stephanie M. Bozonet, Margreet C. M. Vissers",PMC4924182,Nutrients,2016-06-03,https://doi.org/10.3390/nu8060341,This study analyzed vitamin C supplementation in individuals with low baseline levels. A 50 mg/day supplement was insufficient to restore adequate vitamin C status in these individuals.
The Role of Vitamin C in Two Distinct Physiological States: Physical Activity and Sleep,"Aneta Otocka-Kmiecik, Aleksandra Król",PMC7767325,PMC,2020-12-21,https://www.ncbi.nlm.nih.gov/pmc/articles/PMC7767325/,"This paper reviews the relationship between vitamin C, physical activity, and sleep. Vitamin C supplementation may benefit sleep health and aspects of physical activity, potentially by influencing oxidative stress."
Proteome-Driven Elucidation of Adaptive Responses,to Combined Vitamin E and C Deficiency in Zebrafish,PMC3993953,Journal of Proteome Research,2015-01-29,https://doi.org/10.1021/pr401108d,"This study investigated the proteomic changes in zebrafish due to combined vitamin E and C deficiency. Vitamin C deficiency, especially with vitamin E deficiency, induces stress responses and shifts cellular energy metabolism."
Anti-Inflammatory Effects of a Period of Aerobic Training and Vitamin D Supplementation in Postmenopausal Women with Metabolic Syndrome,"Parivash Najafi Nazarabadi, Zaher Etemad, Rastegar Hoseini, Fatah Moradi",PMC9196996,International Journal of Preventive Medicine,2022-01-01,https://doi.org/10.4103/ijpvm.IJPVM_312_20,This study examined the anti-inflammatory effects of aerobic training and vitamin D supplementation in postmenopausal women with metabolic syndrome. The combination of exercise and vitamin D significantly reduced inflammatory markers and improved metabolic syndrome indices more than either intervention alone.
Effects of vitamin D supplementation combined with exercise on glucolipid metabolism in adults: A meta-analysis,"Yue Feng, Wenxing Zhou, Yanjun Niu",PMC12392328,iScience,2025-07-29,https://doi.org/10.1016/j.isci.2025.113243,"This meta-analysis evaluated the effects of vitamin D and exercise combined on glucolipid metabolism. The combination significantly improved blood glucose, fasting insulin, and insulin resistance, and increased vitamin D levels."
Vitamin C and Cardiovascular Disease: An Update,"Marco B. Morelli, Jessica Gambardella, Vanessa Castellanos, Valentina Trimarco, Gaetano Santulli",PMC7761826,PMC,2020-12-03,https://www.ncbi.nlm.nih.gov/pmc/articles/PMC7761826/,"This review assesses studies on vitamin C's role in cardiovascular and cerebrovascular diseases. It discusses potential benefits, pitfalls, and controversies in this research area."
"Effect of resistance training plus enriched probiotic supplement on sestrin2, oxidative stress, and mitophagy markers in elderly male Wistar rats","Majid Mohabbat, Hamid Arazi",PMC10987664,PMC,2024-04-02,https://www.ncbi.nlm.nih.gov/pmc/articles/PMC10987664/,"Resistance training with a probiotic supplement was studied in aged rats. This combination improved antioxidant capacity and mitophagy markers, suggesting it may help reduce age-related muscle strength loss."
Reexamination of a Meta-Analysis of the Effect of Antioxidant Supplementation on Mortality and Health in Randomized Trials,"Hans K. Biesalski, Tilman Grune, Jana Tinz, Iris Zöllner, Jeffrey B. Blumberg",PMC3257709,Nutrients,2010-08-30,https://doi.org/10.3390/nu2090929,"This paper re-examines a meta-analysis on antioxidant supplementation. The re-evaluation found that most trials showed neutral or positive outcomes, suggesting benefits should be considered alongside risks."
Effects of Vitamin C Supplementation on Plasma and Urinary Vitamin C Concentration in Korean Women,"Jayoung Choi, Do-Yeon Kim, Ryowon Choue, Hyunjung Lim",PMC5539213,Clinical Nutrition Research,2017-07-01,https://doi.org/10.7762/cnr.2017.6.3.198,"This study investigated the effects of 100 mg and 2,000 mg vitamin C supplements on Korean women. Both doses increased plasma and urinary vitamin C, with the higher dose reducing oxidative stress and the lower dose reducing fatigue."
"Effects of Methoxyisoflavone, Ecdysterone, and Sulfo-Polysaccharide Supplementation on Training Adaptations in Resistance-Trained Males","Colin D Wilborn, Lemuel W Taylor, Bill I Campbell, Chad Kerksick, Chris J Rasmussen, Michael Greenwo...",PMC2129166,Journal of the International Society of Sports Nutrition,2006-01-01,https://doi.org/10.1186/1550-2783-3-2-19,"Methoxyisoflavone, ecdysterone, and sulfo-polysaccharide were studied for their effects on resistance-trained males. Supplementation did not improve body composition, strength, or anabolic/catabolic markers."
The effects of multi mineral-vitamin D and vitamins (C+E) supplementation in the prevention of preeclampsia: An RCT,"Milad Azami, Tayebe Azadi, Sepidezahra Farhang, Shoobo Rahmati, Khadijeh Pourtaghi",PMC5510580,International Journal of Reproductive Biomedicine,2017-05-01,,A randomized trial investigated multimineral-vitamin D and vitamins C+E supplementation in pregnant women. Multimineral-vitamin D significantly reduced preeclampsia incidence and neonatal complications compared to controls.
Influence of training status on high-intensity intermittent performance in response to β-alanine supplementation,"Vitor de Salles Painelli, Bryan Saunders, Craig Sale, Roger Charles Harris, Marina Yázigi Solis, Ham...",PMC3984416,PMC,2014-02-06,https://www.ncbi.nlm.nih.gov/pmc/articles/PMC3984416/,"This study examined the impact of β-alanine supplementation on high-intensity cycling performance in trained and non-trained individuals. β-alanine improved performance in both groups, demonstrating its effectiveness regardless of training status."
Vitamin E: Where Are We Now in Vascular Diseases?,"Anahita Garg, Jetty Chung-Yung Lee",PMC8874674,PMC,2022-02-18,https://www.ncbi.nlm.nih.gov/pmc/articles/PMC8874674/,"This review examines vitamin E's role in vascular health, focusing on its antioxidant and regulatory effects. While its antioxidant benefits are known, its potential as a vascular regulatory molecule requires further study."
"Effects of 12-weeks resistance training and vitamin E supplementation on aminotransferases, CTRP-2, and CTRP-9 levels in males with nonalcoholic fatty liver disease: a double-blind, randomized trial","Irfan Varmazyar, Amir Abbas Monazzami, Mozhgan Moradi, Andrew J McAinch",PMC11373101,"BMC Sports Science, Medicine and Rehabilitation",2024-09-04,https://doi.org/10.1186/s13102-024-00972-9,"Resistance training and vitamin E supplementation were studied in males with NAFLD. Resistance training improved health markers, with vitamin E adding benefits only for aminotransferase levels."
The combination of exercise training and  Zataria multiflora  supplementation increase serum irisin levels in postmenopausal women,"Abbass Ghanbari-Niaki, Ayoub Saeidi, Mehdi Ahmadian, Leila Gharahcholo, Nooshin Naghavi, Mohammad Fa...",PMC5884011,PMC,2018-01-31,https://www.ncbi.nlm.nih.gov/pmc/articles/PMC5884011/,This study investigated the effects of exercise and *Zataria multiflora* supplementation on irisin levels in postmenopausal women. Combining exercise and supplementation significantly increased irisin compared to a control group.
White tea modulates antioxidant defense of endurance-trained rats,"Patrícia Berilli, Gustavo Bernardes Fanaro, Jéssica Piva Santos, Felix Guillermo Reyes Reyes, Amadeu...",PMC9253650,Current Research in Physiology,2022-06-18,https://doi.org/10.1016/j.crphys.2022.06.002,"White tea was given to endurance-trained rats to assess its impact on antioxidant defenses after exhaustive exercise. Long-term white tea consumption improved antioxidant capacity and reduced oxidative damage, suggesting a role in managing exercise-induced stress."
Effects of Resveratrol Supplementation and Exercise Training on Exercise Performance in Middle-Aged Mice,"Nai-Wen Kan, Chin-Shan Ho, Yen-Shuo Chiu, Wen-Ching Huang, Pei-Yu Chen, Yu-Tang Tung, Chi-Chang Huan...",PMC6273571,PMC,2016-05-18,https://www.ncbi.nlm.nih.gov/pmc/articles/PMC6273571/,This study investigated the combined effects of resveratrol supplementation and exercise training on middle-aged mice. The combination significantly improved muscle strength and endurance compared to individual interventions.
Prevention of Teratogenesis in Pregnancies of Obese Rats by Vitamin E Supplementation,"Martin Alcala, Victoria E. Bolado, Isabel Sánchez-Vera, Sonia Clapés, Francisco Dasí, Guillermo Sáez...",PMC8389020,Antioxidants,2021-07-23,https://doi.org/10.3390/antiox10081173,"Obese rats were supplemented with vitamin E to investigate its effect on teratogenesis. Vitamin E prevented malformations by maintaining maternal glutathione levels, which protected embryos from oxidative stress."
Effects of aerobic training and vitamin D supplementation on glycemic indices and adipose tissue gene expression in type 2 diabetic rats,"Kimya Khaledi, Rastegar Hoseini, Ahmad Gharzi",PMC10290097,Scientific Reports,2023-06-23,https://doi.org/10.1038/s41598-023-37489-z,Aerobic training and vitamin D supplementation were studied in type 2 diabetic rats. Combined intervention significantly upregulated key genes in visceral adipose tissue compared to individual treatments.
Combined Effects of Spirulina Liquid Extract and Endurance Training on Aerobic Performance and Muscle Metabolism Adaptation in Wistar Rats,"Jordi Vignaud, Céline Loiseau, Martine Côme, Isabelle Martin, Rova Rasoanarivo, Josiane Hérault, Cla...",PMC11769088,Nutrients,2025-01-14,https://doi.org/10.3390/nu17020283,This study investigated the effects of Spirulina liquid extract and endurance training on Wistar rats. Spirulina supplementation improved aerobic performance and muscle adaptation by enhancing antioxidant defenses and mitochondrial biogenesis.
Resistance Training Diminishes Mitochondrial Adaptations to Subsequent Endurance Training,"Paulo H. C. Mesquita, Joshua S. Godwin, Bradley A. Ruple, Casey L. Sexton, Mason C. McIntosh, Breann...",PMC10104141,bioRxiv,2023-04-06,https://doi.org/10.1101/2023.04.06.535919,Resistance training followed by endurance training was studied in young adults. Prior resistance training diminished mitochondrial adaptations to subsequent endurance training.
The Impact of Exercise Training and Supplemental Oxygen on Peripheral Muscles in Chronic Obstructive Pulmonary Disease: A Randomized Controlled Trial,"DANIEL NEUNHÄUSERER, MARTIN HUDELMAIER, DAVID NIEDERSEER, MARCO VECCHIATO, WOLFGANG WIRTH, EVA STEID...",PMC10662626,PMC,2023-12-01,https://www.ncbi.nlm.nih.gov/pmc/articles/PMC10662626/,"This study investigated the effects of exercise training with or without supplemental oxygen on peripheral muscles in COPD patients. Supplemental oxygen enhanced exercise training's impact on peak work rate and muscle cross-sectional area, suggesting it aids training adaptations."
Effects of Resistance Training on the Redox Status of Skeletal Muscle in Older Adults,"Paulo H. C. Mesquita, Donald A. Lamb, Joshua S. Godwin, Shelby C. Osburn, Bradley A. Ruple, Johnatho...",PMC7996821,biomedrxiv,2021-02-26,https://doi.org/10.3390/antiox10030350,Resistance training in older adults increased antioxidant enzyme activity and decreased oxidative damage in skeletal muscle. This suggests multi-level regulation of muscle redox status in response to training.
Effects of Rhodiola Rosea Supplementation on Exercise and Sport: A Systematic Review,"Yao Lu, Bin Deng, Luhua Xu, Hanjiao Liu, Yinzhi Song, Fengxia Lin",PMC9021834,PMC,2022-04-07,https://www.ncbi.nlm.nih.gov/pmc/articles/PMC9021834/,This systematic review evaluated Rhodiola rosea supplementation for exercise and sport. Most studies found it positively impacts athletic ability and performance with no significant adverse effects.
"The Effects of Omega-3 Supplementation Combined with Strength Training on Neuro-Biomarkers, Inflammatory and Antioxidant Responses, and the Lipid Profile in Physically Healthy Adults","Sedat Okut, Murat Ozan, Yusuf Buzdağli, Halil Uçar, Muhammet Raşit İnaç, Muhammet Talha Han, Esra Ba...",PMC12251297,Nutrients,2025-06-24,https://doi.org/10.3390/nu17132088,"This study examined the effects of omega-3 supplementation alongside strength training in healthy adults. The combination significantly improved lipid profiles, reduced inflammation, enhanced antioxidant status, boosted neuro-biomarkers, and increased physical performance."
Effects of antioxidant supplementation on oxidative stress balance in young footballers- a randomized double-blind trial,"Błażej Stankiewicz, Mirosława Cieślicka, Sławomir Kujawski, Elżbieta Piskorska, Tomasz Kowalik, Just...",PMC8185910,Journal of the International Society of Sports Nutrition,2021-06-07,https://doi.org/10.1186/s12970-021-00447-z,"Young footballers were given chokeberry juice for 7 weeks to study its effect on oxidative stress. The supplementation did not significantly alter oxidative stress markers, biochemical parameters, or performance."
Randomised Controlled Trial of Fish Oil Supplementation on Responsiveness to Resistance Exercise Training in Sarcopenic Older Women,"Natália Maira da Cruz Alves, Karina Pfrimer, Priscila Carvalho Santos, Ellen Cristini de Freitas, Th...",PMC9317261,PMC,2022-07-11,https://www.ncbi.nlm.nih.gov/pmc/articles/PMC9317261/,This randomized controlled trial examined fish oil's effect on resistance training in sarcopenic older women. Fish oil supplementation significantly enhanced muscle strength gains compared to placebo.
"The Effects of Supplementation with a Vitamin and Mineral Complex with Guaraná Prior to Fasted Exercise on Affect, Exertion, Cognitive Performance, and Substrate Metabolism: A Randomized Controlled Trial","Rachel C. Veasey, Crystal F. Haskell-Ramsay, David O. Kennedy, Karl Wishart, Silvia Maggini, Caspar ...",PMC4555111,PMC,2015-07-27,https://www.ncbi.nlm.nih.gov/pmc/articles/PMC4555111/,A vitamin and mineral complex with guaraná was given to active males before fasted exercise. This supplementation reduced perceived exertion during exercise and improved subsequent memory performance.
Effects of Exercise Alone or Combined With Cognitive Training and Vitamin D Supplementation to Improve Cognition in Adults With Mild Cognitive Impairment,"Manuel Montero-Odasso, Guangyong Zou, Mark Speechley, Quincy J. Almeida, Teresa Liu-Ambrose, Laura E...",PMC10359965,JAMA Network Open,2023-07-20,https://doi.org/10.1001/jamanetworkopen.2023.24465,A 20-week multidomain intervention combining exercise and cognitive training improved cognition in adults with mild cognitive impairment. Adding vitamin D did not enhance these cognitive benefits.
Effect of Antioxidants Supplementation on Aging and Longevity,"Izabela Sadowska-Bartosz, Grzegorz Bartosz",PMC3982418,BioMed Research International,2014-01-01,https://doi.org/10.1155/2014/404680,"This paper reviews studies on antioxidant supplementation in model organisms to test the free radical theory of aging. Findings suggest that antioxidant effects on lifespan are often indirect or unrelated to their antioxidant properties, questioning the legitimacy of human supplementation."
"Effects of Dietary Vitamin C Supplementation on Vitamin C Synthesis, Transport, and Egg Deposition in Breeding Geese","Yanglei Hu, Rong Xu, Yating Zhou, Ning Li, Haiming Yang, Jian Wang, Hongchang Zhao, Jun Yu",PMC12785077,Animals : an Open Access Journal from MDPI,2026-01-05,https://doi.org/10.3390/ani16010148,"This study investigated the impact of dietary vitamin C on vitamin C levels and transport in breeding geese. Supplementation increased vitamin C in egg yolks and serum by enhancing intestinal absorption and yolk deposition, while suppressing synthesis."
Exercise May Ameliorate the Detrimental Side Effects of High Vitamin D Supplementation on Muscle Function in Mice,"Danielle A Debruin, Cara A Timpani, Hannah Lalunio, Emma Rybalka, Craig A Goodman, Alan Hayes",PMC9327727,Journal of Bone and Mineral Research,2020-03-11,https://doi.org/10.1002/jbmr.3985,High vitamin D supplementation reduced muscle force in sedentary mice. Exercise normalized this effect and improved fatigue resistance.
Protein and the Adaptive Response With Endurance Training: Wishful Thinking or a Competitive Edge?,"Pim Knuiman, Maria T. E. Hopman, Conor Verbruggen, Marco Mensink",PMC5974122,Frontiers in Physiology,2018-05-23,https://doi.org/10.3389/fphys.2018.00598,"This perspective reviews the current evidence on protein's role in endurance training adaptations. While acute exercise may increase amino acid oxidation, the impact of dietary protein on endurance performance remains largely unproven."
Ketone ester supplementation blunts overreaching symptoms during endurance training overload,"Chiel Poffé, Monique Ramaekers, Ruud Van Thienen, Peter Hespel",PMC6851819,PMC,2019-05-22,https://www.ncbi.nlm.nih.gov/pmc/articles/PMC6851819/,Ketone ester supplementation was studied in endurance athletes undergoing training overload. This supplementation blunted overreaching symptoms and enhanced performance.
Vitamin C Supplementation Slightly Improves Physical Activity Levels and Reduces Cold Incidence in Men with Marginal Vitamin C Status: A Randomized Controlled Trial,"Carol S. Johnston, Gillean M. Barkyoumb, Sara S. Schumacher",PMC4113757,Nutrients,2014-07-09,https://doi.org/10.3390/nu6072572,This study investigated vitamin C supplementation's effects on physical activity and colds in men with marginal vitamin C status. Supplementation slightly increased physical activity and reduced cold incidence and duration.
Combined Effects of Phytochemicals and Exercise on Fatty Acid Oxidation,"Jong-Hee Kim, Yoonjung Park",PMC5545207,biomedrxiv,2016-12-01,https://doi.org/10.20463/jenb.2016.0053,This review examines how phytochemicals and exercise affect fatty acid oxidation. Certain phytochemicals combined with exercise can increase fatty acid oxidation without increasing total energy expenditure.
Aerobic training and vitamin E administration ameliorates cardiac apoptosis markers in rats exposed to methamphetamine,"Hamidreza Salimi, Amir Hossein Haghighi, Shima Ababzadeh, Hamid Marefati, Sadegh Abbasian, Amber L. ...",PMC10811645,PMC,2023-12-11,https://www.ncbi.nlm.nih.gov/pmc/articles/PMC10811645/,This study investigated the effects of aerobic training and vitamin E on cardiac apoptosis markers in rats exposed to methamphetamine. Both aerobic training and vitamin E reduced markers of cardiac apoptosis induced by methamphetamine.
Serum Oxidant and Antioxidant Status in Adolescents Undergoing Professional Endurance Sports Training,"Tom K. Tong, Hua Lin, Giuseppe Lippi, Jinlei Nie, Ye Tian",PMC3345234,Oxidative Medicine and Cellular Longevity,2012-01-01,https://doi.org/10.1155/2012/741239,"This study examined serum oxidant and antioxidant levels in adolescent endurance athletes versus untrained individuals. Athletes showed increased antioxidant enzymes, suggesting adaptation to exercise helps maintain redox balance."
The Synergistic Effects of Resveratrol combined with Resistant Training on Exercise Performance and Physiological Adaption,"Nai-Wen Kan, Mon-Chien Lee, Yu-Tang Tung, Chien-Chao Chiu, Chi-Chang Huang, Wen-Ching Huang",PMC6212981,PMC,2018-09-22,https://www.ncbi.nlm.nih.gov/pmc/articles/PMC6212981/,"This study investigated the combined effects of resveratrol and resistance training on exercise performance and physiological adaptations in mice. The combination showed synergistic benefits for grip strength, anaerobic capacity, and lactate levels, suggesting potential for improved health and physical activity."
Vitamin C and Neutrophil Function: Findings from Randomized Controlled Trials,"Mikee Liugan, Anitra C. Carr",PMC6770220,PMC,2019-09-04,https://www.ncbi.nlm.nih.gov/pmc/articles/PMC6770220/,"This review systematically analyzed randomized controlled trials on vitamin C's effects on neutrophil function. Vitamin C supplementation showed positive effects on neutrophil migration, phagocytosis, oxidative burst, and apoptosis in various patient groups and healthy individuals."
Dietary Nitrate Supplementation and Exercise Performance,Andrew M. Jones,PMC4008816,PMC,2014-05-03,https://www.ncbi.nlm.nih.gov/pmc/articles/PMC4008816/,This review examines how dietary nitrate supplementation affects exercise performance. Findings suggest nitrate can reduce exercise oxygen cost and improve performance by increasing nitric oxide availability.
L-arginine Supplementation Does Not Enhance Anaerobic Performance in Trained Female Handball Players,"Mozhgan Mardokhi, Mohammad Rahman Rahimi, Saber Saedmocheshi, Manuel Vasquez-Muñoz, David Cristobal ...",PMC12612831,PMC,2025-07-21,https://www.ncbi.nlm.nih.gov/pmc/articles/PMC12612831/,This study examined the effects of L-arginine supplementation combined with high-intensity interval training (HIIT) on female handball players. L-arginine supplementation did not enhance anaerobic performance beyond HIIT alone and may negatively impact agility.
"6-Week Supplementation with  Tribulus terrestris  L. to Trained Male CrossFit ®  Athletes on Muscle, Inflammation, and Antioxidant Biomarkers: A Randomized, Single-Blind, Placebo-Controlled Trial","Diego Fernández-Lázaro, Jesús Seco-Calvo, Jorge Pascual-Fernández, Carlos Domínguez-Ortega, Miguel D...",PMC9736311,International Journal of Environmental Research and Public Health,2022-12-02,https://doi.org/10.3390/ijerph192316158,"This study investigated the effects of 6-week *Tribulus terrestris* supplementation on trained male CrossFit athletes. Supplementation attenuated oxidative stress, muscle damage, and inflammation compared to placebo."
Independent and Combined Effects of Antioxidant Supplementation and Circuit Resistance Training on Selected Adipokines in Postmenopausal Women,"Ayoub Saeidi, Georges Jabbour, Mehdi Ahmadian, Asieh Abbassi-Daloii, Fatemeh Malekian, Anthony C. Ha...",PMC6499001,PMC,2019-04-26,https://www.ncbi.nlm.nih.gov/pmc/articles/PMC6499001/,Circuit resistance training and Zataria Multiflora supplementation were studied in postmenopausal women. The combination of both interventions showed greater improvements in selected adipokines than either intervention alone.
Vitamin E in Sarcopenia: Current Evidences on Its Role in Prevention and Treatment,"Shy Cian Khor, Norwahidah Abdul Karim, Wan Zurinah Wan Ngah, Yasmin Anum Mohd Yusof, Suzana Makpol",PMC4109111,PMC,2014-01-01,https://www.ncbi.nlm.nih.gov/pmc/articles/PMC4109111/,"This review examines vitamin E's potential role in preventing and treating sarcopenia, an age-related muscle loss syndrome. While promising antioxidant properties exist, current evidence for its direct impact on muscle health remains inconclusive."
The effects of exercise training and nutritional supplementation on taekwondo performance: a systematic review and meta-analysis,"Chen Xu, Wenxin Zhang, Lin Luo",PMC12739882,PMC,2025-12-11,https://www.ncbi.nlm.nih.gov/pmc/articles/PMC12739882/,"This systematic review and meta-analysis quantified the effects of exercise training and nutritional supplementation on taekwondo performance. Both interventions significantly improved agility, kick performance, and aerobic capacity, though results should be generalized cautiously."
Cardiovascular and Metabolic Protection by Vitamin E: A Matter of Treatment Strategy?,"Melanie Ziegler, Maria Wallert, Stefan Lorkowski, Karlheinz Peter",PMC7600583,PMC,2020-09-29,https://www.ncbi.nlm.nih.gov/pmc/articles/PMC7600583/,"This paper reviews vitamin E's role in cardiovascular health, highlighting conflicting trial results. It concludes that acute vitamin E treatment, not chronic supplementation, may offer clinical benefits, particularly in acute conditions like myocardial infarction."
"Laying performance, digestibility and plasma hormones in laying hens exposed to chronic heat stress as affected by betaine, vitamin C, and/or vitamin E supplementation","Youssef A. Attia, Abd El-Hamid E. Abd El-Hamid, Ahmed A. Abedalla, Marfat A. Berika, Mohammed A. Al-...",PMC5028346,SpringerPlus,2016-09-20,https://doi.org/10.1186/s40064-016-3304-0,"This study investigated the effects of betaine, vitamin C, and vitamin E supplementation on laying hens under chronic heat stress. Vitamin C supplementation showed the greatest improvement in laying performance and combatted heat stress effects."
Efficacy of Vitamin D Supplementation in Addition to Aerobic Exercise Training in Obese Women with Perceived Myalgia: A Single-Blinded Randomized Controlled Clinical Trial,"Heba Ahmed Ali Abdeen, David Rodriguez-Sanz, Mahmoud Ewidea, Dina Mohamed Ali Al-Hamaky, Marwa Abd E...",PMC8227578,Nutrients,2021-05-27,https://doi.org/10.3390/nu13061819,"This study examined vitamin D and aerobic exercise for obese women with muscle pain. Combining both treatments was most effective for reducing pain, improving vitamin D levels, and enhancing quality of life."
Influence of combined vitamin D 3  supplementation and resistance exercise training on musculoskeletal health in older men and women (EXVITD): protocol for a randomised controlled trial,"Anneka Elizabeth Welford, Susan Lanham-New, Janet Lord, Alison Doyle, Julie Robinson, Peter Nighting...",PMC7202733,BMJ Open,2020-01-01,https://doi.org/10.1136/bmjopen-2019-033824,This randomized controlled trial investigates the effect of vitamin D3 supplementation combined with resistance exercise training on musculoskeletal health in older adults. The study aims to determine if this combination improves muscle function more than exercise training alone.
Concurrent effects of high-intensity interval training and vitamin D supplementation on bone metabolism among women diagnosed with osteoporosis: a randomized controlled trial,"Ahmad H. Alghadir, Sami A. Gabr, Amir Iqbal",PMC12010601,BMC Musculoskeletal Disorders,2025-04-21,https://doi.org/10.1186/s12891-025-08275-x,This study examined the effects of 16 weeks of high-intensity interval training (HIIT) and vitamin D supplementation on bone metabolism in women with osteoporosis. Concurrent HIIT and vitamin D supplementation significantly improved bone mineral density and bone metabolism markers more than either intervention alone.
"α -Tocopherol Protects the Heart, Muscles, and Testes from Lipid Peroxidation in Growing Male Rats Subjected to Physical Efforts","Magdalena Górnicka, Anna Ciecierska, Jadwiga Hamulka, Małgorzata E. Drywień, Joanna Frackiewicz, Krz...",PMC8051519,PMC,2019-01-01,https://www.ncbi.nlm.nih.gov/pmc/articles/PMC8051519/,"This study investigated the effects of training and α-tocopherol supplementation on tissue α-tocopherol and lipid peroxidation in male rats. Supplementation helped prevent exercise-induced lipid peroxidation in the heart, muscles, and testes."
Chronic CaMKII inhibition blunts the cardiac contractile response to exercise training,"Guri Kaurstad, Marcia N. Alves, Ole J. Kemi, Natale Rolim, Morten A. Høydal, Helene Wisløff, Tomas O...",PMC3258410,PMC,2011-05-26,https://www.ncbi.nlm.nih.gov/pmc/articles/PMC3258410/,"Chronic CaMKII inhibition was studied in mice undergoing exercise training. This inhibition blunted the improvement in cardiac contractile function typically seen with exercise, despite a paradoxical increase in maximal oxygen uptake."
Rhodiola/Cordyceps -Based Herbal Supplement Promotes Endurance Training-Improved Body Composition But Not Oxidative Stress and Metabolic Biomarkers: A Preliminary Randomized Controlled Study,"Yi-Hung Liao, Yi-Chen Chao, Brenton Yim-Quan Sim, Hui-Mei Lin, Mu-Tsung Chen, Chung-Yu Chen",PMC6835767,Nutrients,2019-10-03,https://doi.org/10.3390/nu11102357,This study examined the effects of an 8-week endurance training program combined with a Rhodiola/Cordyceps supplement. The supplement enhanced improvements in body composition but did not affect oxidative stress or metabolic biomarkers compared to placebo.
"Biomarkers of Antioxidant Status, Inflammation, and Cartilage Metabolism Are Affected by Acute Intense Exercise but Not Superoxide Dismutase Supplementation in Horses","Emily D. Lamprecht, Carey A. Williams",PMC3423952,PMC,2012-01-01,https://www.ncbi.nlm.nih.gov/pmc/articles/PMC3423952/,"Acute intense exercise in horses increased biomarkers of inflammation and cartilage metabolism, but not antioxidant status. Superoxide dismutase supplementation did not alter these responses."
Effects of ingesting a pre-workout dietary supplement with and without synephrine for 8 weeks on training adaptations in resistance-trained males,"Y. Peter Jung, Conrad P. Earnest, Majid Koozehchian, Minye Cho, Nick Barringer, Dillon Walker, Chris...",PMC5234097,Journal of the International Society of Sports Nutrition,2017-01-03,https://doi.org/10.1186/s12970-016-0158-3,"This study investigated the effects of a pre-workout supplement with and without synephrine on resistance-trained males over 8 weeks. No significant differences were found in most training adaptations, but some improvements in cognitive function and strength were observed with the supplement."
Effects of vitamin E supplementation on sow gestation: a meta-analysis,"Ni Wayan Helpina Widyasanti, Sari Yanti Hayanti, Cecep Hidayat, I. Putu Cahyadi Putra, Jonathan Anug...",PMC12483425,Open Veterinary Journal,2025-01-01,https://doi.org/10.5455/OVJ.2025.v15.i7.31,"This meta-analysis evaluated vitamin E supplementation in pregnant sows. Vitamin E significantly increased serum α-tocopherol in sows and piglets, but did not affect litter size or weight."
Effects of Exercise Training under Hyperbaric Oxygen on Oxidative Stress Markers and Endurance Performance in Young Soccer Players: A Pilot Study,"Carlos Burgos, Carlos Henríquez-Olguín, David Cristóbal Andrade, Rodrigo Ramírez-Campillo, Oscar F. ...",PMC5204103,PMC,2016-01-01,https://www.ncbi.nlm.nih.gov/pmc/articles/PMC5204103/,This pilot study investigated the effects of hyperbaric oxygen training on young soccer players. The training improved endurance performance without increasing oxidative stress markers.
Antioxidants to Supplement or Not to Supplement That Is the Question,"Stanley Omaye, Nabil Elsayed",PMC4665397,Antioxidants,2012-09-25,https://doi.org/10.3390/antiox1010001,
"A blinded, placebo‐controlled study on the clinical effects of vitamin E supplementation in dogs with osteoarthritis","Casey L. Gordon, Samantha J. Reeves, Richard K. Burchell, Craig Thomson, Arnon Gal, Nicolas Lopez‐Vi...",PMC10472994,Journal of Veterinary Internal Medicine,2023-07-31,https://doi.org/10.1111/jvim.16816,"This study investigated vitamin E supplementation in dogs with osteoarthritis. Vitamin E did not improve pain, lameness, quality of life, or reduce pain medication needs."
The effect of fish oil supplementation on resistance training-induced adaptations,"Jeffery L. Heileson, Steven B. Machek, Dillon R. Harris, Sara Tomek, Leticia C. de Souza, Adam J. Ki...",PMC9970203,Journal of the International Society of Sports Nutrition,2023-02-23,https://doi.org/10.1080/15502783.2023.2174704,"This study investigated the effects of fish oil supplementation on resistance training adaptations in young adults. Fish oil supplementation, compared to placebo, significantly increased bench press strength but did not significantly alter body composition or squat strength."
Effect of vitamin E supplementation on chicken sperm quality: A meta-analysis,"Sari Yanti Hayanti, Cecep Hidayat, Anuraga Jayanegara, Mohammad Miftakhus Sholikin, Supardi Rusdiana...",PMC8980400,Veterinary World,2022-02-01,https://doi.org/10.14202/vetworld.2022.419-426,"This meta-analysis examined the effect of dietary vitamin E on rooster sperm quality. Vitamin E supplementation significantly improved sperm concentration, motility, viability, and fertility, while reducing sperm death."
Effects of medium-term green tea extract supplementation combined with CrossFit workout on blood antioxidant status and serum brain-derived neurotrophic factor in young men: a pilot study,"Ewa Sadowska-Krępa, Przemysław Domaszewski, Ilona Pokora, Aleksandra Żebrowska, Agnieszka Gdańska, T...",PMC6429762,PMC,2019-03-21,https://www.ncbi.nlm.nih.gov/pmc/articles/PMC6429762/,"This pilot study examined the effects of green tea extract (GTE) and CrossFit on young men's antioxidant status and BDNF. GTE supplementation, combined with CrossFit, showed a greater increase in antioxidant capacity compared to placebo, with some improvements in antioxidant enzymes."
Effects of Peanut Protein Supplementation on Resistance Training Adaptations in Younger Adults,"Casey L. Sexton, Morgan A. Smith, Kristen S. Smith, Shelby C. Osburn, Joshua S. Godwin, Bradley A. R...",PMC8621247,Nutrients,2021-11-09,https://doi.org/10.3390/nu13113981,Peanut protein supplementation was studied alongside resistance training in young adults. The supplement did not affect muscle protein synthesis or strength gains in males and females.
Vitamin E and Bone Structural Changes: An Evidence-Based Review,"Isa Naina Mohamed, Boekhtiar Borhanuddin, Ahmad Nazrun Shuid, Nur Farhana Mohd Fozi",PMC3483709,PMC,2012-01-01,https://www.ncbi.nlm.nih.gov/pmc/articles/PMC3483709/,"This review examined vitamin E's effects on bone structure, analyzing 11 studies. Some animal studies showed positive bone changes with vitamin E, particularly tocotrienols, suggesting potential for osteoporosis research."
Cornu cervi pantotrichum  supplementation improves physiological adaptions during intensive endurance training,"Wen-Ching HUANG, Chi-Chang HUANG, Hsiao-Li CHUANG, Chien-Chao CHIU, Wen-Chyuan CHEN, Mei-Chich HSU",PMC5383196,The Journal of Veterinary Medical Science,2017-02-03,https://doi.org/10.1292/jvms.16-0623,"This study investigated the effects of Cornu cervi pantotrichum (CCP) supplementation on mice undergoing intensive endurance training. CCP supplementation improved physiological adaptations related to fatigue and energy consumption, and maintained fat composition compared to training alone."
Evidence for beneficial effects of vitamin E,Etsuo Niki,PMC4578028,PMC,2015-09-01,https://www.ncbi.nlm.nih.gov/pmc/articles/PMC4578028/,This review discusses vitamin E's role as an antioxidant in diseases linked to oxidative stress. Vitamin E benefits individuals with oxidative stress if administered correctly in terms of timing and duration.
α-Tocopherol Pharmacokinetics in Adults with Cystic Fibrosis: Benefits of Supplemental Vitamin C Administration,"Maret G. Traber, Scott W. Leonard, Vihas T. Vasu, Brian M. Morrissey, Huangshu (John) Lei, Jeffrey A...",PMC9505313,PMC,2022-09-09,https://www.ncbi.nlm.nih.gov/pmc/articles/PMC9505313/,"This study investigated α-tocopherol pharmacokinetics in adults with cystic fibrosis, with and without vitamin C supplementation. Vitamin C administration slowed the plasma disappearance rate of α-tocopherol, suggesting it augments its concentration."
Temperate performance and metabolic adaptations following endurance training performed under environmental heat stress,"Ed Maunder, Daniel J. Plews, Gareth A. Wallis, Matthew J. Brick, Warren B. Leigh, Wee‐Leong Chang, C...",PMC8114151,PMC,2021-05-12,https://www.ncbi.nlm.nih.gov/pmc/articles/PMC8114151/,Endurance training in 33°C versus 18°C was studied in trained males. Training in heat improved time-trial performance and mitochondrial citrate synthase activity more than training in temperate conditions.
Beet supplementation mitigates post-exercise inflammation,"David C. Nieman, Camila A. Sakaguchi, James C. Williams, Fayaj A. Mulani, Patil Shivprasad Suresh, A...",PMC11169660,PMC,2024-05-30,https://www.ncbi.nlm.nih.gov/pmc/articles/PMC11169660/,A mixed beet-based supplement was tested against a placebo in cyclists after intensive exercise. The supplement increased nitrate/nitrite levels and reduced inflammation-related proteins and oxylipins post-exercise.
Sex differences in the effect of fish-oil supplementation on the adaptive response to resistance exercise training in older people: a randomized controlled trial 1 2,"Mariasole Da Boit, Rachael Sibson, Selvaraj Sivasubramaniam, Judith R Meakin, Carolyn A Greig, Richa...",PMC5183731,The American Journal of Clinical Nutrition,2017-01-01,https://doi.org/10.3945/ajcn.116.140780,"This study investigated fish oil supplementation's effect on resistance training adaptations in older adults, comparing men and women. Fish oil enhanced muscle strength and quality in women, but not in men, though it lowered triglycerides in both sexes."
Effect of vitamins C or E supplementation to Tris diluent on the semen quality of Awassi rams preserved at 5 ˚C,"Osama Ibrahim Azawi, Elias Khudhur Hussein",PMC4312374,Veterinary Research Forum,2013-01-01,,"This study investigated the effect of adding vitamins C or E to a semen diluent for Awassi rams stored at 5°C. Adding vitamins C or E improved sperm motility, viability, and reduced abnormalities during storage."
Vitamin C: should we supplement?,"Angélique M.E. Spoelstra-de Man, Paul W.G. Elbers, Heleen M. Oudemans-Van Straaten",PMC6039380,PMC,2018-08-01,https://www.ncbi.nlm.nih.gov/pmc/articles/PMC6039380/,"This paper reviews vitamin C's role in critically ill patients, where deficiency is common. Pharmacological doses may reduce organ dysfunction and mortality, but more research is needed."
Arginine and antioxidant supplement on performance in elderly male cyclists: a randomized controlled trial,"Steve Chen, Woosong Kim, Susanne M Henning, Catherine L Carpenter, Zhaoping Li",PMC2860344,PMC,2010-01-01,https://www.ncbi.nlm.nih.gov/pmc/articles/PMC2860344/,An L-arginine and antioxidant supplement was tested on elderly male cyclists. The supplement increased anaerobic threshold but did not affect VO2 max.
Prevention of Mammary Tumorigenesis in Acatalasemic Mice by Vitamin E Supplementation,"Kunihiko Ishii, Li‐Xue Zhen, Da‐hong Wang, Yuka Funamori, Katsuo Ogawa, Kazuhisa Taketa",PMC5921155,Japanese Journal of Cancer Research : Gann,1996-07-01,https://doi.org/10.1111/j.1349-7006.1996.tb00277.x,Acatalasemic mice were studied to assess vitamin E's effect on mammary tumors. Vitamin E supplementation significantly reduced mammary tumor incidence in these mice.
"A functional evaluation of anti-fatigue and exercise performance improvement following vitamin B complex supplementation in healthy humans, a randomized double-blind trial","Mon-Chien Lee, Yi-Ju Hsu, Sih-Yu Shen, Chin-Shan Ho, Chi-Chang Huang",PMC10542023,PMC,2023-01-01,https://www.ncbi.nlm.nih.gov/pmc/articles/PMC10542023/,This study investigated the effects of vitamin B complex supplementation on exercise performance and fatigue. Supplementation significantly improved endurance and reduced fatigue markers without adverse effects.
Effects of arachidonic acid supplementation on training adaptations in resistance-trained males,"Michael D Roberts, Mike Iosia, Chad M Kerksick, Lem W Taylor, Bill Campbell, Colin D Wilborn, Travis...",PMC2217562,Journal of the International Society of Sports Nutrition,2007-01-01,https://doi.org/10.1186/1550-2783-4-21,"This study investigated arachidonic acid (AA) supplementation's effects on resistance-trained males. AA supplementation enhanced anaerobic capacity and reduced inflammation, but did not significantly improve strength, muscle mass, or hypertrophy markers."
Effects of multi-ingredient supplementation on resistance training in young males,"Mark ET Willems, Chris W Sallis, Jonathan A Haskell",PMC3588667,Journal of Human Kinetics,2012-06-01,https://doi.org/10.2478/v10078-012-0048-y,"A multi-ingredient supplement was tested alongside resistance training in young males. The supplement enhanced some strength and endurance measures, but not others."
Vitamin E (α-tocopherol) supplementation in diabetic rats: effects on the proximal colon,"Luciana P Roldi, Renata VF Pereira, Eleandro A Tronchini, Gabriela V Rizo, Célia R Scoaris, Jacqueli...",PMC2788574,BMC Gastroenterology,2009-01-01,https://doi.org/10.1186/1471-230X-9-88,"This study investigated the effects of vitamin E supplementation on the proximal colons of diabetic rats. Vitamin E (2%) reduced blood sugar and protected myenteric neurons, but did not alter intestinal wall structure."
Effects of Endurance Training on Antioxidant and Hormonal Status in Peripheral Blood of Young Healthy Men,"Stanimir Stojiljković, Ljubica Gavrilović, Snežana Pejić, Snežana B. Pajović, Marija Macura, Dragan ...",PMC11355762,Life,2024-07-24,https://doi.org/10.3390/life14080921,"An 8-week endurance running program was studied in young men. The training improved antioxidant capacity and hormonal balance, indicating adaptation without persistent oxidative stress."
EFFECTS OF L-ASCORBIC ACID AND ALPHA-TOCOPHEROL ON BIOCHEMICAL PARAMETERS OF SWIMMING-INDUCED OXIDATIVE STRESS IN SERUM OF GUINEA PIGS,"Marija Bursać-Mitrović, Dragan R. Milovanović, Radoslav Mitić, Danijela Jovanović, Miroslav Sovrlić,...",PMC5566150,PMC,2016-01-01,https://www.ncbi.nlm.nih.gov/pmc/articles/PMC5566150/,"This study investigated the effects of L-ascorbic acid and alpha-tocopherol on biochemical markers of oxidative stress in guinea pigs after swimming. The vitamins demonstrated protective antioxidant activity, with combined treatments showing a synergistic effect."
"Enhanced Human Neutrophil Vitamin C Status, Chemotaxis and Oxidant Generation Following Dietary Supplementation with Vitamin C-Rich  SunGold  Kiwifruit","Stephanie M. Bozonet, Anitra C. Carr, Juliet M. Pullar, Margreet C. M. Vissers",PMC4425162,Nutrients,2015-04-09,https://doi.org/10.3390/nu7042574,"Dietary supplementation with vitamin C-rich kiwifruit was studied in men with suboptimal vitamin C status. Supplementation improved neutrophil chemotaxis and oxidant generation, suggesting enhanced immunity."
"Does vitamin D supplementation improve bone health, body composition and physical performance beyond endurance exercise in patients with type 2 diabetes: A secondary analysis of randomized controlled trial","Xiaomin Sun, Wenjuan Xiao, Zhongying Li, Sirui Zhou, Mengyue Dong, Cong Huang, Yan Ma, Bo Gou",PMC9554259,PMC,2022-09-28,https://www.ncbi.nlm.nih.gov/pmc/articles/PMC9554259/,"This study examined the effects of vitamin D and endurance exercise on type 2 diabetes patients. Vitamin D supplementation alone did not improve outcomes beyond exercise, but it may help prevent exercise-induced bone loss."
Effect of vitamin D supplementation on upper and lower limb muscle strength and muscle power in athletes: A meta-analysis,"Lin Zhang, Minghui Quan, Zhen-Bo Cao",PMC6490896,PLoS ONE,2019-04-30,https://doi.org/10.1371/journal.pone.0215826,"This meta-analysis examined the effect of vitamin D supplementation on athlete muscle strength and power. Vitamin D supplementation positively impacted lower limb muscle strength, but not upper limb strength or muscle power."
Dietary and supplemental intake of vitamins C and E is associated with altered DNA methylation in an epigenome-wide association study meta-analysis,"Amena Keshawarz, Roby Joehanes, Jiantao Ma, Gha Young Lee, Ricardo Costeira, Pei-Chien Tsai, Olatz M...",PMC10228397,Epigenetics,2023-05-26,https://doi.org/10.1080/15592294.2023.2211361,"This study meta-analyzed EWAS results to assess vitamin C and E intake's association with DNA methylation. Vitamin C intake was linked to numerous CpG sites, potentially influencing systems development and immune response."
Influence of Vitamin E Supplementation on Glycaemic Control: A Meta-Analysis of Randomised Controlled Trials,"Renfan Xu, Shasha Zhang, Anyu Tao, Guangzhi Chen, Muxun Zhang",PMC3989270,PLoS ONE,2014-01-01,https://doi.org/10.1371/journal.pone.0095008,"This meta-analysis examined vitamin E supplementation's effect on glycaemic control in type 2 diabetes. Vitamin E supplementation did not significantly improve HbA1c, fasting glucose, or fasting insulin, except in patients with low baseline vitamin E."
Effects of Vitamin D3 Supplementation and Resistance Training on 25-Hydroxyvitamin D Status and Functional Performance of Older Adults: A Randomized Placebo-Controlled Trial,"Rudolf Aschauer, Sandra Unterberger, Patrick A. Zöhrer, Agnes Draxler, Bernhard Franzke, Eva-Maria S...",PMC8746949,Nutrients,2021-12-26,https://doi.org/10.3390/nu14010086,This study investigated the effects of vitamin D3 supplementation and resistance training on older adults. Vitamin D supplementation improved vitamin D status but did not enhance muscle performance or functional mobility beyond resistance training alone.
Vitamin E Dietary Supplementation Improves Neurological Symptoms and Decreases c-Abl/p73 Activation in Niemann-Pick C Mice,"Tamara Marín, Pablo Contreras, Juan Francisco Castro, David Chamorro, Elisa Balboa, Mònica Bosch-Mor...",PMC4145291,Nutrients,2014-07-30,https://doi.org/10.3390/nu6083000,"Dietary vitamin E supplementation was studied in Niemann-Pick C mice to assess its impact on neurological symptoms and disease progression. The supplementation delayed neurodegeneration, improved motor function, and reduced markers of oxidative stress and apoptosis."
Oral vitamin C restores endothelial function during acute inflammation in young and older adults,"Elizabeth C. Lefferts, Brooks A. Hibner, Wesley K. Lefferts, Natalia S. Lima, Tracy Baynard, Jacob M...",PMC8582295,PMC,2021-11-11,https://www.ncbi.nlm.nih.gov/pmc/articles/PMC8582295/,"Oral vitamin C was given to young and older adults during acute inflammation to assess its effect on vascular function. Vitamin C restored endothelial function, but not aortic stiffness, during inflammation."
Effects of antioxidant-rich  foods  on altitude-induced oxidative stress and inflammation in elite endurance athletes: A randomized controlled trial,"Anu Elisa Koivisto, Thomas Olsen, Ingvild Paur, Gøran Paulsen, Nasser Ezzatkhah Bastani, Ina Garthe,...",PMC6563980,biomedrxiv,2019-06-13,https://doi.org/10.1371/journal.pone.0217895,"Elite endurance athletes consumed antioxidant-rich foods during altitude training. This increased antioxidant capacity and reduced some inflammatory markers, but did not affect oxidative stress."
Adaptations to strength training differ between endurance-trained and untrained women,"Olav Vikmoen, Truls Raastad, Stian Ellefsen, Bent R. Rønnestad",PMC7295735,European Journal of Applied Physiology,2020-05-05,https://doi.org/10.1007/s00421-020-04381-x,"Endurance-trained and untrained women underwent 11 weeks of strength training. Concurrent training did not impair strength or hypertrophy gains, but attenuated increases in explosive power."
Does vitamin-D intake during resistance training improve the skeletal muscle hypertrophic and strength response in young and elderly men? – a randomized controlled trial,"Jakob Agergaard, Jeanette Trøstrup, Jacob Uth, Jonas Vestergard Iversen, Anders Boesen, Jesper L. An...",PMC4589960,Nutrition & Metabolism,2015-09-30,https://doi.org/10.1186/s12986-015-0029-y,"This study investigated vitamin-D's impact on muscle growth and strength during resistance training in young and elderly men. Vitamin-D supplementation did not enhance muscle hypertrophy or strength gains, though some molecular changes were observed in young men."
The effect of vitamin E supplementation on selected inflammatory biomarkers in adults: a systematic review and meta-analysis of randomized clinical trials,"Omid Asbaghi, Mehdi Sadeghian, Behzad Nazarian, Mehrnoosh Sarreshtedari, Hassan Mozaffari-Khosravi, ...",PMC7560744,Scientific Reports,2020-10-14,https://doi.org/10.1038/s41598-020-73741-6,"This meta-analysis examined vitamin E's effects on inflammatory biomarkers in adults. Vitamin E, especially alpha-tocopherol, significantly reduced C-reactive protein and tumor necrosis factor-alpha levels."
The effects of isoflavone supplementation plus combined exercise on salivary markers of oxidative stress in postmenopausal women,"Ana Luiza Amaral, Anne M. Mendonça, Jéssica S. Giolo, Juliene G. Costa, Igor M. Mariano, Tállita C. ...",PMC6983439,PMC,2020-01-01,https://www.ncbi.nlm.nih.gov/pmc/articles/PMC6983439/,"This study investigated isoflavone supplementation combined with exercise in postmenopausal women. Isoflavones, with exercise, reduced lipid peroxidation and salivary nitrite, suggesting an antioxidant effect."
"A Dose-Dependent Effect of Carnipure ®  Tartrate Supplementation on Endurance Capacity, Recovery, and Body Composition in an Exercise Rat Model","Kazim Sahin, Cemal Orhan, Osman Kucuk, Nurhan Sahin, Mehmet Tuzcu, Besir Er, Shane Durkee, Aouatef B...",PMC7284330,PMC,2020-05-23,https://www.ncbi.nlm.nih.gov/pmc/articles/PMC7284330/,"Carnipure® Tartrate supplementation was studied in exercising rats to assess its effects on endurance, recovery, and body composition. The study found that CT supplementation dose-dependently improved endurance, recovery, and antioxidant capacity, while reducing body weight and fat."
Cardioprotection conferred by exercise training is blunted by blockade of the opioid system,"Tatiana F G Galvão, Katt C Matos, Patrícia C Brum, Carlos E Negrão, Protásio Lemos da Luz, Antônio C...",PMC3044560,PMC,2011-01-01,https://www.ncbi.nlm.nih.gov/pmc/articles/PMC3044560/,"Exercise training and other interventions were studied for their cardioprotective effects. Opioid receptor blockade blunted the cardioprotective benefits of exercise training, suggesting a role for opioids in this protection."
"Effect of thyme extract supplementation on lipid peroxidation, antioxidant capacity, PGC-1α content and endurance exercise performance in rats","Mostafa Khani, Pezhman Motamedi, Mohammad Reza Dehkhoda, Saeed Dabagh Nikukheslat, Pouran Karimi",PMC5401469,Journal of the International Society of Sports Nutrition,2017-04-21,https://doi.org/10.1186/s12970-017-0167-x,This study investigated the effects of thyme extract supplementation on endurance exercise in rats. Thyme extract supplementation prolonged exercise tolerance but did not improve antioxidant capacity or mitochondrial biogenesis markers.
Efficacy of Vitamin C Supplements in Prevention of Cancer: A Meta-Analysis of Randomized Controlled Trials,"Bobae Lee, Seung-Won Oh, Seung-Kwon Myung",PMC4666862,PMC,2015-11-01,https://www.ncbi.nlm.nih.gov/pmc/articles/PMC4666862/,A meta-analysis of seven randomized controlled trials examined vitamin C supplements for cancer prevention. The analysis found no significant association between vitamin C supplementation and reduced cancer risk.
Inter-Individual Variability in the Adaptive Responses to Endurance and Sprint Interval Training: A Randomized Crossover Study,"Jacob T. Bonafiglia, Mario P. Rotundo, Jonathan P. Whittall, Trisha D. Scribbans, Ryan B. Graham, Br...",PMC5147982,PLoS ONE,2016-12-09,https://doi.org/10.1371/journal.pone.0167790,"This study investigated individual responses to endurance and sprint interval training in adults. Both training types elicited varied adaptations, with no consistent response patterns between them, though all participants responded to at least one intervention."
Mangosteen Concentrate Drink Supplementation Promotes Antioxidant Status and Lactate Clearance in Rats after Exercise,"Ching-Chien Chang, Chia-Wen Chen, Eddy Owaga, Wan-Ting Lee, Ting-Ni Liu, Rong-Hong Hsieh",PMC7284599,PMC,2020-05-17,https://www.ncbi.nlm.nih.gov/pmc/articles/PMC7284599/,"Mangosteen concentrate drink supplementation was studied in rats after running exercise. The drink increased antioxidant enzymes, reduced oxidative stress, and improved lactate clearance, benefiting muscle fatigue reduction."
Alpha-Tocopherol Metabolites (The Vitamin E Metabolome) and Their Interindividual Variability during Supplementation,"Desirée Bartolini, Rita Marinelli, Danilo Giusepponi, Roberta Galarini, Carolina Barola, Anna Maria ...",PMC7912187,PMC,2021-01-25,https://www.ncbi.nlm.nih.gov/pmc/articles/PMC7912187/,"This study analyzed vitamin E metabolites in healthy volunteers after supplementation. Metabolite levels showed significant interindividual variability, with some metabolites being poor indicators of intake, while others correlated with vitamin E levels and gene expression."
Exercise without Weight Loss Prevents Seasonal Decline in Vitamin D Metabolites: The VitaDEx Randomized Controlled Trial,"Oliver J. Perkin, Sophie E. Davies, Martin Hewison, Kerry S. Jones, Javier T. Gonzalez, James A. Bet...",PMC12165100,PMC,2025-05-11,https://www.ncbi.nlm.nih.gov/pmc/articles/PMC12165100/,"This randomized controlled trial studied the effect of exercise on vitamin D metabolites in overweight adults during winter. Regular exercise maintained active vitamin D levels and may prevent declines in other vitamin D metabolites, independent of weight loss."
Efficacy of Vitamin and Antioxidant Supplements in Prevention of Esophageal Cancer: Meta-analysis of Randomized Controlled Trials,"Seung-Kwon Myung, Hyo Jin Yang",PMC4189455,Journal of Cancer Prevention,2013-06-01,https://doi.org/10.15430/JCP.2013.18.2.135,This meta-analysis examined randomized controlled trials on vitamin and antioxidant supplements for esophageal cancer prevention. The findings indicate no evidence that these supplements prevent esophageal cancer.
Carbon tetrachloride-induced liver disease in rats: the potential effect of supplement oils with vitamins E and C on the nutritional status,"Rasha S. A. Ismail, Ashraf A. A. El-Megeid, Aly R. Abdel-Moemin",PMC2716554,GMS German Medical Science,2009-06-30,https://doi.org/10.3205/000064,"This study investigated the effects of different oils and vitamin supplementation on carbon tetrachloride-induced liver damage in rats. Supplementing oils with vitamins E and C, particularly flaxseed oil, significantly improved liver function and histology."
Antioxidant trials—the need to test for stress,Robert John Aitken,PMC7937419,Human Reproduction Open,2021-01-01,https://doi.org/10.1093/hropen/hoab007,
Effect of vitamin C injections on exercise muscular performance and biochemical parameters in  Trichinella spiralis -infected mice,"Hadeer Abd El-hak Rashed, Bander Albogami, Abdulsalam A. M. Alkhaldi, Najlaa Y. Abuzinadah, Samah S....",PMC11568815,PMC,2024-11-13,https://www.ncbi.nlm.nih.gov/pmc/articles/PMC11568815/,"This study investigated vitamin C injections' effects on exercise performance and biochemical markers in mice infected with *Trichinella spiralis*. Vitamin C improved muscular performance, reduced histological damage, and ameliorated biochemical markers of oxidative stress and muscle damage."
Effects of Plyometric Training and Beta-Alanine Supplementation on Maximal-Intensity Exercise and Endurance in Female Soccer Players,"Fabián Rosas, Rodrigo Ramírez-Campillo, Cristian Martínez, Alexis Caniuqueo, Rodrigo Cañas-Jamet, Em...",PMC5548158,Journal of Human Kinetics,2017-08-01,https://doi.org/10.1515/hukin-2017-0072,"This study investigated the combined effects of plyometric training and beta-alanine supplementation on female soccer players. Beta-alanine supplementation alongside plyometric training enhanced endurance, repeated sprinting, and repeated jumping performance more than plyometric training alone."
Regular sling core stabilization training improves bone density based on calcium and vitamin D supplementation,"Jing Liu, Daoming Xu, Lanying Liu, Chihuan Huang, Zhijie Guo, Di Zhang, Liyu Wei",PMC10576283,BMC Musculoskeletal Disorders,2023-10-13,https://doi.org/10.1186/s12891-023-06896-8,"This paper reports on a case study of a 70-year-old woman with osteoporosis. Regular sling core stabilization training, combined with calcium and vitamin D supplementation, improved her bone density and relieved back pain."
Effect of Vitamin C and Protein Supplementation on Plasma Nitrate and Nitrite Response following Consumption of Beetroot Juice,"Gary D. Miller, Beverly A. Nesbit, Daniel B. Kim-Shapiro, Swati Basu, Michael J. Berry",PMC9100995,PMC,2022-04-29,https://www.ncbi.nlm.nih.gov/pmc/articles/PMC9100995/,This study investigated the effect of vitamin C or protein supplementation on plasma nitrate and nitrite levels after beetroot juice consumption. No significant differences were found in plasma nitrate and nitrite levels when beetroot juice was co-ingested with vitamin C or whey protein compared to beetroot juice alone.
"Building strength, endurance, and mobility using an astaxanthin formulation with functional training in elderly","Sophia Z. Liu, Amir S. Ali, Matthew D. Campbell, Kevin Kilroy, Eric G. Shankland, Baback Roshanravan...",PMC6204600,"Journal of Cachexia, Sarcopenia and Muscle",2018-09-26,https://doi.org/10.1002/jcsm.12318,"An astaxanthin formulation was tested with functional training in elderly subjects. The formulation improved muscle strength and size, in addition to exercise-induced gains in endurance and mobility."
Effects of Zinc Magnesium Aspartate (ZMA) Supplementation on Training Adaptations and Markers of Anabolism and Catabolism,"Colin D Wilborn, Chad M Kerksick, Bill I Campbell, Lem W Taylor, Brandon M Marcello, Christopher J R...",PMC2129161,Journal of the International Society of Sports Nutrition,2004-01-01,https://doi.org/10.1186/1550-2783-1-2-12,"This study investigated ZMA supplementation's effects on training adaptations and hormone profiles in resistance-trained males. ZMA did not significantly improve training adaptations, body composition, or hormone levels compared to placebo."
Iron Supplementation during Three Consecutive Days of Endurance Training Augmented Hepcidin Levels,"Aya Ishibashi, Naho Maeda, Akiko Kamei, Kazushige Goto",PMC5579614,Nutrients,2017-07-30,https://doi.org/10.3390/nu9080820,This study investigated the impact of three days of intense endurance training and iron supplementation on hepcidin levels in male athletes. Iron supplementation during this training period significantly augmented hepcidin levels compared to placebo.
Impact of protein supplementation during endurance training on changes in skeletal muscle transcriptome,"Pim Knuiman, Roland Hangelbroek, Mark Boekschoten, Maria Hopman, Marco Mensink",PMC7285456,BMC Genomics,2020-06-09,https://doi.org/10.1186/s12864-020-6686-x,"This study analyzed skeletal muscle transcriptome changes after endurance training with or without protein supplementation. Protein supplementation increased the number of differentially expressed genes, particularly those related to the extracellular matrix."
Powdered tart cherry supplementation surrounding a single bout of intense resistance exercise demonstrates potential attenuation of recovery strength decrement with no definitive oxidative or inflammatory effect,"K Levers, R Dalton, E Galvan, C Goodenough, A O'Connor, S Simbo, N Barringer, S Mertens-Talcott, C R...",PMC4594794,Journal of the International Society of Sports Nutrition,2015-01-01,https://doi.org/10.1186/1550-2783-12-S1-P25,
Effect of resistance training with and without vitamin D calcium chitosan nanoparticle supplements on apoptosis markers in ovariectomized rats: An experimental study,"Mahsa Dehghan-Manshadi, Mohammad-Ali Azarbayjani, Sirvan Atashak, Maghsoud Peeri, Saleh Rahmati-Ahma...",PMC9446447,International Journal of Reproductive Biomedicine,2022-07-01,https://doi.org/10.18502/ijrm.v20i7.11557,This study examined how resistance training and vitamin D/calcium/chitosan nanoparticles affect apoptosis markers in ovariectomized rats. The combination of resistance training and supplements appeared to reverse OVX-induced apoptosis.
The association of oxidative stress of neonatal hyperbilirubinemia and vitamin E supplementation,"Mohamed Zaeim Hafez Ahmed, Reham Helmy Amin Helmy Saad, Ahmad Gadalla, Ramadan Hassan Ibrahim Thabet...",PMC11100342,Clinical and Experimental Hepatology,2024-03-17,https://doi.org/10.5114/ceh.2024.136230,This study investigated the effect of vitamin E supplementation on neonatal hyperbilirubinemia treated with phototherapy. Vitamin E significantly reduced serum bilirubin levels and the duration of phototherapy.
Effects of exercise training and dietary supplement on fat free mass and bone mass density during weight loss – a systematic review and meta-analysis.,"Anja Roth, Martin Sattelmayer, Chloé Schorderet, Simone Gafner, Lara Allet, Nahid Ramezani-Jolfaie, ...",PMC9396077,F1000Research,2022-09-06,https://doi.org/10.5256/f1000research.79422.r125759,"This systematic review and meta-analysis examined exercise training and dietary supplements' effects on fat-free mass during weight loss. Exercise training, particularly combined with high protein intake, significantly helps preserve fat-free mass."
Dietary Adjustments to Altitude Training in Elite Endurance Athletes; Impact of a Randomized Clinical Trial With Antioxidant-Rich Foods,"Anu E. Koivisto-Mørk, Ingvild Paur, Gøran Paulsen, Ina Garthe, Truls Raastad, Nasser E. Bastani, Run...",PMC7739752,Frontiers in Sports and Active Living,2020-08-26,https://doi.org/10.3389/fspor.2020.00106,"Elite endurance athletes increased energy, carbohydrate, iron, fluid, and antioxidant-rich food intake during altitude training. An antioxidant-rich snack intervention further boosted intake of specific nutrients but did not significantly alter blood parameters compared to a control group."
Combined effects of vitamin D supplementation and endurance exercise training on insulin resistance in newly diagnosed type 2 diabetes mellitus patients with vitamin D deficiency: study protocol for a randomized controlled trial,"Mi Xiang, Xiaomin Sun, Junxiang Wei, Zhen-Bo Cao",PMC8647429,Trials,2021-12-06,https://doi.org/10.1186/s13063-021-05861-x,This study protocol outlines a randomized controlled trial investigating the combined effects of vitamin D and endurance exercise on insulin resistance in newly diagnosed type 2 diabetes patients. The research aims to determine if this combination offers synergistic benefits beyond individual interventions.
Effects of Endurance Training and Chlorogenic Acid on Oxidative and Nitrosative Stress Markers in Prediabetic Male Mice,"Sahar Ghasemi Pour, Sayyed M. Marandi",PMC11878644,PMC,2025-01-01,https://www.ncbi.nlm.nih.gov/pmc/articles/PMC11878644/,"Endurance training and chlorogenic acid were studied for their effects on oxidative and nitrosative stress in prediabetic mice. Both interventions improved antioxidant capacity, with endurance training reducing glutathione and chlorogenic acid increasing total antioxidant capacity."
Effects of Dietary Nitrate Supplementation on Performance and Muscle Oxygenation during Resistance Exercise in Men,"Rachel Tan, Adam Pennell, Katherine M. Price, Sean T. Karl, Noelle G. Seekamp-Hicks, Keonabelle K. P...",PMC9504620,PMC,2022-09-08,https://www.ncbi.nlm.nih.gov/pmc/articles/PMC9504620/,This study investigated beetroot juice supplementation's effects on resistance exercise performance and muscle oxygenation. Beetroot juice improved repetitions to failure in the bench press but had no effect on other performance measures or muscle oxygenation.
Effects of High-Dose Vitamin D Supplementation and Physical Exercise on Vitamin D Metabolites in Professional Football Players: A Pilot Study,"Anna Książek, Aleksandra Zagrodna, Konrad Kowalski",PMC12787493,Nutrients,2026-01-05,https://doi.org/10.3390/nu18010175,"This pilot study examined vitamin D metabolite changes in professional football players during and after exercise, with and without high-dose supplementation. Physical activity increased vitamin D metabolites, and supplementation further amplified these levels, suggesting rapid status improvement."
The effects of endurance training and thiamine supplementation on anti-fatigue during exercise,"Sung-Keun Choi, Seung-Hui Baek, Seung-Wook Choi",PMC4241913,Journal of Exercise Nutrition & Biochemistry,2013-12-01,https://doi.org/10.5717/jenb.2013.17.4.189,"Endurance training and thiamine supplementation were studied for their anti-fatigue effects during exercise. Both interventions significantly reduced lactate and ammonia concentrations, suggesting thiamine offers similar benefits to training."
The Role of Vitamin E in Preventing and Treating Osteoarthritis – A Review of the Current Evidence,"Kok-Yong Chin, Soelaiman Ima-Nirwana",PMC6113565,PMC,2018-08-21,https://www.ncbi.nlm.nih.gov/pmc/articles/PMC6113565/,"This review examines vitamin E's role in osteoarthritis, focusing on its antioxidant and anti-inflammatory properties. Evidence suggests vitamin E may slow osteoarthritis progression by reducing oxidative stress and inflammation."
The Relationship between Resistance Exercise Performance and Ventilatory Efficiency after Beetroot Juice Intake in Well-Trained Athletes,"Noemí Serra-Payá, Manuel Vicente Garnacho-Castaño, Sergio Sánchez-Nuño, Lluís Albesa-Albiol, Montser...",PMC8065812,PMC,2021-03-27,https://www.ncbi.nlm.nih.gov/pmc/articles/PMC8065812/,"This study investigated the impact of beetroot juice on resistance exercise performance and ventilatory efficiency in athletes. Beetroot juice improved ventilatory efficiency and resistance exercise performance, suggesting an ergogenic effect under aerobic conditions."
Effects of Vitamin and Antioxidant Supplements in Prevention of Bladder Cancer: a Meta-Analysis of Randomized Controlled Trials,"So-Jung Park, Seung-Kwon Myung, Yunju Lee, Yong-Jae Lee",PMC5334161,Journal of Korean Medical Science,2017-04-01,https://doi.org/10.3346/jkms.2017.32.4.628,"This meta-analysis examined vitamin and antioxidant supplements for bladder cancer prevention across fourteen RCTs. These supplements showed no preventive effect, with beta-carotene alone potentially increasing risk."
On the effect of vitamin C intake on human health: How to (mis)interprete the clinical evidence,Jens Lykkesfeldt,PMC7296342,PMC,2020-05-23,https://www.ncbi.nlm.nih.gov/pmc/articles/PMC7296342/,This review examines clinical studies on vitamin C's health effects beyond scurvy. It concludes that ignoring vitamin C's unique pharmacokinetics leads to flawed study designs and misinterpretation of results.
Antioxidant Supplements and Oxidative Stress,"Jumana Saleh, Marvin Edeas, Harry Van Goor",PMC6839674,PMC,2019-08-01,https://www.ncbi.nlm.nih.gov/pmc/articles/PMC6839674/,
"Effects of 8 weeks of Xpand® 2X pre workout supplementation on skeletal muscle hypertrophy, lean body mass, and strength in resistance trained males","Ryan P Lowery, Jordan M Joy, Joshua E Dudeck, Eduardo Oliveira de Souza, Sean A McCleary, Shawn Well...",PMC3851572,Journal of the International Society of Sports Nutrition,2013-01-01,https://doi.org/10.1186/1550-2783-10-44,"This study investigated the effects of an 8-week pre-workout supplement on resistance-trained males. The supplement significantly increased bench press strength, lean body mass, and quadriceps muscle thickness compared to a placebo."
"Combined effect of high-dose vitamin A, vitamin E supplementation, and zinc on adult patients with diabetes: A randomized trial","Eman Said, Shrook Mousa, May Fawzi, Nirmeen A. Sabry, Samar Farid",PMC7753230,Journal of Advanced Research,2020-06-21,https://doi.org/10.1016/j.jare.2020.06.013,"This randomized trial investigated the effects of vitamin A plus E supplementation, with and without zinc, on adult patients with type 2 diabetes. The combination of vitamins A and E with zinc significantly improved glycemic control and insulin secretion compared to a control group."
"Shatavari supplementation during eight weeks of resistance training increases training load, enhances skeletal muscle contractility and alters the skeletal muscle proteome in older women","Elsa Greed, Jack Pritchard, Lauren Struszczak, Esra Bozbaş, Georgia Ek, Jordan Acheson, Ben Winney, ...",PMC11743497,Frontiers in Nutrition,2025-01-06,https://doi.org/10.3389/fnut.2024.1498674,"Shatavari supplementation was studied in older women undergoing resistance training. It increased training load, improved muscle relaxation speed, and altered muscle protein expression, suggesting reduced neuromuscular fatigue."
Exercise Performance Upregulatory Effect of R-α-Lipoic Acid with γ-Cyclodextrin,"Yuki Hashimoto, Katsuhiko Yoshizawa, Yuka Kaido, Akiko Takenouchi, Keiji Terao, Hiroyuki Yasui, Yuta...",PMC8746793,PMC,2021-12-22,https://www.ncbi.nlm.nih.gov/pmc/articles/PMC8746793/,"This study investigated the effect of a γ-cyclodextrin complex of R-α-lipoic acid on exercise performance and oxidative stress in mice. The complex supplementation repressed exercise-induced blood ammonia elevation and reduced kidney oxidative stress, suggesting potential benefits for athletic performance."
No effect of beetroot juice supplementation on exercise economy and performance in recreationally active females despite increased torque production,"Kate A. Wickham, Devin G. McCarthy, Jamie M. Pereira, Daniel T. Cervone, Lex B. Verdijk, Luc J. C. v...",PMC6336290,PMC,2019-01-17,https://www.ncbi.nlm.nih.gov/pmc/articles/PMC6336290/,"This study examined beetroot juice supplementation's impact on exercise economy and performance in recreationally active females. Beetroot juice did not improve exercise economy or time trial performance, despite increasing low-frequency torque production."
The effect of methyl sulphonyl methane supplementation on biomarkers of oxidative stress in sport horses following jumping exercise,"Gonzalo Marañón, Bárbara Muñoz-Escassi, William Manley, Cruz García, Patricia Cayado, Mercedes Sánch...",PMC2586020,PMC,2008-01-01,https://www.ncbi.nlm.nih.gov/pmc/articles/PMC2586020/,"This study investigated the effects of methyl sulfonyl methane (MSM) and vitamin C supplementation on oxidative stress markers in sport horses after jumping exercise. MSM supplementation, especially when combined with vitamin C, significantly reduced exercise-induced increases in oxidative stress and inflammation."
Effects of Urolithin A supplementation on performance and antioxidant status in academy soccer players during preseason: a pilot randomised controlled trial,"Andrea Monsalve Acevedo, Colin Sanctuary, Robert John Aitken, Alex Wilkins, Natasha Harrison, Mitche...",PMC12611738,Frontiers in Nutrition,2025-10-30,https://doi.org/10.3389/fnut.2025.1674446,This pilot study investigated Urolithin A supplementation in academy soccer players during preseason training. Urolithin A supplementation significantly improved aerobic endurance compared to placebo.
Vitamins C and E alleviate the deleterious effects of electronic cigarettes on tongue muscles and nerves in rat model,"Yasmine M. Tolba, Raghda A. Abou ayana, Dina A. Nagui",PMC12269154,BMC Oral Health,2025-07-16,https://doi.org/10.1186/s12903-025-06523-z,"This study investigated electronic cigarette effects on rat tongue muscles and nerves, and the protective roles of vitamins C and E. Vitamins E and C, but not C alone, significantly mitigated electronic cigarette-induced oxidative damage and ultrastructural harm."
Cranberry supplementation improves physiological markers of performance in trained runners,"Francis Parenteau, Veronica Furno Puglia, Mary Roberts, Alain Steve Comtois, Andreas Bergdahl",PMC10844722,PMC,2023-12-01,https://www.ncbi.nlm.nih.gov/pmc/articles/PMC10844722/,"This study investigated cranberry extract's effects on trained runners' performance and physiological markers. Chronic supplementation improved running performance and muscle reoxygenation, and buffered lactate response during shorter races."
"Beetroot supplementation in women enjoying exercise together (BEE SWEET): Rationale, design and methods","Marissa N. Baranauskas, Cody A. Altherr, Allison H. Gruber, Andrew R. Coggan, John S. Raglin, Samir ...",PMC7773568,PMC,2020-12-25,https://www.ncbi.nlm.nih.gov/pmc/articles/PMC7773568/,This study investigates if beetroot supplementation enhances exercise benefits in postmenopausal women. It aims to determine if beetroot juice improves mobility and cardiovascular health outcomes compared to exercise alone or exercise with a placebo.
Effects of Vitamin E on Cognitive Performance during Ageing and in Alzheimer’s Disease,"Giorgio La Fata, Peter Weber, M. Hasan Mohajeri",PMC4276978,PMC,2014-11-28,https://www.ncbi.nlm.nih.gov/pmc/articles/PMC4276978/,This review examines vitamin E's role in cognitive performance during aging and Alzheimer's disease. Inconsistent study outcomes mean vitamin E's benefit for neurodegenerative disorders remains debated.
High-dose testosterone supplementation disturbs liver pro-oxidant/antioxidant balance and function in adolescent male Wistar rats undergoing moderate-intensity endurance training,"Ewa Sadowska-Krępa, Barbara Kłapcińska, Anna Nowara, Sławomir Jagsz, Izabela Szołtysek-Bołdys, Małgo...",PMC7680624,PeerJ,2020-11-19,https://doi.org/10.7717/peerj.10228,"High-dose testosterone supplementation was studied in adolescent rats undergoing endurance training. It disrupted the liver's antioxidant balance and function, increasing oxidative stress markers and enzyme activities."
Antioxidant supplementation in hypertension,"Mohammad Reza Ardalan, Mahmoud Rafieian-Kopaei",PMC4206049,PMC,2014-01-01,https://www.ncbi.nlm.nih.gov/pmc/articles/PMC4206049/,
Effects of β-Alanine Supplementation on Subjects Performing High-Intensity Functional Training,"Eduardo Cimadevilla-Fernández-Pola, Cristina Martínez-Roldán, Jose Luis Maté-Muñoz, Jesús Guodemar-P...",PMC11280034,PMC,2024-07-19,https://www.ncbi.nlm.nih.gov/pmc/articles/PMC11280034/,This study investigated the effects of four weeks of β-alanine supplementation on individuals performing High-Intensity Functional Training. β-alanine supplementation improved vertical jump and jumping power without significantly altering fatigue or perceived exertion.
Vitamin E and Alzheimer’s Disease—Is It Time for Personalized Medicine?,"Breana Cervantes, Lynn M. Ulatowski",PMC5618073,PMC,2017-06-24,https://www.ncbi.nlm.nih.gov/pmc/articles/PMC5618073/,"This paper reviews the debate on vitamin E's efficacy for Alzheimer's disease, considering different forms, combination treatments, and safety. It proposes that genetic variations influencing vitamin E metabolism may necessitate a personalized medicine approach for future clinical trials."
Vitamin C Is Essential for the Maintenance of Skeletal Muscle Functions,"Shoko Takisawa, Yuka Takino, Jaewon Lee, Shuichi Machida, Akihito Ishigami",PMC9312141,PMC,2022-06-23,https://www.ncbi.nlm.nih.gov/pmc/articles/PMC9312141/,"Long-term vitamin C deficiency was studied in male mice lacking VC synthesis, showing muscle atrophy and reduced physical ability. Vitamin C is essential for maintaining skeletal muscle function in both sexes."
Vitamin E Supplementation with  Rauwolfia Vomitoria  Root Bark Extract Improves Hematological Indices,"Akpanabiatu Monday Isaiah, Otitoju Olawale, Edet Emmanuel Effiong, Ndem Jessie Idongesit, Uwah Antho...",PMC3296325,North American Journal of Medical Sciences,2012-02-01,https://doi.org/10.4103/1947-2714.93383,"This study investigated the effects of vitamin E supplementation with *Rauwolfia vomitoria* root bark extract on rat hematology. The combination improved immunity and enhanced hematological indices, suggesting a therapeutic interaction."
Reply: antioxidant trials—the need to test for stress,"Mohan S Kamath, Mariano Mascarenhas, Treasa Joseph, Muthukumar Karthikeyan, Aleyamma T Kunjummen",PMC7937421,Human Reproduction Open,2021-01-01,https://doi.org/10.1093/hropen/hoab008,
"Effects of 𝛽-Hydroxy-𝛽-methylbutyrate-free Acid Supplementation on Strength, Power and Hormonal Adaptations Following Resistance Training","Abbas Asadi, Hamid Arazi, Katsuhiko Suzuki",PMC5748766,Nutrients,2017-12-02,https://doi.org/10.3390/nu9121316,"This study investigated the effects of HMB-FA supplementation during resistance training on strength, power, and hormonal responses in men. HMB-FA supplementation enhanced power and strength gains and positively influenced growth hormone and IGF-1 levels, while reducing ACTH and cortisol."
Vitamin E and Alzheimer’s disease: what do we know so far?,"Declan Browne, Bernadette McGuinness, Jayne V Woodside, Gareth J McKay",PMC6645610,PMC,2019-07-18,https://www.ncbi.nlm.nih.gov/pmc/articles/PMC6645610/,"This paper reviews the potential of vitamin E for Alzheimer's disease, examining its biological functions and observed deficiencies. Despite a strong theoretical basis, clinical trial evidence for vitamin E supplementation remains inconclusive due to various factors."
The Effect of Beta-Alanine versus Alkaline Agent Supplementation Combined with Branched-Chain Amino Acids and Creatine Malate in Highly-Trained Sprinters and Endurance Athletes: A Randomized Double-Blind Crossover Study,"Krzysztof Durkalec-Michalski, Krzysztof Kusy, Monika Ciekot-Sołtysiak, Jacek Zieliński",PMC6769605,Nutrients,2019-08-21,https://doi.org/10.3390/nu11091961,"This study investigated the effects of beta-alanine versus alkaline agents, combined with BCAAs and creatine malate, on elite sprinters and endurance athletes. Beta-alanine supplementation led to increased fat-free mass in sprinters and reduced post-exercise ammonia in both groups, but did not improve aerobic capacity."
The effect on endothelial function of vitamin C during methionine induced hyperhomocysteinaemia,"Colm G Hanratty, Lawrence T McGrath, Daniel F McAuley, Ian S Young, Dennis G Johnston",PMC34516,PMC,2001-01-01,https://www.ncbi.nlm.nih.gov/pmc/articles/PMC34516/,"Methionine increased homocysteine and impaired endothelial function in healthy adults. Vitamin C did not prevent this impairment, suggesting the mechanism is not free radical-mediated."
"Vitamin C—Sources, Physiological Role, Kinetics, Deficiency, Use, Toxicity, and Determination","Martin Doseděl, Eduard Jirkovský, Kateřina Macáková, Lenka Kujovská Krčmová, Lenka Javorská, Jana Po...",PMC7918462,PMC,2021-02-13,https://www.ncbi.nlm.nih.gov/pmc/articles/PMC7918462/,"This review discusses vitamin C's broad physiological roles beyond its antioxidant function, including its impact on iron absorption and epigenetic processes. While essential for preventing scurvy, high doses can be pro-oxidant and potentially harmful, with limited proven benefits for other diseases."
Effect of vitamin e supplementation with exercise on cognitive functions and total antioxidant capacity in older people,E. Çetin; E.C. Top; G. Şahin; Y. Gül. Özkaya; H. Aydin; F. Toraman,PMC12880339,"The Journal of Nutrition, Health & Aging",2010-07-30,https://doi.org/10.1007/s12603-010-0256-x,We investigated the effects of six months vitamin E administration on cognition evaluated by event-related potentials in exercising older subjects. Randomised controlled trial. Retirement home in Anta
Does  Colostrum Bovinum  Supplementation Affect Swimming Performance in Endurance-Trained Males? A Randomized Placebo-Controlled Crossover Study,"Krzysztof Durkalec-Michalski, Natalia Główka, Tomasz Podgórski, Mikołaj Szymocha, Błażej Przybylik, ...",PMC11435245,Nutrients,2024-09-22,https://doi.org/10.3390/nu16183204,"Colostrum Bovinum supplementation was studied for its effects on swimming performance and exercise adaptations in endurance-trained males. Colostrum Bovinum and placebo were found to be comparably effective in evoking exercise adaptations, with no significant impact on swimming performance."
Effects of electrotactic exercise and antioxidant EUK-134 on oxidative stress relief in  Caenorhabditis elegans,"Thi Thanh Huong Pham, Wan-Ying Huang, Chang-Shi Chen, Wen-Tai Chiu, Han-Sheng Chuang",PMC7817057,PMC,2021-01-20,https://www.ncbi.nlm.nih.gov/pmc/articles/PMC7817057/,"Electrotactic exercise and antioxidant EUK-134 were studied for their effects on oxidative stress in *C. elegans*. The combination significantly improved worm survivorship, reproduction, and motility, suggesting long-term antioxidative stress benefits."
Beetroot Juice Supplementation Improves High-Intensity Intermittent Type Exercise Performance in Trained Soccer Players,"Jean Nyakayiru, Kristin L. Jonvik, Jorn Trommelen, Philippe J. M. Pinckaers, Joan M. Senden, Luc J. ...",PMC5372977,PMC,2017-03-22,https://www.ncbi.nlm.nih.gov/pmc/articles/PMC5372977/,Six days of beetroot juice supplementation were studied in trained soccer players. This supplementation improved high-intensity intermittent exercise performance and reduced heart rate.
Effects of  Cistanche deserticola  Y.C. Ma Supplementation on Muscle Strength and Recovery: A Randomized Controlled Trial,"Biaoxu Tao, Weihao Lian, Rongrong Min, Xiaoyu Zhang, Liqi Chen, Sun Hao, Ze Li, Chengzhe Ma, Haojie ...",PMC12472218,Nutrients,2025-09-16,https://doi.org/10.3390/nu17182965,"This study investigated the effects of *Cistanche deserticola* supplementation on muscle strength and recovery in trained and untrained men. Supplementation significantly improved muscle strength, endurance, and recovery markers in both groups."
Acute Beetroot Juice Supplementation Enhances Intermittent Running Performance but Does Not Reduce Oxygen Cost of Exercise among Recreational Adults,"Ozcan Esen, Raúl Domínguez, Raci Karayigit",PMC9319752,PMC,2022-07-11,https://www.ncbi.nlm.nih.gov/pmc/articles/PMC9319752/,Acute beetroot juice supplementation was studied for its effects on intermittent running performance and oxygen cost. It improved performance but did not reduce oxygen consumption in recreational adults.
"Supplementation with  Lactiplantibacillus brevis  GKEX Combined with Resistance Exercise Training Improves Muscle Mass, Strength Performance, and Body Fat Condition in Healthy Humans","Mon-Chien Lee, Yi-Ju Hsu, Chin-Shan Ho, You-Shan Tsai, Chin-Chu Chen, Chi-Chang Huang",PMC11011920,Foods,2024-03-27,https://doi.org/10.3390/foods13071030,"This study investigated the effects of *Lactiplantibacillus brevis* GKEX supplementation combined with resistance training. The combination significantly improved muscle mass, strength, and reduced body fat compared to placebo."
"Acute effects of beetroot juice vs. creatine supplementation on maximal strength, autonomic regulation, and muscle oxygenation during incremental resistance exercise","Atef Salem, Achraf Ammar, Mohamed Kerkeni, Mohamed Ali Boujelbane, Ayse Merve Uyar, Leonard Moritz K...",PMC12490317,PMC,2025-06-06,https://www.ncbi.nlm.nih.gov/pmc/articles/PMC12490317/,"This study examined beetroot juice and creatine supplementation's acute effects on strength, autonomic regulation, and muscle oxygenation during resistance exercise. Beetroot juice improved muscle oxygenation and autonomic regulation compared to placebo, while both supplements enhanced peak velocity."
"Effect of an herbal/botanical supplement on strength, balance, and muscle function following 12-weeks of resistance training: a placebo controlled study","Jonathan Furlong, Corey A Rynders, Mark Sutherlin, James Patrie, Frank I Katch, Jay Hertel, Arthur W...",PMC4047772,Journal of the International Society of Sports Nutrition,2014-01-01,https://doi.org/10.1186/1550-2783-11-23,"A 12-week resistance training program was studied with and without an herbal supplement. The supplement did not enhance strength, balance, or muscle function adaptations beyond those from training alone."
The effect of long term astaxanthin supplementation on the antioxidant status of racing Arabian horses – preliminary study,"Beata Giercuszkiewicz-Hecold, Marek Kulka, Michał Czopowicz, Jacek Wilczak, Ewa Szarska, Katarzyna S...",PMC11564757,Scientific Reports,2024-11-14,https://doi.org/10.1038/s41598-024-77732-9,This study investigated the effect of long-term astaxanthin supplementation on racing Arabian horses. Astaxanthin supplementation improved antioxidant status and partially counterbalanced training-induced oxidative stress.
"The Effects of Isoflavone Supplementation Plus Combined Exercise on Lipid Levels, and Inflammatory and Oxidative Stress Markers in Postmenopausal Women","Jéssica S. Giolo, Juliene G. Costa, Jair P. da Cunha-Junior, Ana Cláudia A. M. Pajuaba, Ernesto A. T...",PMC5946209,PMC,2018-03-29,https://www.ncbi.nlm.nih.gov/pmc/articles/PMC5946209/,"This study investigated the effects of isoflavone supplementation combined with exercise on postmenopausal women's lipid levels, inflammation, and oxidative stress. Isoflavone supplementation did not enhance exercise benefits; however, exercise alone may improve cholesterol and IL-8 levels."
Protein Supplementation Has Minimal Effects on Muscle Adaptations during Resistance Exercise Training in Young Men: A Double-Blind Randomized Clinical Trial 1 2 3,"Paul T Reidy, Michael S Borack, Melissa M Markofski, Jared M Dickinson, Rachel R Deer, Syed H Husain...",PMC4997282,The Journal of Nutrition,2016-09-01,https://doi.org/10.3945/jn.116.231803,"A randomized trial examined protein blend supplementation during resistance training in young men. Protein supplementation showed minimal effects on muscle strength and size, with only a slight trend for increased lean body mass."
Vitamin D and Exercise Performance in Professional Soccer Players,"Nikolaos E. Koundourakis, Nikolaos E. Androulakis, Niki Malliaraki, Andrew N. Margioris",PMC4081585,PMC,2014-01-01,https://www.ncbi.nlm.nih.gov/pmc/articles/PMC4081585/,"This study examined the association between vitamin D levels and performance in professional soccer players, and how off-season affects vitamin D. Higher vitamin D correlated with better strength, speed, and aerobic capacity, while off-season increased vitamin D but decreased performance."
"Association of vitamin C, vitamin D, vitamin E and risk of bladder cancer: a dose-response meta-analysis","Fuqiang Chen, Qingshu Li, Yang Yu, Wenrong Yang, Fei Shi, Yan Qu",PMC5386108,Scientific Reports,2015-04-23,https://doi.org/10.1038/srep09599,"This meta-analysis examined the link between vitamins C, D, and E and bladder cancer risk. Higher vitamin D and E intake, particularly alpha-tocopherol, may reduce risk, while gamma-tocopherol might increase it, with effects more pronounced in smokers."
Effects of Royal Jelly Administration on Endurance Training-Induced Mitochondrial Adaptations in Skeletal Muscle,"Yumiko Takahashi, Kamiyu Hijikata, Kohei Seike, Suguru Nakano, Mai Banjo, Yosuke Sato, Kenya Takahas...",PMC6266893,Nutrients,2018-11-12,https://doi.org/10.3390/nu10111735,Royal jelly was administered to mice undergoing endurance training to study its effects on muscle mitochondria. Royal jelly enhanced training-induced mitochondrial adaptations in soleus muscles by activating AMPK.
The effect of Vitamin E supplementation on treatment of chronic periodontitis,"Parichehr Behfarnia, Mina Dadmehr, Seyedeh Negin Hosseini, Seyed Amir Mirghaderi",PMC8428286,Dental Research Journal,2021-01-01,,This study investigated Vitamin E supplementation's effect on chronic periodontitis treatment. Vitamin E significantly reduced attachment loss compared to standard treatment alone.
"Effects of Exercise Combined with Undenatured Type II Collagen on Endurance Capacity, Antioxidant Status, Muscle Lipogenic Genes and E3 Ubiquitin Ligases in Rats","Cemal Orhan, Emre Sahin, Besir Er, Mehmet Tuzcu, Andrey P. Lopes, Nurhan Sahin, Vijaya Juturu, Kazim...",PMC8002679,PMC,2021-03-17,https://www.ncbi.nlm.nih.gov/pmc/articles/PMC8002679/,Exercise combined with undenatured type II collagen improved endurance capacity and antioxidant status in rats. It also reduced muscle lipogenic gene expression and markers of muscle damage.
Betalain-Rich Concentrate Supplementation Improves Exercise Performance in Competitive Runners,"Justin S. Van Hoorebeke, Casey O. Trias, Brian A. Davis, Christina F. Lozada, Gretchen A. Casazza",PMC5968885,PMC,2016-07-25,https://www.ncbi.nlm.nih.gov/pmc/articles/PMC5968885/,"This study investigated the effects of betalain-rich concentrate supplementation on competitive runners. Supplementation improved 5-km time trial performance, reduced heart rate and perceived exertion, and decreased muscle damage markers."
Twelve‐Week  Colostrum Bovinum  Supplementation Supports Aerobic Capacity but has No Effect on Body Composition in Endurance‐Trained Males: A Randomized Placebo‐Controlled Crossover Study,"Krzysztof Durkalec‐Michalski, Natalia Główka, Tomasz Podgórski, Krystian Wochna, Małgorzata Woźniewi...",PMC12010043,European Journal of Sport Science,2025-04-20,https://doi.org/10.1002/ejsc.12288,Twelve-week colostrum supplementation was studied in endurance-trained males. Colostrum improved aerobic capacity indicators but did not affect body composition or time to exhaustion.
Acute beetroot juice supplementation does not attenuate knee extensor exercise muscle fatigue in a healthy young population,"Seungyong Lee, Mark G. Abel, Travis Thomas, T. Brock Symons, James W. Yates",PMC6477801,PMC,2019-03-31,https://www.ncbi.nlm.nih.gov/pmc/articles/PMC6477801/,This study investigated the effect of beetroot juice on knee extensor muscle fatigue. Beetroot juice did not reduce fatigue but did increase blood pressure in healthy young adults.
The effects of nutritional supplementation on older sarcopenic individuals who engage in resistance training: a meta-analysis,"Zixian Song, Tingting Pan, Xu Tong, Ying Yang, Ze Zhang",PMC10167299,Frontiers in Nutrition,2023-04-25,https://doi.org/10.3389/fnut.2023.1109789,"This meta-analysis examined resistance training with nutritional supplementation for sarcopenia. Combining resistance training with supplements, particularly protein and vitamin D, improved grip strength in older adults with sarcopenia."
Low‐Dose Lemon Myrtle Supplementation Enhances Muscle Hypertrophy in Older Adults Undergoing Low‐Load Resistance Training: A Randomized Controlled Trial,"Risa Mitsuhashi, Shuji Sawada, Azusa Nishino, Shinichi Honda, Yuji Tominaga, Shiori Makio, Hayao Oza...",PMC12862105,Journal of Aging Research,2026-02-01,https://doi.org/10.1155/jare/8887586,Low-dose lemon myrtle supplementation was studied with low-load resistance training in older adults. The supplement enhanced muscle growth after training but did not maintain it during detraining.
Vitamin E function and requirements in relation to PUFA,"Daniel Raederstorff, Adrian Wyss, Philip C. Calder, Peter Weber, Manfred Eggersdorfer",PMC4594047,PMC,2015-08-21,https://www.ncbi.nlm.nih.gov/pmc/articles/PMC4594047/,"This review evaluated vitamin E requirements in relation to dietary PUFA intake. Vitamin E requirements increase with higher PUFA consumption and unsaturation, necessitating adequate intake to match recommended PUFA levels."
Acute Beetroot Juice Supplementation Attenuates Morning-Associated Decrements in Supramaximal Exercise Performance in Trained Sprinters,"Amanda M. Dumar, Anna F. Huntington, Rebecca R. Rogers, Thomas J. Kopec, Tyler D. Williams, Christop...",PMC7825729,PMC,2021-01-07,https://www.ncbi.nlm.nih.gov/pmc/articles/PMC7825729/,This study investigated the effect of beetroot juice on morning exercise performance in sprinters. Beetroot juice supplementation prevented the typical morning performance decrements observed in trained sprinters.
Effects of Aerobic Dance Exercise and Honey Supplementation Followed by Their Subsequent Cessation on Bone Metabolism Markers and Antioxidant Status in Young Collegiate Females,"Somayeh Sadat Tavafzadeh, Chee Keong Chen, Foong Kiew Ooi, Nurul Azuar Hamzah, Siti Amrah Sulaiman, ...",PMC10325124,PMC,2023-06-01,https://www.ncbi.nlm.nih.gov/pmc/articles/PMC10325124/,"This study examined the effects of aerobic dance and honey supplementation, and their cessation, on bone health and antioxidant status in young women. Combined exercise and honey supplementation improved bone and antioxidant markers, with some benefits maintained after cessation."
Oral Arginine Supplementation in Healthy Individuals Performing Regular Resistance Training,"Ștefan-Sebastian Busnatu, Octavian Andronic, Maria-Alexandra Pană, Anca Pantea Stoian, Alexandru Sca...",PMC9891176,PMC,2023-01-06,https://www.ncbi.nlm.nih.gov/pmc/articles/PMC9891176/,Oral arginine supplementation was studied in healthy men performing resistance training. Arginine supplementation reduced blood pressure and improved body composition compared to a control group.
"Effects of supplementation with α-tocopherol, ascorbic acid, selenium, or their combination in linseed oil-enriched diets on the oxidative status in broilers","J Leskovec, A Levart, A Nemec Svete, L Perić, M Đukić Stojčić, D Žikić, J Salobir, V Rezar",PMC5890603,PMC,2018-05-01,https://www.ncbi.nlm.nih.gov/pmc/articles/PMC5890603/,"Broilers fed linseed oil-enriched diets were supplemented with vitamin E, vitamin C, selenium, or a combination. Vitamin E was the most effective antioxidant, with no clear synergistic benefit from adding vitamin C and selenium."
Prolonged Heat Acclimation and Aerobic Performance in Endurance Trained Athletes,"C. Jacob Mikkelsen, Nicklas Junge, Jacob F. Piil, Nathan B. Morris, Laura Oberholzer, Christoph Sieb...",PMC6843002,PMC,2019-11-01,https://www.ncbi.nlm.nih.gov/pmc/articles/PMC6843002/,This study investigated prolonged heat acclimation's effects on endurance cyclists' aerobic performance in cool conditions. Prolonged heat training did not improve aerobic power or time trial performance in cool weather compared to standard training.
Vitamin C for Cardiac Protection during Percutaneous Coronary Intervention: A Systematic Review of Randomized Controlled Trials,"Sher Ali Khan, Sandipan Bhattacharjee, Muhammad Owais Abdul Ghani, Rachel Walden, Qin M. Chen",PMC7468730,PMC,2020-07-23,https://www.ncbi.nlm.nih.gov/pmc/articles/PMC7468730/,This systematic review analyzed eight randomized controlled trials on vitamin C's effect on cardiac protection during percutaneous coronary intervention. Vitamin C administration before PCI was found to reduce cardiac injury markers and inflammation.
Tocotrienols and Whey Protein Isolates Substantially Increase Exercise Endurance Capacity in Diet -Induced Obese Male Sprague-Dawley Rats,"Andrew C. Betik, Jay Aguila, Glenn K. McConell, Andrew J. McAinch, Michael L. Mathai",PMC4825941,PMC,2016-04-08,https://www.ncbi.nlm.nih.gov/pmc/articles/PMC4825941/,"This study investigated the effects of tocotrienols (TCT) and whey protein isolates (WPI) on exercise endurance in obese rats. Both TCT and WPI significantly increased exercise capacity by over 50% without affecting weight, adiposity, or glucose tolerance."
Four months vitamin D supplementation to vitamin D insufficient individuals does not improve muscular strength: A randomized controlled trial,"Guri Grimnes, Julia Kubiak, Rolf Jorde",PMC6914329,PLoS ONE,2019-12-16,https://doi.org/10.1371/journal.pone.0225600,This study investigated the effect of vitamin D supplementation on muscle strength in vitamin D insufficient individuals. Four months of supplementation did not improve muscle strength compared to placebo.
"A systematic review, meta-analysis and meta-regression of the effect of protein supplementation on resistance training-induced gains in muscle mass and strength in healthy adults","Robert W Morton, Kevin T Murphy, Sean R McKellar, Brad J Schoenfeld, Menno Henselmans, Eric Helms, A...",PMC5867436,British Journal of Sports Medicine,2018-03-01,https://doi.org/10.1136/bjsports-2017-097608,"A systematic review and meta-analysis examined protein supplementation's effect on resistance training gains. Protein supplementation significantly increased muscle mass and strength, with benefits varying by age and training experience."
"Consumption of Nitrate-Rich Beetroot Juice with or without Vitamin C Supplementation Increases the Excretion of Urinary Nitrate, Nitrite, and  N -nitroso Compounds in Humans","Julia E. Berends, Lauri M.M. van den Berg, Martina A. Guggeis, Nikki F.T. Henckens, Israt J. Hossein...",PMC6539140,PMC,2019-05-08,https://www.ncbi.nlm.nih.gov/pmc/articles/PMC6539140/,"Beetroot juice consumption increased urinary nitrate, nitrite, and N-nitroso compounds. Vitamin C supplementation reduced N-nitroso compound increase after a single dose but not after chronic use."
Comparative Bioavailability of Vitamin C After Short-Term Consumption of Raw Fruits and Vegetables and Their Juices: A Randomized Crossover Study,"Mijoo Choi, Juha Baek, Jung-Mi Yun, Young-Shick Hong, Eunju Park",PMC12608462,PMC,2025-10-23,https://www.ncbi.nlm.nih.gov/pmc/articles/PMC12608462/,"This study compared vitamin C bioavailability from supplements, raw produce, and juice. Juice provided the most efficient vitamin C absorption, though all forms were bioavailable."
Effects of low-dose ibuprofen supplementation and resistance training on bone and muscle in postmenopausal women: A randomized controlled trial,"Whitney R.D. Duff, Saija A. Kontulainen, Darren G. Candow, Julianne J. Gordon, Riley S. Mason, Regin...",PMC4926836,Bone Reports,2016-04-28,https://doi.org/10.1016/j.bonr.2016.04.004,"This study investigated the effects of resistance training and ibuprofen on bone and muscle in postmenopausal women. Ibuprofen supplementation showed some benefits for bone health, particularly when combined with stretching."
Effects of Protein Supplementation During High-Intensity Functional Training on Physical Performance in Recreationally Trained Males and Females: A Randomized Controlled Trial,"Christina Karpouzi, Ioannis Kosmidis, Anatoli Petridou, Gabriela Voulgaridou, Sousana K. Papadopoulo...",PMC12074003,Nutrients,2025-04-25,https://doi.org/10.3390/nu17091441,This study investigated the effects of egg white and whey protein supplementation during High-Intensity Functional Training (HIFT). Protein supplementation did not enhance physical performance improvements from HIFT.
Early morning run-training results in enhanced endurance performance adaptations in mice,"Stuart J. Hesketh, Casey L. Sexton, Christopher A. Wolff, Mark R. Viggars, Karyn A. Esser",PMC10541096,bioRxiv,2023-09-19,https://doi.org/10.1101/2023.09.18.557933,Six weeks of endurance training in mice showed that morning training led to greater adaptation than afternoon training. This suggests morning exercise improves muscle clock alignment for better performance.
Muscle-Related Effect of Whey Protein and Vitamin D 3  Supplementation Provided before or after Bedtime in Males Undergoing Resistance Training,"Yan Chen, Yiheng Liang, Hang Guo, Kun Meng, Junqiang Qiu, Dan Benardot",PMC9183069,Nutrients,2022-05-30,https://doi.org/10.3390/nu14112289,This study examined the effects of whey protein and vitamin D supplementation before or after sleep on muscle mass and strength during resistance training. Both supplementation timings led to significant improvements in muscle mass and hormones compared to a placebo.
A High Vitamin C Micronutrient Supplement Is Unable to Attenuate Inflammation in People with Metabolic Syndrome but May Improve Metabolic Health Indices: A Randomised Controlled Trial,"Emma Vlasiuk, Masuma Zawari, Rebekah Whitehead, Jonathan Williman, Anitra C. Carr",PMC11047647,PMC,2024-03-28,https://www.ncbi.nlm.nih.gov/pmc/articles/PMC11047647/,"A randomized controlled trial investigated if a high vitamin C supplement could reduce inflammation in people with metabolic syndrome. The supplement did not reduce inflammation but showed minor improvements in BMI, fasting glucose, and HbA1c."
Dose Response of Acute ATP Supplementation on Strength Training Performance,"Helton Pereira dos Santos Nunes de Moura, Ralf Jäger, Martin Purpura, John A. Rathmacher, John C. Fu...",PMC8692774,PMC,2021-12-08,https://www.ncbi.nlm.nih.gov/pmc/articles/PMC8692774/,"This study investigated the dose response of acute oral ATP supplementation on strength training performance. A 400 mg dose of ATP significantly increased repetitions, while 100 mg reduced perceived exertion."
The Effect of Nordic Walking Training Combined with Vitamin D Supplementation on Postural Control and Muscle Strength in Elderly People—A Randomized Controlled Trial,"Jan Mieszkowski, Bartłomiej Niespodziński, Andrzej Kochanowicz, Anna Gmiat, Krzysztof Prusik, Katarz...",PMC6164155,International Journal of Environmental Research and Public Health,2018-09-07,https://doi.org/10.3390/ijerph15091951,"This study investigated the combined effects of Nordic Walking intensity and Vitamin D supplementation on elderly women. High-intensity Nordic Walking improved Vitamin D and muscle strength, while moderate-intensity Nordic Walking showed similar Vitamin D benefits with higher supplementation, also increasing leg muscle mass."
Effects of an Aqueous Extract of  Withania somnifera  on Strength Training Adaptations and Recovery: The STAR Trial,"Tim N. Ziegenfuss, Anurag W. Kedia, Jennifer E. Sandrock, Betsy J. Raub, Chad M. Kerksick, Hector L....",PMC6266766,Nutrients,2018-11-20,https://doi.org/10.3390/nu10111807,"This study investigated the effects of an aqueous *Withania somnifera* extract on strength training. The extract significantly improved strength gains, body composition, and recovery compared to placebo."
Effects of ovariectomy and resistance training on oxidative stress markers in the rat liver,"Maria Fernanda Cury Rodrigues, Uliana Sbeguen Stotzer, Mateus Moraes Domingos, Rafael Deminice, Gilb...",PMC3782731,Clinics,2013-09-01,https://doi.org/10.6061/clinics/2013(09)12,This study investigated resistance training's effects on liver oxidative stress in ovariectomized rats. The training did not reduce oxidative stress and worsened the oxidative balance in these rats.
"Strength Training Prior to Endurance Exercise: Impact on the Neuromuscular System, Endurance Performance and Cardiorespiratory Responses","Matheus Conceição, Eduardo Lusa Cadore, Miriam González-Izal, Mikel Izquierdo, Giane Veiga Liedtke, ...",PMC4327368,PMC,2014-12-09,https://www.ncbi.nlm.nih.gov/pmc/articles/PMC4327368/,"This study examined strength training's acute effects on neuromuscular and cardiorespiratory responses during endurance exercise. Strength training before endurance exercise impaired time-to-exhaustion, with no significant changes in oxygen uptake or heart rate."
Effect of whey vs. soy protein supplementation on recovery kinetics following speed endurance training in competitive male soccer players: a randomized controlled trial,"Savvas Kritikos, Konstantinos Papanikolaou, Dimitrios Draganidis, Athanasios Poulios, Kalliopi Georg...",PMC7968192,Journal of the International Society of Sports Nutrition,2021-03-16,https://doi.org/10.1186/s12970-021-00420-w,Whey and soy protein supplementation were studied for their effects on recovery after soccer speed-endurance training. Neither protein source improved performance or muscle damage markers compared to placebo.
Effects of gamma oryzanol supplementation on anthropometric measurements & muscular strength in healthy males following chronic resistance training,"Saghar Eslami, Norhaizan Mohd Esa, Seyed Mohammad Marandi, Gholamali Ghasemi, Sepehr Eslami",PMC4164998,The Indian Journal of Medical Research,2014-06-01,,This study investigated gamma oryzanol supplementation's effects on strength and body measurements during resistance training. Gamma oryzanol improved muscular strength but did not significantly alter anthropometric measurements.
Lung Function and Respiratory Muscle Adaptations of Endurance- and Strength-Trained Males,Daniel A. Hackett,PMC7764033,Sports,2020-12-10,https://doi.org/10.3390/sports8120160,"This study compared lung function and respiratory muscle strength in endurance-trained versus strength-trained males. Endurance trainers showed greater maximal voluntary ventilation, while strength trainers had greater respiratory muscle strength, which was linked to lower body strength."
Vitamin E As a Potential Interventional Treatment for Metabolic Syndrome: Evidence from Animal and Human Studies,"Sok Kuan Wong, Kok-Yong Chin, Farihah Hj Suhaimi, Fairus Ahmad, Soelaiman Ima-Nirwana",PMC5496953,PMC,2017-07-05,https://www.ncbi.nlm.nih.gov/pmc/articles/PMC5496953/,This review examines evidence from animal and human studies on vitamin E's effects on metabolic syndrome. Vitamin E shows promise in reducing metabolic syndrome and its associated conditions.
The effects of resistance training with or without peanut protein supplementation on skeletal muscle and strength adaptations in older individuals,"Donald A. Lamb, Johnathon H. Moore, Morgan A. Smith, Christopher G. Vann, Shelby C. Osburn, Bradley ...",PMC7734909,Journal of the International Society of Sports Nutrition,2020-12-14,https://doi.org/10.1186/s12970-020-00397-y,"This study investigated the effects of resistance training with or without peanut protein supplementation on muscle and strength in older adults. Peanut protein supplementation showed some benefits in muscle thickness and strength, but not overall body composition or acute muscle protein synthesis."
"A Comparison of Natural (D-α-tocopherol) and Synthetic (DL-α-tocopherol Acetate) Vitamin E Supplementation on the Growth Performance, Meat Quality and Oxidative Status of Broilers","K. Cheng, Y. Niu, X. C. Zheng, H. Zhang, Y. P. Chen, M. Zhang, X. X. Huang, L. L. Zhang, Y. M. Zhou,...",PMC4852230,PMC,2016-05-01,https://www.ncbi.nlm.nih.gov/pmc/articles/PMC4852230/,"This study compared natural and synthetic vitamin E supplementation in broilers. Natural vitamin E enhanced muscle α-tocopherol retention, improved meat quality, and boosted antioxidant capacity more than synthetic vitamin E."
Sustained Endurance Training Leads to Metabolomic Adaptation,"Astrid Weiss, Katharina Alack, Stephan Klatt, Sven Zukunft, Ralph Schermuly, Torsten Frech, Frank-Ch...",PMC9323347,Metabolites,2022-07-16,https://doi.org/10.3390/metabo12070658,"This study compared the metabolomic profiles of endurance-trained and untrained individuals. Endurance training leads to distinct changes in phospholipids, acylcarnitines, bile acids, and polyunsaturated fatty acids at rest."
Acute beetroot juice supplementation improves exercise tolerance and cycling efficiency in adults with obesity,"Christian E. Behrens, Khandaker Ahmed, Karina Ricart, Braxton Linder, José Fernández, Brenda Bertran...",PMC7556310,PMC,2020-10-14,https://www.ncbi.nlm.nih.gov/pmc/articles/PMC7556310/,This study investigated the effects of beetroot juice on exercise in adults with obesity. Beetroot juice improved exercise efficiency and tolerance compared to other conditions.
Biochemical and Clinical Effects of Vitamin E Supplementation in Hungarian Smith-Lemli-Opitz Syndrome Patients,"Katalin Koczok, László Horváth, Zeljka Korade, Zoltán András Mezei, Gabriella P. Szabó, Ned A. Porte...",PMC8393612,Biomolecules,2021-08-17,https://doi.org/10.3390/biom11081228,"This study investigated vitamin E supplementation in six SLOS patients already on cholesterol treatment. Vitamin E supplementation improved some behavioral and physical symptoms in half of the patients, particularly those with a lower baseline 7-DHC + 8-DHC/cholesterol ratio."
The effects of supplementation with  P-Synephrine  alone and in combination with caffeine on resistance exercise performance,"Nicholas A. Ratamess, Jill A. Bush, Jie Kang, William J. Kraemer, Sidney J. Stohs, Vincenzo G. Nocer...",PMC4573476,PMC,2015-09-17,https://www.ncbi.nlm.nih.gov/pmc/articles/PMC4573476/,"This study investigated the effects of p-synephrine alone and with caffeine on resistance exercise performance. Supplementation with p-synephrine and caffeine significantly increased repetitions and volume load, particularly in later sets."
Various Effects of Omega 3 and Omega 3 Plus Vitamin E Supplementations on Serum Glucose Level and Insulin Resistance in Patients with Coronary Artery Disease,"Somayeh SABOORI, Mahmoud DJALALI, Esmaeil YOUSEFI RAD, Ebrahim Nematipour, Ali Akbar SABOOR-YARAGHI,...",PMC5182255,Iranian Journal of Public Health,2016-11-01,,"This study investigated the effects of omega 3 and vitamin E supplementation on glucose and insulin levels in coronary artery disease patients. Co-administering omega 3 and vitamin E beneficially decreased insulin and insulin resistance, while omega 3 alone increased glucose."
"The effect of supplementation with vitamins A, B, C, D, and E on disease severity and inflammatory responses in patients with COVID-19: a randomized clinical trial","Mohammad Taghi Beigmohammadi, Sama Bitarafan, Azin Hoseindokht, Alireza Abdollahi, Laya Amoozadeh, D...",PMC8590866,Trials,2021-11-14,https://doi.org/10.1186/s13063-021-05795-4,"This study investigated the impact of vitamin A, B, C, D, and E supplementation on COVID-19 patients in the ICU. Vitamin supplementation improved inflammatory markers and disease severity, but did not significantly affect mortality or prolonged hospitalization after adjustments."
The effects of d-aspartic acid supplementation in resistance-trained men over a three month training period: A randomised controlled trial,"Geoffrey W. Melville, Jason C. Siegler, Paul W. M. Marshall",PMC5571970,PLoS ONE,2017-08-25,https://doi.org/10.1371/journal.pone.0182630,"This study investigated the effects of d-aspartic acid supplementation on resistance-trained men over three months. D-aspartic acid did not alter testosterone levels but reduced estradiol, while both groups saw similar strength and muscle growth."
Training and Adaptation of Beef Calves to Precision Supplementation Technology for Individual Supplementation in Grazing Systems,"Joshua L. Jacobs, Matt J. Hersom, John G. Andrae, Susan K. Duckett",PMC10525824,Animals : an Open Access Journal from MDPI,2023-09-09,https://doi.org/10.3390/ani13182872,Beef calves were trained to use precision feeders for individual supplementation. The study assessed adaptation rates and feeding patterns of different calf groups to this technology.
Combined Effects of Exercise and Broccoli Supplementation on Metabolic and Lipoprotein Biomarkers in Adults with Type 2 Diabetes: A Randomized Controlled Trial,"Maryam Delfan, Masoumeh Gharedaghi, Farzaneh Zeynali, Rawad El Hage, Anthony C. Hackney, Halil İbrah...",PMC12430646,PMC,2025-08-23,https://www.ncbi.nlm.nih.gov/pmc/articles/PMC12430646/,This study examined the effects of exercise and broccoli supplementation on T2DM adults. Combining both interventions yielded the most significant improvements in metabolic and lipoprotein biomarkers.
"Beetroot Plus Vitamin C for Performance and Recovery: Protocol of a Double‐Blind, Placebo‐Controlled, Randomized Crossover Trial in Semi‐Professional Wrestlers",Maedeh Nojoumi; Alireza Hosseini Kakhki; Mohammad Ali Sardar; Ali Jafari; Ali Jafarzadeh Esfehani; R...,PMC13136499,biomedrxiv,2026-05-03,https://doi.org/10.1002/hsr2.72218,"This study protocol outlines a double-blind, placebo-controlled trial investigating beetroot and vitamin C supplementation in semi-professional wrestlers. It aims to assess the effects on anaerobic power, fatigue, and recovery markers. The research will use Wingate tests to measure performance changes."
A Single Dose of Beetroot Juice Does Not Change Blood Pressure Response Mediated by Acute Aerobic Exercise in Hypertensive Postmenopausal Women,"Ana Luiza Amaral, Igor M. Mariano, Victor Hugo V. Carrijo, Tállita Cristina F. de Souza, Jaqueline P...",PMC6627101,PMC,2019-06-13,https://www.ncbi.nlm.nih.gov/pmc/articles/PMC6627101/,"This study investigated if beetroot juice enhances post-exercise blood pressure reduction in hypertensive postmenopausal women. Acute beetroot juice intake did not alter blood pressure responses after aerobic exercise, despite increasing salivary nitrite levels."
Effect of milk fat globule membrane supplementation on motor unit adaptation following resistance training in older adults,"Kohei Watanabe, Aleš Holobar, Aya Tomita, Yukiko Mita",PMC7322501,Physiological Reports,2020-06-29,https://doi.org/10.14814/phy2.14491,This study examined the effect of milk fat globule membrane (MFGM) supplementation on motor unit adaptation during resistance training in older adults. MFGM supplementation maintained higher motor unit firing rates and altered firing patterns compared to placebo.
Lower Dietary and Circulating Vitamin C in Middle- and Older-Aged Men and Women Are Associated with Lower Estimated Skeletal Muscle Mass,"Lucy N Lewis, Richard P G Hayhoe, Angela A Mulligan, Robert N Luben, Kay-Tee Khaw, Ailsa A Welch",PMC7549302,PMC,2020-10-01,https://www.ncbi.nlm.nih.gov/pmc/articles/PMC7549302/,This study examined the relationship between vitamin C intake and levels with skeletal muscle mass in middle-aged and older adults. Lower dietary and circulating vitamin C were associated with lower estimated skeletal muscle mass.
Melatonin Supplement Plus Exercise Effectively Counteracts the Challenges of Isoproterenol-Induced Cardiac Injury in Rats,"Md. Mahbubur Rahman, Dong Kwon Yang",PMC9953439,PMC,2023-02-01,https://www.ncbi.nlm.nih.gov/pmc/articles/PMC9953439/,This study investigated the combined effects of exercise and melatonin on isoproterenol-induced cardiac injury in rats. The combination treatment effectively counteracted cardiac injury by preserving mitochondrial function and reducing oxidative stress.
"Short-Term Beetroot Juice Supplementation Enhances Strength, Reduces Fatigue, and Promotes Recovery in Physically Active Individuals: A Randomized, Double-Blind, Crossover Trial","Atef Salem, Achraf Ammar, Mohamed Kerkeni, Mohamed Ali Boujelbane, Ayse Merve Uyar, Leonard Moritz K...",PMC12113839,PMC,2025-05-19,https://www.ncbi.nlm.nih.gov/pmc/articles/PMC12113839/,"Short-term beetroot juice supplementation was studied in resistance-trained males. It significantly increased repetitions completed and reduced muscle soreness, suggesting enhanced strength and recovery."
"Metabolomic Analysis of Vitamin E Supplement Use in the Prostate, Lung, Colorectal, and Ovarian Cancer Screening Trial","Jungeun Lim, Hyokyoung G. Hong, Stephanie J. Weinstein, Mary C. Playdon, Amanda J. Cross, Rachael St...",PMC10343751,Nutrients,2023-06-22,https://doi.org/10.3390/nu15132836,"This study analyzed serum metabolomic profiles in relation to vitamin E dosages from a cancer screening trial. Vitamin E supplementation was associated with changes in various metabolites, including steroid hormones, with sex-specific differences observed."
"Effects of Beetroot Juice Supplementation on Performance and Fatigue in a 30-s All-Out Sprint Exercise: A Randomized, Double-Blind Cross-Over Study","Eduardo Cuenca, Pablo Jodra, Alberto Pérez-López, Liliana G. González-Rodríguez, Sandro Fernandes da...",PMC6164999,PMC,2018-09-04,https://www.ncbi.nlm.nih.gov/pmc/articles/PMC6164999/,"Beetroot juice supplementation was studied for its effects on a 30-second all-out sprint exercise. Beetroot juice improved peak and mean power output and reduced time to peak power, but did not affect fatigue."
"Acute effects of combined supplementation of L-arginine and citrulline malate on aerobic, anaerobic, and CrossFit exercise performance","Saranya Selvaraj, Leonidas Petridis, Hanna Majtényi, Henrietta Bartha, Ákos Tóth, Katinka Utczás, Ma...",PMC12475454,PMC,2025-09-26,https://www.ncbi.nlm.nih.gov/pmc/articles/PMC12475454/,"This study examined the effects of L-arginine and citrulline malate supplementation on aerobic, anaerobic, and CrossFit performance in trained men. No significant performance improvements were found compared to placebo, except for a slightly faster peak power in one test."
Neither Beetroot Juice Supplementation nor Increased Carbohydrate Oxidation Enhance Economy of Prolonged Exercise in Elite Race Walkers,"Louise M. Burke, Rebecca Hall, Ida A. Heikura, Megan L. Ross, Nicolin Tee, Georgina L. Kent, Jamie W...",PMC8398364,PMC,2021-08-12,https://www.ncbi.nlm.nih.gov/pmc/articles/PMC8398364/,Beetroot juice and increased carbohydrate availability strategies were tested in elite race walkers. Neither approach improved exercise economy or substrate oxidation rates.
"Optimizing vitamin supplementation via reference interval update of vitamins A, E, B1, and B6 using HPLC","Andrea Caballero, Gonzalo Gonzalez-Silva, Pablo Gabriel-Medina, Marc Cuadros, Alfonso Ayora, Albert ...",PMC11936734,Journal of Clinical Biochemistry and Nutrition,2025-03-01,https://doi.org/10.3164/jcbn.24-155,"Reference intervals for vitamins A, E, B1, and B6 were updated for an adult population using HPLC. The new values differ from manufacturer recommendations and may improve deficiency detection."
Sake Protein Supplementation Affects Exercise Performance and Biochemical Profiles in Power-Exercise-Trained Mice,"Yi-Ming Chen, Che-Li Lin, Li Wei, Yi-Ju Hsu, Kuan-Neng Chen, Chi-Chang Huang, Chin-Hsung Kao",PMC4772068,PMC,2016-02-20,https://www.ncbi.nlm.nih.gov/pmc/articles/PMC4772068/,A power exercise training program was used to study the effects of sake protein supplementation in mice. Sake protein supplementation enhanced anti-fatigue activity and improved biochemical profiles in trained mice.
The effect of almond consumption on elements of endurance exercise performance in trained athletes,"Muqing Yi, Jinde Fu, Lili Zhou, Hong Gao, Chenguang Fan, Jing Shao, Baohua Xu, Qirong Wang, Juntao L...",PMC4031978,PMC,2014-01-01,https://www.ncbi.nlm.nih.gov/pmc/articles/PMC4031978/,This study examined the effects of almond consumption on endurance exercise performance in trained athletes. Almonds improved cycling distance and enhanced carbohydrate utilization and oxygen efficiency during exercise compared to a placebo.
The Effects of Hyperhydrating Supplements Containing Creatine and Glucose on Plasma Lipids and Insulin Sensitivity in Endurance-Trained Athletes,"Thelma P. Polyviou, Yannis P. Pitsiladis, Carlos Celis-Morales, Benjamin Brown, John R. Speakman, Da...",PMC4488253,Journal of Amino Acids,2015-01-01,https://doi.org/10.1155/2015/352458,"This study investigated the impact of creatine, glycerol, and glucose supplements, with and without alpha lipoic acid, on endurance athletes. Supplementation increased plasma triglycerides and the triglyceride to HDL-cholesterol ratio, effects not mitigated by alpha lipoic acid."
Benfotiamine Supplementation Increases Thiamine in Muscle of Endurance-Trained Mice and Affects the Energy Metabolism,"Álisson C. Gonçalves, Jéssica F. Vieira, Ana Carolina N. Rodrigues, Eddie F. C. Murta, Júlio S. Marc...",PMC11449553,Journal of Nutrition and Metabolism,2024-01-01,https://doi.org/10.1155/2024/6102611,Benfotiamine supplementation increased thiamine levels in endurance-trained mice. It altered muscle energy metabolism but did not improve endurance performance.
Effects of 4-Week Creatine Supplementation Combined with Complex Training on Muscle Damage and Sport Performance,"Chia-Chi Wang, Chu-Chun Fang, Ying-Hsian Lee, Ming-Ta Yang, Kuei-Hui Chan",PMC6265971,PMC,2018-11-02,https://www.ncbi.nlm.nih.gov/pmc/articles/PMC6265971/,This study investigated the effects of 4-week creatine supplementation with complex training on athletes. Creatine supplementation improved maximal strength and reduced muscle damage biomarkers compared to placebo.
High Baseline Vitamin C Levels Do Not Prevent a Positive Outcome of a Lifestyle Intervention,"Matthias Blüher, Michael Stumvoll, C. Ronald Kahn, Michael Ristow",PMC4392935,Diabetes Care,2010-01-01,https://doi.org/10.2337/dc09-1725,
Vitamin D status and its relation to exercise performance and iron status in young ice hockey players,"Joanna Orysiak, Joanna Mazur-Rozycka, John Fitzgerald, Michal Starczewski, Jadwiga Malczewska-Lenczo...",PMC5891016,PMC,2018-04-09,https://www.ncbi.nlm.nih.gov/pmc/articles/PMC5891016/,"This study examined vitamin D levels in young ice hockey players and their relation to exercise performance and iron status. Vitamin D insufficiency was common, but no association was found with performance or iron markers."
Oral vitamin C supplementation to patients with myeloid cancer on azacitidine treatment: Normalization of plasma vitamin C induces epigenetic changes,"Linn Gillberg, Andreas D. Ørskov, Ammar Nasif, Hitoshi Ohtani, Zachary Madaj, Jakob W. Hansen, Nicol...",PMC6798470,Clinical Epigenetics,2019-10-17,https://doi.org/10.1186/s13148-019-0739-5,"This study investigated oral vitamin C supplementation in myeloid cancer patients treated with azacitidine. Normalizing plasma vitamin C levels increased the 5hmC/5mC ratio, suggesting enhanced DNMTi effects."
Antioxidant-independent activities of alpha-tocopherol,"Matthew Chen, Mikel Ghelfi, Jia-Fei Poon, Nayeon Jeon, Natalie Boccalon, Michael Rubsamen, Stephen V...",PMC11968272,PMC,2025-02-18,https://www.ncbi.nlm.nih.gov/pmc/articles/PMC11968272/,"A novel alpha-tocopherol analog lacking antioxidant activity was synthesized and studied. This analog modulated gene expression similarly to alpha-tocopherol, indicating antioxidant-independent biological activities."
"Effects of Beetroot Juice Supplementation on Cognitive Function, Aerobic and Anaerobic Performances of Trained Male Taekwondo Athletes: A Pilot Study","Hossein Miraftabi, Zahra Avazpoor, Erfan Berjisian, Amir Sarshin, Sajjad Rezaei, Raúl Domínguez, Rei...",PMC8507686,PMC,2021-09-28,https://www.ncbi.nlm.nih.gov/pmc/articles/PMC8507686/,"This pilot study examined the effects of two doses of beetroot juice on taekwondo athletes' performance and cognitive function. The 400 mg dose of beetroot juice improved cognitive function after a performance test, though no significant performance differences were found."
Omega-3 dietary supplementation combined with exercise to keep telomere integrity in the liver of aged obese female mice,"Paola Elizabeth Gámez-Macías, Elisa Félix-Soriano, Neira Sáinz, Amelia Martí del Moral, Sonia García...",PMC12855355,PMC,2026-01-29,https://www.ncbi.nlm.nih.gov/pmc/articles/PMC12855355/,This study investigated the effects of omega-3 and exercise on liver telomere length in aged obese mice. Combined omega-3 and exercise prevented telomere shortening and improved antioxidant gene expression.
Effect of 10 Week Beta-Alanine Supplementation on Competition and Training Performance in Elite Swimmers,"Weiliang Chung, Greg Shaw, Megan E. Anderson, David B. Pyne, Philo U. Saunders, David J. Bishop, Lou...",PMC3497003,PMC,2012-10-09,https://www.ncbi.nlm.nih.gov/pmc/articles/PMC3497003/,This study investigated beta-alanine's effect on elite swimmers' training and competition performance over 10 weeks. Beta-alanine supplementation showed minimal impact on swimming performance in real-world settings.
Effects of Maltodextrin–Fructose Supplementation on Inflammatory Biomarkers and Lipidomic Profile Following Endurance Running: A Randomized Placebo-Controlled Cross-Over Trial,"Stefano Righetti, Alessandro Medoro, Francesca Graziano, Luca Mondazzi, Serena Martegani, Francesco ...",PMC11434986,Nutrients,2024-09-12,https://doi.org/10.3390/nu16183078,This study investigated the effects of maltodextrin–fructose supplementation on endurance runners. The supplementation significantly reduced post-exercise inflammation and metabolic stress.
Aging Brain: Prevention of Oxidative Stress by Vitamin E and Exercise,Sambe Asha Devi,PMC5823232,PMC,2009-01-01,https://www.ncbi.nlm.nih.gov/pmc/articles/PMC5823232/,This study investigated how vitamin E and exercise affect the aging brain's cognitive decline. Findings suggest these interventions can slow decline by reducing oxidative stress and potentially acting synergistically.
Molecular control of endurance training adaptation in male mouse skeletal muscle,"Regula Furrer, Barbara Heim, Svenia Schmid, Sedat Dilbaz, Volkan Adak, Karl J. V. Nordström, Danilo ...",PMC10663156,Nature Metabolism,2023-09-11,https://doi.org/10.1038/s42255-023-00891-y,"This study investigated the molecular changes in male mouse skeletal muscle following endurance training and acute exercise. Training significantly alters the muscle's transcriptional response to exercise, with factors like PGC-1α being crucial for adaptation."
Estimation of Vitamin C Intake Requirements Based on Body Weight: Implications for Obesity,"Anitra C. Carr, Gladys Block, Jens Lykkesfeldt",PMC9003354,PMC,2022-03-31,https://www.ncbi.nlm.nih.gov/pmc/articles/PMC9003354/,"This study estimated vitamin C intake needs based on body weight. Higher body weight requires more vitamin C to maintain comparable plasma levels, suggesting current recommendations may be insufficient for heavier individuals."
Influence of beetroot juice supplementation on intermittent exercise performance,"Lee J. Wylie, Stephen J. Bailey, James Kelly, James R. Blackwell, Anni Vanhatalo, Andrew M. Jones",PMC4717163,PMC,2015-11-27,https://www.ncbi.nlm.nih.gov/pmc/articles/PMC4717163/,"This study investigated the effect of beetroot juice supplementation on intermittent exercise performance in male team-sport players. Beetroot juice improved performance in short, repeated sprints with brief recovery, but not in longer intervals or those with extended recovery."
Bioavailability of vitamin C from kiwifruit in non-smoking males:,determination of ‘healthy’ and ‘optimal’ intakes,PMC4153093,PMC,2012-01-01,https://www.ncbi.nlm.nih.gov/pmc/articles/PMC4153093/,"This study investigated vitamin C absorption from kiwifruit in males. One kiwifruit daily achieved healthy plasma vitamin C levels, while two daily saturated plasma levels."
l -Arginine and Beetroot Extract Supplementation in the Prevention of Sarcopenia,"Alfredo Córdova-Martínez, Alberto Caballero-García, Hugo J. Bello, Antoni Pons-Biescas, David C. Nor...",PMC8954952,PMC,2022-02-26,https://www.ncbi.nlm.nih.gov/pmc/articles/PMC8954952/,"This study investigated the effects of l-arginine and beetroot extract supplementation on muscle function in older adults over six weeks. Beetroot extract showed some benefits for women's muscle functionality and men's sprint performance, while l-arginine had no significant impact."
"Acute beetroot juice supplementation enhances judo-specific performance, explosive power, and muscular strength in recreational adolescent judokas: a randomized crossover trial","Abdullah Demirli, Eda Gökçelik, Abdorreza Eghbal Moghanlou, Muhammed Hüseyin Ocak, Merve Terzi, Emre...",PMC12527901,PMC,2025-10-02,https://www.ncbi.nlm.nih.gov/pmc/articles/PMC12527901/,"Acute beetroot juice supplementation was studied in adolescent judokas. It enhanced judo-specific performance, explosive power, and muscular strength compared to a placebo."
Cordycepin combined with antioxidant effects improves fatigue caused by excessive exercise,"Chunfang Cheng, Shasha Zhang, Chong Chen, Yanchun Gong, Kaizhi Ding, Guoyin Li, Wei Jiang, Zhenyu Zh...",PMC11891301,PMC,2025-03-09,https://www.ncbi.nlm.nih.gov/pmc/articles/PMC11891301/,Cordycepin was studied for its anti-fatigue effects in mice subjected to excessive exercise. Cordycepin improved exercise performance and cognitive function by reducing fatigue metabolites and oxidative stress.
"Effect of beetroot or beetroot plus vitamin C supplementation on cardiovascular function in patients with coronary artery disease: protocol for a double-blind, placebo-controlled, randomised trial","Leila Sadat Bahrami, Mohsen Mohebaty, Seyyed Mostafa Arabi, Hamed Tabesh, Mohsen Nematy, Reza Rezvan...",PMC9204440,PMC,2022-01-01,https://www.ncbi.nlm.nih.gov/pmc/articles/PMC9204440/,This study investigates the effects of beetroot and beetroot plus vitamin C supplementation on cardiovascular function in patients with coronary artery disease. The trial will assess changes in various cardiovascular markers over four weeks of supplementation.
Acclimation Training Improves Endurance Cycling Performance in the Heat without Inducing Endotoxemia,"Joshua H. Guy, David B. Pyne, Glen B. Deakin, Catherine M. Miller, Andrew M. Edwards",PMC4965461,PMC,2016-07-29,https://www.ncbi.nlm.nih.gov/pmc/articles/PMC4965461/,This study investigated the effects of short-term heat training on endurance cycling performance and immune responses. Heat training improved cycling performance without causing significant immune system challenges.
Effects of exercise training with short‐duration intermittent hypoxia on endurance performance and muscle metabolism in well‐trained mice,Junichi Suzuki,PMC6643079,PMC,2019-07-21,https://www.ncbi.nlm.nih.gov/pmc/articles/PMC6643079/,This study investigated the effects of intermittent hypoxia combined with exercise training on endurance in mice. Intermittent hypoxia enhanced endurance training and hybrid training by improving fatty acid and pyruvate oxidation.
Effect of Beetroot Juice Supplementation on Aerobic Capacity in Female Athletes: A Randomized Controlled Study  †,"Jekaterina Neteca, Una Veseta, Inga Liepina, Katrina Volgemute, Maija Dzintare, Dmitry Babarykin",PMC11723218,PMC,2024-12-27,https://www.ncbi.nlm.nih.gov/pmc/articles/PMC11723218/,"This study investigated the impact of beetroot juice on female endurance athletes' aerobic capacity. Beetroot juice supplementation significantly improved ventilation, respiratory equivalents, and heart rate, suggesting enhanced oxygen utilization."
"Resistance Training Improves Muscle Strength and Function, Regardless of Protein Supplementation, in the Mid- to Long-Term Period after Gastric Bypass","Gabriela S. Oliveira, Flávio T. Vieira, Fernando Lamarca, Ricardo M. Lima, Kênia M. B. Carvalho, Eli...",PMC8746810,Nutrients,2021-12-21,https://doi.org/10.3390/nu14010014,"Resistance training was studied in individuals 2-7 years post-gastric bypass, with or without protein supplementation. Resistance training alone, or with protein, improved muscle strength and physical function."
Effect of a Diet Supplemented with α-Tocopherol and β-Carotene on ATP and Antioxidant Levels after Hepatic Ischemia-Reperfusion,"Pilar Codoñer-Franch, Pilar Muñiz, Esperanza Gasco, Juan V. Domingo, Victoria Valls-Belles",PMC2459247,PMC,2008-07-01,https://www.ncbi.nlm.nih.gov/pmc/articles/PMC2459247/,"This study investigated the effects of α-tocopherol and β-carotene supplementation on rat livers subjected to ischemia-reperfusion. Supplementation improved antioxidant and energetic states, enhancing ATP recovery and altering antioxidant enzyme profiles."
"Comparing Palm Oil, Tocotrienol-Rich Fraction and α-Tocopherol Supplementation on the Antioxidant Levels of Older Adults","Nor Helwa Ezzah Nor Azman, Jo Aan Goon, Siti Madiani Abdul Ghani, Zalina Hamid, Wan Zurinah Wan Ngah",PMC6025588,PMC,2018-05-28,https://www.ncbi.nlm.nih.gov/pmc/articles/PMC6025588/,"This study compared the effects of tocotrienol-rich fraction (TRF) and alpha-tocopherol (α-TF) on antioxidant levels in older adults. TRF supplementation significantly increased SOD activity, particularly in females, and improved the GSH/GSSG ratio in females."
Effects of branched-chain amino acid- and vitamin D-containing high-protein food supplementation plus exercise on elderly people with decreased physical functions,"Yoshihiro Nakamura, Takuji Yokoe, Koki Ouchi, Taro Funamoto, Hiroyuki Kimura, Koichiro Hamada, Hidek...",PMC12229038,BMC Geriatrics,2025-07-05,https://doi.org/10.1186/s12877-025-06177-0,This study examined the effects of exercise plus a high-protein food supplement containing BCAAs and vitamin D on elderly individuals with decreased physical function. The combination of exercise and supplementation prevented declines in soft lean mass and improved physical performance compared to exercise alone or no intervention.
Association of vitamin E intake in diet and supplements with risk of dementia: A meta-analysis,"Rangyin Zhao, Xiaoyong Han, Hongxia Zhang, Jia Liu, Min Zhang, Weijing Zhao, Shangrong Jiang, Ruilin...",PMC9376618,Frontiers in Aging Neuroscience,2022-08-01,https://doi.org/10.3389/fnagi.2022.955878,"This meta-analysis examined the relationship between vitamin E intake and dementia risk. High vitamin E intake, from both diet and supplements, was found to significantly reduce the risk of dementia and Alzheimer's disease."
Performance and Submaximal Adaptations to Additional Speed-Endurance Training Vs. Continuous Moderate-Intensity Aerobic Training in Male Endurance Athletes,"Vincenzo Rago, Peter Krustrup, Magni Mohr",PMC9465764,Journal of Human Kinetics,2022-09-08,https://doi.org/10.2478/hukin-2022-0060,This study compared speed-endurance training (SET) with moderate-intensity training (MIT) in male endurance athletes. SET led to greater physiological demands and superior improvements in performance and running economy compared to MIT.
"Effects of Acute Beetroot Juice Supplementation and Exercise on Cardiovascular Function in Healthy Men in Preliminary Study: A Randomized, Double-Blinded, Placebo-Controlled, and Crossover Trial","Xie Yuschen, Jae-Ho Choi, Jisoo Seo, Yerin Sun, Eunjoo Lee, Sung-Woo Kim, Hun-Young Park",PMC11241253,PMC,2024-06-21,https://www.ncbi.nlm.nih.gov/pmc/articles/PMC11241253/,"This study investigated the effects of beetroot juice supplementation combined with exercise on cardiovascular function in healthy men. Beetroot juice improved exercise capacity and cardiovascular function, including blood pressure and arterial stiffness, compared to a placebo."
"Natural history of retinitis pigmentosa based on genotype, vitamin A/E supplementation, and an electroretinogram biomarker","Jason Comander, Carol Weigel DiFranco, Kit Sanderson, Emily Place, Matthew Maher, Erin Zampaglione, ...",PMC10445682,JCI Insight,2023-08-08,https://doi.org/10.1172/jci.insight.167546,"This study analyzed retinitis pigmentosa progression based on genotype, vitamin supplementation, and electroretinogram data. Genetic subtype and implicit time predict progression, vitamin E is harmful, and vitamin A's benefit is not generally supported."
Effect of Vitamin E Supplementation on Deposition and Gene Expression Profiling of Abdominal Fat in Broiler Chickens,"Min Zhang, Jianlei Li, Yuting Zhu, Qiong Wu, Yan Li, Dingrui Huang, Zhending Gan, Lipeng Zhong, Jing...",PMC7837805,The Journal of Poultry Science,2021-01-25,https://doi.org/10.2141/jpsa.0200011,This study investigated vitamin E's effect on broiler abdominal fat deposition and gene expression. Vitamin E supplementation reduced fat deposition and altered genes involved in fatty acid biosynthesis and lipid metabolism.
Effect of  Nigella sativa  Supplementation on Oxidative Stress and Antioxidant Parameters: A Meta-Analysis of Randomized Controlled Trials,"M. Ardiana, B. S. Pikir, A. Santoso, H. O. Hermawan, M. J. Al-Farabi",PMC7225850,The Scientific World Journal,2020-01-01,https://doi.org/10.1155/2020/2390706,This meta-analysis examined the effect of Nigella sativa supplementation on oxidative stress. Nigella sativa supplementation increased superoxide dismutase levels but did not significantly affect malondialdehyde or total antioxidant capacity.
Effect of Dietary Nitrate and Anthocyanins on Anaerobic Exercise in Untrained Individuals,,PMC7419531,PMC,2020-08-11,https://www.ncbi.nlm.nih.gov/pmc/articles/PMC7419531/,
"Low Carbohydrate, High Fat Diet Alters the Oral Microbiome without Negating the Nitrite Response to Beetroot Juice Supplementation","Louise E. Cato, Alannah K. A. McKay, Joanna E. L’Heureux, Anni Vanhatalo, Andrew M. Jones, Christoph...",PMC10745889,PMC,2023-12-16,https://www.ncbi.nlm.nih.gov/pmc/articles/PMC10745889/,"A low carbohydrate, high fat diet altered the oral microbiome in athletes. This diet did not negate the nitrite response to beetroot juice supplementation, indicating maintained nitrate reduction capacity."
Effects of vitamin E supplementation on some pregnancy health indices: a randomized clinical trial,"Parvin Bastani, Kobra Hamdi, Fatemeh Abasalizadeh, Nazli Navali",PMC3133513,International Journal of General Medicine,2011-01-01,https://doi.org/10.2147/IJGM.S20107,"This randomized clinical trial investigated vitamin E supplementation's effects on pregnancy health indices. Supplementation did not significantly alter maternal or perinatal outcomes, including preeclampsia risk."
Human skeletal muscle ascorbate is highly responsive to changes in vitamin C intake and plasma concentrations 1 2 3,"Anitra C Carr, Stephanie M Bozonet, Juliet M Pullar, Jeremy W Simcock, Margreet CM Vissers",PMC3607654,PMC,2013-04-01,https://www.ncbi.nlm.nih.gov/pmc/articles/PMC3607654/,Skeletal muscle ascorbate levels were studied in response to vitamin C intake from kiwifruit. Muscle ascorbate concentrations significantly increased with intake and were more responsive than leukocytes.
Effects of dietary vitamin E on muscle vitamin E and fatty acid content in Aohan fine-wool sheep,"Kun Liu, Suyun Ge, Hailing Luo, Dubing Yue, Leyan Yan",PMC3700886,Journal of Animal Science and Biotechnology,2013-01-01,https://doi.org/10.1186/2049-1891-4-21,"This study investigated the effects of dietary vitamin E on muscle composition in Aohan fine-wool sheep. Vitamin E supplementation improved mutton's nutritional value by reducing saturated fatty acids and increasing monounsaturated fatty acids and conjugated linoleic acid, with optimal results at 200 IU/day."
Effect of supplemental vitamin E on the peripheral blood leukocyte population in Japanese Black calves,"Konosuke OTOMARU, Shun SAITO, Karura ENDO, Masayuki KOHIRUIMAKI, Hiromichi OHTSUKA",PMC4565824,The Journal of Veterinary Medical Science,2015-04-03,https://doi.org/10.1292/jvms.15-0060,"Supplemental vitamin E was given to Japanese Black calves, and their peripheral blood leukocyte populations were analyzed. Vitamin E supplementation increased the numbers of CD3+, CD4+, and CD21+ cells."
Circulating nitrate-nitrite reduces oxygen uptake for improving resistance exercise performance after rest time in well-trained CrossFit athletes,"Manuel Vicente Garnacho-Castaño, Sergio Sánchez-Nuño, Lorena Molina-Raya, Teresa Carbonell, José Lui...",PMC9188609,biomedrxiv,2022-06-11,https://doi.org/10.1038/s41598-022-13786-x,"Circulating nitrate-nitrite from beetroot juice was studied in CrossFit athletes performing resistance exercise. Higher NOx reduced oxygen uptake during rest, improving squat performance."
"Beetroot juice and vitamin C co-supplementation enhances anaerobic performance and reduces post-exercise glycemia in wrestlers: a randomized, double-blind, placebo-controlled crossover trial",Maedeh Nojoumi; Ali Jafari; Alireza Hosseini Kakhki; Ali Jafarzadeh Esfehani; Hossein Rafiei; Chad K...,PMC13248408,PMC,2026-04-17,https://www.ncbi.nlm.nih.gov/pmc/articles/PMC13248408/,"Wrestling, characterized by high-intensity intermittent efforts, demands exceptional anaerobic power and recovery capacity. Nitrate-rich beetroot juice (BRJ), supplemented with vitamin C, has emerged "
"Changes in Oxidative Stress, Inflammation, and Muscle Damage Markers Following Diet and Beetroot Juice Supplementation in Elite Fencers","Lucyna Kozłowska, Olga Mizera, Jolanta Gromadzińska, Beata Janasik, Karolina Mikołajewska, Anna Mróz...",PMC7402086,biomedrxiv,2020-07-01,https://doi.org/10.3390/antiox9070571,"This study examined the effects of dietary recommendations and beetroot juice supplementation on elite fencers. Beetroot juice supplementation increased VO2max, which was linked to changes in muscle damage and oxidative stress markers."
Effects of a single dose of beetroot juice on cycling time trial performance at ventilatory thresholds intensity in male triathletes,"Manuel Vicente Garnacho-Castaño, Guillem Palau-Salvà, Eduardo Cuenca, Arturo Muñoz-González, Pablo G...",PMC6172780,PMC,2018-10-04,https://www.ncbi.nlm.nih.gov/pmc/articles/PMC6172780/,This study investigated the effects of a single dose of beetroot juice on well-trained male triathletes. No significant improvements in performance or physiological variables were observed.
Skeletal muscle BMAL1 is necessary for transcriptional adaptation of local and peripheral tissues in response to endurance exercise training,"Mark R. Viggars, Hannah E. Berko, Stuart J. Hesketh, Christopher A. Wolff, Miguel A. Gutierrez-Monre...",PMC11294728,PMC,2024-06-29,https://www.ncbi.nlm.nih.gov/pmc/articles/PMC11294728/,"Skeletal muscle BMAL1's role in exercise responses was studied using knockout mice and multi-omic analysis. Loss of muscle BMAL1 impairs acute exercise responses and alters training adaptations in muscle and peripheral tissues, potentially leading to inflammation."
Vitamin C Protects from Impairment of Memory Induced by E-Cigarette Aerosol Exposure,"Karem H. Alzoubi, Omar F. Khabour, Nour Al-Sawalha, Enaam M. Al Momany, Anan Jarab, Razan Haddad, Na...",PMC12645129,Current Neuropharmacology,2025-05-06,https://doi.org/10.2174/011570159X341759250119141806,This study investigated if Vitamin C protects rats from memory impairment caused by e-cigarette aerosol exposure. Vitamin C prevented memory deficits and restored oxidative stress markers and BDNF levels.
Beetroot Juice Produces Changes in Heart Rate Variability and Reduces Internal Load during Resistance Training in Men: A Randomized Double-Blind Crossover,"Jose Manuel Jurado-Castro, David Casanova-Rodriguez, Julian Campos-Perez, Francisco Jesus Llorente-C...",PMC9738238,PMC,2022-12-02,https://www.ncbi.nlm.nih.gov/pmc/articles/PMC9738238/,This study investigated the effects of beetroot juice supplementation on autonomic nervous system responses during resistance training. Beetroot juice reduced internal training load and altered heart rate variability during exercise compared to a placebo.
Effects of dietary supplementation of vitamin-E and commercial probiotics on the innate immunity of  Labeo rohita  against  Aeromonas hydrophila  infection,"Leesa Priyadarsani, Thangapalam Jawahar Abraham, Harresh Adikesavalu, Gadadhar Dash, Talagunda Srini...",PMC9680084,Fish and Shellfish Immunology Reports,2021-05-29,https://doi.org/10.1016/j.fsirep.2021.100013,"This study investigated the effects of vitamin E and probiotics on the innate immunity of Labeo rohita against Aeromonas hydrophila. Both supplements enhanced immunity, with vitamin E at 100 mg/kg proving more effective than probiotics at 5 g/kg."
Factors Associated with Increased Alpha-Tocopherol Content in Milk in Response to Maternal Supplementation with 800 IU of Vitamin E,"Amanda de Sousa Rebouças, Ana Gabriella Costa Lemos da Silva, Amanda Freitas de Oliveira, Lorena Tha...",PMC6520676,PMC,2019-04-22,https://www.ncbi.nlm.nih.gov/pmc/articles/PMC6520676/,This study investigated the effect of 800 IU of vitamin E supplementation on milk alpha-tocopherol levels in lactating women. Higher baseline milk vitamin E and dietary intake were found to be key factors influencing the supplementation's efficacy.
Vitamin E administration may decrease the incidence of pneumonia in elderly males,Harri Hemilä,PMC5055121,PMC,2016-01-01,https://www.ncbi.nlm.nih.gov/pmc/articles/PMC5055121/,"This study examined vitamin E's effect on pneumonia incidence in elderly male smokers. Vitamin E significantly reduced pneumonia risk in specific subgroups, particularly those who smoked fewer cigarettes and exercised."
Vitamin C: a misunderstood ally?,"Jiajia Ren, Xuting Jin, Ya Gao, Ruohan Li, Jiamei Li, Jingjing Zhang, Xiaochuang Wang, Gang Wang",PMC6947972,PMC,2020-01-07,https://www.ncbi.nlm.nih.gov/pmc/articles/PMC6947972/,
"Synergistic effects of exercise, cognitive training and vitamin D on gait performance and falls in mild cognitive impairment—secondary outcomes from the SYNERGIC trial","Frederico Pieruccini-Faria, Surim Son, Guangyong Zou, Quincy J Almeida, Laura E Middleton, Nick W Br...",PMC12445844,PMC,2025-09-01,https://www.ncbi.nlm.nih.gov/pmc/articles/PMC12445844/,"This study investigated the effects of exercise, cognitive training, and vitamin D on gait and falls in older adults with mild cognitive impairment. Multimodal exercise and cognitive training improved gait speed and reduced falls, with benefits persisting at follow-up."
Nicotinic Acid Improves Endurance Performance of Mice Subjected to Treadmill Exercise,"Robert Ringseis, Denise K. Gessner, Anna M. Beer, Yvonne Albrecht, Gaiping Wen, Erika Most, Karsten ...",PMC7240961,biomedrxiv,2020-04-01,https://doi.org/10.3390/metabo10040138,This study investigated the effect of a high nicotinic acid diet combined with treadmill exercise on mouse endurance performance. The combined treatment significantly improved endurance and altered muscle fiber composition compared to exercise alone or control.
The JUMPFOOD study: additional effect of hydrolyzed collagen and vitamin C to exercise treatment for patellar tendinopathy (jumper’s knee) in athletes—study protocol for a double-blind randomized controlled trial,"L. van Dam, R. Terink, M. Mensink, R. J. de Vos, J. Zwerver",PMC10685530,PMC,2023-11-28,https://www.ncbi.nlm.nih.gov/pmc/articles/PMC10685530/,This study protocol outlines a randomized controlled trial investigating the effect of hydrolyzed collagen and vitamin C supplementation combined with exercise for patellar tendinopathy. The trial aims to determine if this combined approach improves pain and function compared to exercise alone.
Acute Effects of Beetroot Juice Supplements on Resistance Training: A Randomized Double-Blind Crossover,"Antonio Ranchal-Sanchez, Victor Manuel Diaz-Bernier, Candelaria Alonso De La Florida-Villagran, Fran...",PMC7401280,biomedrxiv,2020-06-28,https://doi.org/10.3390/nu12071912,This study examined beetroot juice's effects on resistance training performance. Beetroot juice supplementation increased the total number of repetitions performed during resistance training.
The effects of magnesium and vitamin E co-supplementation on parameters of glucose homeostasis and lipid profiles in patients with gestational diabetes,"Maryam Maktabi, Mehri Jamilian, Elaheh Amirani, Maryam Chamani, Zatollah Asemi",PMC6053775,Lipids in Health and Disease,2018-07-20,https://doi.org/10.1186/s12944-018-0814-5,"This study investigated magnesium and vitamin E co-supplementation in women with gestational diabetes. The supplementation significantly improved glucose control and lipid profiles, excluding HDL-cholesterol."
"Single and combined effect of beetroot juice and caffeine intake on muscular strength, power and endurance performance in resistance-trained males","Juan Jesús Montalvo-Alonso, Marta del Val-Manzano, Carmen Ferragut, David Valadés, Álvaro López-Sama...",PMC12078514,biomedrxiv,2025-05-14,https://doi.org/10.1038/s41598-025-02021-y,"This study examined the effects of beetroot juice and caffeine on resistance-trained males' strength, power, and endurance. Both supplements, individually and combined, improved back squat endurance but had no effect on bench press performance."
Effect of Beetroot Juice on Moderate-Intensity Exercise at a Constant Rating of Perceived Exertion,"JORDYN N. RIENKS, ANDREA A. VANDERWOUDE, ELIZABETH MAAS, ZACHARY M. BLEA, ANDREW W. SUBUDHI",PMC4833472,biomedrxiv,2015-01-01,,"This study investigated beetroot juice's effect on exercise at a constant perceived exertion. Beetroot juice did not alter oxygen consumption or work during self-regulated exercise, but did lower blood pressure and oxygen use at a fixed workload."
Influence of endurance and endurance–strength training on mineral status in women with abdominal obesity: a randomized trial,"Damian Skrypnik, Paweł Bogdański, Katarzyna Skrypnik, Edyta Mądry, Joanna Karolkiewicz, Monika Szuli...",PMC6709101,Medicine,2019-03-01,https://doi.org/10.1097/MD.0000000000014909,"Endurance and endurance-strength training were compared in abdominally obese women. Endurance-strength training showed more favorable effects on mineral balance, particularly for iron, magnesium, zinc, and copper."
Acute Effects of Beetroot Supplementation on Resistance Exercise Performance in Physically Active Men,Maitê Yorioka Rodrigues; Monica Yuri Takito; Gabriel Albanese Kafouri; Rebeca Soares Pires; Felipe G...,PMC13029919,biomedrxiv,2026-03-02,https://doi.org/10.3390/sports14030094,"Beetroot supplementation did not improve resistance exercise performance in physically active men. Nitrate intake did not significantly affect repetitions to failure, power output, heart rate, or perceived exertion during bench press and leg press. The study found no benefit for strength endurance from beetroot supplementation in trained individuals."
Resistance Training Is an Effective Tool against Metabolic and Frailty Syndromes,Jan Sundell,PMC3168930,PMC,2011-01-01,https://www.ncbi.nlm.nih.gov/pmc/articles/PMC3168930/,Resistance training was studied for its effects on metabolic and frailty syndromes. It effectively reduces risk factors for metabolic syndrome and combats muscle and bone loss associated with frailty.
Effect of Beetroot Nitrate Supplementation on Nitric Oxide Pathways and Oxy-Inflammatory Biomarkers in Amateur Triathletes: A Randomized Cross-Over Pilot Study,Simona Mrakic-Sposta; Alessandra Vezzoli; Mattia Parenza; Marcello Magno; Gennaro D’Angelo; Fabrizio...,PMC13119175,biomedrxiv,2026-04-12,https://doi.org/10.3390/nu18081215,"Beetroot nitrate supplementation increased nitric oxide metabolites, iNOS, peroxynitrite, and IL-6 in triathletes. This occurred without significant changes in lipid oxidative damage markers. Further research is needed to confirm these findings and their impact on performance."
Likely Additive Ergogenic Effects of Combined Preexercise Dietary Nitrate and Caffeine Ingestion in Trained Cyclists,"Michal K. Handzlik, Michael Gleeson",PMC4045310,PMC,2013-01-01,https://www.ncbi.nlm.nih.gov/pmc/articles/PMC4045310/,This study investigated the effects of beetroot juice and caffeine on cycling performance. Combined ingestion of beetroot juice and caffeine improved time to exhaustion and reduced perceived exertion compared to placebo or either supplement alone.
Vitamin C deficiency causes muscle atrophy and a deterioration in physical performance,"Shoko Takisawa, Tomoko Funakoshi, Tomofumi Yatsu, Kisaburo Nagata, Toshiro Aigaki, Shuichi Machida, ...",PMC6426981,biomedrxiv,2019-03-20,https://doi.org/10.1038/s41598-019-41229-7,"This study investigated the effects of vitamin C deficiency on skeletal muscle in mice. Vitamin C deficiency leads to muscle atrophy and reduced physical performance, which can be reversed with supplementation."
Effects of vitamin D supplementation combined with resistance exercise on body composition and metabolic variables in older women: a randomized clinical trial,Illana Patricia da Silva Queiroz; Angélica Castilho Alonso; Vanderlei Carneiro da Silva; Adriana Mac...,PMC13101711,biomedrxiv,2026-04-19,https://doi.org/10.1016/j.clinsp.2026.100942,"This trial investigated vitamin D and resistance exercise in older women. The combination improved body composition and metabolic variables, suggesting a synergistic effect for muscle and bone health."
Beetroot Juice Enhances Nitrate Metabolism and Endothelial Function but Not Cardiovascular or Strength Performance in Bodybuilders with a History of Anabolic–Androgenic Steroid Abuse: A Crossover Trial,Leonardo Santos L. da Silva; Leonardo Da Silva Gonçalves; Marcio F. Tasinafo Junior; Yaritza B. Alve...,PMC13024152,biomedrxiv,2026-03-04,https://doi.org/10.3390/antiox15030321,"Beetroot juice increased nitrate and nitrite levels and improved endothelial function in bodybuilders who used anabolic steroids. However, it did not improve blood pressure, heart rate, or strength performance in this population."
CYP1A2  Genotype and the Ergogenic Effect of Acute Caffeine Intake on Muscular Strength and Endurance Performance in Trained Individuals,"Juan Jesús Montalvo‐Alonso, Marta del Val‐Manzano, Iván Martín‐Rivas, Carmen Ferragut, David Valadés...",PMC12863236,PMC,2026-02-02,https://www.ncbi.nlm.nih.gov/pmc/articles/PMC12863236/,"This study investigated if CYP1A2 genotype affects caffeine's ergogenic impact on strength and endurance in trained individuals. Caffeine improved performance, with benefits greatest in AA, intermediate in AC, and minimal in CC genotype carriers."
The Effect of Beetroot Ingestion on High-Intensity Interval Training: A Systematic Review and Meta-Analysis,"Tak Hiong Wong, Alexiaa Sim, Stephen F. Burns",PMC8618171,PMC,2021-10-20,https://www.ncbi.nlm.nih.gov/pmc/articles/PMC8618171/,This systematic review and meta-analysis evaluated beetroot supplementation's effects on high-intensity interval training performance. Beetroot supplementation showed no significant improvement in peak or mean power output during HIIT or SIT.
"Understanding the effects of beetroot juice intake on CrossFit performance by assessing hormonal, metabolic and mechanical response: a randomized, double-blind, crossover design","Manuel Vicente Garnacho-Castaño, Guillem Palau-Salvà, Noemí Serra-Payá, Mario Ruiz-Hermosel, Marina ...",PMC7666517,biomedrxiv,2020-11-13,https://doi.org/10.1186/s12970-020-00388-z,"This study investigated the effects of beetroot juice on CrossFit performance, measuring hormonal, metabolic, and mechanical responses. Beetroot juice improved performance when rest was provided between exercises, but increased cortisol, reduced oxygen saturation, and heightened muscular fatigue."
Effects of Beetroot Juice on Recovery of Muscle Function and Performance between Bouts of Repeated Sprint Exercise,"Tom Clifford, Bram Berntzen, Gareth W. Davison, Daniel J. West, Glyn Howatson, Emma J. Stevenson",PMC4997419,PMC,2016-08-18,https://www.ncbi.nlm.nih.gov/pmc/articles/PMC4997419/,Beetroot juice was given to male team-sports players for 3 days after repeated sprint tests. Beetroot juice improved recovery of jump height and reactive strength index between sprint bouts.
Right heart exercise-training-adaptation and remodelling in endurance athletes,"Valeria Conti, Filippo Migliorini, Marco Pilone, María I. Barriopedro, Juan José Ramos-Álvarez, Fran...",PMC8602371,Scientific Reports,2021-11-18,https://doi.org/10.1038/s41598-021-02028-1,"This systematic review examined right heart structural and functional changes in endurance athletes. Findings indicate that right heart remodeling in athletes is associated with age, body surface area, and training intensity."
"Acute Effects of Beetroot Juice Supplementation on Isometric Muscle Strength, Rate of Torque Development and Isometric Endurance in Young Adult Men and Women: A Randomized, Double-Blind, Controlled Cross-Over Pilot Study","David Poredoš, Zala Jenko Pražnikar, Žiga Kozinc",PMC9692807,biomedrxiv,2022-11-10,https://doi.org/10.3390/nu14224759,"This study examined beetroot juice's effects on isometric strength and endurance in young adults. Beetroot juice did not improve maximal strength but enhanced endurance and torque development rate in men, not women."
Effects of blood flow restriction training on aerobic capacity and performance in endurance athletes: a systematic review and meta-analysis,"Zekai Zhang, Xuejiao Gao, Lang Gao",PMC12217518,PMC,2025-07-02,https://www.ncbi.nlm.nih.gov/pmc/articles/PMC12217518/,"This systematic review and meta-analysis evaluated blood flow restriction (BFR) training's effects on endurance athletes. BFR training moderately improves aerobic capacity and endurance performance, and significantly enhances muscle strength."
Low Vitamin C Concentrations in Patients with Community-Acquired Pneumonia Resolved with Pragmatic Administration of Intravenous and Oral Vitamin C,"Anitra C. Carr, Emma Vlasiuk, Masuma Zawari, Amy Scott-Thomas, Malina Storer, Michael Maze, Stephen ...",PMC10451831,PMC,2023-08-14,https://www.ncbi.nlm.nih.gov/pmc/articles/PMC10451831/,This study investigated vitamin C levels in community-acquired pneumonia patients and the effect of supplementation. Vitamin C supplementation effectively restored depleted levels in these patients.
